2026-08-14 01:09:28,668 INFO  [stream] prometheus metrics on :9109/metrics
26/08/14 01:09:28 INFO SparkContext: Running Spark version 3.5.3
26/08/14 01:09:28 INFO SparkContext: OS info Linux, 6.10.14-linuxkit, aarch64
26/08/14 01:09:28 INFO SparkContext: Java version 11.0.24
26/08/14 01:09:28 WARN NativeCodeLoader: Unable to load native-hadoop library for your platform... using builtin-java classes where applicable
26/08/14 01:09:28 INFO ResourceUtils: ==============================================================
26/08/14 01:09:28 INFO ResourceUtils: No custom resources configured for spark.driver.
26/08/14 01:09:28 INFO ResourceUtils: ==============================================================
26/08/14 01:09:28 INFO SparkContext: Submitted application: rtdp-trips-ab2_ab_with_backoff_3
26/08/14 01:09:28 INFO ResourceProfile: Default ResourceProfile created, executor resources: Map(cores -> name: cores, amount: 3, script: , vendor: , memory -> name: memory, amount: 1024, script: , vendor: , offHeap -> name: offHeap, amount: 0, script: , vendor: ), task resources: Map(cpus -> name: cpus, amount: 1.0)
26/08/14 01:09:28 INFO ResourceProfile: Limiting resource is cpus at 3 tasks per executor
26/08/14 01:09:28 INFO ResourceProfileManager: Added ResourceProfile id: 0
26/08/14 01:09:28 INFO SecurityManager: Changing view acls to: spark
26/08/14 01:09:28 INFO SecurityManager: Changing modify acls to: spark
26/08/14 01:09:28 INFO SecurityManager: Changing view acls groups to: 
26/08/14 01:09:28 INFO SecurityManager: Changing modify acls groups to: 
26/08/14 01:09:28 INFO SecurityManager: SecurityManager: authentication disabled; ui acls disabled; users with view permissions: spark; groups with view permissions: EMPTY; users with modify permissions: spark; groups with modify permissions: EMPTY
26/08/14 01:09:28 INFO Utils: Successfully started service 'sparkDriver' on port 37887.
26/08/14 01:09:28 INFO SparkEnv: Registering MapOutputTracker
26/08/14 01:09:28 INFO SparkEnv: Registering BlockManagerMaster
26/08/14 01:09:28 INFO BlockManagerMasterEndpoint: Using org.apache.spark.storage.DefaultTopologyMapper for getting topology information
26/08/14 01:09:28 INFO BlockManagerMasterEndpoint: BlockManagerMasterEndpoint up
26/08/14 01:09:28 INFO SparkEnv: Registering BlockManagerMasterHeartbeat
26/08/14 01:09:29 INFO DiskBlockManager: Created local directory at /tmp/blockmgr-1b865d72-57c3-4e75-9b74-04208991bf0d
26/08/14 01:09:29 INFO MemoryStore: MemoryStore started with capacity 191.2 MiB
26/08/14 01:09:29 INFO SparkEnv: Registering OutputCommitCoordinator
26/08/14 01:09:29 INFO JettyUtils: Start Jetty 0.0.0.0:4040 for SparkUI
26/08/14 01:09:29 INFO Utils: Successfully started service 'SparkUI' on port 4040.
26/08/14 01:09:29 INFO StandaloneAppClient$ClientEndpoint: Connecting to master spark://spark-master:7077...
26/08/14 01:09:29 INFO TransportClientFactory: Successfully created connection to spark-master/172.26.0.9:7077 after 11 ms (0 ms spent in bootstraps)
26/08/14 01:09:29 INFO StandaloneSchedulerBackend: Connected to Spark cluster with app ID app-20260814010929-0025
26/08/14 01:09:29 INFO StandaloneAppClient$ClientEndpoint: Executor added: app-20260814010929-0025/0 on worker-20260814001009-172.26.0.12-46199 (172.26.0.12:46199) with 3 core(s)
26/08/14 01:09:29 INFO StandaloneSchedulerBackend: Granted executor ID app-20260814010929-0025/0 on hostPort 172.26.0.12:46199 with 3 core(s), 1024.0 MiB RAM
26/08/14 01:09:29 INFO StandaloneAppClient$ClientEndpoint: Executor added: app-20260814010929-0025/1 on worker-20260813231309-172.26.0.13-34679 (172.26.0.13:34679) with 3 core(s)
26/08/14 01:09:29 INFO StandaloneSchedulerBackend: Granted executor ID app-20260814010929-0025/1 on hostPort 172.26.0.13:34679 with 3 core(s), 1024.0 MiB RAM
26/08/14 01:09:29 INFO Utils: Successfully started service 'org.apache.spark.network.netty.NettyBlockTransferService' on port 43685.
26/08/14 01:09:29 INFO NettyBlockTransferService: Server created on spark-driver 0.0.0.0:43685
26/08/14 01:09:29 INFO BlockManager: Using org.apache.spark.storage.RandomBlockReplicationPolicy for block replication policy
26/08/14 01:09:29 INFO BlockManagerMaster: Registering BlockManager BlockManagerId(driver, spark-driver, 43685, None)
26/08/14 01:09:29 INFO BlockManagerMasterEndpoint: Registering block manager spark-driver:43685 with 191.2 MiB RAM, BlockManagerId(driver, spark-driver, 43685, None)
26/08/14 01:09:29 INFO BlockManagerMaster: Registered BlockManager BlockManagerId(driver, spark-driver, 43685, None)
26/08/14 01:09:29 INFO BlockManager: Initialized BlockManager: BlockManagerId(driver, spark-driver, 43685, None)
26/08/14 01:09:29 INFO StandaloneAppClient$ClientEndpoint: Executor updated: app-20260814010929-0025/0 is now RUNNING
26/08/14 01:09:29 INFO StandaloneAppClient$ClientEndpoint: Executor updated: app-20260814010929-0025/1 is now RUNNING
26/08/14 01:09:29 INFO StandaloneSchedulerBackend: SchedulerBackend is ready for scheduling beginning after reached minRegisteredResourcesRatio: 0.0
2026-08-14 01:09:29,692 INFO  [stream] tables=['trips_by_id', 'trips_by_driver_day', 'trips_by_city_hour'] consistency=QUORUM backoff=1s -> 2s -> 4s max_attempts=4 jitter=+/-10% late_policy=dlq allowed_lateness=120s
26/08/14 01:09:29 INFO SharedState: Setting hive.metastore.warehouse.dir ('null') to the value of spark.sql.warehouse.dir.
26/08/14 01:09:29 INFO SharedState: Warehouse path is 'file:/opt/app/spark-warehouse'.
26/08/14 01:09:30 WARN KafkaSourceProvider: Kafka option 'kafka.group.id' has been set on this query, it is
 not recommended to set this option. This option is unsafe to use since multiple concurrent
 queries or sources using the same group id will interfere with each other as they are part
 of the same consumer group. Restarted queries may also suffer interference from the
 previous run having the same group id. The user should have only one query per group id,
 and/or set the option 'kafka.session.timeout.ms' to be very small so that the Kafka
 consumers from the previous query are marked dead by the Kafka group coordinator before the
 restarted query starts running.
    
26/08/14 01:09:31 INFO StandaloneSchedulerBackend$StandaloneDriverEndpoint: Registered executor NettyRpcEndpointRef(spark-client://Executor) (172.26.0.13:60160) with ID 1,  ResourceProfileId 0
26/08/14 01:09:31 INFO StandaloneSchedulerBackend$StandaloneDriverEndpoint: Registered executor NettyRpcEndpointRef(spark-client://Executor) (172.26.0.12:44092) with ID 0,  ResourceProfileId 0
26/08/14 01:09:31 INFO BlockManagerMasterEndpoint: Registering block manager 172.26.0.13:45679 with 413.9 MiB RAM, BlockManagerId(1, 172.26.0.13, 45679, None)
26/08/14 01:09:31 INFO BlockManagerMasterEndpoint: Registering block manager 172.26.0.12:41357 with 413.9 MiB RAM, BlockManagerId(0, 172.26.0.12, 41357, None)
2026-08-14 01:09:31,513 INFO  [stream] Callback Server Starting
2026-08-14 01:09:31,513 INFO  [stream] Socket listening on ('127.0.0.1', 44519)
26/08/14 01:09:31 INFO StateStoreCoordinatorRef: Registered StateStoreCoordinator endpoint
26/08/14 01:09:31 INFO ResolveWriteToStream: Checkpoint root /opt/checkpoints/trips resolved to file:/opt/checkpoints/trips.
26/08/14 01:09:31 WARN ResolveWriteToStream: spark.sql.adaptive.enabled is not supported in streaming DataFrames/Datasets and will be disabled.
26/08/14 01:09:31 INFO CheckpointFileManager: Writing atomically to file:/opt/checkpoints/trips/metadata using temp file file:/opt/checkpoints/trips/.metadata.2d56f592-acc4-494d-9dbe-68f1ad1361a1.tmp
26/08/14 01:09:31 INFO CheckpointFileManager: Renamed temp file file:/opt/checkpoints/trips/.metadata.2d56f592-acc4-494d-9dbe-68f1ad1361a1.tmp to file:/opt/checkpoints/trips/metadata
26/08/14 01:09:31 INFO MicroBatchExecution: Starting trips-ingest-ab2_ab_with_backoff_3 [id = f7681659-f9bd-49e2-8911-7d6cbe059482, runId = 326f406e-960d-4e0e-955f-42c6122dae1b]. Use file:/opt/checkpoints/trips to store the query checkpoint.
2026-08-14 01:09:31,830 INFO  [stream] query id=f7681659-f9bd-49e2-8911-7d6cbe059482 checkpoint=/opt/checkpoints/trips
26/08/14 01:09:31 INFO MicroBatchExecution: Reading table [org.apache.spark.sql.kafka010.KafkaSourceProvider$KafkaTable@4c428572] from DataSourceV2 named 'kafka' [org.apache.spark.sql.kafka010.KafkaSourceProvider@7fc965c2]
26/08/14 01:09:31 WARN KafkaSourceProvider: Kafka option 'kafka.group.id' has been set on this query, it is
 not recommended to set this option. This option is unsafe to use since multiple concurrent
 queries or sources using the same group id will interfere with each other as they are part
 of the same consumer group. Restarted queries may also suffer interference from the
 previous run having the same group id. The user should have only one query per group id,
 and/or set the option 'kafka.session.timeout.ms' to be very small so that the Kafka
 consumers from the previous query are marked dead by the Kafka group coordinator before the
 restarted query starts running.
    
26/08/14 01:09:31 INFO OffsetSeqLog: BatchIds found from listing: 
26/08/14 01:09:31 INFO OffsetSeqLog: BatchIds found from listing: 
26/08/14 01:09:31 INFO MicroBatchExecution: Starting new streaming query.
26/08/14 01:09:31 INFO MicroBatchExecution: Stream started from {}
26/08/14 01:09:32 INFO AdminClientConfig: AdminClientConfig values: 
	auto.include.jmx.reporter = true
	bootstrap.servers = [kafka1:9092, kafka2:9092, kafka3:9092]
	client.dns.lookup = use_all_dns_ips
	client.id = 
	connections.max.idle.ms = 300000
	default.api.timeout.ms = 60000
	metadata.max.age.ms = 300000
	metric.reporters = []
	metrics.num.samples = 2
	metrics.recording.level = INFO
	metrics.sample.window.ms = 30000
	receive.buffer.bytes = 65536
	reconnect.backoff.max.ms = 1000
	reconnect.backoff.ms = 50
	request.timeout.ms = 30000
	retries = 2147483647
	retry.backoff.ms = 100
	sasl.client.callback.handler.class = null
	sasl.jaas.config = null
	sasl.kerberos.kinit.cmd = /usr/bin/kinit
	sasl.kerberos.min.time.before.relogin = 60000
	sasl.kerberos.service.name = null
	sasl.kerberos.ticket.renew.jitter = 0.05
	sasl.kerberos.ticket.renew.window.factor = 0.8
	sasl.login.callback.handler.class = null
	sasl.login.class = null
	sasl.login.connect.timeout.ms = null
	sasl.login.read.timeout.ms = null
	sasl.login.refresh.buffer.seconds = 300
	sasl.login.refresh.min.period.seconds = 60
	sasl.login.refresh.window.factor = 0.8
	sasl.login.refresh.window.jitter = 0.05
	sasl.login.retry.backoff.max.ms = 10000
	sasl.login.retry.backoff.ms = 100
	sasl.mechanism = GSSAPI
	sasl.oauthbearer.clock.skew.seconds = 30
	sasl.oauthbearer.expected.audience = null
	sasl.oauthbearer.expected.issuer = null
	sasl.oauthbearer.jwks.endpoint.refresh.ms = 3600000
	sasl.oauthbearer.jwks.endpoint.retry.backoff.max.ms = 10000
	sasl.oauthbearer.jwks.endpoint.retry.backoff.ms = 100
	sasl.oauthbearer.jwks.endpoint.url = null
	sasl.oauthbearer.scope.claim.name = scope
	sasl.oauthbearer.sub.claim.name = sub
	sasl.oauthbearer.token.endpoint.url = null
	security.protocol = PLAINTEXT
	security.providers = null
	send.buffer.bytes = 131072
	socket.connection.setup.timeout.max.ms = 30000
	socket.connection.setup.timeout.ms = 10000
	ssl.cipher.suites = null
	ssl.enabled.protocols = [TLSv1.2, TLSv1.3]
	ssl.endpoint.identification.algorithm = https
	ssl.engine.factory.class = null
	ssl.key.password = null
	ssl.keymanager.algorithm = SunX509
	ssl.keystore.certificate.chain = null
	ssl.keystore.key = null
	ssl.keystore.location = null
	ssl.keystore.password = null
	ssl.keystore.type = JKS
	ssl.protocol = TLSv1.3
	ssl.provider = null
	ssl.secure.random.implementation = null
	ssl.trustmanager.algorithm = PKIX
	ssl.truststore.certificates = null
	ssl.truststore.location = null
	ssl.truststore.password = null
	ssl.truststore.type = JKS

26/08/14 01:09:32 WARN AdminClientConfig: These configurations '[key.deserializer, value.deserializer, enable.auto.commit, max.poll.records, group.id, auto.offset.reset]' were supplied but are not used yet.
26/08/14 01:09:32 INFO AppInfoParser: Kafka version: 3.4.1
26/08/14 01:09:32 INFO AppInfoParser: Kafka commitId: 8a516edc2755df89
26/08/14 01:09:32 INFO AppInfoParser: Kafka startTimeMs: 1786669772242
26/08/14 01:09:32 INFO CheckpointFileManager: Writing atomically to file:/opt/checkpoints/trips/sources/0/0 using temp file file:/opt/checkpoints/trips/sources/0/.0.1c5062c1-27a6-4f2b-95b3-b5d6b287cee8.tmp
26/08/14 01:09:32 INFO CheckpointFileManager: Renamed temp file file:/opt/checkpoints/trips/sources/0/.0.1c5062c1-27a6-4f2b-95b3-b5d6b287cee8.tmp to file:/opt/checkpoints/trips/sources/0/0
26/08/14 01:09:32 INFO KafkaMicroBatchStream: Initial offsets: {"trips.raw":{"2":342023,"5":340157,"4":341811,"1":341681,"3":341048,"0":341818}}
26/08/14 01:09:32 INFO CheckpointFileManager: Writing atomically to file:/opt/checkpoints/trips/offsets/0 using temp file file:/opt/checkpoints/trips/offsets/.0.6727417d-8b0a-4c4f-a0a1-a0c7cd0f506a.tmp
26/08/14 01:09:32 INFO CheckpointFileManager: Renamed temp file file:/opt/checkpoints/trips/offsets/.0.6727417d-8b0a-4c4f-a0a1-a0c7cd0f506a.tmp to file:/opt/checkpoints/trips/offsets/0
26/08/14 01:09:32 INFO MicroBatchExecution: Committed offsets for batch 0. Metadata OffsetSeqMetadata(0,1786669772566,Map(spark.sql.streaming.stateStore.providerClass -> org.apache.spark.sql.execution.streaming.state.HDFSBackedStateStoreProvider, spark.sql.streaming.join.stateFormatVersion -> 2, spark.sql.streaming.stateStore.compression.codec -> lz4, spark.sql.streaming.stateStore.rocksdb.formatVersion -> 5, spark.sql.streaming.statefulOperator.useStrictDistribution -> true, spark.sql.streaming.flatMapGroupsWithState.stateFormatVersion -> 2, spark.sql.streaming.multipleWatermarkPolicy -> min, spark.sql.streaming.aggregation.stateFormatVersion -> 2, spark.sql.shuffle.partitions -> 6))
26/08/14 01:09:32 INFO KafkaOffsetReaderAdmin: Partitions added: Map()
26/08/14 01:09:32 INFO KafkaOffsetReaderAdmin: Partitions added: Map()
26/08/14 01:09:32 INFO KafkaOffsetReaderAdmin: Partitions added: Map()
26/08/14 01:09:32 INFO KafkaOffsetReaderAdmin: Partitions added: Map()
26/08/14 01:09:33 INFO CodeGenerator: Code generated in 116.679917 ms
26/08/14 01:09:33 INFO CodeGenerator: Code generated in 8.114042 ms
2026-08-14 01:09:33,139 INFO  [stream] Python Server ready to receive messages
2026-08-14 01:09:33,139 INFO  [stream] Received command c on object id p0
26/08/14 01:09:33 INFO CodeGenerator: Code generated in 6.206916 ms
26/08/14 01:09:33 INFO CodeGenerator: Code generated in 4.457625 ms
26/08/14 01:09:33 INFO CodeGenerator: Code generated in 12.460041 ms
26/08/14 01:09:33 INFO SparkContext: Starting job: start at <unknown>:0
26/08/14 01:09:33 INFO DAGScheduler: Registering RDD 14 (start at <unknown>:0) as input to shuffle 0
26/08/14 01:09:33 INFO DAGScheduler: Got job 0 (start at <unknown>:0) with 1 output partitions
26/08/14 01:09:33 INFO DAGScheduler: Final stage: ResultStage 1 (start at <unknown>:0)
26/08/14 01:09:33 INFO DAGScheduler: Parents of final stage: List(ShuffleMapStage 0)
26/08/14 01:09:33 INFO DAGScheduler: Missing parents: List()
26/08/14 01:09:33 INFO DAGScheduler: Submitting ResultStage 1 (MapPartitionsRDD[17] at start at <unknown>:0), which has no missing parents
26/08/14 01:09:33 INFO MemoryStore: Block broadcast_0 stored as values in memory (estimated size 12.5 KiB, free 191.2 MiB)
26/08/14 01:09:33 INFO MemoryStore: Block broadcast_0_piece0 stored as bytes in memory (estimated size 5.9 KiB, free 191.2 MiB)
26/08/14 01:09:33 INFO BlockManagerInfo: Added broadcast_0_piece0 in memory on spark-driver:43685 (size: 5.9 KiB, free: 191.2 MiB)
26/08/14 01:09:33 INFO SparkContext: Created broadcast 0 from broadcast at DAGScheduler.scala:1585
26/08/14 01:09:33 INFO DAGScheduler: Submitting 1 missing tasks from ResultStage 1 (MapPartitionsRDD[17] at start at <unknown>:0) (first 15 tasks are for partitions Vector(0))
26/08/14 01:09:33 INFO TaskSchedulerImpl: Adding task set 1.0 with 1 tasks resource profile 0
26/08/14 01:09:33 INFO TaskSetManager: Starting task 0.0 in stage 1.0 (TID 0) (172.26.0.12, executor 0, partition 0, PROCESS_LOCAL, 9003 bytes) 
26/08/14 01:09:33 INFO BlockManagerInfo: Added broadcast_0_piece0 in memory on 172.26.0.12:41357 (size: 5.9 KiB, free: 413.9 MiB)
26/08/14 01:09:33 INFO MapOutputTrackerMasterEndpoint: Asked to send map output locations for shuffle 0 to 172.26.0.12:44092
26/08/14 01:09:33 INFO TaskSetManager: Finished task 0.0 in stage 1.0 (TID 0) in 491 ms on 172.26.0.12 (executor 0) (1/1)
26/08/14 01:09:33 INFO TaskSchedulerImpl: Removed TaskSet 1.0, whose tasks have all completed, from pool 
26/08/14 01:09:33 INFO DAGScheduler: ResultStage 1 (start at <unknown>:0) finished in 0.564 s
26/08/14 01:09:33 INFO DAGScheduler: Job 0 is finished. Cancelling potential speculative or zombie tasks for this job
26/08/14 01:09:33 INFO TaskSchedulerImpl: Killing all running tasks in stage 1: Stage finished
26/08/14 01:09:33 INFO DAGScheduler: Job 0 finished: start at <unknown>:0, took 0.592075 s
2026-08-14 01:09:33,888 INFO  [stream] batch=0 in=0 written=0 late=0 dlq=0 0.74s (0 rows/s)
26/08/14 01:09:33 INFO MapPartitionsRDD: Removing RDD 9 from persistence list
26/08/14 01:09:33 INFO BlockManager: Removing RDD 9
26/08/14 01:09:33 INFO CheckpointFileManager: Writing atomically to file:/opt/checkpoints/trips/commits/0 using temp file file:/opt/checkpoints/trips/commits/.0.613e8637-11e5-40ec-a2b8-300b8c1690bb.tmp
26/08/14 01:09:33 INFO CheckpointFileManager: Renamed temp file file:/opt/checkpoints/trips/commits/.0.613e8637-11e5-40ec-a2b8-300b8c1690bb.tmp to file:/opt/checkpoints/trips/commits/0
26/08/14 01:09:33 INFO MicroBatchExecution: Streaming query made progress: {
  "id" : "f7681659-f9bd-49e2-8911-7d6cbe059482",
  "runId" : "326f406e-960d-4e0e-955f-42c6122dae1b",
  "name" : "trips-ingest-ab2_ab_with_backoff_3",
  "timestamp" : "2026-08-14T01:09:31.875Z",
  "batchId" : 0,
  "numInputRows" : 0,
  "inputRowsPerSecond" : 0.0,
  "processedRowsPerSecond" : 0.0,
  "durationMs" : {
    "addBatch" : 1132,
    "commitOffsets" : 29,
    "getBatch" : 7,
    "latestOffset" : 681,
    "queryPlanning" : 203,
    "triggerExecution" : 2088,
    "walCommit" : 16
  },
  "eventTime" : {
    "watermark" : "1970-01-01T00:00:00.000Z"
  },
  "stateOperators" : [ ],
  "sources" : [ {
    "description" : "KafkaV2[Subscribe[trips.raw]]",
    "startOffset" : null,
    "endOffset" : {
      "trips.raw" : {
        "2" : 342023,
        "5" : 340157,
        "4" : 341811,
        "1" : 341681,
        "3" : 341048,
        "0" : 341818
      }
    },
    "latestOffset" : {
      "trips.raw" : {
        "2" : 342023,
        "5" : 340157,
        "4" : 341811,
        "1" : 341681,
        "3" : 341048,
        "0" : 341818
      }
    },
    "numInputRows" : 0,
    "inputRowsPerSecond" : 0.0,
    "processedRowsPerSecond" : 0.0,
    "metrics" : {
      "avgOffsetsBehindLatest" : "0.0",
      "maxOffsetsBehindLatest" : "0",
      "minOffsetsBehindLatest" : "0"
    }
  } ],
  "sink" : {
    "description" : "ForeachBatchSink",
    "numOutputRows" : -1
  }
}
26/08/14 01:09:34 INFO BlockManagerInfo: Removed broadcast_0_piece0 on spark-driver:43685 in memory (size: 5.9 KiB, free: 191.2 MiB)
26/08/14 01:09:34 INFO BlockManagerInfo: Removed broadcast_0_piece0 on 172.26.0.12:41357 in memory (size: 5.9 KiB, free: 413.9 MiB)
26/08/14 01:09:40 INFO CheckpointFileManager: Writing atomically to file:/opt/checkpoints/trips/offsets/1 using temp file file:/opt/checkpoints/trips/offsets/.1.b0541194-5a9f-48e4-b168-f76ef42b711f.tmp
26/08/14 01:09:40 INFO CheckpointFileManager: Renamed temp file file:/opt/checkpoints/trips/offsets/.1.b0541194-5a9f-48e4-b168-f76ef42b711f.tmp to file:/opt/checkpoints/trips/offsets/1
26/08/14 01:09:40 INFO MicroBatchExecution: Committed offsets for batch 1. Metadata OffsetSeqMetadata(0,1786669780752,Map(spark.sql.streaming.stateStore.providerClass -> org.apache.spark.sql.execution.streaming.state.HDFSBackedStateStoreProvider, spark.sql.streaming.join.stateFormatVersion -> 2, spark.sql.streaming.stateStore.compression.codec -> lz4, spark.sql.streaming.stateStore.rocksdb.formatVersion -> 5, spark.sql.streaming.statefulOperator.useStrictDistribution -> true, spark.sql.streaming.flatMapGroupsWithState.stateFormatVersion -> 2, spark.sql.streaming.multipleWatermarkPolicy -> min, spark.sql.streaming.aggregation.stateFormatVersion -> 2, spark.sql.shuffle.partitions -> 6))
26/08/14 01:09:40 INFO KafkaOffsetReaderAdmin: Partitions added: Map()
26/08/14 01:09:40 INFO KafkaOffsetReaderAdmin: Partitions added: Map()
26/08/14 01:09:40 INFO KafkaOffsetReaderAdmin: Partitions added: Map()
26/08/14 01:09:40 INFO KafkaOffsetReaderAdmin: Partitions added: Map()
2026-08-14 01:09:40,864 INFO  [stream] Received command c on object id p0
26/08/14 01:09:40 INFO SparkContext: Starting job: start at <unknown>:0
26/08/14 01:09:40 INFO DAGScheduler: Registering RDD 32 (start at <unknown>:0) as input to shuffle 1
26/08/14 01:09:40 INFO DAGScheduler: Got job 1 (start at <unknown>:0) with 1 output partitions
26/08/14 01:09:40 INFO DAGScheduler: Final stage: ResultStage 3 (start at <unknown>:0)
26/08/14 01:09:40 INFO DAGScheduler: Parents of final stage: List(ShuffleMapStage 2)
26/08/14 01:09:40 INFO DAGScheduler: Missing parents: List(ShuffleMapStage 2)
26/08/14 01:09:40 INFO DAGScheduler: Submitting ShuffleMapStage 2 (MapPartitionsRDD[32] at start at <unknown>:0), which has no missing parents
26/08/14 01:09:40 INFO MemoryStore: Block broadcast_1 stored as values in memory (estimated size 64.2 KiB, free 191.1 MiB)
26/08/14 01:09:40 INFO MemoryStore: Block broadcast_1_piece0 stored as bytes in memory (estimated size 23.8 KiB, free 191.1 MiB)
26/08/14 01:09:40 INFO BlockManagerInfo: Added broadcast_1_piece0 in memory on spark-driver:43685 (size: 23.8 KiB, free: 191.2 MiB)
26/08/14 01:09:40 INFO SparkContext: Created broadcast 1 from broadcast at DAGScheduler.scala:1585
26/08/14 01:09:40 INFO DAGScheduler: Submitting 1 missing tasks from ShuffleMapStage 2 (MapPartitionsRDD[32] at start at <unknown>:0) (first 15 tasks are for partitions Vector(0))
26/08/14 01:09:40 INFO TaskSchedulerImpl: Adding task set 2.0 with 1 tasks resource profile 0
26/08/14 01:09:40 INFO TaskSetManager: Starting task 0.0 in stage 2.0 (TID 1) (172.26.0.12, executor 0, partition 0, PROCESS_LOCAL, 9921 bytes) 
26/08/14 01:09:40 INFO BlockManagerInfo: Added broadcast_1_piece0 in memory on 172.26.0.12:41357 (size: 23.8 KiB, free: 413.9 MiB)
26/08/14 01:09:41 INFO BlockManagerInfo: Added rdd_27_0 in memory on 172.26.0.12:41357 (size: 6.2 KiB, free: 413.9 MiB)
26/08/14 01:09:42 INFO TaskSetManager: Finished task 0.0 in stage 2.0 (TID 1) in 1063 ms on 172.26.0.12 (executor 0) (1/1)
26/08/14 01:09:42 INFO TaskSchedulerImpl: Removed TaskSet 2.0, whose tasks have all completed, from pool 
26/08/14 01:09:42 INFO DAGScheduler: ShuffleMapStage 2 (start at <unknown>:0) finished in 1.087 s
26/08/14 01:09:42 INFO DAGScheduler: looking for newly runnable stages
26/08/14 01:09:42 INFO DAGScheduler: running: Set()
26/08/14 01:09:42 INFO DAGScheduler: waiting: Set(ResultStage 3)
26/08/14 01:09:42 INFO DAGScheduler: failed: Set()
26/08/14 01:09:42 INFO DAGScheduler: Submitting ResultStage 3 (MapPartitionsRDD[35] at start at <unknown>:0), which has no missing parents
26/08/14 01:09:42 INFO MemoryStore: Block broadcast_2 stored as values in memory (estimated size 12.5 KiB, free 191.1 MiB)
26/08/14 01:09:42 INFO MemoryStore: Block broadcast_2_piece0 stored as bytes in memory (estimated size 5.9 KiB, free 191.1 MiB)
26/08/14 01:09:42 INFO BlockManagerInfo: Added broadcast_2_piece0 in memory on spark-driver:43685 (size: 5.9 KiB, free: 191.2 MiB)
26/08/14 01:09:42 INFO SparkContext: Created broadcast 2 from broadcast at DAGScheduler.scala:1585
26/08/14 01:09:42 INFO DAGScheduler: Submitting 1 missing tasks from ResultStage 3 (MapPartitionsRDD[35] at start at <unknown>:0) (first 15 tasks are for partitions Vector(0))
26/08/14 01:09:42 INFO TaskSchedulerImpl: Adding task set 3.0 with 1 tasks resource profile 0
26/08/14 01:09:42 INFO TaskSetManager: Starting task 0.0 in stage 3.0 (TID 2) (172.26.0.12, executor 0, partition 0, NODE_LOCAL, 9003 bytes) 
26/08/14 01:09:42 INFO BlockManagerInfo: Added broadcast_2_piece0 in memory on 172.26.0.12:41357 (size: 5.9 KiB, free: 413.9 MiB)
26/08/14 01:09:42 INFO MapOutputTrackerMasterEndpoint: Asked to send map output locations for shuffle 1 to 172.26.0.12:44092
26/08/14 01:09:42 INFO TaskSetManager: Finished task 0.0 in stage 3.0 (TID 2) in 43 ms on 172.26.0.12 (executor 0) (1/1)
26/08/14 01:09:42 INFO TaskSchedulerImpl: Removed TaskSet 3.0, whose tasks have all completed, from pool 
26/08/14 01:09:42 INFO DAGScheduler: ResultStage 3 (start at <unknown>:0) finished in 0.049 s
26/08/14 01:09:42 INFO DAGScheduler: Job 1 is finished. Cancelling potential speculative or zombie tasks for this job
26/08/14 01:09:42 INFO TaskSchedulerImpl: Killing all running tasks in stage 3: Stage finished
26/08/14 01:09:42 INFO DAGScheduler: Job 1 finished: start at <unknown>:0, took 1.151598 s
26/08/14 01:09:42 INFO CodeGenerator: Code generated in 16.196959 ms
26/08/14 01:09:42 INFO SparkContext: Starting job: start at <unknown>:0
26/08/14 01:09:42 INFO DAGScheduler: Registering RDD 40 (start at <unknown>:0) as input to shuffle 2
26/08/14 01:09:42 INFO DAGScheduler: Got job 2 (start at <unknown>:0) with 1 output partitions
26/08/14 01:09:42 INFO DAGScheduler: Final stage: ResultStage 5 (start at <unknown>:0)
26/08/14 01:09:42 INFO DAGScheduler: Parents of final stage: List(ShuffleMapStage 4)
26/08/14 01:09:42 INFO DAGScheduler: Missing parents: List(ShuffleMapStage 4)
26/08/14 01:09:42 INFO DAGScheduler: Submitting ShuffleMapStage 4 (MapPartitionsRDD[40] at start at <unknown>:0), which has no missing parents
26/08/14 01:09:42 INFO MemoryStore: Block broadcast_3 stored as values in memory (estimated size 64.5 KiB, free 191.0 MiB)
26/08/14 01:09:42 INFO MemoryStore: Block broadcast_3_piece0 stored as bytes in memory (estimated size 24.0 KiB, free 191.0 MiB)
26/08/14 01:09:42 INFO BlockManagerInfo: Added broadcast_3_piece0 in memory on spark-driver:43685 (size: 24.0 KiB, free: 191.2 MiB)
26/08/14 01:09:42 INFO SparkContext: Created broadcast 3 from broadcast at DAGScheduler.scala:1585
26/08/14 01:09:42 INFO DAGScheduler: Submitting 1 missing tasks from ShuffleMapStage 4 (MapPartitionsRDD[40] at start at <unknown>:0) (first 15 tasks are for partitions Vector(0))
26/08/14 01:09:42 INFO TaskSchedulerImpl: Adding task set 4.0 with 1 tasks resource profile 0
26/08/14 01:09:42 INFO TaskSetManager: Starting task 0.0 in stage 4.0 (TID 3) (172.26.0.12, executor 0, partition 0, PROCESS_LOCAL, 9921 bytes) 
26/08/14 01:09:42 INFO BlockManagerInfo: Added broadcast_3_piece0 in memory on 172.26.0.12:41357 (size: 24.0 KiB, free: 413.9 MiB)
26/08/14 01:09:42 INFO TaskSetManager: Finished task 0.0 in stage 4.0 (TID 3) in 40 ms on 172.26.0.12 (executor 0) (1/1)
26/08/14 01:09:42 INFO TaskSchedulerImpl: Removed TaskSet 4.0, whose tasks have all completed, from pool 
26/08/14 01:09:42 INFO DAGScheduler: ShuffleMapStage 4 (start at <unknown>:0) finished in 0.045 s
26/08/14 01:09:42 INFO DAGScheduler: looking for newly runnable stages
26/08/14 01:09:42 INFO DAGScheduler: running: Set()
26/08/14 01:09:42 INFO DAGScheduler: waiting: Set(ResultStage 5)
26/08/14 01:09:42 INFO DAGScheduler: failed: Set()
26/08/14 01:09:42 INFO DAGScheduler: Submitting ResultStage 5 (MapPartitionsRDD[43] at start at <unknown>:0), which has no missing parents
26/08/14 01:09:42 INFO MemoryStore: Block broadcast_4 stored as values in memory (estimated size 12.5 KiB, free 191.0 MiB)
26/08/14 01:09:42 INFO MemoryStore: Block broadcast_4_piece0 stored as bytes in memory (estimated size 5.9 KiB, free 191.0 MiB)
26/08/14 01:09:42 INFO BlockManagerInfo: Added broadcast_4_piece0 in memory on spark-driver:43685 (size: 5.9 KiB, free: 191.2 MiB)
26/08/14 01:09:42 INFO SparkContext: Created broadcast 4 from broadcast at DAGScheduler.scala:1585
26/08/14 01:09:42 INFO DAGScheduler: Submitting 1 missing tasks from ResultStage 5 (MapPartitionsRDD[43] at start at <unknown>:0) (first 15 tasks are for partitions Vector(0))
26/08/14 01:09:42 INFO TaskSchedulerImpl: Adding task set 5.0 with 1 tasks resource profile 0
26/08/14 01:09:42 INFO TaskSetManager: Starting task 0.0 in stage 5.0 (TID 4) (172.26.0.12, executor 0, partition 0, NODE_LOCAL, 9003 bytes) 
26/08/14 01:09:42 INFO BlockManagerInfo: Removed broadcast_2_piece0 on spark-driver:43685 in memory (size: 5.9 KiB, free: 191.2 MiB)
26/08/14 01:09:42 INFO BlockManagerInfo: Removed broadcast_2_piece0 on 172.26.0.12:41357 in memory (size: 5.9 KiB, free: 413.9 MiB)
26/08/14 01:09:42 INFO BlockManagerInfo: Added broadcast_4_piece0 in memory on 172.26.0.12:41357 (size: 5.9 KiB, free: 413.9 MiB)
26/08/14 01:09:42 INFO BlockManagerInfo: Removed broadcast_1_piece0 on spark-driver:43685 in memory (size: 23.8 KiB, free: 191.2 MiB)
26/08/14 01:09:42 INFO BlockManagerInfo: Removed broadcast_1_piece0 on 172.26.0.12:41357 in memory (size: 23.8 KiB, free: 413.9 MiB)
26/08/14 01:09:42 INFO MapOutputTrackerMasterEndpoint: Asked to send map output locations for shuffle 2 to 172.26.0.12:44092
26/08/14 01:09:42 INFO TaskSetManager: Finished task 0.0 in stage 5.0 (TID 4) in 59 ms on 172.26.0.12 (executor 0) (1/1)
26/08/14 01:09:42 INFO TaskSchedulerImpl: Removed TaskSet 5.0, whose tasks have all completed, from pool 
26/08/14 01:09:42 INFO DAGScheduler: ResultStage 5 (start at <unknown>:0) finished in 0.083 s
26/08/14 01:09:42 INFO DAGScheduler: Job 2 is finished. Cancelling potential speculative or zombie tasks for this job
26/08/14 01:09:42 INFO TaskSchedulerImpl: Killing all running tasks in stage 5: Stage finished
26/08/14 01:09:42 INFO DAGScheduler: Job 2 finished: start at <unknown>:0, took 0.134862 s
26/08/14 01:09:42 INFO CodeGenerator: Code generated in 11.89375 ms
26/08/14 01:09:42 INFO CodeGenerator: Code generated in 4.169917 ms
26/08/14 01:09:42 INFO CodeGenerator: Code generated in 5.09475 ms
26/08/14 01:09:42 INFO DefaultCachedBatchSerializer: Predicate isnotnull(kind#2841) generates partition filter: ((kind.count#2910 - kind.nullCount#2909) > 0)
26/08/14 01:09:42 INFO DefaultCachedBatchSerializer: Predicate (kind#2841 = stats) generates partition filter: ((kind.lowerBound#2908 <= stats) AND (stats <= kind.upperBound#2907))
26/08/14 01:09:42 INFO BlockManagerInfo: Removed broadcast_4_piece0 on spark-driver:43685 in memory (size: 5.9 KiB, free: 191.2 MiB)
26/08/14 01:09:42 INFO BlockManagerInfo: Removed broadcast_4_piece0 on 172.26.0.12:41357 in memory (size: 5.9 KiB, free: 413.9 MiB)
26/08/14 01:09:42 INFO BlockManagerInfo: Removed broadcast_3_piece0 on spark-driver:43685 in memory (size: 24.0 KiB, free: 191.2 MiB)
26/08/14 01:09:42 INFO BlockManagerInfo: Removed broadcast_3_piece0 on 172.26.0.12:41357 in memory (size: 24.0 KiB, free: 413.9 MiB)
26/08/14 01:09:42 INFO SparkContext: Starting job: call at /opt/spark/python/lib/py4j-0.10.9.7-src.zip/py4j/clientserver.py:617
26/08/14 01:09:42 INFO DAGScheduler: Got job 3 (call at /opt/spark/python/lib/py4j-0.10.9.7-src.zip/py4j/clientserver.py:617) with 1 output partitions
26/08/14 01:09:42 INFO DAGScheduler: Final stage: ResultStage 6 (call at /opt/spark/python/lib/py4j-0.10.9.7-src.zip/py4j/clientserver.py:617)
26/08/14 01:09:42 INFO DAGScheduler: Parents of final stage: List()
26/08/14 01:09:42 INFO DAGScheduler: Missing parents: List()
26/08/14 01:09:42 INFO DAGScheduler: Submitting ResultStage 6 (MapPartitionsRDD[62] at call at /opt/spark/python/lib/py4j-0.10.9.7-src.zip/py4j/clientserver.py:617), which has no missing parents
26/08/14 01:09:42 INFO MemoryStore: Block broadcast_5 stored as values in memory (estimated size 89.6 KiB, free 191.1 MiB)
26/08/14 01:09:42 INFO MemoryStore: Block broadcast_5_piece0 stored as bytes in memory (estimated size 33.9 KiB, free 191.1 MiB)
26/08/14 01:09:42 INFO BlockManagerInfo: Added broadcast_5_piece0 in memory on spark-driver:43685 (size: 33.9 KiB, free: 191.2 MiB)
26/08/14 01:09:42 INFO SparkContext: Created broadcast 5 from broadcast at DAGScheduler.scala:1585
26/08/14 01:09:42 INFO DAGScheduler: Submitting 1 missing tasks from ResultStage 6 (MapPartitionsRDD[62] at call at /opt/spark/python/lib/py4j-0.10.9.7-src.zip/py4j/clientserver.py:617) (first 15 tasks are for partitions Vector(0))
26/08/14 01:09:42 INFO TaskSchedulerImpl: Adding task set 6.0 with 1 tasks resource profile 0
26/08/14 01:09:42 INFO TaskSetManager: Starting task 0.0 in stage 6.0 (TID 5) (172.26.0.12, executor 0, partition 0, PROCESS_LOCAL, 9932 bytes) 
26/08/14 01:09:42 INFO BlockManagerInfo: Added broadcast_5_piece0 in memory on 172.26.0.12:41357 (size: 33.9 KiB, free: 413.9 MiB)
26/08/14 01:09:43 INFO BlockManagerInfo: Added rdd_57_0 in memory on 172.26.0.12:41357 (size: 1744.0 B, free: 413.9 MiB)
26/08/14 01:09:43 INFO TaskSetManager: Finished task 0.0 in stage 6.0 (TID 5) in 1104 ms on 172.26.0.12 (executor 0) (1/1)
26/08/14 01:09:43 INFO TaskSchedulerImpl: Removed TaskSet 6.0, whose tasks have all completed, from pool 
26/08/14 01:09:43 INFO PythonAccumulatorV2: Connected to AccumulatorServer at host: 127.0.0.1 port: 33153
26/08/14 01:09:43 INFO DAGScheduler: ResultStage 6 (call at /opt/spark/python/lib/py4j-0.10.9.7-src.zip/py4j/clientserver.py:617) finished in 1.124 s
26/08/14 01:09:43 INFO DAGScheduler: Job 3 is finished. Cancelling potential speculative or zombie tasks for this job
26/08/14 01:09:43 INFO TaskSchedulerImpl: Killing all running tasks in stage 6: Stage finished
26/08/14 01:09:43 INFO DAGScheduler: Job 3 finished: call at /opt/spark/python/lib/py4j-0.10.9.7-src.zip/py4j/clientserver.py:617, took 1.127268 s
26/08/14 01:09:43 INFO CodeGenerator: Code generated in 16.034875 ms
26/08/14 01:09:43 INFO DefaultCachedBatchSerializer: Predicate isnotnull(kind#2841) generates partition filter: ((kind.count#2993 - kind.nullCount#2992) > 0)
26/08/14 01:09:43 INFO DefaultCachedBatchSerializer: Predicate (kind#2841 = dlq) generates partition filter: ((kind.lowerBound#2991 <= dlq) AND (dlq <= kind.upperBound#2990))
26/08/14 01:09:43 INFO SparkContext: Starting job: count at <unknown>:0
26/08/14 01:09:43 INFO DAGScheduler: Registering RDD 67 (count at <unknown>:0) as input to shuffle 3
26/08/14 01:09:43 INFO DAGScheduler: Got job 4 (count at <unknown>:0) with 1 output partitions
26/08/14 01:09:43 INFO DAGScheduler: Final stage: ResultStage 8 (count at <unknown>:0)
26/08/14 01:09:43 INFO DAGScheduler: Parents of final stage: List(ShuffleMapStage 7)
26/08/14 01:09:43 INFO DAGScheduler: Missing parents: List(ShuffleMapStage 7)
26/08/14 01:09:43 INFO DAGScheduler: Submitting ShuffleMapStage 7 (MapPartitionsRDD[67] at count at <unknown>:0), which has no missing parents
26/08/14 01:09:43 INFO MemoryStore: Block broadcast_6 stored as values in memory (estimated size 91.8 KiB, free 191.0 MiB)
26/08/14 01:09:43 INFO MemoryStore: Block broadcast_6_piece0 stored as bytes in memory (estimated size 35.2 KiB, free 191.0 MiB)
26/08/14 01:09:43 INFO BlockManagerInfo: Added broadcast_6_piece0 in memory on spark-driver:43685 (size: 35.2 KiB, free: 191.1 MiB)
26/08/14 01:09:43 INFO SparkContext: Created broadcast 6 from broadcast at DAGScheduler.scala:1585
26/08/14 01:09:43 INFO DAGScheduler: Submitting 1 missing tasks from ShuffleMapStage 7 (MapPartitionsRDD[67] at count at <unknown>:0) (first 15 tasks are for partitions Vector(0))
26/08/14 01:09:43 INFO TaskSchedulerImpl: Adding task set 7.0 with 1 tasks resource profile 0
26/08/14 01:09:43 INFO TaskSetManager: Starting task 0.0 in stage 7.0 (TID 6) (172.26.0.12, executor 0, partition 0, PROCESS_LOCAL, 9921 bytes) 
26/08/14 01:09:43 INFO BlockManagerInfo: Added broadcast_6_piece0 in memory on 172.26.0.12:41357 (size: 35.2 KiB, free: 413.8 MiB)
26/08/14 01:09:43 INFO TaskSetManager: Finished task 0.0 in stage 7.0 (TID 6) in 84 ms on 172.26.0.12 (executor 0) (1/1)
26/08/14 01:09:43 INFO TaskSchedulerImpl: Removed TaskSet 7.0, whose tasks have all completed, from pool 
26/08/14 01:09:43 INFO DAGScheduler: ShuffleMapStage 7 (count at <unknown>:0) finished in 0.103 s
26/08/14 01:09:43 INFO DAGScheduler: looking for newly runnable stages
26/08/14 01:09:43 INFO DAGScheduler: running: Set()
26/08/14 01:09:43 INFO DAGScheduler: waiting: Set(ResultStage 8)
26/08/14 01:09:43 INFO DAGScheduler: failed: Set()
26/08/14 01:09:43 INFO DAGScheduler: Submitting ResultStage 8 (MapPartitionsRDD[70] at count at <unknown>:0), which has no missing parents
26/08/14 01:09:43 INFO MemoryStore: Block broadcast_7 stored as values in memory (estimated size 12.5 KiB, free 191.0 MiB)
26/08/14 01:09:43 INFO MemoryStore: Block broadcast_7_piece0 stored as bytes in memory (estimated size 5.9 KiB, free 190.9 MiB)
26/08/14 01:09:43 INFO BlockManagerInfo: Added broadcast_7_piece0 in memory on spark-driver:43685 (size: 5.9 KiB, free: 191.1 MiB)
26/08/14 01:09:43 INFO BlockManagerInfo: Removed broadcast_5_piece0 on spark-driver:43685 in memory (size: 33.9 KiB, free: 191.2 MiB)
26/08/14 01:09:43 INFO SparkContext: Created broadcast 7 from broadcast at DAGScheduler.scala:1585
26/08/14 01:09:43 INFO DAGScheduler: Submitting 1 missing tasks from ResultStage 8 (MapPartitionsRDD[70] at count at <unknown>:0) (first 15 tasks are for partitions Vector(0))
26/08/14 01:09:43 INFO TaskSchedulerImpl: Adding task set 8.0 with 1 tasks resource profile 0
26/08/14 01:09:43 INFO TaskSetManager: Starting task 0.0 in stage 8.0 (TID 7) (172.26.0.12, executor 0, partition 0, NODE_LOCAL, 9003 bytes) 
26/08/14 01:09:43 INFO BlockManagerInfo: Removed broadcast_5_piece0 on 172.26.0.12:41357 in memory (size: 33.9 KiB, free: 413.9 MiB)
26/08/14 01:09:43 INFO BlockManagerInfo: Added broadcast_7_piece0 in memory on 172.26.0.12:41357 (size: 5.9 KiB, free: 413.9 MiB)
26/08/14 01:09:43 INFO MapOutputTrackerMasterEndpoint: Asked to send map output locations for shuffle 3 to 172.26.0.12:44092
26/08/14 01:09:44 INFO TaskSetManager: Finished task 0.0 in stage 8.0 (TID 7) in 416 ms on 172.26.0.12 (executor 0) (1/1)
26/08/14 01:09:44 INFO TaskSchedulerImpl: Removed TaskSet 8.0, whose tasks have all completed, from pool 
26/08/14 01:09:44 INFO DAGScheduler: ResultStage 8 (count at <unknown>:0) finished in 0.464 s
26/08/14 01:09:44 INFO DAGScheduler: Job 4 is finished. Cancelling potential speculative or zombie tasks for this job
26/08/14 01:09:44 INFO TaskSchedulerImpl: Killing all running tasks in stage 8: Stage finished
26/08/14 01:09:44 INFO DAGScheduler: Job 4 finished: count at <unknown>:0, took 0.587357 s
26/08/14 01:09:44 INFO MapPartitionsRDD: Removing RDD 57 from persistence list
26/08/14 01:09:44 INFO BlockManager: Removing RDD 57
26/08/14 01:09:44 INFO CodeGenerator: Code generated in 24.3905 ms
26/08/14 01:09:44 INFO CodeGenerator: Code generated in 17.283666 ms
26/08/14 01:09:44 INFO SparkContext: Starting job: call at /opt/spark/python/lib/py4j-0.10.9.7-src.zip/py4j/clientserver.py:617
26/08/14 01:09:44 INFO DAGScheduler: Registering RDD 75 (call at /opt/spark/python/lib/py4j-0.10.9.7-src.zip/py4j/clientserver.py:617) as input to shuffle 4
26/08/14 01:09:44 INFO DAGScheduler: Got job 5 (call at /opt/spark/python/lib/py4j-0.10.9.7-src.zip/py4j/clientserver.py:617) with 1 output partitions
26/08/14 01:09:44 INFO DAGScheduler: Final stage: ResultStage 10 (call at /opt/spark/python/lib/py4j-0.10.9.7-src.zip/py4j/clientserver.py:617)
26/08/14 01:09:44 INFO DAGScheduler: Parents of final stage: List(ShuffleMapStage 9)
26/08/14 01:09:44 INFO DAGScheduler: Missing parents: List(ShuffleMapStage 9)
26/08/14 01:09:44 INFO DAGScheduler: Submitting ShuffleMapStage 9 (MapPartitionsRDD[75] at call at /opt/spark/python/lib/py4j-0.10.9.7-src.zip/py4j/clientserver.py:617), which has no missing parents
26/08/14 01:09:44 INFO MemoryStore: Block broadcast_8 stored as values in memory (estimated size 65.8 KiB, free 191.0 MiB)
26/08/14 01:09:44 INFO MemoryStore: Block broadcast_8_piece0 stored as bytes in memory (estimated size 24.6 KiB, free 191.0 MiB)
26/08/14 01:09:44 INFO BlockManagerInfo: Added broadcast_8_piece0 in memory on spark-driver:43685 (size: 24.6 KiB, free: 191.1 MiB)
26/08/14 01:09:44 INFO SparkContext: Created broadcast 8 from broadcast at DAGScheduler.scala:1585
26/08/14 01:09:44 INFO DAGScheduler: Submitting 1 missing tasks from ShuffleMapStage 9 (MapPartitionsRDD[75] at call at /opt/spark/python/lib/py4j-0.10.9.7-src.zip/py4j/clientserver.py:617) (first 15 tasks are for partitions Vector(0))
26/08/14 01:09:44 INFO TaskSchedulerImpl: Adding task set 9.0 with 1 tasks resource profile 0
26/08/14 01:09:44 INFO TaskSetManager: Starting task 0.0 in stage 9.0 (TID 8) (172.26.0.12, executor 0, partition 0, PROCESS_LOCAL, 9921 bytes) 
26/08/14 01:09:44 INFO BlockManagerInfo: Added broadcast_8_piece0 in memory on 172.26.0.12:41357 (size: 24.6 KiB, free: 413.9 MiB)
26/08/14 01:09:44 INFO TaskSetManager: Finished task 0.0 in stage 9.0 (TID 8) in 190 ms on 172.26.0.12 (executor 0) (1/1)
26/08/14 01:09:44 INFO TaskSchedulerImpl: Removed TaskSet 9.0, whose tasks have all completed, from pool 
26/08/14 01:09:44 INFO DAGScheduler: ShuffleMapStage 9 (call at /opt/spark/python/lib/py4j-0.10.9.7-src.zip/py4j/clientserver.py:617) finished in 0.240 s
26/08/14 01:09:44 INFO DAGScheduler: looking for newly runnable stages
26/08/14 01:09:44 INFO DAGScheduler: running: Set()
26/08/14 01:09:44 INFO DAGScheduler: waiting: Set(ResultStage 10)
26/08/14 01:09:44 INFO DAGScheduler: failed: Set()
26/08/14 01:09:44 INFO DAGScheduler: Submitting ResultStage 10 (MapPartitionsRDD[78] at call at /opt/spark/python/lib/py4j-0.10.9.7-src.zip/py4j/clientserver.py:617), which has no missing parents
26/08/14 01:09:44 INFO MemoryStore: Block broadcast_9 stored as values in memory (estimated size 13.1 KiB, free 191.0 MiB)
26/08/14 01:09:44 INFO MemoryStore: Block broadcast_9_piece0 stored as bytes in memory (estimated size 6.1 KiB, free 191.0 MiB)
26/08/14 01:09:44 INFO BlockManagerInfo: Added broadcast_9_piece0 in memory on spark-driver:43685 (size: 6.1 KiB, free: 191.1 MiB)
26/08/14 01:09:44 INFO SparkContext: Created broadcast 9 from broadcast at DAGScheduler.scala:1585
26/08/14 01:09:44 INFO DAGScheduler: Submitting 1 missing tasks from ResultStage 10 (MapPartitionsRDD[78] at call at /opt/spark/python/lib/py4j-0.10.9.7-src.zip/py4j/clientserver.py:617) (first 15 tasks are for partitions Vector(0))
26/08/14 01:09:44 INFO TaskSchedulerImpl: Adding task set 10.0 with 1 tasks resource profile 0
26/08/14 01:09:44 INFO TaskSetManager: Starting task 0.0 in stage 10.0 (TID 9) (172.26.0.12, executor 0, partition 0, NODE_LOCAL, 9003 bytes) 
26/08/14 01:09:44 INFO BlockManagerInfo: Added broadcast_9_piece0 in memory on 172.26.0.12:41357 (size: 6.1 KiB, free: 413.8 MiB)
26/08/14 01:09:44 INFO MapOutputTrackerMasterEndpoint: Asked to send map output locations for shuffle 4 to 172.26.0.12:44092
26/08/14 01:09:45 INFO BlockManagerInfo: Removed broadcast_7_piece0 on spark-driver:43685 in memory (size: 5.9 KiB, free: 191.1 MiB)
26/08/14 01:09:45 INFO BlockManagerInfo: Removed broadcast_7_piece0 on 172.26.0.12:41357 in memory (size: 5.9 KiB, free: 413.9 MiB)
26/08/14 01:09:45 INFO TaskSetManager: Finished task 0.0 in stage 10.0 (TID 9) in 128 ms on 172.26.0.12 (executor 0) (1/1)
26/08/14 01:09:45 INFO TaskSchedulerImpl: Removed TaskSet 10.0, whose tasks have all completed, from pool 
26/08/14 01:09:45 INFO DAGScheduler: ResultStage 10 (call at /opt/spark/python/lib/py4j-0.10.9.7-src.zip/py4j/clientserver.py:617) finished in 0.145 s
26/08/14 01:09:45 INFO DAGScheduler: Job 5 is finished. Cancelling potential speculative or zombie tasks for this job
26/08/14 01:09:45 INFO TaskSchedulerImpl: Killing all running tasks in stage 10: Stage finished
26/08/14 01:09:45 INFO DAGScheduler: Job 5 finished: call at /opt/spark/python/lib/py4j-0.10.9.7-src.zip/py4j/clientserver.py:617, took 0.400521 s
26/08/14 01:09:45 INFO BlockManagerInfo: Removed broadcast_6_piece0 on spark-driver:43685 in memory (size: 35.2 KiB, free: 191.2 MiB)
26/08/14 01:09:45 INFO BlockManagerInfo: Removed broadcast_6_piece0 on 172.26.0.12:41357 in memory (size: 35.2 KiB, free: 413.9 MiB)
26/08/14 01:09:45 INFO MapPartitionsRDD: Removing RDD 27 from persistence list
26/08/14 01:09:45 INFO BlockManager: Removing RDD 27
26/08/14 01:09:45 INFO WatermarkTracker: Updating event-time watermark from 0 to 1786669659699 ms
26/08/14 01:09:45 INFO BlockManagerInfo: Removed broadcast_8_piece0 on spark-driver:43685 in memory (size: 24.6 KiB, free: 191.2 MiB)
26/08/14 01:09:45 INFO BlockManagerInfo: Removed broadcast_8_piece0 on 172.26.0.12:41357 in memory (size: 24.6 KiB, free: 413.9 MiB)
26/08/14 01:09:45 INFO CheckpointFileManager: Writing atomically to file:/opt/checkpoints/trips/commits/1 using temp file file:/opt/checkpoints/trips/commits/.1.c31cd0ca-939e-46d8-bbf5-595fc8113d2d.tmp
26/08/14 01:09:45 INFO CheckpointFileManager: Renamed temp file file:/opt/checkpoints/trips/commits/.1.c31cd0ca-939e-46d8-bbf5-595fc8113d2d.tmp to file:/opt/checkpoints/trips/commits/1
26/08/14 01:09:45 INFO MicroBatchExecution: Streaming query made progress: {
  "id" : "f7681659-f9bd-49e2-8911-7d6cbe059482",
  "runId" : "326f406e-960d-4e0e-955f-42c6122dae1b",
  "name" : "trips-ingest-ab2_ab_with_backoff_3",
  "timestamp" : "2026-08-14T01:09:40.743Z",
  "batchId" : 1,
  "numInputRows" : 3,
  "inputRowsPerSecond" : 230.76923076923077,
  "processedRowsPerSecond" : 0.6804264005443411,
  "durationMs" : {
    "addBatch" : 4255,
    "commitOffsets" : 74,
    "getBatch" : 0,
    "latestOffset" : 9,
    "queryPlanning" : 31,
    "triggerExecution" : 4409,
    "walCommit" : 32
  },
  "eventTime" : {
    "avg" : "2026-08-14T01:09:39.420Z",
    "max" : "2026-08-14T01:09:39.699Z",
    "min" : "2026-08-14T01:09:39.111Z",
    "watermark" : "1970-01-01T00:00:00.000Z"
  },
  "stateOperators" : [ ],
  "sources" : [ {
    "description" : "KafkaV2[Subscribe[trips.raw]]",
    "startOffset" : {
      "trips.raw" : {
        "2" : 342023,
        "5" : 340157,
        "4" : 341811,
        "1" : 341681,
        "3" : 341048,
        "0" : 341818
      }
    },
    "endOffset" : {
      "trips.raw" : {
        "2" : 342023,
        "5" : 340157,
        "4" : 341814,
        "1" : 341681,
        "3" : 341048,
        "0" : 341818
      }
    },
    "latestOffset" : {
      "trips.raw" : {
        "2" : 342023,
        "5" : 340157,
        "4" : 341814,
        "1" : 341681,
        "3" : 341048,
        "0" : 341818
      }
    },
    "numInputRows" : 3,
    "inputRowsPerSecond" : 230.76923076923077,
    "processedRowsPerSecond" : 0.6804264005443411,
    "metrics" : {
      "avgOffsetsBehindLatest" : "0.0",
      "maxOffsetsBehindLatest" : "0",
      "minOffsetsBehindLatest" : "0"
    }
  } ],
  "sink" : {
    "description" : "ForeachBatchSink",
    "numOutputRows" : -1
  }
}
26/08/14 01:09:45 INFO CheckpointFileManager: Writing atomically to file:/opt/checkpoints/trips/offsets/2 using temp file file:/opt/checkpoints/trips/offsets/.2.b8cdb90f-e97f-42ea-bb97-1323d561c43e.tmp
26/08/14 01:09:45 INFO CheckpointFileManager: Renamed temp file file:/opt/checkpoints/trips/offsets/.2.b8cdb90f-e97f-42ea-bb97-1323d561c43e.tmp to file:/opt/checkpoints/trips/offsets/2
26/08/14 01:09:45 INFO MicroBatchExecution: Committed offsets for batch 2. Metadata OffsetSeqMetadata(1786669659699,1786669785295,Map(spark.sql.streaming.stateStore.providerClass -> org.apache.spark.sql.execution.streaming.state.HDFSBackedStateStoreProvider, spark.sql.streaming.join.stateFormatVersion -> 2, spark.sql.streaming.stateStore.compression.codec -> lz4, spark.sql.streaming.stateStore.rocksdb.formatVersion -> 5, spark.sql.streaming.statefulOperator.useStrictDistribution -> true, spark.sql.streaming.flatMapGroupsWithState.stateFormatVersion -> 2, spark.sql.streaming.multipleWatermarkPolicy -> min, spark.sql.streaming.aggregation.stateFormatVersion -> 2, spark.sql.shuffle.partitions -> 6))
26/08/14 01:09:45 INFO KafkaOffsetReaderAdmin: Partitions added: Map()
26/08/14 01:09:45 INFO KafkaOffsetReaderAdmin: Partitions added: Map()
26/08/14 01:09:45 INFO KafkaOffsetReaderAdmin: Partitions added: Map()
26/08/14 01:09:45 INFO KafkaOffsetReaderAdmin: Partitions added: Map()
2026-08-14 01:09:45,393 INFO  [stream] Received command c on object id p0
26/08/14 01:09:45 INFO SparkContext: Starting job: count at <unknown>:0
26/08/14 01:09:45 INFO DAGScheduler: Registering RDD 93 (count at <unknown>:0) as input to shuffle 5
26/08/14 01:09:45 INFO DAGScheduler: Got job 6 (count at <unknown>:0) with 1 output partitions
26/08/14 01:09:45 INFO DAGScheduler: Final stage: ResultStage 12 (count at <unknown>:0)
26/08/14 01:09:45 INFO DAGScheduler: Parents of final stage: List(ShuffleMapStage 11)
26/08/14 01:09:45 INFO DAGScheduler: Missing parents: List(ShuffleMapStage 11)
26/08/14 01:09:45 INFO DAGScheduler: Submitting ShuffleMapStage 11 (MapPartitionsRDD[93] at count at <unknown>:0), which has no missing parents
26/08/14 01:09:45 INFO MemoryStore: Block broadcast_10 stored as values in memory (estimated size 64.6 KiB, free 191.1 MiB)
26/08/14 01:09:45 INFO MemoryStore: Block broadcast_10_piece0 stored as bytes in memory (estimated size 24.1 KiB, free 191.1 MiB)
26/08/14 01:09:45 INFO BlockManagerInfo: Removed broadcast_9_piece0 on spark-driver:43685 in memory (size: 6.1 KiB, free: 191.2 MiB)
26/08/14 01:09:45 INFO BlockManagerInfo: Added broadcast_10_piece0 in memory on spark-driver:43685 (size: 24.1 KiB, free: 191.2 MiB)
26/08/14 01:09:45 INFO SparkContext: Created broadcast 10 from broadcast at DAGScheduler.scala:1585
26/08/14 01:09:45 INFO DAGScheduler: Submitting 6 missing tasks from ShuffleMapStage 11 (MapPartitionsRDD[93] at count at <unknown>:0) (first 15 tasks are for partitions Vector(0, 1, 2, 3, 4, 5))
26/08/14 01:09:45 INFO TaskSchedulerImpl: Adding task set 11.0 with 6 tasks resource profile 0
26/08/14 01:09:45 INFO TaskSetManager: Starting task 0.0 in stage 11.0 (TID 10) (172.26.0.12, executor 0, partition 0, PROCESS_LOCAL, 9921 bytes) 
26/08/14 01:09:45 INFO BlockManagerInfo: Removed broadcast_9_piece0 on 172.26.0.12:41357 in memory (size: 6.1 KiB, free: 413.9 MiB)
26/08/14 01:09:45 INFO TaskSetManager: Starting task 2.0 in stage 11.0 (TID 11) (172.26.0.13, executor 1, partition 2, PROCESS_LOCAL, 9921 bytes) 
26/08/14 01:09:45 INFO TaskSetManager: Starting task 1.0 in stage 11.0 (TID 12) (172.26.0.12, executor 0, partition 1, PROCESS_LOCAL, 9921 bytes) 
26/08/14 01:09:45 INFO TaskSetManager: Starting task 3.0 in stage 11.0 (TID 13) (172.26.0.13, executor 1, partition 3, PROCESS_LOCAL, 9921 bytes) 
26/08/14 01:09:45 INFO TaskSetManager: Starting task 5.0 in stage 11.0 (TID 14) (172.26.0.12, executor 0, partition 5, PROCESS_LOCAL, 9921 bytes) 
26/08/14 01:09:45 INFO TaskSetManager: Starting task 4.0 in stage 11.0 (TID 15) (172.26.0.13, executor 1, partition 4, PROCESS_LOCAL, 9921 bytes) 
26/08/14 01:09:45 INFO BlockManagerInfo: Added broadcast_10_piece0 in memory on 172.26.0.12:41357 (size: 24.1 KiB, free: 413.9 MiB)
26/08/14 01:09:45 INFO BlockManagerInfo: Added broadcast_10_piece0 in memory on 172.26.0.13:45679 (size: 24.1 KiB, free: 413.9 MiB)
26/08/14 01:09:45 INFO BlockManagerInfo: Added rdd_88_0 in memory on 172.26.0.12:41357 (size: 362.4 KiB, free: 413.5 MiB)
26/08/14 01:09:45 INFO BlockManagerInfo: Added rdd_88_5 in memory on 172.26.0.12:41357 (size: 366.2 KiB, free: 413.2 MiB)
26/08/14 01:09:45 INFO TaskSetManager: Finished task 0.0 in stage 11.0 (TID 10) in 445 ms on 172.26.0.12 (executor 0) (1/6)
26/08/14 01:09:45 INFO TaskSetManager: Finished task 5.0 in stage 11.0 (TID 14) in 453 ms on 172.26.0.12 (executor 0) (2/6)
26/08/14 01:09:45 INFO BlockManagerInfo: Added rdd_88_1 in memory on 172.26.0.12:41357 (size: 369.8 KiB, free: 412.8 MiB)
26/08/14 01:09:45 INFO TaskSetManager: Finished task 1.0 in stage 11.0 (TID 12) in 470 ms on 172.26.0.12 (executor 0) (3/6)
26/08/14 01:09:47 INFO BlockManagerInfo: Added rdd_88_2 in memory on 172.26.0.13:45679 (size: 375.3 KiB, free: 413.5 MiB)
26/08/14 01:09:47 INFO BlockManagerInfo: Added rdd_88_4 in memory on 172.26.0.13:45679 (size: 362.6 KiB, free: 413.2 MiB)
26/08/14 01:09:47 INFO BlockManagerInfo: Added rdd_88_3 in memory on 172.26.0.13:45679 (size: 360.6 KiB, free: 412.8 MiB)
26/08/14 01:09:47 INFO TaskSetManager: Finished task 2.0 in stage 11.0 (TID 11) in 2236 ms on 172.26.0.13 (executor 1) (4/6)
26/08/14 01:09:47 INFO TaskSetManager: Finished task 3.0 in stage 11.0 (TID 13) in 2237 ms on 172.26.0.13 (executor 1) (5/6)
26/08/14 01:09:47 INFO TaskSetManager: Finished task 4.0 in stage 11.0 (TID 15) in 2236 ms on 172.26.0.13 (executor 1) (6/6)
26/08/14 01:09:47 INFO TaskSchedulerImpl: Removed TaskSet 11.0, whose tasks have all completed, from pool 
26/08/14 01:09:47 INFO DAGScheduler: ShuffleMapStage 11 (count at <unknown>:0) finished in 2.260 s
26/08/14 01:09:47 INFO DAGScheduler: looking for newly runnable stages
26/08/14 01:09:47 INFO DAGScheduler: running: Set()
26/08/14 01:09:47 INFO DAGScheduler: waiting: Set(ResultStage 12)
26/08/14 01:09:47 INFO DAGScheduler: failed: Set()
26/08/14 01:09:47 INFO DAGScheduler: Submitting ResultStage 12 (MapPartitionsRDD[96] at count at <unknown>:0), which has no missing parents
26/08/14 01:09:47 INFO MemoryStore: Block broadcast_11 stored as values in memory (estimated size 12.5 KiB, free 191.1 MiB)
26/08/14 01:09:47 INFO MemoryStore: Block broadcast_11_piece0 stored as bytes in memory (estimated size 5.9 KiB, free 191.1 MiB)
26/08/14 01:09:47 INFO BlockManagerInfo: Added broadcast_11_piece0 in memory on spark-driver:43685 (size: 5.9 KiB, free: 191.2 MiB)
26/08/14 01:09:47 INFO SparkContext: Created broadcast 11 from broadcast at DAGScheduler.scala:1585
26/08/14 01:09:47 INFO DAGScheduler: Submitting 1 missing tasks from ResultStage 12 (MapPartitionsRDD[96] at count at <unknown>:0) (first 15 tasks are for partitions Vector(0))
26/08/14 01:09:47 INFO TaskSchedulerImpl: Adding task set 12.0 with 1 tasks resource profile 0
26/08/14 01:09:47 INFO TaskSetManager: Starting task 0.0 in stage 12.0 (TID 16) (172.26.0.12, executor 0, partition 0, NODE_LOCAL, 9003 bytes) 
26/08/14 01:09:47 INFO BlockManagerInfo: Added broadcast_11_piece0 in memory on 172.26.0.12:41357 (size: 5.9 KiB, free: 412.8 MiB)
26/08/14 01:09:47 INFO MapOutputTrackerMasterEndpoint: Asked to send map output locations for shuffle 5 to 172.26.0.12:44092
26/08/14 01:09:47 INFO TaskSetManager: Finished task 0.0 in stage 12.0 (TID 16) in 61 ms on 172.26.0.12 (executor 0) (1/1)
26/08/14 01:09:47 INFO TaskSchedulerImpl: Removed TaskSet 12.0, whose tasks have all completed, from pool 
26/08/14 01:09:47 INFO DAGScheduler: ResultStage 12 (count at <unknown>:0) finished in 0.075 s
26/08/14 01:09:47 INFO DAGScheduler: Job 6 is finished. Cancelling potential speculative or zombie tasks for this job
26/08/14 01:09:47 INFO TaskSchedulerImpl: Killing all running tasks in stage 12: Stage finished
26/08/14 01:09:47 INFO DAGScheduler: Job 6 finished: count at <unknown>:0, took 2.340905 s
26/08/14 01:09:47 INFO SparkContext: Starting job: count at <unknown>:0
26/08/14 01:09:47 INFO DAGScheduler: Registering RDD 101 (count at <unknown>:0) as input to shuffle 6
26/08/14 01:09:47 INFO DAGScheduler: Got job 7 (count at <unknown>:0) with 1 output partitions
26/08/14 01:09:47 INFO DAGScheduler: Final stage: ResultStage 14 (count at <unknown>:0)
26/08/14 01:09:47 INFO DAGScheduler: Parents of final stage: List(ShuffleMapStage 13)
26/08/14 01:09:47 INFO DAGScheduler: Missing parents: List(ShuffleMapStage 13)
26/08/14 01:09:47 INFO DAGScheduler: Submitting ShuffleMapStage 13 (MapPartitionsRDD[101] at count at <unknown>:0), which has no missing parents
26/08/14 01:09:47 INFO MemoryStore: Block broadcast_12 stored as values in memory (estimated size 64.9 KiB, free 191.0 MiB)
26/08/14 01:09:47 INFO MemoryStore: Block broadcast_12_piece0 stored as bytes in memory (estimated size 24.2 KiB, free 191.0 MiB)
26/08/14 01:09:47 INFO BlockManagerInfo: Added broadcast_12_piece0 in memory on spark-driver:43685 (size: 24.2 KiB, free: 191.2 MiB)
26/08/14 01:09:47 INFO SparkContext: Created broadcast 12 from broadcast at DAGScheduler.scala:1585
26/08/14 01:09:47 INFO DAGScheduler: Submitting 6 missing tasks from ShuffleMapStage 13 (MapPartitionsRDD[101] at count at <unknown>:0) (first 15 tasks are for partitions Vector(0, 1, 2, 3, 4, 5))
26/08/14 01:09:47 INFO TaskSchedulerImpl: Adding task set 13.0 with 6 tasks resource profile 0
26/08/14 01:09:47 INFO TaskSetManager: Starting task 0.0 in stage 13.0 (TID 17) (172.26.0.12, executor 0, partition 0, PROCESS_LOCAL, 9921 bytes) 
26/08/14 01:09:47 INFO TaskSetManager: Starting task 2.0 in stage 13.0 (TID 18) (172.26.0.13, executor 1, partition 2, PROCESS_LOCAL, 9921 bytes) 
26/08/14 01:09:47 INFO TaskSetManager: Starting task 1.0 in stage 13.0 (TID 19) (172.26.0.12, executor 0, partition 1, PROCESS_LOCAL, 9921 bytes) 
26/08/14 01:09:47 INFO TaskSetManager: Starting task 3.0 in stage 13.0 (TID 20) (172.26.0.13, executor 1, partition 3, PROCESS_LOCAL, 9921 bytes) 
26/08/14 01:09:47 INFO TaskSetManager: Starting task 5.0 in stage 13.0 (TID 21) (172.26.0.12, executor 0, partition 5, PROCESS_LOCAL, 9921 bytes) 
26/08/14 01:09:47 INFO TaskSetManager: Starting task 4.0 in stage 13.0 (TID 22) (172.26.0.13, executor 1, partition 4, PROCESS_LOCAL, 9921 bytes) 
26/08/14 01:09:47 INFO BlockManagerInfo: Added broadcast_12_piece0 in memory on 172.26.0.12:41357 (size: 24.2 KiB, free: 412.8 MiB)
26/08/14 01:09:47 INFO BlockManagerInfo: Added broadcast_12_piece0 in memory on 172.26.0.13:45679 (size: 24.2 KiB, free: 412.8 MiB)
26/08/14 01:09:47 INFO TaskSetManager: Finished task 1.0 in stage 13.0 (TID 19) in 58 ms on 172.26.0.12 (executor 0) (1/6)
26/08/14 01:09:47 INFO TaskSetManager: Finished task 5.0 in stage 13.0 (TID 21) in 69 ms on 172.26.0.12 (executor 0) (2/6)
26/08/14 01:09:47 INFO TaskSetManager: Finished task 0.0 in stage 13.0 (TID 17) in 70 ms on 172.26.0.12 (executor 0) (3/6)
26/08/14 01:09:47 INFO TaskSetManager: Finished task 2.0 in stage 13.0 (TID 18) in 133 ms on 172.26.0.13 (executor 1) (4/6)
26/08/14 01:09:47 INFO TaskSetManager: Finished task 3.0 in stage 13.0 (TID 20) in 134 ms on 172.26.0.13 (executor 1) (5/6)
26/08/14 01:09:47 INFO TaskSetManager: Finished task 4.0 in stage 13.0 (TID 22) in 134 ms on 172.26.0.13 (executor 1) (6/6)
26/08/14 01:09:47 INFO TaskSchedulerImpl: Removed TaskSet 13.0, whose tasks have all completed, from pool 
26/08/14 01:09:47 INFO DAGScheduler: ShuffleMapStage 13 (count at <unknown>:0) finished in 0.155 s
26/08/14 01:09:47 INFO DAGScheduler: looking for newly runnable stages
26/08/14 01:09:47 INFO DAGScheduler: running: Set()
26/08/14 01:09:47 INFO DAGScheduler: waiting: Set(ResultStage 14)
26/08/14 01:09:47 INFO DAGScheduler: failed: Set()
26/08/14 01:09:47 INFO DAGScheduler: Submitting ResultStage 14 (MapPartitionsRDD[104] at count at <unknown>:0), which has no missing parents
26/08/14 01:09:47 INFO BlockManagerInfo: Removed broadcast_11_piece0 on spark-driver:43685 in memory (size: 5.9 KiB, free: 191.2 MiB)
26/08/14 01:09:48 INFO MemoryStore: Block broadcast_13 stored as values in memory (estimated size 12.5 KiB, free 191.0 MiB)
26/08/14 01:09:48 INFO MemoryStore: Block broadcast_13_piece0 stored as bytes in memory (estimated size 5.9 KiB, free 191.0 MiB)
26/08/14 01:09:48 INFO BlockManagerInfo: Removed broadcast_11_piece0 on 172.26.0.12:41357 in memory (size: 5.9 KiB, free: 412.8 MiB)
26/08/14 01:09:48 INFO BlockManagerInfo: Added broadcast_13_piece0 in memory on spark-driver:43685 (size: 5.9 KiB, free: 191.2 MiB)
26/08/14 01:09:48 INFO SparkContext: Created broadcast 13 from broadcast at DAGScheduler.scala:1585
26/08/14 01:09:48 INFO DAGScheduler: Submitting 1 missing tasks from ResultStage 14 (MapPartitionsRDD[104] at count at <unknown>:0) (first 15 tasks are for partitions Vector(0))
26/08/14 01:09:48 INFO TaskSchedulerImpl: Adding task set 14.0 with 1 tasks resource profile 0
26/08/14 01:09:48 INFO TaskSetManager: Starting task 0.0 in stage 14.0 (TID 23) (172.26.0.13, executor 1, partition 0, NODE_LOCAL, 9003 bytes) 
26/08/14 01:09:48 INFO BlockManagerInfo: Removed broadcast_10_piece0 on spark-driver:43685 in memory (size: 24.1 KiB, free: 191.2 MiB)
26/08/14 01:09:48 INFO BlockManagerInfo: Removed broadcast_10_piece0 on 172.26.0.12:41357 in memory (size: 24.1 KiB, free: 412.8 MiB)
26/08/14 01:09:48 INFO BlockManagerInfo: Removed broadcast_10_piece0 on 172.26.0.13:45679 in memory (size: 24.1 KiB, free: 412.8 MiB)
26/08/14 01:09:48 INFO BlockManagerInfo: Added broadcast_13_piece0 in memory on 172.26.0.13:45679 (size: 5.9 KiB, free: 412.8 MiB)
26/08/14 01:09:48 INFO MapOutputTrackerMasterEndpoint: Asked to send map output locations for shuffle 6 to 172.26.0.13:60160
26/08/14 01:09:48 INFO TaskSetManager: Finished task 0.0 in stage 14.0 (TID 23) in 127 ms on 172.26.0.13 (executor 1) (1/1)
26/08/14 01:09:48 INFO TaskSchedulerImpl: Removed TaskSet 14.0, whose tasks have all completed, from pool 
26/08/14 01:09:48 INFO DAGScheduler: ResultStage 14 (count at <unknown>:0) finished in 0.141 s
26/08/14 01:09:48 INFO DAGScheduler: Job 7 is finished. Cancelling potential speculative or zombie tasks for this job
26/08/14 01:09:48 INFO TaskSchedulerImpl: Killing all running tasks in stage 14: Stage finished
26/08/14 01:09:48 INFO DAGScheduler: Job 7 finished: count at <unknown>:0, took 0.301937 s
26/08/14 01:09:48 INFO CodeGenerator: Code generated in 6.351083 ms
26/08/14 01:09:48 INFO DefaultCachedBatchSerializer: Predicate isnotnull(event_time#89-T120000ms) generates partition filter: ((event_time.count#5613 - event_time.nullCount#5612) > 0)
26/08/14 01:09:48 INFO DefaultCachedBatchSerializer: Predicate (event_time#89-T120000ms < 2026-08-14 01:07:39.699) generates partition filter: (event_time.lowerBound#5611 < 2026-08-14 01:07:39.699)
26/08/14 01:09:48 INFO SparkContext: Starting job: count at <unknown>:0
26/08/14 01:09:48 INFO DAGScheduler: Registering RDD 109 (count at <unknown>:0) as input to shuffle 7
26/08/14 01:09:48 INFO DAGScheduler: Got job 8 (count at <unknown>:0) with 1 output partitions
26/08/14 01:09:48 INFO DAGScheduler: Final stage: ResultStage 16 (count at <unknown>:0)
26/08/14 01:09:48 INFO DAGScheduler: Parents of final stage: List(ShuffleMapStage 15)
26/08/14 01:09:48 INFO DAGScheduler: Missing parents: List(ShuffleMapStage 15)
26/08/14 01:09:48 INFO DAGScheduler: Submitting ShuffleMapStage 15 (MapPartitionsRDD[109] at count at <unknown>:0), which has no missing parents
26/08/14 01:09:48 INFO MemoryStore: Block broadcast_14 stored as values in memory (estimated size 67.2 KiB, free 191.0 MiB)
26/08/14 01:09:48 INFO MemoryStore: Block broadcast_14_piece0 stored as bytes in memory (estimated size 25.6 KiB, free 191.0 MiB)
26/08/14 01:09:48 INFO BlockManagerInfo: Added broadcast_14_piece0 in memory on spark-driver:43685 (size: 25.6 KiB, free: 191.2 MiB)
26/08/14 01:09:48 INFO SparkContext: Created broadcast 14 from broadcast at DAGScheduler.scala:1585
26/08/14 01:09:48 INFO DAGScheduler: Submitting 6 missing tasks from ShuffleMapStage 15 (MapPartitionsRDD[109] at count at <unknown>:0) (first 15 tasks are for partitions Vector(0, 1, 2, 3, 4, 5))
26/08/14 01:09:48 INFO TaskSchedulerImpl: Adding task set 15.0 with 6 tasks resource profile 0
26/08/14 01:09:48 INFO TaskSetManager: Starting task 0.0 in stage 15.0 (TID 24) (172.26.0.12, executor 0, partition 0, PROCESS_LOCAL, 9921 bytes) 
26/08/14 01:09:48 INFO TaskSetManager: Starting task 2.0 in stage 15.0 (TID 25) (172.26.0.13, executor 1, partition 2, PROCESS_LOCAL, 9921 bytes) 
26/08/14 01:09:48 INFO TaskSetManager: Starting task 1.0 in stage 15.0 (TID 26) (172.26.0.12, executor 0, partition 1, PROCESS_LOCAL, 9921 bytes) 
26/08/14 01:09:48 INFO TaskSetManager: Starting task 3.0 in stage 15.0 (TID 27) (172.26.0.13, executor 1, partition 3, PROCESS_LOCAL, 9921 bytes) 
26/08/14 01:09:48 INFO TaskSetManager: Starting task 5.0 in stage 15.0 (TID 28) (172.26.0.12, executor 0, partition 5, PROCESS_LOCAL, 9921 bytes) 
26/08/14 01:09:48 INFO TaskSetManager: Starting task 4.0 in stage 15.0 (TID 29) (172.26.0.13, executor 1, partition 4, PROCESS_LOCAL, 9921 bytes) 
26/08/14 01:09:48 INFO BlockManagerInfo: Removed broadcast_13_piece0 on spark-driver:43685 in memory (size: 5.9 KiB, free: 191.2 MiB)
26/08/14 01:09:48 INFO BlockManagerInfo: Removed broadcast_13_piece0 on 172.26.0.13:45679 in memory (size: 5.9 KiB, free: 412.8 MiB)
26/08/14 01:09:48 INFO BlockManagerInfo: Added broadcast_14_piece0 in memory on 172.26.0.12:41357 (size: 25.6 KiB, free: 412.8 MiB)
26/08/14 01:09:48 INFO BlockManagerInfo: Added broadcast_14_piece0 in memory on 172.26.0.13:45679 (size: 25.6 KiB, free: 412.8 MiB)
26/08/14 01:09:48 INFO BlockManagerInfo: Removed broadcast_12_piece0 on spark-driver:43685 in memory (size: 24.2 KiB, free: 191.2 MiB)
26/08/14 01:09:48 INFO BlockManagerInfo: Removed broadcast_12_piece0 on 172.26.0.13:45679 in memory (size: 24.2 KiB, free: 412.8 MiB)
26/08/14 01:09:48 INFO BlockManagerInfo: Removed broadcast_12_piece0 on 172.26.0.12:41357 in memory (size: 24.2 KiB, free: 412.8 MiB)
26/08/14 01:09:48 INFO TaskSetManager: Finished task 1.0 in stage 15.0 (TID 26) in 91 ms on 172.26.0.12 (executor 0) (1/6)
26/08/14 01:09:48 INFO TaskSetManager: Finished task 5.0 in stage 15.0 (TID 28) in 91 ms on 172.26.0.12 (executor 0) (2/6)
26/08/14 01:09:48 INFO TaskSetManager: Finished task 0.0 in stage 15.0 (TID 24) in 93 ms on 172.26.0.12 (executor 0) (3/6)
26/08/14 01:09:48 INFO TaskSetManager: Finished task 2.0 in stage 15.0 (TID 25) in 122 ms on 172.26.0.13 (executor 1) (4/6)
26/08/14 01:09:48 INFO TaskSetManager: Finished task 3.0 in stage 15.0 (TID 27) in 121 ms on 172.26.0.13 (executor 1) (5/6)
26/08/14 01:09:48 INFO TaskSetManager: Finished task 4.0 in stage 15.0 (TID 29) in 121 ms on 172.26.0.13 (executor 1) (6/6)
26/08/14 01:09:48 INFO TaskSchedulerImpl: Removed TaskSet 15.0, whose tasks have all completed, from pool 
26/08/14 01:09:48 INFO DAGScheduler: ShuffleMapStage 15 (count at <unknown>:0) finished in 0.129 s
26/08/14 01:09:48 INFO DAGScheduler: looking for newly runnable stages
26/08/14 01:09:48 INFO DAGScheduler: running: Set()
26/08/14 01:09:48 INFO DAGScheduler: waiting: Set(ResultStage 16)
26/08/14 01:09:48 INFO DAGScheduler: failed: Set()
26/08/14 01:09:48 INFO DAGScheduler: Submitting ResultStage 16 (MapPartitionsRDD[112] at count at <unknown>:0), which has no missing parents
26/08/14 01:09:48 INFO MemoryStore: Block broadcast_15 stored as values in memory (estimated size 12.5 KiB, free 191.1 MiB)
26/08/14 01:09:48 INFO MemoryStore: Block broadcast_15_piece0 stored as bytes in memory (estimated size 5.9 KiB, free 191.1 MiB)
26/08/14 01:09:48 INFO BlockManagerInfo: Added broadcast_15_piece0 in memory on spark-driver:43685 (size: 5.9 KiB, free: 191.2 MiB)
26/08/14 01:09:48 INFO SparkContext: Created broadcast 15 from broadcast at DAGScheduler.scala:1585
26/08/14 01:09:48 INFO DAGScheduler: Submitting 1 missing tasks from ResultStage 16 (MapPartitionsRDD[112] at count at <unknown>:0) (first 15 tasks are for partitions Vector(0))
26/08/14 01:09:48 INFO TaskSchedulerImpl: Adding task set 16.0 with 1 tasks resource profile 0
26/08/14 01:09:48 INFO TaskSetManager: Starting task 0.0 in stage 16.0 (TID 30) (172.26.0.13, executor 1, partition 0, NODE_LOCAL, 9003 bytes) 
26/08/14 01:09:48 INFO BlockManagerInfo: Added broadcast_15_piece0 in memory on 172.26.0.13:45679 (size: 5.9 KiB, free: 412.8 MiB)
26/08/14 01:09:48 INFO MapOutputTrackerMasterEndpoint: Asked to send map output locations for shuffle 7 to 172.26.0.13:60160
26/08/14 01:09:48 INFO TaskSetManager: Finished task 0.0 in stage 16.0 (TID 30) in 44 ms on 172.26.0.13 (executor 1) (1/1)
26/08/14 01:09:48 INFO TaskSchedulerImpl: Removed TaskSet 16.0, whose tasks have all completed, from pool 
26/08/14 01:09:48 INFO DAGScheduler: ResultStage 16 (count at <unknown>:0) finished in 0.052 s
26/08/14 01:09:48 INFO DAGScheduler: Job 8 is finished. Cancelling potential speculative or zombie tasks for this job
26/08/14 01:09:48 INFO TaskSchedulerImpl: Killing all running tasks in stage 16: Stage finished
26/08/14 01:09:48 INFO DAGScheduler: Job 8 finished: count at <unknown>:0, took 0.186359 s
26/08/14 01:09:48 INFO DefaultCachedBatchSerializer: Predicate isnotnull(kind#6170) generates partition filter: ((kind.count#6239 - kind.nullCount#6238) > 0)
26/08/14 01:09:48 INFO DefaultCachedBatchSerializer: Predicate (kind#6170 = stats) generates partition filter: ((kind.lowerBound#6237 <= stats) AND (stats <= kind.upperBound#6236))
26/08/14 01:09:48 INFO SparkContext: Starting job: call at /opt/spark/python/lib/py4j-0.10.9.7-src.zip/py4j/clientserver.py:617
26/08/14 01:09:48 INFO DAGScheduler: Got job 9 (call at /opt/spark/python/lib/py4j-0.10.9.7-src.zip/py4j/clientserver.py:617) with 6 output partitions
26/08/14 01:09:48 INFO DAGScheduler: Final stage: ResultStage 17 (call at /opt/spark/python/lib/py4j-0.10.9.7-src.zip/py4j/clientserver.py:617)
26/08/14 01:09:48 INFO DAGScheduler: Parents of final stage: List()
26/08/14 01:09:48 INFO DAGScheduler: Missing parents: List()
26/08/14 01:09:48 INFO DAGScheduler: Submitting ResultStage 17 (MapPartitionsRDD[131] at call at /opt/spark/python/lib/py4j-0.10.9.7-src.zip/py4j/clientserver.py:617), which has no missing parents
26/08/14 01:09:48 INFO MemoryStore: Block broadcast_16 stored as values in memory (estimated size 90.0 KiB, free 191.0 MiB)
26/08/14 01:09:48 INFO MemoryStore: Block broadcast_16_piece0 stored as bytes in memory (estimated size 34.0 KiB, free 191.0 MiB)
26/08/14 01:09:48 INFO BlockManagerInfo: Added broadcast_16_piece0 in memory on spark-driver:43685 (size: 34.0 KiB, free: 191.1 MiB)
26/08/14 01:09:48 INFO SparkContext: Created broadcast 16 from broadcast at DAGScheduler.scala:1585
26/08/14 01:09:48 INFO DAGScheduler: Submitting 6 missing tasks from ResultStage 17 (MapPartitionsRDD[131] at call at /opt/spark/python/lib/py4j-0.10.9.7-src.zip/py4j/clientserver.py:617) (first 15 tasks are for partitions Vector(0, 1, 2, 3, 4, 5))
26/08/14 01:09:48 INFO TaskSchedulerImpl: Adding task set 17.0 with 6 tasks resource profile 0
26/08/14 01:09:48 INFO TaskSetManager: Starting task 0.0 in stage 17.0 (TID 31) (172.26.0.12, executor 0, partition 0, PROCESS_LOCAL, 9932 bytes) 
26/08/14 01:09:48 INFO TaskSetManager: Starting task 2.0 in stage 17.0 (TID 32) (172.26.0.13, executor 1, partition 2, PROCESS_LOCAL, 9932 bytes) 
26/08/14 01:09:48 INFO TaskSetManager: Starting task 1.0 in stage 17.0 (TID 33) (172.26.0.12, executor 0, partition 1, PROCESS_LOCAL, 9932 bytes) 
26/08/14 01:09:48 INFO TaskSetManager: Starting task 3.0 in stage 17.0 (TID 34) (172.26.0.13, executor 1, partition 3, PROCESS_LOCAL, 9932 bytes) 
26/08/14 01:09:48 INFO TaskSetManager: Starting task 5.0 in stage 17.0 (TID 35) (172.26.0.12, executor 0, partition 5, PROCESS_LOCAL, 9932 bytes) 
26/08/14 01:09:48 INFO TaskSetManager: Starting task 4.0 in stage 17.0 (TID 36) (172.26.0.13, executor 1, partition 4, PROCESS_LOCAL, 9932 bytes) 
26/08/14 01:09:48 INFO BlockManagerInfo: Removed broadcast_14_piece0 on spark-driver:43685 in memory (size: 25.6 KiB, free: 191.2 MiB)
26/08/14 01:09:48 INFO BlockManagerInfo: Removed broadcast_14_piece0 on 172.26.0.12:41357 in memory (size: 25.6 KiB, free: 412.9 MiB)
26/08/14 01:09:48 INFO BlockManagerInfo: Removed broadcast_14_piece0 on 172.26.0.13:45679 in memory (size: 25.6 KiB, free: 412.8 MiB)
26/08/14 01:09:48 INFO BlockManagerInfo: Added broadcast_16_piece0 in memory on 172.26.0.12:41357 (size: 34.0 KiB, free: 412.8 MiB)
26/08/14 01:09:48 INFO BlockManagerInfo: Removed broadcast_15_piece0 on spark-driver:43685 in memory (size: 5.9 KiB, free: 191.2 MiB)
26/08/14 01:09:48 INFO BlockManagerInfo: Removed broadcast_15_piece0 on 172.26.0.13:45679 in memory (size: 5.9 KiB, free: 412.9 MiB)
26/08/14 01:09:48 INFO BlockManagerInfo: Added broadcast_16_piece0 in memory on 172.26.0.13:45679 (size: 34.0 KiB, free: 412.8 MiB)
26/08/14 01:09:49 INFO BlockManagerInfo: Added rdd_126_0 in memory on 172.26.0.12:41357 (size: 1808.0 B, free: 412.8 MiB)
26/08/14 01:09:49 INFO TaskSetManager: Finished task 0.0 in stage 17.0 (TID 31) in 1015 ms on 172.26.0.12 (executor 0) (1/6)
26/08/14 01:09:49 INFO BlockManagerInfo: Added rdd_126_5 in memory on 172.26.0.12:41357 (size: 1808.0 B, free: 412.8 MiB)
26/08/14 01:09:49 INFO BlockManagerInfo: Added rdd_126_1 in memory on 172.26.0.12:41357 (size: 1808.0 B, free: 412.8 MiB)
26/08/14 01:09:50 INFO TaskSetManager: Finished task 5.0 in stage 17.0 (TID 35) in 1535 ms on 172.26.0.12 (executor 0) (2/6)
26/08/14 01:09:50 INFO TaskSetManager: Finished task 1.0 in stage 17.0 (TID 33) in 1544 ms on 172.26.0.12 (executor 0) (3/6)
26/08/14 01:09:50 INFO BlockManagerInfo: Added rdd_126_2 in memory on 172.26.0.13:45679 (size: 1808.0 B, free: 412.8 MiB)
26/08/14 01:09:50 INFO BlockManagerInfo: Added rdd_126_4 in memory on 172.26.0.13:45679 (size: 1808.0 B, free: 412.8 MiB)
26/08/14 01:09:50 INFO BlockManagerInfo: Added rdd_126_3 in memory on 172.26.0.13:45679 (size: 1808.0 B, free: 412.8 MiB)
26/08/14 01:09:50 INFO TaskSetManager: Finished task 2.0 in stage 17.0 (TID 32) in 2474 ms on 172.26.0.13 (executor 1) (4/6)
26/08/14 01:09:50 INFO TaskSetManager: Finished task 4.0 in stage 17.0 (TID 36) in 2474 ms on 172.26.0.13 (executor 1) (5/6)
26/08/14 01:09:50 INFO TaskSetManager: Finished task 3.0 in stage 17.0 (TID 34) in 2490 ms on 172.26.0.13 (executor 1) (6/6)
26/08/14 01:09:50 INFO TaskSchedulerImpl: Removed TaskSet 17.0, whose tasks have all completed, from pool 
26/08/14 01:09:50 INFO DAGScheduler: ResultStage 17 (call at /opt/spark/python/lib/py4j-0.10.9.7-src.zip/py4j/clientserver.py:617) finished in 2.501 s
26/08/14 01:09:50 INFO DAGScheduler: Job 9 is finished. Cancelling potential speculative or zombie tasks for this job
26/08/14 01:09:50 INFO TaskSchedulerImpl: Killing all running tasks in stage 17: Stage finished
26/08/14 01:09:50 INFO DAGScheduler: Job 9 finished: call at /opt/spark/python/lib/py4j-0.10.9.7-src.zip/py4j/clientserver.py:617, took 2.513067 s
26/08/14 01:09:51 INFO DefaultCachedBatchSerializer: Predicate isnotnull(kind#6170) generates partition filter: ((kind.count#6322 - kind.nullCount#6321) > 0)
26/08/14 01:09:51 INFO DefaultCachedBatchSerializer: Predicate (kind#6170 = dlq) generates partition filter: ((kind.lowerBound#6320 <= dlq) AND (dlq <= kind.upperBound#6319))
26/08/14 01:09:51 INFO SparkContext: Starting job: count at <unknown>:0
26/08/14 01:09:51 INFO DAGScheduler: Registering RDD 136 (count at <unknown>:0) as input to shuffle 8
26/08/14 01:09:51 INFO DAGScheduler: Got job 10 (count at <unknown>:0) with 1 output partitions
26/08/14 01:09:51 INFO DAGScheduler: Final stage: ResultStage 19 (count at <unknown>:0)
26/08/14 01:09:51 INFO DAGScheduler: Parents of final stage: List(ShuffleMapStage 18)
26/08/14 01:09:51 INFO DAGScheduler: Missing parents: List(ShuffleMapStage 18)
26/08/14 01:09:51 INFO DAGScheduler: Submitting ShuffleMapStage 18 (MapPartitionsRDD[136] at count at <unknown>:0), which has no missing parents
26/08/14 01:09:51 INFO MemoryStore: Block broadcast_17 stored as values in memory (estimated size 92.2 KiB, free 191.0 MiB)
26/08/14 01:09:51 INFO MemoryStore: Block broadcast_17_piece0 stored as bytes in memory (estimated size 35.3 KiB, free 191.0 MiB)
26/08/14 01:09:51 INFO BlockManagerInfo: Added broadcast_17_piece0 in memory on spark-driver:43685 (size: 35.3 KiB, free: 191.1 MiB)
26/08/14 01:09:51 INFO SparkContext: Created broadcast 17 from broadcast at DAGScheduler.scala:1585
26/08/14 01:09:51 INFO DAGScheduler: Submitting 6 missing tasks from ShuffleMapStage 18 (MapPartitionsRDD[136] at count at <unknown>:0) (first 15 tasks are for partitions Vector(0, 1, 2, 3, 4, 5))
26/08/14 01:09:51 INFO TaskSchedulerImpl: Adding task set 18.0 with 6 tasks resource profile 0
26/08/14 01:09:51 INFO TaskSetManager: Starting task 0.0 in stage 18.0 (TID 37) (172.26.0.12, executor 0, partition 0, PROCESS_LOCAL, 9921 bytes) 
26/08/14 01:09:51 INFO TaskSetManager: Starting task 2.0 in stage 18.0 (TID 38) (172.26.0.13, executor 1, partition 2, PROCESS_LOCAL, 9921 bytes) 
26/08/14 01:09:51 INFO TaskSetManager: Starting task 1.0 in stage 18.0 (TID 39) (172.26.0.12, executor 0, partition 1, PROCESS_LOCAL, 9921 bytes) 
26/08/14 01:09:51 INFO TaskSetManager: Starting task 3.0 in stage 18.0 (TID 40) (172.26.0.13, executor 1, partition 3, PROCESS_LOCAL, 9921 bytes) 
26/08/14 01:09:51 INFO TaskSetManager: Starting task 5.0 in stage 18.0 (TID 41) (172.26.0.12, executor 0, partition 5, PROCESS_LOCAL, 9921 bytes) 
26/08/14 01:09:51 INFO TaskSetManager: Starting task 4.0 in stage 18.0 (TID 42) (172.26.0.13, executor 1, partition 4, PROCESS_LOCAL, 9921 bytes) 
26/08/14 01:09:51 INFO BlockManagerInfo: Added broadcast_17_piece0 in memory on 172.26.0.13:45679 (size: 35.3 KiB, free: 412.8 MiB)
26/08/14 01:09:51 INFO BlockManagerInfo: Added broadcast_17_piece0 in memory on 172.26.0.12:41357 (size: 35.3 KiB, free: 412.8 MiB)
26/08/14 01:09:51 INFO TaskSetManager: Finished task 3.0 in stage 18.0 (TID 40) in 233 ms on 172.26.0.13 (executor 1) (1/6)
26/08/14 01:09:51 INFO TaskSetManager: Finished task 1.0 in stage 18.0 (TID 39) in 234 ms on 172.26.0.12 (executor 0) (2/6)
26/08/14 01:09:51 INFO TaskSetManager: Finished task 4.0 in stage 18.0 (TID 42) in 234 ms on 172.26.0.13 (executor 1) (3/6)
26/08/14 01:09:51 INFO TaskSetManager: Finished task 5.0 in stage 18.0 (TID 41) in 238 ms on 172.26.0.12 (executor 0) (4/6)
26/08/14 01:09:51 INFO TaskSetManager: Finished task 2.0 in stage 18.0 (TID 38) in 243 ms on 172.26.0.13 (executor 1) (5/6)
26/08/14 01:09:51 INFO TaskSetManager: Finished task 0.0 in stage 18.0 (TID 37) in 248 ms on 172.26.0.12 (executor 0) (6/6)
26/08/14 01:09:51 INFO TaskSchedulerImpl: Removed TaskSet 18.0, whose tasks have all completed, from pool 
26/08/14 01:09:51 INFO DAGScheduler: ShuffleMapStage 18 (count at <unknown>:0) finished in 0.279 s
26/08/14 01:09:51 INFO DAGScheduler: looking for newly runnable stages
26/08/14 01:09:51 INFO DAGScheduler: running: Set()
26/08/14 01:09:51 INFO DAGScheduler: waiting: Set(ResultStage 19)
26/08/14 01:09:51 INFO DAGScheduler: failed: Set()
26/08/14 01:09:51 INFO DAGScheduler: Submitting ResultStage 19 (MapPartitionsRDD[139] at count at <unknown>:0), which has no missing parents
26/08/14 01:09:51 INFO MemoryStore: Block broadcast_18 stored as values in memory (estimated size 12.5 KiB, free 191.0 MiB)
26/08/14 01:09:51 INFO MemoryStore: Block broadcast_18_piece0 stored as bytes in memory (estimated size 5.9 KiB, free 190.9 MiB)
26/08/14 01:09:51 INFO BlockManagerInfo: Added broadcast_18_piece0 in memory on spark-driver:43685 (size: 5.9 KiB, free: 191.1 MiB)
26/08/14 01:09:51 INFO SparkContext: Created broadcast 18 from broadcast at DAGScheduler.scala:1585
26/08/14 01:09:51 INFO DAGScheduler: Submitting 1 missing tasks from ResultStage 19 (MapPartitionsRDD[139] at count at <unknown>:0) (first 15 tasks are for partitions Vector(0))
26/08/14 01:09:51 INFO TaskSchedulerImpl: Adding task set 19.0 with 1 tasks resource profile 0
26/08/14 01:09:51 INFO TaskSetManager: Starting task 0.0 in stage 19.0 (TID 43) (172.26.0.12, executor 0, partition 0, NODE_LOCAL, 9003 bytes) 
26/08/14 01:09:51 INFO BlockManagerInfo: Added broadcast_18_piece0 in memory on 172.26.0.12:41357 (size: 5.9 KiB, free: 412.8 MiB)
26/08/14 01:09:51 INFO MapOutputTrackerMasterEndpoint: Asked to send map output locations for shuffle 8 to 172.26.0.12:44092
26/08/14 01:09:51 INFO TaskSetManager: Finished task 0.0 in stage 19.0 (TID 43) in 46 ms on 172.26.0.12 (executor 0) (1/1)
26/08/14 01:09:51 INFO TaskSchedulerImpl: Removed TaskSet 19.0, whose tasks have all completed, from pool 
26/08/14 01:09:51 INFO DAGScheduler: ResultStage 19 (count at <unknown>:0) finished in 0.058 s
26/08/14 01:09:51 INFO DAGScheduler: Job 10 is finished. Cancelling potential speculative or zombie tasks for this job
26/08/14 01:09:51 INFO TaskSchedulerImpl: Killing all running tasks in stage 19: Stage finished
26/08/14 01:09:51 INFO DAGScheduler: Job 10 finished: count at <unknown>:0, took 0.352430 s
26/08/14 01:09:51 INFO MapPartitionsRDD: Removing RDD 126 from persistence list
26/08/14 01:09:51 INFO BlockManager: Removing RDD 126
26/08/14 01:09:51 INFO BlockManagerInfo: Removed broadcast_17_piece0 on spark-driver:43685 in memory (size: 35.3 KiB, free: 191.2 MiB)
26/08/14 01:09:51 INFO BlockManagerInfo: Removed broadcast_17_piece0 on 172.26.0.13:45679 in memory (size: 35.3 KiB, free: 412.8 MiB)
26/08/14 01:09:51 INFO SparkContext: Starting job: call at /opt/spark/python/lib/py4j-0.10.9.7-src.zip/py4j/clientserver.py:617
26/08/14 01:09:51 INFO BlockManagerInfo: Removed broadcast_17_piece0 on 172.26.0.12:41357 in memory (size: 35.3 KiB, free: 412.8 MiB)
26/08/14 01:09:51 INFO DAGScheduler: Registering RDD 144 (call at /opt/spark/python/lib/py4j-0.10.9.7-src.zip/py4j/clientserver.py:617) as input to shuffle 9
26/08/14 01:09:51 INFO DAGScheduler: Got job 11 (call at /opt/spark/python/lib/py4j-0.10.9.7-src.zip/py4j/clientserver.py:617) with 1 output partitions
26/08/14 01:09:51 INFO DAGScheduler: Final stage: ResultStage 21 (call at /opt/spark/python/lib/py4j-0.10.9.7-src.zip/py4j/clientserver.py:617)
26/08/14 01:09:51 INFO DAGScheduler: Parents of final stage: List(ShuffleMapStage 20)
26/08/14 01:09:51 INFO DAGScheduler: Missing parents: List(ShuffleMapStage 20)
26/08/14 01:09:51 INFO DAGScheduler: Submitting ShuffleMapStage 20 (MapPartitionsRDD[144] at call at /opt/spark/python/lib/py4j-0.10.9.7-src.zip/py4j/clientserver.py:617), which has no missing parents
26/08/14 01:09:51 INFO MemoryStore: Block broadcast_19 stored as values in memory (estimated size 66.2 KiB, free 191.0 MiB)
26/08/14 01:09:51 INFO MemoryStore: Block broadcast_19_piece0 stored as bytes in memory (estimated size 24.8 KiB, free 191.0 MiB)
26/08/14 01:09:51 INFO BlockManagerInfo: Added broadcast_19_piece0 in memory on spark-driver:43685 (size: 24.8 KiB, free: 191.1 MiB)
26/08/14 01:09:51 INFO BlockManagerInfo: Removed broadcast_16_piece0 on spark-driver:43685 in memory (size: 34.0 KiB, free: 191.2 MiB)
26/08/14 01:09:51 INFO SparkContext: Created broadcast 19 from broadcast at DAGScheduler.scala:1585
26/08/14 01:09:51 INFO DAGScheduler: Submitting 6 missing tasks from ShuffleMapStage 20 (MapPartitionsRDD[144] at call at /opt/spark/python/lib/py4j-0.10.9.7-src.zip/py4j/clientserver.py:617) (first 15 tasks are for partitions Vector(0, 1, 2, 3, 4, 5))
26/08/14 01:09:51 INFO TaskSchedulerImpl: Adding task set 20.0 with 6 tasks resource profile 0
26/08/14 01:09:51 INFO BlockManagerInfo: Removed broadcast_16_piece0 on 172.26.0.12:41357 in memory (size: 34.0 KiB, free: 412.8 MiB)
26/08/14 01:09:51 INFO BlockManagerInfo: Removed broadcast_16_piece0 on 172.26.0.13:45679 in memory (size: 34.0 KiB, free: 412.9 MiB)
26/08/14 01:09:51 INFO TaskSetManager: Starting task 0.0 in stage 20.0 (TID 44) (172.26.0.12, executor 0, partition 0, PROCESS_LOCAL, 9921 bytes) 
26/08/14 01:09:51 INFO TaskSetManager: Starting task 2.0 in stage 20.0 (TID 45) (172.26.0.13, executor 1, partition 2, PROCESS_LOCAL, 9921 bytes) 
26/08/14 01:09:51 INFO TaskSetManager: Starting task 1.0 in stage 20.0 (TID 46) (172.26.0.12, executor 0, partition 1, PROCESS_LOCAL, 9921 bytes) 
26/08/14 01:09:51 INFO TaskSetManager: Starting task 3.0 in stage 20.0 (TID 47) (172.26.0.13, executor 1, partition 3, PROCESS_LOCAL, 9921 bytes) 
26/08/14 01:09:51 INFO TaskSetManager: Starting task 5.0 in stage 20.0 (TID 48) (172.26.0.12, executor 0, partition 5, PROCESS_LOCAL, 9921 bytes) 
26/08/14 01:09:51 INFO TaskSetManager: Starting task 4.0 in stage 20.0 (TID 49) (172.26.0.13, executor 1, partition 4, PROCESS_LOCAL, 9921 bytes) 
26/08/14 01:09:51 INFO BlockManagerInfo: Removed broadcast_18_piece0 on spark-driver:43685 in memory (size: 5.9 KiB, free: 191.2 MiB)
26/08/14 01:09:51 INFO BlockManagerInfo: Removed broadcast_18_piece0 on 172.26.0.12:41357 in memory (size: 5.9 KiB, free: 412.9 MiB)
26/08/14 01:09:51 INFO BlockManagerInfo: Added broadcast_19_piece0 in memory on 172.26.0.13:45679 (size: 24.8 KiB, free: 412.8 MiB)
26/08/14 01:09:51 INFO BlockManagerInfo: Added broadcast_19_piece0 in memory on 172.26.0.12:41357 (size: 24.8 KiB, free: 412.8 MiB)
26/08/14 01:09:51 INFO TaskSetManager: Finished task 0.0 in stage 20.0 (TID 44) in 49 ms on 172.26.0.12 (executor 0) (1/6)
26/08/14 01:09:51 INFO TaskSetManager: Finished task 5.0 in stage 20.0 (TID 48) in 57 ms on 172.26.0.12 (executor 0) (2/6)
26/08/14 01:09:51 INFO TaskSetManager: Finished task 1.0 in stage 20.0 (TID 46) in 59 ms on 172.26.0.12 (executor 0) (3/6)
26/08/14 01:09:51 INFO TaskSetManager: Finished task 2.0 in stage 20.0 (TID 45) in 73 ms on 172.26.0.13 (executor 1) (4/6)
26/08/14 01:09:51 INFO TaskSetManager: Finished task 4.0 in stage 20.0 (TID 49) in 74 ms on 172.26.0.13 (executor 1) (5/6)
26/08/14 01:09:51 INFO TaskSetManager: Finished task 3.0 in stage 20.0 (TID 47) in 75 ms on 172.26.0.13 (executor 1) (6/6)
26/08/14 01:09:51 INFO TaskSchedulerImpl: Removed TaskSet 20.0, whose tasks have all completed, from pool 
26/08/14 01:09:51 INFO DAGScheduler: ShuffleMapStage 20 (call at /opt/spark/python/lib/py4j-0.10.9.7-src.zip/py4j/clientserver.py:617) finished in 0.083 s
26/08/14 01:09:51 INFO DAGScheduler: looking for newly runnable stages
26/08/14 01:09:51 INFO DAGScheduler: running: Set()
26/08/14 01:09:51 INFO DAGScheduler: waiting: Set(ResultStage 21)
26/08/14 01:09:51 INFO DAGScheduler: failed: Set()
26/08/14 01:09:51 INFO DAGScheduler: Submitting ResultStage 21 (MapPartitionsRDD[147] at call at /opt/spark/python/lib/py4j-0.10.9.7-src.zip/py4j/clientserver.py:617), which has no missing parents
26/08/14 01:09:51 INFO MemoryStore: Block broadcast_20 stored as values in memory (estimated size 13.1 KiB, free 191.1 MiB)
26/08/14 01:09:51 INFO MemoryStore: Block broadcast_20_piece0 stored as bytes in memory (estimated size 6.1 KiB, free 191.1 MiB)
26/08/14 01:09:51 INFO BlockManagerInfo: Added broadcast_20_piece0 in memory on spark-driver:43685 (size: 6.1 KiB, free: 191.2 MiB)
26/08/14 01:09:51 INFO SparkContext: Created broadcast 20 from broadcast at DAGScheduler.scala:1585
26/08/14 01:09:51 INFO DAGScheduler: Submitting 1 missing tasks from ResultStage 21 (MapPartitionsRDD[147] at call at /opt/spark/python/lib/py4j-0.10.9.7-src.zip/py4j/clientserver.py:617) (first 15 tasks are for partitions Vector(0))
26/08/14 01:09:51 INFO TaskSchedulerImpl: Adding task set 21.0 with 1 tasks resource profile 0
26/08/14 01:09:51 INFO TaskSetManager: Starting task 0.0 in stage 21.0 (TID 50) (172.26.0.12, executor 0, partition 0, NODE_LOCAL, 9003 bytes) 
26/08/14 01:09:51 INFO BlockManagerInfo: Added broadcast_20_piece0 in memory on 172.26.0.12:41357 (size: 6.1 KiB, free: 412.8 MiB)
26/08/14 01:09:51 INFO MapOutputTrackerMasterEndpoint: Asked to send map output locations for shuffle 9 to 172.26.0.12:44092
26/08/14 01:09:51 INFO TaskSetManager: Finished task 0.0 in stage 21.0 (TID 50) in 35 ms on 172.26.0.12 (executor 0) (1/1)
26/08/14 01:09:51 INFO TaskSchedulerImpl: Removed TaskSet 21.0, whose tasks have all completed, from pool 
26/08/14 01:09:51 INFO DAGScheduler: ResultStage 21 (call at /opt/spark/python/lib/py4j-0.10.9.7-src.zip/py4j/clientserver.py:617) finished in 0.039 s
26/08/14 01:09:51 INFO DAGScheduler: Job 11 is finished. Cancelling potential speculative or zombie tasks for this job
26/08/14 01:09:51 INFO TaskSchedulerImpl: Killing all running tasks in stage 21: Stage finished
26/08/14 01:09:51 INFO DAGScheduler: Job 11 finished: call at /opt/spark/python/lib/py4j-0.10.9.7-src.zip/py4j/clientserver.py:617, took 0.128757 s
26/08/14 01:09:51 INFO MapPartitionsRDD: Removing RDD 88 from persistence list
26/08/14 01:09:51 INFO BlockManager: Removing RDD 88
26/08/14 01:09:51 INFO WatermarkTracker: Updating event-time watermark from 1786669659699 to 1786669665136 ms
26/08/14 01:09:51 INFO CheckpointFileManager: Writing atomically to file:/opt/checkpoints/trips/commits/2 using temp file file:/opt/checkpoints/trips/commits/.2.2b67cc6a-c8fe-4557-8a4b-eb6ba37762c8.tmp
26/08/14 01:09:51 INFO CheckpointFileManager: Renamed temp file file:/opt/checkpoints/trips/commits/.2.2b67cc6a-c8fe-4557-8a4b-eb6ba37762c8.tmp to file:/opt/checkpoints/trips/commits/2
26/08/14 01:09:51 INFO MicroBatchExecution: Streaming query made progress: {
  "id" : "f7681659-f9bd-49e2-8911-7d6cbe059482",
  "runId" : "326f406e-960d-4e0e-955f-42c6122dae1b",
  "name" : "trips-ingest-ab2_ab_with_backoff_3",
  "timestamp" : "2026-08-14T01:09:45.167Z",
  "batchId" : 2,
  "numInputRows" : 3546,
  "inputRowsPerSecond" : 801.5370705244122,
  "processedRowsPerSecond" : 540.6311937795396,
  "durationMs" : {
    "addBatch" : 6339,
    "commitOffsets" : 28,
    "getBatch" : 1,
    "latestOffset" : 128,
    "queryPlanning" : 27,
    "triggerExecution" : 6559,
    "walCommit" : 25
  },
  "eventTime" : {
    "avg" : "2026-08-14T01:09:41.440Z",
    "max" : "2026-08-14T01:09:45.136Z",
    "min" : "2026-08-14T01:09:37.746Z",
    "watermark" : "2026-08-14T01:07:39.699Z"
  },
  "stateOperators" : [ ],
  "sources" : [ {
    "description" : "KafkaV2[Subscribe[trips.raw]]",
    "startOffset" : {
      "trips.raw" : {
        "2" : 342023,
        "5" : 340157,
        "4" : 341814,
        "1" : 341681,
        "3" : 341048,
        "0" : 341818
      }
    },
    "endOffset" : {
      "trips.raw" : {
        "2" : 342608,
        "5" : 340739,
        "4" : 342411,
        "1" : 342266,
        "3" : 341654,
        "0" : 342409
      }
    },
    "latestOffset" : {
      "trips.raw" : {
        "2" : 342608,
        "5" : 340739,
        "4" : 342411,
        "1" : 342266,
        "3" : 341654,
        "0" : 342409
      }
    },
    "numInputRows" : 3546,
    "inputRowsPerSecond" : 801.5370705244122,
    "processedRowsPerSecond" : 540.6311937795396,
    "metrics" : {
      "avgOffsetsBehindLatest" : "0.0",
      "maxOffsetsBehindLatest" : "0",
      "minOffsetsBehindLatest" : "0"
    }
  } ],
  "sink" : {
    "description" : "ForeachBatchSink",
    "numOutputRows" : -1
  }
}
26/08/14 01:09:51 INFO CheckpointFileManager: Writing atomically to file:/opt/checkpoints/trips/offsets/3 using temp file file:/opt/checkpoints/trips/offsets/.3.f0bf91c3-292f-4c41-8ffc-607366dd95e2.tmp
26/08/14 01:09:51 INFO CheckpointFileManager: Renamed temp file file:/opt/checkpoints/trips/offsets/.3.f0bf91c3-292f-4c41-8ffc-607366dd95e2.tmp to file:/opt/checkpoints/trips/offsets/3
26/08/14 01:09:51 INFO MicroBatchExecution: Committed offsets for batch 3. Metadata OffsetSeqMetadata(1786669665136,1786669791733,Map(spark.sql.streaming.stateStore.providerClass -> org.apache.spark.sql.execution.streaming.state.HDFSBackedStateStoreProvider, spark.sql.streaming.join.stateFormatVersion -> 2, spark.sql.streaming.stateStore.compression.codec -> lz4, spark.sql.streaming.stateStore.rocksdb.formatVersion -> 5, spark.sql.streaming.statefulOperator.useStrictDistribution -> true, spark.sql.streaming.flatMapGroupsWithState.stateFormatVersion -> 2, spark.sql.streaming.multipleWatermarkPolicy -> min, spark.sql.streaming.aggregation.stateFormatVersion -> 2, spark.sql.shuffle.partitions -> 6))
26/08/14 01:09:51 INFO KafkaOffsetReaderAdmin: Partitions added: Map()
26/08/14 01:09:51 INFO KafkaOffsetReaderAdmin: Partitions added: Map()
26/08/14 01:09:51 INFO KafkaOffsetReaderAdmin: Partitions added: Map()
26/08/14 01:09:51 INFO KafkaOffsetReaderAdmin: Partitions added: Map()
26/08/14 01:09:51 INFO BlockManagerInfo: Removed broadcast_19_piece0 on spark-driver:43685 in memory (size: 24.8 KiB, free: 191.2 MiB)
26/08/14 01:09:51 INFO BlockManagerInfo: Removed broadcast_19_piece0 on 172.26.0.12:41357 in memory (size: 24.8 KiB, free: 413.9 MiB)
26/08/14 01:09:51 INFO BlockManagerInfo: Removed broadcast_19_piece0 on 172.26.0.13:45679 in memory (size: 24.8 KiB, free: 413.9 MiB)
26/08/14 01:09:51 INFO BlockManagerInfo: Removed broadcast_20_piece0 on spark-driver:43685 in memory (size: 6.1 KiB, free: 191.2 MiB)
2026-08-14 01:09:51,790 INFO  [stream] Received command c on object id p0
26/08/14 01:09:51 INFO BlockManagerInfo: Removed broadcast_20_piece0 on 172.26.0.12:41357 in memory (size: 6.1 KiB, free: 413.9 MiB)
26/08/14 01:09:51 INFO SparkContext: Starting job: count at <unknown>:0
26/08/14 01:09:51 INFO DAGScheduler: Registering RDD 162 (count at <unknown>:0) as input to shuffle 10
26/08/14 01:09:51 INFO DAGScheduler: Got job 12 (count at <unknown>:0) with 1 output partitions
26/08/14 01:09:51 INFO DAGScheduler: Final stage: ResultStage 23 (count at <unknown>:0)
26/08/14 01:09:51 INFO DAGScheduler: Parents of final stage: List(ShuffleMapStage 22)
26/08/14 01:09:51 INFO DAGScheduler: Missing parents: List(ShuffleMapStage 22)
26/08/14 01:09:51 INFO DAGScheduler: Submitting ShuffleMapStage 22 (MapPartitionsRDD[162] at count at <unknown>:0), which has no missing parents
26/08/14 01:09:51 INFO MemoryStore: Block broadcast_21 stored as values in memory (estimated size 64.6 KiB, free 191.1 MiB)
26/08/14 01:09:51 INFO MemoryStore: Block broadcast_21_piece0 stored as bytes in memory (estimated size 24.1 KiB, free 191.1 MiB)
26/08/14 01:09:51 INFO BlockManagerInfo: Added broadcast_21_piece0 in memory on spark-driver:43685 (size: 24.1 KiB, free: 191.2 MiB)
26/08/14 01:09:51 INFO SparkContext: Created broadcast 21 from broadcast at DAGScheduler.scala:1585
26/08/14 01:09:51 INFO DAGScheduler: Submitting 6 missing tasks from ShuffleMapStage 22 (MapPartitionsRDD[162] at count at <unknown>:0) (first 15 tasks are for partitions Vector(0, 1, 2, 3, 4, 5))
26/08/14 01:09:51 INFO TaskSchedulerImpl: Adding task set 22.0 with 6 tasks resource profile 0
26/08/14 01:09:51 INFO TaskSetManager: Starting task 2.0 in stage 22.0 (TID 51) (172.26.0.13, executor 1, partition 2, PROCESS_LOCAL, 9921 bytes) 
26/08/14 01:09:51 INFO TaskSetManager: Starting task 0.0 in stage 22.0 (TID 52) (172.26.0.12, executor 0, partition 0, PROCESS_LOCAL, 9921 bytes) 
26/08/14 01:09:51 INFO TaskSetManager: Starting task 3.0 in stage 22.0 (TID 53) (172.26.0.13, executor 1, partition 3, PROCESS_LOCAL, 9921 bytes) 
26/08/14 01:09:51 INFO TaskSetManager: Starting task 1.0 in stage 22.0 (TID 54) (172.26.0.12, executor 0, partition 1, PROCESS_LOCAL, 9921 bytes) 
26/08/14 01:09:51 INFO TaskSetManager: Starting task 4.0 in stage 22.0 (TID 55) (172.26.0.13, executor 1, partition 4, PROCESS_LOCAL, 9921 bytes) 
26/08/14 01:09:51 INFO TaskSetManager: Starting task 5.0 in stage 22.0 (TID 56) (172.26.0.12, executor 0, partition 5, PROCESS_LOCAL, 9921 bytes) 
26/08/14 01:09:51 INFO BlockManagerInfo: Added broadcast_21_piece0 in memory on 172.26.0.13:45679 (size: 24.1 KiB, free: 413.9 MiB)
26/08/14 01:09:51 INFO BlockManagerInfo: Added broadcast_21_piece0 in memory on 172.26.0.12:41357 (size: 24.1 KiB, free: 413.9 MiB)
26/08/14 01:09:52 INFO BlockManagerInfo: Added rdd_157_5 in memory on 172.26.0.12:41357 (size: 531.9 KiB, free: 413.4 MiB)
26/08/14 01:09:52 INFO BlockManagerInfo: Added rdd_157_1 in memory on 172.26.0.12:41357 (size: 537.7 KiB, free: 412.9 MiB)
26/08/14 01:09:52 INFO TaskSetManager: Finished task 1.0 in stage 22.0 (TID 54) in 358 ms on 172.26.0.12 (executor 0) (1/6)
26/08/14 01:09:52 INFO TaskSetManager: Finished task 5.0 in stage 22.0 (TID 56) in 359 ms on 172.26.0.12 (executor 0) (2/6)
26/08/14 01:09:52 INFO BlockManagerInfo: Added rdd_157_0 in memory on 172.26.0.12:41357 (size: 498.0 KiB, free: 412.4 MiB)
26/08/14 01:09:52 INFO TaskSetManager: Finished task 0.0 in stage 22.0 (TID 52) in 376 ms on 172.26.0.12 (executor 0) (3/6)
26/08/14 01:09:52 INFO BlockManagerInfo: Added rdd_157_2 in memory on 172.26.0.13:45679 (size: 545.9 KiB, free: 413.4 MiB)
26/08/14 01:09:52 INFO BlockManagerInfo: Added rdd_157_3 in memory on 172.26.0.13:45679 (size: 567.1 KiB, free: 412.8 MiB)
26/08/14 01:09:52 INFO BlockManagerInfo: Added rdd_157_4 in memory on 172.26.0.13:45679 (size: 556.4 KiB, free: 412.3 MiB)
26/08/14 01:09:52 INFO TaskSetManager: Finished task 2.0 in stage 22.0 (TID 51) in 399 ms on 172.26.0.13 (executor 1) (4/6)
26/08/14 01:09:52 INFO TaskSetManager: Finished task 3.0 in stage 22.0 (TID 53) in 399 ms on 172.26.0.13 (executor 1) (5/6)
26/08/14 01:09:52 INFO TaskSetManager: Finished task 4.0 in stage 22.0 (TID 55) in 400 ms on 172.26.0.13 (executor 1) (6/6)
26/08/14 01:09:52 INFO TaskSchedulerImpl: Removed TaskSet 22.0, whose tasks have all completed, from pool 
26/08/14 01:09:52 INFO DAGScheduler: ShuffleMapStage 22 (count at <unknown>:0) finished in 0.406 s
26/08/14 01:09:52 INFO DAGScheduler: looking for newly runnable stages
26/08/14 01:09:52 INFO DAGScheduler: running: Set()
26/08/14 01:09:52 INFO DAGScheduler: waiting: Set(ResultStage 23)
26/08/14 01:09:52 INFO DAGScheduler: failed: Set()
26/08/14 01:09:52 INFO DAGScheduler: Submitting ResultStage 23 (MapPartitionsRDD[165] at count at <unknown>:0), which has no missing parents
26/08/14 01:09:52 INFO MemoryStore: Block broadcast_22 stored as values in memory (estimated size 12.5 KiB, free 191.1 MiB)
26/08/14 01:09:52 INFO MemoryStore: Block broadcast_22_piece0 stored as bytes in memory (estimated size 5.9 KiB, free 191.1 MiB)
26/08/14 01:09:52 INFO BlockManagerInfo: Added broadcast_22_piece0 in memory on spark-driver:43685 (size: 5.9 KiB, free: 191.2 MiB)
26/08/14 01:09:52 INFO SparkContext: Created broadcast 22 from broadcast at DAGScheduler.scala:1585
26/08/14 01:09:52 INFO DAGScheduler: Submitting 1 missing tasks from ResultStage 23 (MapPartitionsRDD[165] at count at <unknown>:0) (first 15 tasks are for partitions Vector(0))
26/08/14 01:09:52 INFO TaskSchedulerImpl: Adding task set 23.0 with 1 tasks resource profile 0
26/08/14 01:09:52 INFO TaskSetManager: Starting task 0.0 in stage 23.0 (TID 57) (172.26.0.13, executor 1, partition 0, NODE_LOCAL, 9003 bytes) 
26/08/14 01:09:52 INFO BlockManagerInfo: Added broadcast_22_piece0 in memory on 172.26.0.13:45679 (size: 5.9 KiB, free: 412.3 MiB)
26/08/14 01:09:52 INFO MapOutputTrackerMasterEndpoint: Asked to send map output locations for shuffle 10 to 172.26.0.13:60160
26/08/14 01:09:52 INFO TaskSetManager: Finished task 0.0 in stage 23.0 (TID 57) in 25 ms on 172.26.0.13 (executor 1) (1/1)
26/08/14 01:09:52 INFO TaskSchedulerImpl: Removed TaskSet 23.0, whose tasks have all completed, from pool 
26/08/14 01:09:52 INFO DAGScheduler: ResultStage 23 (count at <unknown>:0) finished in 0.032 s
26/08/14 01:09:52 INFO DAGScheduler: Job 12 is finished. Cancelling potential speculative or zombie tasks for this job
26/08/14 01:09:52 INFO TaskSchedulerImpl: Killing all running tasks in stage 23: Stage finished
26/08/14 01:09:52 INFO DAGScheduler: Job 12 finished: count at <unknown>:0, took 0.446195 s
26/08/14 01:09:52 INFO BlockManagerInfo: Removed broadcast_21_piece0 on spark-driver:43685 in memory (size: 24.1 KiB, free: 191.2 MiB)
26/08/14 01:09:52 INFO BlockManagerInfo: Removed broadcast_21_piece0 on 172.26.0.13:45679 in memory (size: 24.1 KiB, free: 412.3 MiB)
26/08/14 01:09:52 INFO BlockManagerInfo: Removed broadcast_21_piece0 on 172.26.0.12:41357 in memory (size: 24.1 KiB, free: 412.4 MiB)
26/08/14 01:09:52 INFO BlockManagerInfo: Removed broadcast_22_piece0 on spark-driver:43685 in memory (size: 5.9 KiB, free: 191.2 MiB)
26/08/14 01:09:52 INFO BlockManagerInfo: Removed broadcast_22_piece0 on 172.26.0.13:45679 in memory (size: 5.9 KiB, free: 412.3 MiB)
26/08/14 01:09:52 INFO SparkContext: Starting job: count at <unknown>:0
26/08/14 01:09:52 INFO DAGScheduler: Registering RDD 170 (count at <unknown>:0) as input to shuffle 11
26/08/14 01:09:52 INFO DAGScheduler: Got job 13 (count at <unknown>:0) with 1 output partitions
26/08/14 01:09:52 INFO DAGScheduler: Final stage: ResultStage 25 (count at <unknown>:0)
26/08/14 01:09:52 INFO DAGScheduler: Parents of final stage: List(ShuffleMapStage 24)
26/08/14 01:09:52 INFO DAGScheduler: Missing parents: List(ShuffleMapStage 24)
26/08/14 01:09:52 INFO DAGScheduler: Submitting ShuffleMapStage 24 (MapPartitionsRDD[170] at count at <unknown>:0), which has no missing parents
26/08/14 01:09:52 INFO MemoryStore: Block broadcast_23 stored as values in memory (estimated size 64.9 KiB, free 191.1 MiB)
26/08/14 01:09:52 INFO MemoryStore: Block broadcast_23_piece0 stored as bytes in memory (estimated size 24.2 KiB, free 191.1 MiB)
26/08/14 01:09:52 INFO BlockManagerInfo: Added broadcast_23_piece0 in memory on spark-driver:43685 (size: 24.2 KiB, free: 191.2 MiB)
26/08/14 01:09:52 INFO SparkContext: Created broadcast 23 from broadcast at DAGScheduler.scala:1585
26/08/14 01:09:52 INFO DAGScheduler: Submitting 6 missing tasks from ShuffleMapStage 24 (MapPartitionsRDD[170] at count at <unknown>:0) (first 15 tasks are for partitions Vector(0, 1, 2, 3, 4, 5))
26/08/14 01:09:52 INFO TaskSchedulerImpl: Adding task set 24.0 with 6 tasks resource profile 0
26/08/14 01:09:52 INFO TaskSetManager: Starting task 2.0 in stage 24.0 (TID 58) (172.26.0.13, executor 1, partition 2, PROCESS_LOCAL, 9921 bytes) 
26/08/14 01:09:52 INFO TaskSetManager: Starting task 0.0 in stage 24.0 (TID 59) (172.26.0.12, executor 0, partition 0, PROCESS_LOCAL, 9921 bytes) 
26/08/14 01:09:52 INFO TaskSetManager: Starting task 3.0 in stage 24.0 (TID 60) (172.26.0.13, executor 1, partition 3, PROCESS_LOCAL, 9921 bytes) 
26/08/14 01:09:52 INFO TaskSetManager: Starting task 1.0 in stage 24.0 (TID 61) (172.26.0.12, executor 0, partition 1, PROCESS_LOCAL, 9921 bytes) 
26/08/14 01:09:52 INFO TaskSetManager: Starting task 4.0 in stage 24.0 (TID 62) (172.26.0.13, executor 1, partition 4, PROCESS_LOCAL, 9921 bytes) 
26/08/14 01:09:52 INFO TaskSetManager: Starting task 5.0 in stage 24.0 (TID 63) (172.26.0.12, executor 0, partition 5, PROCESS_LOCAL, 9921 bytes) 
26/08/14 01:09:52 INFO BlockManagerInfo: Added broadcast_23_piece0 in memory on 172.26.0.12:41357 (size: 24.2 KiB, free: 412.4 MiB)
26/08/14 01:09:52 INFO BlockManagerInfo: Added broadcast_23_piece0 in memory on 172.26.0.13:45679 (size: 24.2 KiB, free: 412.3 MiB)
26/08/14 01:09:52 INFO TaskSetManager: Finished task 0.0 in stage 24.0 (TID 59) in 34 ms on 172.26.0.12 (executor 0) (1/6)
26/08/14 01:09:52 INFO TaskSetManager: Finished task 3.0 in stage 24.0 (TID 60) in 34 ms on 172.26.0.13 (executor 1) (2/6)
26/08/14 01:09:52 INFO TaskSetManager: Finished task 5.0 in stage 24.0 (TID 63) in 38 ms on 172.26.0.12 (executor 0) (3/6)
26/08/14 01:09:52 INFO TaskSetManager: Finished task 1.0 in stage 24.0 (TID 61) in 40 ms on 172.26.0.12 (executor 0) (4/6)
26/08/14 01:09:52 INFO TaskSetManager: Finished task 4.0 in stage 24.0 (TID 62) in 43 ms on 172.26.0.13 (executor 1) (5/6)
26/08/14 01:09:52 INFO TaskSetManager: Finished task 2.0 in stage 24.0 (TID 58) in 56 ms on 172.26.0.13 (executor 1) (6/6)
26/08/14 01:09:52 INFO TaskSchedulerImpl: Removed TaskSet 24.0, whose tasks have all completed, from pool 
26/08/14 01:09:52 INFO DAGScheduler: ShuffleMapStage 24 (count at <unknown>:0) finished in 0.061 s
26/08/14 01:09:52 INFO DAGScheduler: looking for newly runnable stages
26/08/14 01:09:52 INFO DAGScheduler: running: Set()
26/08/14 01:09:52 INFO DAGScheduler: waiting: Set(ResultStage 25)
26/08/14 01:09:52 INFO DAGScheduler: failed: Set()
26/08/14 01:09:52 INFO DAGScheduler: Submitting ResultStage 25 (MapPartitionsRDD[173] at count at <unknown>:0), which has no missing parents
26/08/14 01:09:52 INFO MemoryStore: Block broadcast_24 stored as values in memory (estimated size 12.5 KiB, free 191.1 MiB)
26/08/14 01:09:52 INFO MemoryStore: Block broadcast_24_piece0 stored as bytes in memory (estimated size 5.9 KiB, free 191.1 MiB)
26/08/14 01:09:52 INFO BlockManagerInfo: Added broadcast_24_piece0 in memory on spark-driver:43685 (size: 5.9 KiB, free: 191.2 MiB)
26/08/14 01:09:52 INFO SparkContext: Created broadcast 24 from broadcast at DAGScheduler.scala:1585
26/08/14 01:09:52 INFO DAGScheduler: Submitting 1 missing tasks from ResultStage 25 (MapPartitionsRDD[173] at count at <unknown>:0) (first 15 tasks are for partitions Vector(0))
26/08/14 01:09:52 INFO TaskSchedulerImpl: Adding task set 25.0 with 1 tasks resource profile 0
26/08/14 01:09:52 INFO TaskSetManager: Starting task 0.0 in stage 25.0 (TID 64) (172.26.0.12, executor 0, partition 0, NODE_LOCAL, 9003 bytes) 
26/08/14 01:09:52 INFO BlockManagerInfo: Added broadcast_24_piece0 in memory on 172.26.0.12:41357 (size: 5.9 KiB, free: 412.4 MiB)
26/08/14 01:09:52 INFO MapOutputTrackerMasterEndpoint: Asked to send map output locations for shuffle 11 to 172.26.0.12:44092
26/08/14 01:09:52 INFO TaskSetManager: Finished task 0.0 in stage 25.0 (TID 64) in 26 ms on 172.26.0.12 (executor 0) (1/1)
26/08/14 01:09:52 INFO TaskSchedulerImpl: Removed TaskSet 25.0, whose tasks have all completed, from pool 
26/08/14 01:09:52 INFO DAGScheduler: ResultStage 25 (count at <unknown>:0) finished in 0.031 s
26/08/14 01:09:52 INFO DAGScheduler: Job 13 is finished. Cancelling potential speculative or zombie tasks for this job
26/08/14 01:09:52 INFO TaskSchedulerImpl: Killing all running tasks in stage 25: Stage finished
26/08/14 01:09:52 INFO DAGScheduler: Job 13 finished: count at <unknown>:0, took 0.095959 s
26/08/14 01:09:52 INFO CodeGenerator: Code generated in 6.527834 ms
26/08/14 01:09:52 INFO DefaultCachedBatchSerializer: Predicate isnotnull(event_time#89-T120000ms) generates partition filter: ((event_time.count#8942 - event_time.nullCount#8941) > 0)
26/08/14 01:09:52 INFO DefaultCachedBatchSerializer: Predicate (event_time#89-T120000ms < 2026-08-14 01:07:45.136) generates partition filter: (event_time.lowerBound#8940 < 2026-08-14 01:07:45.136)
26/08/14 01:09:52 INFO BlockManagerInfo: Removed broadcast_24_piece0 on spark-driver:43685 in memory (size: 5.9 KiB, free: 191.2 MiB)
26/08/14 01:09:52 INFO SparkContext: Starting job: count at <unknown>:0
26/08/14 01:09:52 INFO BlockManagerInfo: Removed broadcast_24_piece0 on 172.26.0.12:41357 in memory (size: 5.9 KiB, free: 412.4 MiB)
26/08/14 01:09:52 INFO DAGScheduler: Registering RDD 178 (count at <unknown>:0) as input to shuffle 12
26/08/14 01:09:52 INFO DAGScheduler: Got job 14 (count at <unknown>:0) with 1 output partitions
26/08/14 01:09:52 INFO DAGScheduler: Final stage: ResultStage 27 (count at <unknown>:0)
26/08/14 01:09:52 INFO DAGScheduler: Parents of final stage: List(ShuffleMapStage 26)
26/08/14 01:09:52 INFO DAGScheduler: Missing parents: List(ShuffleMapStage 26)
26/08/14 01:09:52 INFO DAGScheduler: Submitting ShuffleMapStage 26 (MapPartitionsRDD[178] at count at <unknown>:0), which has no missing parents
26/08/14 01:09:52 INFO BlockManagerInfo: Removed broadcast_23_piece0 on spark-driver:43685 in memory (size: 24.2 KiB, free: 191.2 MiB)
26/08/14 01:09:52 INFO MemoryStore: Block broadcast_25 stored as values in memory (estimated size 67.2 KiB, free 191.1 MiB)
26/08/14 01:09:52 INFO MemoryStore: Block broadcast_25_piece0 stored as bytes in memory (estimated size 25.6 KiB, free 191.1 MiB)
26/08/14 01:09:52 INFO BlockManagerInfo: Added broadcast_25_piece0 in memory on spark-driver:43685 (size: 25.6 KiB, free: 191.2 MiB)
26/08/14 01:09:52 INFO SparkContext: Created broadcast 25 from broadcast at DAGScheduler.scala:1585
26/08/14 01:09:52 INFO BlockManagerInfo: Removed broadcast_23_piece0 on 172.26.0.12:41357 in memory (size: 24.2 KiB, free: 412.4 MiB)
26/08/14 01:09:52 INFO BlockManagerInfo: Removed broadcast_23_piece0 on 172.26.0.13:45679 in memory (size: 24.2 KiB, free: 412.3 MiB)
26/08/14 01:09:52 INFO DAGScheduler: Submitting 6 missing tasks from ShuffleMapStage 26 (MapPartitionsRDD[178] at count at <unknown>:0) (first 15 tasks are for partitions Vector(0, 1, 2, 3, 4, 5))
26/08/14 01:09:52 INFO TaskSchedulerImpl: Adding task set 26.0 with 6 tasks resource profile 0
26/08/14 01:09:52 INFO TaskSetManager: Starting task 2.0 in stage 26.0 (TID 65) (172.26.0.13, executor 1, partition 2, PROCESS_LOCAL, 9921 bytes) 
26/08/14 01:09:52 INFO TaskSetManager: Starting task 0.0 in stage 26.0 (TID 66) (172.26.0.12, executor 0, partition 0, PROCESS_LOCAL, 9921 bytes) 
26/08/14 01:09:52 INFO TaskSetManager: Starting task 3.0 in stage 26.0 (TID 67) (172.26.0.13, executor 1, partition 3, PROCESS_LOCAL, 9921 bytes) 
26/08/14 01:09:52 INFO TaskSetManager: Starting task 1.0 in stage 26.0 (TID 68) (172.26.0.12, executor 0, partition 1, PROCESS_LOCAL, 9921 bytes) 
26/08/14 01:09:52 INFO TaskSetManager: Starting task 4.0 in stage 26.0 (TID 69) (172.26.0.13, executor 1, partition 4, PROCESS_LOCAL, 9921 bytes) 
26/08/14 01:09:52 INFO TaskSetManager: Starting task 5.0 in stage 26.0 (TID 70) (172.26.0.12, executor 0, partition 5, PROCESS_LOCAL, 9921 bytes) 
26/08/14 01:09:52 INFO BlockManagerInfo: Added broadcast_25_piece0 in memory on 172.26.0.13:45679 (size: 25.6 KiB, free: 412.3 MiB)
26/08/14 01:09:52 INFO BlockManagerInfo: Added broadcast_25_piece0 in memory on 172.26.0.12:41357 (size: 25.6 KiB, free: 412.4 MiB)
26/08/14 01:09:52 INFO TaskSetManager: Finished task 1.0 in stage 26.0 (TID 68) in 47 ms on 172.26.0.12 (executor 0) (1/6)
26/08/14 01:09:52 INFO TaskSetManager: Finished task 0.0 in stage 26.0 (TID 66) in 49 ms on 172.26.0.12 (executor 0) (2/6)
26/08/14 01:09:52 INFO TaskSetManager: Finished task 2.0 in stage 26.0 (TID 65) in 52 ms on 172.26.0.13 (executor 1) (3/6)
26/08/14 01:09:52 INFO TaskSetManager: Finished task 4.0 in stage 26.0 (TID 69) in 52 ms on 172.26.0.13 (executor 1) (4/6)
26/08/14 01:09:52 INFO TaskSetManager: Finished task 3.0 in stage 26.0 (TID 67) in 53 ms on 172.26.0.13 (executor 1) (5/6)
26/08/14 01:09:52 INFO TaskSetManager: Finished task 5.0 in stage 26.0 (TID 70) in 53 ms on 172.26.0.12 (executor 0) (6/6)
26/08/14 01:09:52 INFO TaskSchedulerImpl: Removed TaskSet 26.0, whose tasks have all completed, from pool 
26/08/14 01:09:52 INFO DAGScheduler: ShuffleMapStage 26 (count at <unknown>:0) finished in 0.064 s
26/08/14 01:09:52 INFO DAGScheduler: looking for newly runnable stages
26/08/14 01:09:52 INFO DAGScheduler: running: Set()
26/08/14 01:09:52 INFO DAGScheduler: waiting: Set(ResultStage 27)
26/08/14 01:09:52 INFO DAGScheduler: failed: Set()
26/08/14 01:09:52 INFO DAGScheduler: Submitting ResultStage 27 (MapPartitionsRDD[181] at count at <unknown>:0), which has no missing parents
26/08/14 01:09:52 INFO MemoryStore: Block broadcast_26 stored as values in memory (estimated size 12.5 KiB, free 191.1 MiB)
26/08/14 01:09:52 INFO MemoryStore: Block broadcast_26_piece0 stored as bytes in memory (estimated size 5.9 KiB, free 191.1 MiB)
26/08/14 01:09:52 INFO BlockManagerInfo: Added broadcast_26_piece0 in memory on spark-driver:43685 (size: 5.9 KiB, free: 191.2 MiB)
26/08/14 01:09:52 INFO SparkContext: Created broadcast 26 from broadcast at DAGScheduler.scala:1585
26/08/14 01:09:52 INFO DAGScheduler: Submitting 1 missing tasks from ResultStage 27 (MapPartitionsRDD[181] at count at <unknown>:0) (first 15 tasks are for partitions Vector(0))
26/08/14 01:09:52 INFO TaskSchedulerImpl: Adding task set 27.0 with 1 tasks resource profile 0
26/08/14 01:09:52 INFO TaskSetManager: Starting task 0.0 in stage 27.0 (TID 71) (172.26.0.13, executor 1, partition 0, NODE_LOCAL, 9003 bytes) 
26/08/14 01:09:52 INFO BlockManagerInfo: Added broadcast_26_piece0 in memory on 172.26.0.13:45679 (size: 5.9 KiB, free: 412.3 MiB)
26/08/14 01:09:52 INFO MapOutputTrackerMasterEndpoint: Asked to send map output locations for shuffle 12 to 172.26.0.13:60160
26/08/14 01:09:52 INFO TaskSetManager: Finished task 0.0 in stage 27.0 (TID 71) in 23 ms on 172.26.0.13 (executor 1) (1/1)
26/08/14 01:09:52 INFO TaskSchedulerImpl: Removed TaskSet 27.0, whose tasks have all completed, from pool 
26/08/14 01:09:52 INFO DAGScheduler: ResultStage 27 (count at <unknown>:0) finished in 0.026 s
26/08/14 01:09:52 INFO DAGScheduler: Job 14 is finished. Cancelling potential speculative or zombie tasks for this job
26/08/14 01:09:52 INFO TaskSchedulerImpl: Killing all running tasks in stage 27: Stage finished
26/08/14 01:09:52 INFO DAGScheduler: Job 14 finished: count at <unknown>:0, took 0.094212 s
26/08/14 01:09:52 INFO DefaultCachedBatchSerializer: Predicate isnotnull(kind#9499) generates partition filter: ((kind.count#9568 - kind.nullCount#9567) > 0)
26/08/14 01:09:52 INFO DefaultCachedBatchSerializer: Predicate (kind#9499 = stats) generates partition filter: ((kind.lowerBound#9566 <= stats) AND (stats <= kind.upperBound#9565))
26/08/14 01:09:52 INFO BlockManagerInfo: Removed broadcast_25_piece0 on spark-driver:43685 in memory (size: 25.6 KiB, free: 191.2 MiB)
26/08/14 01:09:52 INFO BlockManagerInfo: Removed broadcast_25_piece0 on 172.26.0.13:45679 in memory (size: 25.6 KiB, free: 412.3 MiB)
26/08/14 01:09:52 INFO BlockManagerInfo: Removed broadcast_25_piece0 on 172.26.0.12:41357 in memory (size: 25.6 KiB, free: 412.4 MiB)
26/08/14 01:09:52 INFO SparkContext: Starting job: call at /opt/spark/python/lib/py4j-0.10.9.7-src.zip/py4j/clientserver.py:617
26/08/14 01:09:52 INFO DAGScheduler: Got job 15 (call at /opt/spark/python/lib/py4j-0.10.9.7-src.zip/py4j/clientserver.py:617) with 6 output partitions
26/08/14 01:09:52 INFO DAGScheduler: Final stage: ResultStage 28 (call at /opt/spark/python/lib/py4j-0.10.9.7-src.zip/py4j/clientserver.py:617)
26/08/14 01:09:52 INFO DAGScheduler: Parents of final stage: List()
26/08/14 01:09:52 INFO DAGScheduler: Missing parents: List()
26/08/14 01:09:52 INFO BlockManagerInfo: Removed broadcast_26_piece0 on spark-driver:43685 in memory (size: 5.9 KiB, free: 191.2 MiB)
26/08/14 01:09:52 INFO DAGScheduler: Submitting ResultStage 28 (MapPartitionsRDD[200] at call at /opt/spark/python/lib/py4j-0.10.9.7-src.zip/py4j/clientserver.py:617), which has no missing parents
26/08/14 01:09:52 INFO BlockManagerInfo: Removed broadcast_26_piece0 on 172.26.0.13:45679 in memory (size: 5.9 KiB, free: 412.3 MiB)
26/08/14 01:09:52 INFO MemoryStore: Block broadcast_27 stored as values in memory (estimated size 90.0 KiB, free 191.1 MiB)
26/08/14 01:09:52 INFO MemoryStore: Block broadcast_27_piece0 stored as bytes in memory (estimated size 34.0 KiB, free 191.1 MiB)
26/08/14 01:09:52 INFO BlockManagerInfo: Added broadcast_27_piece0 in memory on spark-driver:43685 (size: 34.0 KiB, free: 191.2 MiB)
26/08/14 01:09:52 INFO SparkContext: Created broadcast 27 from broadcast at DAGScheduler.scala:1585
26/08/14 01:09:52 INFO DAGScheduler: Submitting 6 missing tasks from ResultStage 28 (MapPartitionsRDD[200] at call at /opt/spark/python/lib/py4j-0.10.9.7-src.zip/py4j/clientserver.py:617) (first 15 tasks are for partitions Vector(0, 1, 2, 3, 4, 5))
26/08/14 01:09:52 INFO TaskSchedulerImpl: Adding task set 28.0 with 6 tasks resource profile 0
26/08/14 01:09:52 INFO TaskSetManager: Starting task 2.0 in stage 28.0 (TID 72) (172.26.0.13, executor 1, partition 2, PROCESS_LOCAL, 9932 bytes) 
26/08/14 01:09:52 INFO TaskSetManager: Starting task 0.0 in stage 28.0 (TID 73) (172.26.0.12, executor 0, partition 0, PROCESS_LOCAL, 9932 bytes) 
26/08/14 01:09:52 INFO TaskSetManager: Starting task 3.0 in stage 28.0 (TID 74) (172.26.0.13, executor 1, partition 3, PROCESS_LOCAL, 9932 bytes) 
26/08/14 01:09:52 INFO TaskSetManager: Starting task 1.0 in stage 28.0 (TID 75) (172.26.0.12, executor 0, partition 1, PROCESS_LOCAL, 9932 bytes) 
26/08/14 01:09:52 INFO TaskSetManager: Starting task 4.0 in stage 28.0 (TID 76) (172.26.0.13, executor 1, partition 4, PROCESS_LOCAL, 9932 bytes) 
26/08/14 01:09:52 INFO TaskSetManager: Starting task 5.0 in stage 28.0 (TID 77) (172.26.0.12, executor 0, partition 5, PROCESS_LOCAL, 9932 bytes) 
26/08/14 01:09:52 INFO BlockManagerInfo: Added broadcast_27_piece0 in memory on 172.26.0.12:41357 (size: 34.0 KiB, free: 412.4 MiB)
26/08/14 01:09:52 INFO BlockManagerInfo: Added broadcast_27_piece0 in memory on 172.26.0.13:45679 (size: 34.0 KiB, free: 412.3 MiB)
26/08/14 01:09:54 INFO BlockManagerInfo: Added rdd_195_0 in memory on 172.26.0.12:41357 (size: 1808.0 B, free: 412.4 MiB)
26/08/14 01:09:54 INFO TaskSetManager: Finished task 0.0 in stage 28.0 (TID 73) in 2251 ms on 172.26.0.12 (executor 0) (1/6)
26/08/14 01:09:55 INFO BlockManagerInfo: Added rdd_195_5 in memory on 172.26.0.12:41357 (size: 1808.0 B, free: 412.4 MiB)
26/08/14 01:09:55 INFO TaskSetManager: Finished task 5.0 in stage 28.0 (TID 77) in 2477 ms on 172.26.0.12 (executor 0) (2/6)
26/08/14 01:09:55 INFO BlockManagerInfo: Added rdd_195_1 in memory on 172.26.0.12:41357 (size: 1808.0 B, free: 412.4 MiB)
26/08/14 01:09:55 INFO TaskSetManager: Finished task 1.0 in stage 28.0 (TID 75) in 2549 ms on 172.26.0.12 (executor 0) (3/6)
26/08/14 01:09:55 INFO BlockManagerInfo: Added rdd_195_3 in memory on 172.26.0.13:45679 (size: 1808.0 B, free: 412.3 MiB)
26/08/14 01:09:55 INFO BlockManagerInfo: Added rdd_195_2 in memory on 172.26.0.13:45679 (size: 1808.0 B, free: 412.3 MiB)
26/08/14 01:09:55 INFO BlockManagerInfo: Added rdd_195_4 in memory on 172.26.0.13:45679 (size: 1808.0 B, free: 412.3 MiB)
26/08/14 01:09:55 INFO TaskSetManager: Finished task 4.0 in stage 28.0 (TID 76) in 2624 ms on 172.26.0.13 (executor 1) (4/6)
26/08/14 01:09:55 INFO TaskSetManager: Finished task 3.0 in stage 28.0 (TID 74) in 2626 ms on 172.26.0.13 (executor 1) (5/6)
26/08/14 01:09:55 INFO TaskSetManager: Finished task 2.0 in stage 28.0 (TID 72) in 2627 ms on 172.26.0.13 (executor 1) (6/6)
26/08/14 01:09:55 INFO TaskSchedulerImpl: Removed TaskSet 28.0, whose tasks have all completed, from pool 
26/08/14 01:09:55 INFO DAGScheduler: ResultStage 28 (call at /opt/spark/python/lib/py4j-0.10.9.7-src.zip/py4j/clientserver.py:617) finished in 2.634 s
26/08/14 01:09:55 INFO DAGScheduler: Job 15 is finished. Cancelling potential speculative or zombie tasks for this job
26/08/14 01:09:55 INFO TaskSchedulerImpl: Killing all running tasks in stage 28: Stage finished
26/08/14 01:09:55 INFO DAGScheduler: Job 15 finished: call at /opt/spark/python/lib/py4j-0.10.9.7-src.zip/py4j/clientserver.py:617, took 2.642518 s
26/08/14 01:09:55 INFO DefaultCachedBatchSerializer: Predicate isnotnull(kind#9499) generates partition filter: ((kind.count#9651 - kind.nullCount#9650) > 0)
26/08/14 01:09:55 INFO DefaultCachedBatchSerializer: Predicate (kind#9499 = dlq) generates partition filter: ((kind.lowerBound#9649 <= dlq) AND (dlq <= kind.upperBound#9648))
26/08/14 01:09:55 INFO SparkContext: Starting job: count at <unknown>:0
26/08/14 01:09:55 INFO DAGScheduler: Registering RDD 205 (count at <unknown>:0) as input to shuffle 13
26/08/14 01:09:55 INFO DAGScheduler: Got job 16 (count at <unknown>:0) with 1 output partitions
26/08/14 01:09:55 INFO DAGScheduler: Final stage: ResultStage 30 (count at <unknown>:0)
26/08/14 01:09:55 INFO DAGScheduler: Parents of final stage: List(ShuffleMapStage 29)
26/08/14 01:09:55 INFO DAGScheduler: Missing parents: List(ShuffleMapStage 29)
26/08/14 01:09:55 INFO DAGScheduler: Submitting ShuffleMapStage 29 (MapPartitionsRDD[205] at count at <unknown>:0), which has no missing parents
26/08/14 01:09:55 INFO MemoryStore: Block broadcast_28 stored as values in memory (estimated size 92.2 KiB, free 191.0 MiB)
26/08/14 01:09:55 INFO MemoryStore: Block broadcast_28_piece0 stored as bytes in memory (estimated size 35.3 KiB, free 191.0 MiB)
26/08/14 01:09:55 INFO BlockManagerInfo: Added broadcast_28_piece0 in memory on spark-driver:43685 (size: 35.3 KiB, free: 191.1 MiB)
26/08/14 01:09:55 INFO SparkContext: Created broadcast 28 from broadcast at DAGScheduler.scala:1585
26/08/14 01:09:55 INFO DAGScheduler: Submitting 6 missing tasks from ShuffleMapStage 29 (MapPartitionsRDD[205] at count at <unknown>:0) (first 15 tasks are for partitions Vector(0, 1, 2, 3, 4, 5))
26/08/14 01:09:55 INFO TaskSchedulerImpl: Adding task set 29.0 with 6 tasks resource profile 0
26/08/14 01:09:55 INFO TaskSetManager: Starting task 0.0 in stage 29.0 (TID 78) (172.26.0.12, executor 0, partition 0, PROCESS_LOCAL, 9921 bytes) 
26/08/14 01:09:55 INFO TaskSetManager: Starting task 2.0 in stage 29.0 (TID 79) (172.26.0.13, executor 1, partition 2, PROCESS_LOCAL, 9921 bytes) 
26/08/14 01:09:55 INFO TaskSetManager: Starting task 1.0 in stage 29.0 (TID 80) (172.26.0.12, executor 0, partition 1, PROCESS_LOCAL, 9921 bytes) 
26/08/14 01:09:55 INFO TaskSetManager: Starting task 3.0 in stage 29.0 (TID 81) (172.26.0.13, executor 1, partition 3, PROCESS_LOCAL, 9921 bytes) 
26/08/14 01:09:55 INFO TaskSetManager: Starting task 5.0 in stage 29.0 (TID 82) (172.26.0.12, executor 0, partition 5, PROCESS_LOCAL, 9921 bytes) 
26/08/14 01:09:55 INFO TaskSetManager: Starting task 4.0 in stage 29.0 (TID 83) (172.26.0.13, executor 1, partition 4, PROCESS_LOCAL, 9921 bytes) 
26/08/14 01:09:55 INFO BlockManagerInfo: Added broadcast_28_piece0 in memory on 172.26.0.12:41357 (size: 35.3 KiB, free: 412.3 MiB)
26/08/14 01:09:55 INFO BlockManagerInfo: Added broadcast_28_piece0 in memory on 172.26.0.13:45679 (size: 35.3 KiB, free: 412.2 MiB)
26/08/14 01:09:55 INFO TaskSetManager: Finished task 2.0 in stage 29.0 (TID 79) in 77 ms on 172.26.0.13 (executor 1) (1/6)
26/08/14 01:09:55 INFO TaskSetManager: Finished task 5.0 in stage 29.0 (TID 82) in 88 ms on 172.26.0.12 (executor 0) (2/6)
26/08/14 01:09:55 INFO TaskSetManager: Finished task 3.0 in stage 29.0 (TID 81) in 95 ms on 172.26.0.13 (executor 1) (3/6)
26/08/14 01:09:55 INFO TaskSetManager: Finished task 4.0 in stage 29.0 (TID 83) in 96 ms on 172.26.0.13 (executor 1) (4/6)
26/08/14 01:09:55 INFO TaskSetManager: Finished task 0.0 in stage 29.0 (TID 78) in 97 ms on 172.26.0.12 (executor 0) (5/6)
26/08/14 01:09:55 INFO TaskSetManager: Finished task 1.0 in stage 29.0 (TID 80) in 106 ms on 172.26.0.12 (executor 0) (6/6)
26/08/14 01:09:55 INFO TaskSchedulerImpl: Removed TaskSet 29.0, whose tasks have all completed, from pool 
26/08/14 01:09:55 INFO DAGScheduler: ShuffleMapStage 29 (count at <unknown>:0) finished in 0.128 s
26/08/14 01:09:55 INFO DAGScheduler: looking for newly runnable stages
26/08/14 01:09:55 INFO DAGScheduler: running: Set()
26/08/14 01:09:55 INFO DAGScheduler: waiting: Set(ResultStage 30)
26/08/14 01:09:55 INFO DAGScheduler: failed: Set()
26/08/14 01:09:55 INFO DAGScheduler: Submitting ResultStage 30 (MapPartitionsRDD[208] at count at <unknown>:0), which has no missing parents
26/08/14 01:09:55 INFO MemoryStore: Block broadcast_29 stored as values in memory (estimated size 12.5 KiB, free 191.0 MiB)
26/08/14 01:09:55 INFO MemoryStore: Block broadcast_29_piece0 stored as bytes in memory (estimated size 5.9 KiB, free 190.9 MiB)
26/08/14 01:09:55 INFO BlockManagerInfo: Added broadcast_29_piece0 in memory on spark-driver:43685 (size: 5.9 KiB, free: 191.1 MiB)
26/08/14 01:09:55 INFO BlockManagerInfo: Removed broadcast_27_piece0 on spark-driver:43685 in memory (size: 34.0 KiB, free: 191.2 MiB)
26/08/14 01:09:55 INFO SparkContext: Created broadcast 29 from broadcast at DAGScheduler.scala:1585
26/08/14 01:09:55 INFO DAGScheduler: Submitting 1 missing tasks from ResultStage 30 (MapPartitionsRDD[208] at count at <unknown>:0) (first 15 tasks are for partitions Vector(0))
26/08/14 01:09:55 INFO TaskSchedulerImpl: Adding task set 30.0 with 1 tasks resource profile 0
26/08/14 01:09:55 INFO BlockManagerInfo: Removed broadcast_27_piece0 on 172.26.0.12:41357 in memory (size: 34.0 KiB, free: 412.4 MiB)
26/08/14 01:09:55 INFO TaskSetManager: Starting task 0.0 in stage 30.0 (TID 84) (172.26.0.13, executor 1, partition 0, NODE_LOCAL, 9003 bytes) 
26/08/14 01:09:55 INFO BlockManagerInfo: Removed broadcast_27_piece0 on 172.26.0.13:45679 in memory (size: 34.0 KiB, free: 412.3 MiB)
26/08/14 01:09:55 INFO BlockManagerInfo: Added broadcast_29_piece0 in memory on 172.26.0.13:45679 (size: 5.9 KiB, free: 412.2 MiB)
26/08/14 01:09:55 INFO MapOutputTrackerMasterEndpoint: Asked to send map output locations for shuffle 13 to 172.26.0.13:60160
26/08/14 01:09:55 INFO TaskSetManager: Finished task 0.0 in stage 30.0 (TID 84) in 57 ms on 172.26.0.13 (executor 1) (1/1)
26/08/14 01:09:55 INFO DAGScheduler: ResultStage 30 (count at <unknown>:0) finished in 0.089 s
26/08/14 01:09:55 INFO DAGScheduler: Job 16 is finished. Cancelling potential speculative or zombie tasks for this job
26/08/14 01:09:55 INFO TaskSchedulerImpl: Removed TaskSet 30.0, whose tasks have all completed, from pool 
26/08/14 01:09:55 INFO TaskSchedulerImpl: Killing all running tasks in stage 30: Stage finished
26/08/14 01:09:55 INFO DAGScheduler: Job 16 finished: count at <unknown>:0, took 0.228636 s
26/08/14 01:09:55 INFO MapPartitionsRDD: Removing RDD 195 from persistence list
26/08/14 01:09:55 INFO BlockManager: Removing RDD 195
26/08/14 01:09:55 INFO SparkContext: Starting job: call at /opt/spark/python/lib/py4j-0.10.9.7-src.zip/py4j/clientserver.py:617
26/08/14 01:09:55 INFO DAGScheduler: Registering RDD 213 (call at /opt/spark/python/lib/py4j-0.10.9.7-src.zip/py4j/clientserver.py:617) as input to shuffle 14
26/08/14 01:09:55 INFO DAGScheduler: Got job 17 (call at /opt/spark/python/lib/py4j-0.10.9.7-src.zip/py4j/clientserver.py:617) with 1 output partitions
26/08/14 01:09:55 INFO DAGScheduler: Final stage: ResultStage 32 (call at /opt/spark/python/lib/py4j-0.10.9.7-src.zip/py4j/clientserver.py:617)
26/08/14 01:09:55 INFO DAGScheduler: Parents of final stage: List(ShuffleMapStage 31)
26/08/14 01:09:55 INFO DAGScheduler: Missing parents: List(ShuffleMapStage 31)
26/08/14 01:09:55 INFO DAGScheduler: Submitting ShuffleMapStage 31 (MapPartitionsRDD[213] at call at /opt/spark/python/lib/py4j-0.10.9.7-src.zip/py4j/clientserver.py:617), which has no missing parents
26/08/14 01:09:55 INFO MemoryStore: Block broadcast_30 stored as values in memory (estimated size 66.2 KiB, free 191.0 MiB)
26/08/14 01:09:55 INFO MemoryStore: Block broadcast_30_piece0 stored as bytes in memory (estimated size 24.8 KiB, free 191.0 MiB)
26/08/14 01:09:55 INFO BlockManagerInfo: Added broadcast_30_piece0 in memory on spark-driver:43685 (size: 24.8 KiB, free: 191.1 MiB)
26/08/14 01:09:55 INFO SparkContext: Created broadcast 30 from broadcast at DAGScheduler.scala:1585
26/08/14 01:09:55 INFO DAGScheduler: Submitting 6 missing tasks from ShuffleMapStage 31 (MapPartitionsRDD[213] at call at /opt/spark/python/lib/py4j-0.10.9.7-src.zip/py4j/clientserver.py:617) (first 15 tasks are for partitions Vector(0, 1, 2, 3, 4, 5))
26/08/14 01:09:55 INFO TaskSchedulerImpl: Adding task set 31.0 with 6 tasks resource profile 0
26/08/14 01:09:55 INFO TaskSetManager: Starting task 2.0 in stage 31.0 (TID 85) (172.26.0.13, executor 1, partition 2, PROCESS_LOCAL, 9921 bytes) 
26/08/14 01:09:55 INFO TaskSetManager: Starting task 0.0 in stage 31.0 (TID 86) (172.26.0.12, executor 0, partition 0, PROCESS_LOCAL, 9921 bytes) 
26/08/14 01:09:55 INFO TaskSetManager: Starting task 3.0 in stage 31.0 (TID 87) (172.26.0.13, executor 1, partition 3, PROCESS_LOCAL, 9921 bytes) 
26/08/14 01:09:55 INFO TaskSetManager: Starting task 1.0 in stage 31.0 (TID 88) (172.26.0.12, executor 0, partition 1, PROCESS_LOCAL, 9921 bytes) 
26/08/14 01:09:55 INFO TaskSetManager: Starting task 4.0 in stage 31.0 (TID 89) (172.26.0.13, executor 1, partition 4, PROCESS_LOCAL, 9921 bytes) 
26/08/14 01:09:55 INFO TaskSetManager: Starting task 5.0 in stage 31.0 (TID 90) (172.26.0.12, executor 0, partition 5, PROCESS_LOCAL, 9921 bytes) 
26/08/14 01:09:55 INFO BlockManagerInfo: Added broadcast_30_piece0 in memory on 172.26.0.13:45679 (size: 24.8 KiB, free: 412.2 MiB)
26/08/14 01:09:55 INFO BlockManagerInfo: Added broadcast_30_piece0 in memory on 172.26.0.12:41357 (size: 24.8 KiB, free: 412.3 MiB)
26/08/14 01:09:55 INFO TaskSetManager: Finished task 4.0 in stage 31.0 (TID 89) in 61 ms on 172.26.0.13 (executor 1) (1/6)
26/08/14 01:09:55 INFO TaskSetManager: Finished task 2.0 in stage 31.0 (TID 85) in 101 ms on 172.26.0.13 (executor 1) (2/6)
26/08/14 01:09:55 INFO TaskSetManager: Finished task 5.0 in stage 31.0 (TID 90) in 101 ms on 172.26.0.12 (executor 0) (3/6)
26/08/14 01:09:55 INFO TaskSetManager: Finished task 3.0 in stage 31.0 (TID 87) in 102 ms on 172.26.0.13 (executor 1) (4/6)
26/08/14 01:09:55 INFO TaskSetManager: Finished task 0.0 in stage 31.0 (TID 86) in 150 ms on 172.26.0.12 (executor 0) (5/6)
26/08/14 01:09:55 INFO TaskSetManager: Finished task 1.0 in stage 31.0 (TID 88) in 158 ms on 172.26.0.12 (executor 0) (6/6)
26/08/14 01:09:55 INFO TaskSchedulerImpl: Removed TaskSet 31.0, whose tasks have all completed, from pool 
26/08/14 01:09:55 INFO DAGScheduler: ShuffleMapStage 31 (call at /opt/spark/python/lib/py4j-0.10.9.7-src.zip/py4j/clientserver.py:617) finished in 0.169 s
26/08/14 01:09:55 INFO DAGScheduler: looking for newly runnable stages
26/08/14 01:09:55 INFO DAGScheduler: running: Set()
26/08/14 01:09:55 INFO DAGScheduler: waiting: Set(ResultStage 32)
26/08/14 01:09:55 INFO DAGScheduler: failed: Set()
26/08/14 01:09:55 INFO DAGScheduler: Submitting ResultStage 32 (MapPartitionsRDD[216] at call at /opt/spark/python/lib/py4j-0.10.9.7-src.zip/py4j/clientserver.py:617), which has no missing parents
26/08/14 01:09:55 INFO MemoryStore: Block broadcast_31 stored as values in memory (estimated size 13.1 KiB, free 191.0 MiB)
26/08/14 01:09:55 INFO MemoryStore: Block broadcast_31_piece0 stored as bytes in memory (estimated size 6.1 KiB, free 191.0 MiB)
26/08/14 01:09:55 INFO BlockManagerInfo: Added broadcast_31_piece0 in memory on spark-driver:43685 (size: 6.1 KiB, free: 191.1 MiB)
26/08/14 01:09:55 INFO SparkContext: Created broadcast 31 from broadcast at DAGScheduler.scala:1585
26/08/14 01:09:55 INFO DAGScheduler: Submitting 1 missing tasks from ResultStage 32 (MapPartitionsRDD[216] at call at /opt/spark/python/lib/py4j-0.10.9.7-src.zip/py4j/clientserver.py:617) (first 15 tasks are for partitions Vector(0))
26/08/14 01:09:55 INFO TaskSchedulerImpl: Adding task set 32.0 with 1 tasks resource profile 0
26/08/14 01:09:55 INFO TaskSetManager: Starting task 0.0 in stage 32.0 (TID 91) (172.26.0.13, executor 1, partition 0, NODE_LOCAL, 9003 bytes) 
26/08/14 01:09:55 INFO BlockManagerInfo: Added broadcast_31_piece0 in memory on 172.26.0.13:45679 (size: 6.1 KiB, free: 412.2 MiB)
26/08/14 01:09:55 INFO MapOutputTrackerMasterEndpoint: Asked to send map output locations for shuffle 14 to 172.26.0.13:60160
26/08/14 01:09:55 INFO TaskSetManager: Finished task 0.0 in stage 32.0 (TID 91) in 81 ms on 172.26.0.13 (executor 1) (1/1)
26/08/14 01:09:55 INFO TaskSchedulerImpl: Removed TaskSet 32.0, whose tasks have all completed, from pool 
26/08/14 01:09:55 INFO DAGScheduler: ResultStage 32 (call at /opt/spark/python/lib/py4j-0.10.9.7-src.zip/py4j/clientserver.py:617) finished in 0.092 s
26/08/14 01:09:55 INFO DAGScheduler: Job 17 is finished. Cancelling potential speculative or zombie tasks for this job
26/08/14 01:09:55 INFO TaskSchedulerImpl: Killing all running tasks in stage 32: Stage finished
26/08/14 01:09:55 INFO DAGScheduler: Job 17 finished: call at /opt/spark/python/lib/py4j-0.10.9.7-src.zip/py4j/clientserver.py:617, took 0.277690 s
26/08/14 01:09:55 INFO MapPartitionsRDD: Removing RDD 157 from persistence list
26/08/14 01:09:55 INFO BlockManager: Removing RDD 157
26/08/14 01:09:55 INFO WatermarkTracker: Updating event-time watermark from 1786669665136 to 1786669671623 ms
26/08/14 01:09:56 INFO CheckpointFileManager: Writing atomically to file:/opt/checkpoints/trips/commits/3 using temp file file:/opt/checkpoints/trips/commits/.3.27fa23dd-4fd5-4db6-8503-03c2cc6c5a3b.tmp
26/08/14 01:09:56 INFO CheckpointFileManager: Renamed temp file file:/opt/checkpoints/trips/commits/.3.27fa23dd-4fd5-4db6-8503-03c2cc6c5a3b.tmp to file:/opt/checkpoints/trips/commits/3
26/08/14 01:09:56 INFO MicroBatchExecution: Streaming query made progress: {
  "id" : "f7681659-f9bd-49e2-8911-7d6cbe059482",
  "runId" : "326f406e-960d-4e0e-955f-42c6122dae1b",
  "name" : "trips-ingest-ab2_ab_with_backoff_3",
  "timestamp" : "2026-08-14T01:09:51.728Z",
  "batchId" : 3,
  "numInputRows" : 5248,
  "inputRowsPerSecond" : 799.8780673677793,
  "processedRowsPerSecond" : 1221.8859138533178,
  "durationMs" : {
    "addBatch" : 4224,
    "commitOffsets" : 34,
    "getBatch" : 0,
    "latestOffset" : 5,
    "queryPlanning" : 13,
    "triggerExecution" : 4295,
    "walCommit" : 17
  },
  "eventTime" : {
    "avg" : "2026-08-14T01:09:46.937Z",
    "max" : "2026-08-14T01:09:51.623Z",
    "min" : "2026-08-14T01:09:42.251Z",
    "watermark" : "2026-08-14T01:07:45.136Z"
  },
  "stateOperators" : [ ],
  "sources" : [ {
    "description" : "KafkaV2[Subscribe[trips.raw]]",
    "startOffset" : {
      "trips.raw" : {
        "2" : 342608,
        "5" : 340739,
        "4" : 342411,
        "1" : 342266,
        "3" : 341654,
        "0" : 342409
      }
    },
    "endOffset" : {
      "trips.raw" : {
        "2" : 343415,
        "5" : 341659,
        "4" : 343283,
        "1" : 343168,
        "3" : 342539,
        "0" : 343271
      }
    },
    "latestOffset" : {
      "trips.raw" : {
        "2" : 343415,
        "5" : 341659,
        "4" : 343283,
        "1" : 343168,
        "3" : 342539,
        "0" : 343271
      }
    },
    "numInputRows" : 5248,
    "inputRowsPerSecond" : 799.8780673677793,
    "processedRowsPerSecond" : 1221.8859138533178,
    "metrics" : {
      "avgOffsetsBehindLatest" : "0.0",
      "maxOffsetsBehindLatest" : "0",
      "minOffsetsBehindLatest" : "0"
    }
  } ],
  "sink" : {
    "description" : "ForeachBatchSink",
    "numOutputRows" : -1
  }
}
26/08/14 01:09:56 INFO BlockManagerInfo: Removed broadcast_29_piece0 on spark-driver:43685 in memory (size: 5.9 KiB, free: 191.1 MiB)
26/08/14 01:09:56 INFO BlockManagerInfo: Removed broadcast_29_piece0 on 172.26.0.13:45679 in memory (size: 5.9 KiB, free: 413.9 MiB)
26/08/14 01:09:56 INFO BlockManagerInfo: Removed broadcast_30_piece0 on 172.26.0.13:45679 in memory (size: 24.8 KiB, free: 413.9 MiB)
26/08/14 01:09:56 INFO BlockManagerInfo: Removed broadcast_30_piece0 on spark-driver:43685 in memory (size: 24.8 KiB, free: 191.2 MiB)
26/08/14 01:09:56 INFO CheckpointFileManager: Writing atomically to file:/opt/checkpoints/trips/offsets/4 using temp file file:/opt/checkpoints/trips/offsets/.4.7e68e949-125d-46cd-a183-e86b54cc6783.tmp
26/08/14 01:09:56 INFO BlockManagerInfo: Removed broadcast_30_piece0 on 172.26.0.12:41357 in memory (size: 24.8 KiB, free: 413.9 MiB)
26/08/14 01:09:56 INFO BlockManagerInfo: Removed broadcast_28_piece0 on spark-driver:43685 in memory (size: 35.3 KiB, free: 191.2 MiB)
26/08/14 01:09:56 INFO BlockManagerInfo: Removed broadcast_28_piece0 on 172.26.0.12:41357 in memory (size: 35.3 KiB, free: 413.9 MiB)
26/08/14 01:09:56 INFO BlockManagerInfo: Removed broadcast_28_piece0 on 172.26.0.13:45679 in memory (size: 35.3 KiB, free: 413.9 MiB)
26/08/14 01:09:56 INFO BlockManagerInfo: Removed broadcast_31_piece0 on spark-driver:43685 in memory (size: 6.1 KiB, free: 191.2 MiB)
26/08/14 01:09:56 INFO BlockManagerInfo: Removed broadcast_31_piece0 on 172.26.0.13:45679 in memory (size: 6.1 KiB, free: 413.9 MiB)
26/08/14 01:09:56 INFO CheckpointFileManager: Renamed temp file file:/opt/checkpoints/trips/offsets/.4.7e68e949-125d-46cd-a183-e86b54cc6783.tmp to file:/opt/checkpoints/trips/offsets/4
26/08/14 01:09:56 INFO MicroBatchExecution: Committed offsets for batch 4. Metadata OffsetSeqMetadata(1786669671623,1786669796045,Map(spark.sql.streaming.stateStore.providerClass -> org.apache.spark.sql.execution.streaming.state.HDFSBackedStateStoreProvider, spark.sql.streaming.join.stateFormatVersion -> 2, spark.sql.streaming.stateStore.compression.codec -> lz4, spark.sql.streaming.stateStore.rocksdb.formatVersion -> 5, spark.sql.streaming.statefulOperator.useStrictDistribution -> true, spark.sql.streaming.flatMapGroupsWithState.stateFormatVersion -> 2, spark.sql.streaming.multipleWatermarkPolicy -> min, spark.sql.streaming.aggregation.stateFormatVersion -> 2, spark.sql.shuffle.partitions -> 6))
26/08/14 01:09:56 INFO KafkaOffsetReaderAdmin: Partitions added: Map()
26/08/14 01:09:56 INFO KafkaOffsetReaderAdmin: Partitions added: Map()
26/08/14 01:09:56 INFO KafkaOffsetReaderAdmin: Partitions added: Map()
26/08/14 01:09:56 INFO KafkaOffsetReaderAdmin: Partitions added: Map()
2026-08-14 01:09:56,155 INFO  [stream] Received command c on object id p0
26/08/14 01:09:56 INFO SparkContext: Starting job: count at <unknown>:0
26/08/14 01:09:56 INFO DAGScheduler: Registering RDD 231 (count at <unknown>:0) as input to shuffle 15
26/08/14 01:09:56 INFO DAGScheduler: Got job 18 (count at <unknown>:0) with 1 output partitions
26/08/14 01:09:56 INFO DAGScheduler: Final stage: ResultStage 34 (count at <unknown>:0)
26/08/14 01:09:56 INFO DAGScheduler: Parents of final stage: List(ShuffleMapStage 33)
26/08/14 01:09:56 INFO DAGScheduler: Missing parents: List(ShuffleMapStage 33)
26/08/14 01:09:56 INFO DAGScheduler: Submitting ShuffleMapStage 33 (MapPartitionsRDD[231] at count at <unknown>:0), which has no missing parents
26/08/14 01:09:56 INFO MemoryStore: Block broadcast_32 stored as values in memory (estimated size 64.6 KiB, free 191.1 MiB)
26/08/14 01:09:56 INFO MemoryStore: Block broadcast_32_piece0 stored as bytes in memory (estimated size 24.1 KiB, free 191.1 MiB)
26/08/14 01:09:56 INFO BlockManagerInfo: Added broadcast_32_piece0 in memory on spark-driver:43685 (size: 24.1 KiB, free: 191.2 MiB)
26/08/14 01:09:56 INFO SparkContext: Created broadcast 32 from broadcast at DAGScheduler.scala:1585
26/08/14 01:09:56 INFO DAGScheduler: Submitting 6 missing tasks from ShuffleMapStage 33 (MapPartitionsRDD[231] at count at <unknown>:0) (first 15 tasks are for partitions Vector(0, 1, 2, 3, 4, 5))
26/08/14 01:09:56 INFO TaskSchedulerImpl: Adding task set 33.0 with 6 tasks resource profile 0
26/08/14 01:09:56 INFO TaskSetManager: Starting task 2.0 in stage 33.0 (TID 92) (172.26.0.13, executor 1, partition 2, PROCESS_LOCAL, 9921 bytes) 
26/08/14 01:09:56 INFO TaskSetManager: Starting task 0.0 in stage 33.0 (TID 93) (172.26.0.12, executor 0, partition 0, PROCESS_LOCAL, 9921 bytes) 
26/08/14 01:09:56 INFO TaskSetManager: Starting task 3.0 in stage 33.0 (TID 94) (172.26.0.13, executor 1, partition 3, PROCESS_LOCAL, 9921 bytes) 
26/08/14 01:09:56 INFO TaskSetManager: Starting task 1.0 in stage 33.0 (TID 95) (172.26.0.12, executor 0, partition 1, PROCESS_LOCAL, 9921 bytes) 
26/08/14 01:09:56 INFO TaskSetManager: Starting task 4.0 in stage 33.0 (TID 96) (172.26.0.13, executor 1, partition 4, PROCESS_LOCAL, 9921 bytes) 
26/08/14 01:09:56 INFO TaskSetManager: Starting task 5.0 in stage 33.0 (TID 97) (172.26.0.12, executor 0, partition 5, PROCESS_LOCAL, 9921 bytes) 
26/08/14 01:09:56 INFO BlockManagerInfo: Added broadcast_32_piece0 in memory on 172.26.0.13:45679 (size: 24.1 KiB, free: 413.9 MiB)
26/08/14 01:09:56 INFO BlockManagerInfo: Added broadcast_32_piece0 in memory on 172.26.0.12:41357 (size: 24.1 KiB, free: 413.9 MiB)
26/08/14 01:09:56 INFO BlockManagerInfo: Added rdd_226_2 in memory on 172.26.0.13:45679 (size: 332.1 KiB, free: 413.6 MiB)
26/08/14 01:09:56 INFO BlockManagerInfo: Added rdd_226_3 in memory on 172.26.0.13:45679 (size: 357.6 KiB, free: 413.2 MiB)
26/08/14 01:09:56 INFO TaskSetManager: Finished task 2.0 in stage 33.0 (TID 92) in 307 ms on 172.26.0.13 (executor 1) (1/6)
26/08/14 01:09:56 INFO TaskSetManager: Finished task 3.0 in stage 33.0 (TID 94) in 326 ms on 172.26.0.13 (executor 1) (2/6)
26/08/14 01:09:56 INFO BlockManagerInfo: Added rdd_226_5 in memory on 172.26.0.12:41357 (size: 344.8 KiB, free: 413.6 MiB)
26/08/14 01:09:56 INFO BlockManagerInfo: Added rdd_226_0 in memory on 172.26.0.12:41357 (size: 372.8 KiB, free: 413.2 MiB)
26/08/14 01:09:56 INFO TaskSetManager: Finished task 5.0 in stage 33.0 (TID 97) in 372 ms on 172.26.0.12 (executor 0) (3/6)
26/08/14 01:09:56 INFO BlockManagerInfo: Added rdd_226_1 in memory on 172.26.0.12:41357 (size: 349.1 KiB, free: 412.9 MiB)
26/08/14 01:09:56 INFO TaskSetManager: Finished task 0.0 in stage 33.0 (TID 93) in 400 ms on 172.26.0.12 (executor 0) (4/6)
26/08/14 01:09:56 INFO TaskSetManager: Finished task 1.0 in stage 33.0 (TID 95) in 492 ms on 172.26.0.12 (executor 0) (5/6)
26/08/14 01:09:56 INFO BlockManagerInfo: Added rdd_226_4 in memory on 172.26.0.13:45679 (size: 378.3 KiB, free: 412.9 MiB)
26/08/14 01:09:56 INFO TaskSetManager: Finished task 4.0 in stage 33.0 (TID 96) in 611 ms on 172.26.0.13 (executor 1) (6/6)
26/08/14 01:09:56 INFO TaskSchedulerImpl: Removed TaskSet 33.0, whose tasks have all completed, from pool 
26/08/14 01:09:56 INFO DAGScheduler: ShuffleMapStage 33 (count at <unknown>:0) finished in 0.630 s
26/08/14 01:09:56 INFO DAGScheduler: looking for newly runnable stages
26/08/14 01:09:56 INFO DAGScheduler: running: Set()
26/08/14 01:09:56 INFO DAGScheduler: waiting: Set(ResultStage 34)
26/08/14 01:09:56 INFO DAGScheduler: failed: Set()
26/08/14 01:09:56 INFO DAGScheduler: Submitting ResultStage 34 (MapPartitionsRDD[234] at count at <unknown>:0), which has no missing parents
26/08/14 01:09:56 INFO MemoryStore: Block broadcast_33 stored as values in memory (estimated size 12.5 KiB, free 191.1 MiB)
26/08/14 01:09:56 INFO MemoryStore: Block broadcast_33_piece0 stored as bytes in memory (estimated size 5.9 KiB, free 191.1 MiB)
26/08/14 01:09:56 INFO BlockManagerInfo: Added broadcast_33_piece0 in memory on spark-driver:43685 (size: 5.9 KiB, free: 191.2 MiB)
26/08/14 01:09:56 INFO SparkContext: Created broadcast 33 from broadcast at DAGScheduler.scala:1585
26/08/14 01:09:56 INFO DAGScheduler: Submitting 1 missing tasks from ResultStage 34 (MapPartitionsRDD[234] at count at <unknown>:0) (first 15 tasks are for partitions Vector(0))
26/08/14 01:09:56 INFO TaskSchedulerImpl: Adding task set 34.0 with 1 tasks resource profile 0
26/08/14 01:09:56 INFO TaskSetManager: Starting task 0.0 in stage 34.0 (TID 98) (172.26.0.12, executor 0, partition 0, NODE_LOCAL, 9003 bytes) 
26/08/14 01:09:56 INFO BlockManagerInfo: Added broadcast_33_piece0 in memory on 172.26.0.12:41357 (size: 5.9 KiB, free: 412.9 MiB)
26/08/14 01:09:56 INFO MapOutputTrackerMasterEndpoint: Asked to send map output locations for shuffle 15 to 172.26.0.12:44092
26/08/14 01:09:56 INFO TaskSetManager: Finished task 0.0 in stage 34.0 (TID 98) in 57 ms on 172.26.0.12 (executor 0) (1/1)
26/08/14 01:09:56 INFO TaskSchedulerImpl: Removed TaskSet 34.0, whose tasks have all completed, from pool 
26/08/14 01:09:56 INFO DAGScheduler: ResultStage 34 (count at <unknown>:0) finished in 0.067 s
26/08/14 01:09:56 INFO DAGScheduler: Job 18 is finished. Cancelling potential speculative or zombie tasks for this job
26/08/14 01:09:56 INFO TaskSchedulerImpl: Killing all running tasks in stage 34: Stage finished
26/08/14 01:09:56 INFO DAGScheduler: Job 18 finished: count at <unknown>:0, took 0.706535 s
26/08/14 01:09:56 INFO SparkContext: Starting job: count at <unknown>:0
26/08/14 01:09:56 INFO DAGScheduler: Registering RDD 239 (count at <unknown>:0) as input to shuffle 16
26/08/14 01:09:56 INFO DAGScheduler: Got job 19 (count at <unknown>:0) with 1 output partitions
26/08/14 01:09:56 INFO DAGScheduler: Final stage: ResultStage 36 (count at <unknown>:0)
26/08/14 01:09:56 INFO DAGScheduler: Parents of final stage: List(ShuffleMapStage 35)
26/08/14 01:09:56 INFO DAGScheduler: Missing parents: List(ShuffleMapStage 35)
26/08/14 01:09:56 INFO DAGScheduler: Submitting ShuffleMapStage 35 (MapPartitionsRDD[239] at count at <unknown>:0), which has no missing parents
26/08/14 01:09:56 INFO MemoryStore: Block broadcast_34 stored as values in memory (estimated size 64.9 KiB, free 191.0 MiB)
26/08/14 01:09:56 INFO MemoryStore: Block broadcast_34_piece0 stored as bytes in memory (estimated size 24.2 KiB, free 191.0 MiB)
26/08/14 01:09:56 INFO BlockManagerInfo: Added broadcast_34_piece0 in memory on spark-driver:43685 (size: 24.2 KiB, free: 191.2 MiB)
26/08/14 01:09:56 INFO SparkContext: Created broadcast 34 from broadcast at DAGScheduler.scala:1585
26/08/14 01:09:56 INFO DAGScheduler: Submitting 6 missing tasks from ShuffleMapStage 35 (MapPartitionsRDD[239] at count at <unknown>:0) (first 15 tasks are for partitions Vector(0, 1, 2, 3, 4, 5))
26/08/14 01:09:56 INFO TaskSchedulerImpl: Adding task set 35.0 with 6 tasks resource profile 0
26/08/14 01:09:56 INFO TaskSetManager: Starting task 2.0 in stage 35.0 (TID 99) (172.26.0.13, executor 1, partition 2, PROCESS_LOCAL, 9921 bytes) 
26/08/14 01:09:56 INFO TaskSetManager: Starting task 0.0 in stage 35.0 (TID 100) (172.26.0.12, executor 0, partition 0, PROCESS_LOCAL, 9921 bytes) 
26/08/14 01:09:57 INFO TaskSetManager: Starting task 3.0 in stage 35.0 (TID 101) (172.26.0.13, executor 1, partition 3, PROCESS_LOCAL, 9921 bytes) 
26/08/14 01:09:57 INFO TaskSetManager: Starting task 1.0 in stage 35.0 (TID 102) (172.26.0.12, executor 0, partition 1, PROCESS_LOCAL, 9921 bytes) 
26/08/14 01:09:57 INFO TaskSetManager: Starting task 4.0 in stage 35.0 (TID 103) (172.26.0.13, executor 1, partition 4, PROCESS_LOCAL, 9921 bytes) 
26/08/14 01:09:57 INFO TaskSetManager: Starting task 5.0 in stage 35.0 (TID 104) (172.26.0.12, executor 0, partition 5, PROCESS_LOCAL, 9921 bytes) 
26/08/14 01:09:57 INFO BlockManagerInfo: Added broadcast_34_piece0 in memory on 172.26.0.13:45679 (size: 24.2 KiB, free: 412.8 MiB)
26/08/14 01:09:57 INFO BlockManagerInfo: Added broadcast_34_piece0 in memory on 172.26.0.12:41357 (size: 24.2 KiB, free: 412.8 MiB)
26/08/14 01:09:57 INFO TaskSetManager: Finished task 4.0 in stage 35.0 (TID 103) in 58 ms on 172.26.0.13 (executor 1) (1/6)
26/08/14 01:09:57 INFO TaskSetManager: Finished task 0.0 in stage 35.0 (TID 100) in 62 ms on 172.26.0.12 (executor 0) (2/6)
26/08/14 01:09:57 INFO TaskSetManager: Finished task 2.0 in stage 35.0 (TID 99) in 62 ms on 172.26.0.13 (executor 1) (3/6)
26/08/14 01:09:57 INFO TaskSetManager: Finished task 3.0 in stage 35.0 (TID 101) in 62 ms on 172.26.0.13 (executor 1) (4/6)
26/08/14 01:09:57 INFO TaskSetManager: Finished task 1.0 in stage 35.0 (TID 102) in 74 ms on 172.26.0.12 (executor 0) (5/6)
26/08/14 01:09:57 INFO TaskSetManager: Finished task 5.0 in stage 35.0 (TID 104) in 73 ms on 172.26.0.12 (executor 0) (6/6)
26/08/14 01:09:57 INFO TaskSchedulerImpl: Removed TaskSet 35.0, whose tasks have all completed, from pool 
26/08/14 01:09:57 INFO DAGScheduler: ShuffleMapStage 35 (count at <unknown>:0) finished in 0.087 s
26/08/14 01:09:57 INFO DAGScheduler: looking for newly runnable stages
26/08/14 01:09:57 INFO DAGScheduler: running: Set()
26/08/14 01:09:57 INFO DAGScheduler: waiting: Set(ResultStage 36)
26/08/14 01:09:57 INFO DAGScheduler: failed: Set()
26/08/14 01:09:57 INFO DAGScheduler: Submitting ResultStage 36 (MapPartitionsRDD[242] at count at <unknown>:0), which has no missing parents
26/08/14 01:09:57 INFO MemoryStore: Block broadcast_35 stored as values in memory (estimated size 12.5 KiB, free 191.0 MiB)
26/08/14 01:09:57 INFO MemoryStore: Block broadcast_35_piece0 stored as bytes in memory (estimated size 5.9 KiB, free 191.0 MiB)
26/08/14 01:09:57 INFO BlockManagerInfo: Added broadcast_35_piece0 in memory on spark-driver:43685 (size: 5.9 KiB, free: 191.2 MiB)
26/08/14 01:09:57 INFO SparkContext: Created broadcast 35 from broadcast at DAGScheduler.scala:1585
26/08/14 01:09:57 INFO DAGScheduler: Submitting 1 missing tasks from ResultStage 36 (MapPartitionsRDD[242] at count at <unknown>:0) (first 15 tasks are for partitions Vector(0))
26/08/14 01:09:57 INFO TaskSchedulerImpl: Adding task set 36.0 with 1 tasks resource profile 0
26/08/14 01:09:57 INFO TaskSetManager: Starting task 0.0 in stage 36.0 (TID 105) (172.26.0.12, executor 0, partition 0, NODE_LOCAL, 9003 bytes) 
26/08/14 01:09:57 INFO BlockManagerInfo: Removed broadcast_33_piece0 on spark-driver:43685 in memory (size: 5.9 KiB, free: 191.2 MiB)
26/08/14 01:09:57 INFO BlockManagerInfo: Removed broadcast_33_piece0 on 172.26.0.12:41357 in memory (size: 5.9 KiB, free: 412.8 MiB)
26/08/14 01:09:57 INFO BlockManagerInfo: Removed broadcast_32_piece0 on spark-driver:43685 in memory (size: 24.1 KiB, free: 191.2 MiB)
26/08/14 01:09:57 INFO BlockManagerInfo: Removed broadcast_32_piece0 on 172.26.0.12:41357 in memory (size: 24.1 KiB, free: 412.9 MiB)
26/08/14 01:09:57 INFO BlockManagerInfo: Removed broadcast_32_piece0 on 172.26.0.13:45679 in memory (size: 24.1 KiB, free: 412.9 MiB)
26/08/14 01:09:57 INFO BlockManagerInfo: Added broadcast_35_piece0 in memory on 172.26.0.12:41357 (size: 5.9 KiB, free: 412.9 MiB)
26/08/14 01:09:57 INFO MapOutputTrackerMasterEndpoint: Asked to send map output locations for shuffle 16 to 172.26.0.12:44092
26/08/14 01:09:57 INFO TaskSetManager: Finished task 0.0 in stage 36.0 (TID 105) in 48 ms on 172.26.0.12 (executor 0) (1/1)
26/08/14 01:09:57 INFO TaskSchedulerImpl: Removed TaskSet 36.0, whose tasks have all completed, from pool 
26/08/14 01:09:57 INFO DAGScheduler: ResultStage 36 (count at <unknown>:0) finished in 0.076 s
26/08/14 01:09:57 INFO DAGScheduler: Job 19 is finished. Cancelling potential speculative or zombie tasks for this job
26/08/14 01:09:57 INFO TaskSchedulerImpl: Killing all running tasks in stage 36: Stage finished
26/08/14 01:09:57 INFO DAGScheduler: Job 19 finished: count at <unknown>:0, took 0.173306 s
26/08/14 01:09:57 INFO CodeGenerator: Code generated in 12.3685 ms
26/08/14 01:09:57 INFO DefaultCachedBatchSerializer: Predicate isnotnull(event_time#89-T120000ms) generates partition filter: ((event_time.count#12271 - event_time.nullCount#12270) > 0)
26/08/14 01:09:57 INFO DefaultCachedBatchSerializer: Predicate (event_time#89-T120000ms < 2026-08-14 01:07:51.623) generates partition filter: (event_time.lowerBound#12269 < 2026-08-14 01:07:51.623)
26/08/14 01:09:57 INFO SparkContext: Starting job: count at <unknown>:0
26/08/14 01:09:57 INFO DAGScheduler: Registering RDD 247 (count at <unknown>:0) as input to shuffle 17
26/08/14 01:09:57 INFO DAGScheduler: Got job 20 (count at <unknown>:0) with 1 output partitions
26/08/14 01:09:57 INFO DAGScheduler: Final stage: ResultStage 38 (count at <unknown>:0)
26/08/14 01:09:57 INFO DAGScheduler: Parents of final stage: List(ShuffleMapStage 37)
26/08/14 01:09:57 INFO DAGScheduler: Missing parents: List(ShuffleMapStage 37)
26/08/14 01:09:57 INFO DAGScheduler: Submitting ShuffleMapStage 37 (MapPartitionsRDD[247] at count at <unknown>:0), which has no missing parents
26/08/14 01:09:57 INFO MemoryStore: Block broadcast_36 stored as values in memory (estimated size 67.2 KiB, free 191.0 MiB)
26/08/14 01:09:57 INFO MemoryStore: Block broadcast_36_piece0 stored as bytes in memory (estimated size 25.6 KiB, free 191.0 MiB)
26/08/14 01:09:57 INFO BlockManagerInfo: Added broadcast_36_piece0 in memory on spark-driver:43685 (size: 25.6 KiB, free: 191.2 MiB)
26/08/14 01:09:57 INFO SparkContext: Created broadcast 36 from broadcast at DAGScheduler.scala:1585
26/08/14 01:09:57 INFO DAGScheduler: Submitting 6 missing tasks from ShuffleMapStage 37 (MapPartitionsRDD[247] at count at <unknown>:0) (first 15 tasks are for partitions Vector(0, 1, 2, 3, 4, 5))
26/08/14 01:09:57 INFO TaskSchedulerImpl: Adding task set 37.0 with 6 tasks resource profile 0
26/08/14 01:09:57 INFO TaskSetManager: Starting task 2.0 in stage 37.0 (TID 106) (172.26.0.13, executor 1, partition 2, PROCESS_LOCAL, 9921 bytes) 
26/08/14 01:09:57 INFO TaskSetManager: Starting task 0.0 in stage 37.0 (TID 107) (172.26.0.12, executor 0, partition 0, PROCESS_LOCAL, 9921 bytes) 
26/08/14 01:09:57 INFO TaskSetManager: Starting task 3.0 in stage 37.0 (TID 108) (172.26.0.13, executor 1, partition 3, PROCESS_LOCAL, 9921 bytes) 
26/08/14 01:09:57 INFO TaskSetManager: Starting task 1.0 in stage 37.0 (TID 109) (172.26.0.12, executor 0, partition 1, PROCESS_LOCAL, 9921 bytes) 
26/08/14 01:09:57 INFO TaskSetManager: Starting task 4.0 in stage 37.0 (TID 110) (172.26.0.13, executor 1, partition 4, PROCESS_LOCAL, 9921 bytes) 
26/08/14 01:09:57 INFO TaskSetManager: Starting task 5.0 in stage 37.0 (TID 111) (172.26.0.12, executor 0, partition 5, PROCESS_LOCAL, 9921 bytes) 
26/08/14 01:09:57 INFO BlockManagerInfo: Added broadcast_36_piece0 in memory on 172.26.0.13:45679 (size: 25.6 KiB, free: 412.8 MiB)
26/08/14 01:09:57 INFO BlockManagerInfo: Added broadcast_36_piece0 in memory on 172.26.0.12:41357 (size: 25.6 KiB, free: 412.8 MiB)
26/08/14 01:09:57 INFO TaskSetManager: Finished task 4.0 in stage 37.0 (TID 110) in 60 ms on 172.26.0.13 (executor 1) (1/6)
26/08/14 01:09:57 INFO TaskSetManager: Finished task 3.0 in stage 37.0 (TID 108) in 80 ms on 172.26.0.13 (executor 1) (2/6)
26/08/14 01:09:57 INFO TaskSetManager: Finished task 2.0 in stage 37.0 (TID 106) in 86 ms on 172.26.0.13 (executor 1) (3/6)
26/08/14 01:09:57 INFO TaskSetManager: Finished task 0.0 in stage 37.0 (TID 107) in 133 ms on 172.26.0.12 (executor 0) (4/6)
26/08/14 01:09:57 INFO TaskSetManager: Finished task 5.0 in stage 37.0 (TID 111) in 139 ms on 172.26.0.12 (executor 0) (5/6)
26/08/14 01:09:57 INFO TaskSetManager: Finished task 1.0 in stage 37.0 (TID 109) in 141 ms on 172.26.0.12 (executor 0) (6/6)
26/08/14 01:09:57 INFO TaskSchedulerImpl: Removed TaskSet 37.0, whose tasks have all completed, from pool 
26/08/14 01:09:57 INFO DAGScheduler: ShuffleMapStage 37 (count at <unknown>:0) finished in 0.163 s
26/08/14 01:09:57 INFO DAGScheduler: looking for newly runnable stages
26/08/14 01:09:57 INFO DAGScheduler: running: Set()
26/08/14 01:09:57 INFO DAGScheduler: waiting: Set(ResultStage 38)
26/08/14 01:09:57 INFO DAGScheduler: failed: Set()
26/08/14 01:09:57 INFO DAGScheduler: Submitting ResultStage 38 (MapPartitionsRDD[250] at count at <unknown>:0), which has no missing parents
26/08/14 01:09:57 INFO MemoryStore: Block broadcast_37 stored as values in memory (estimated size 12.5 KiB, free 191.0 MiB)
26/08/14 01:09:57 INFO MemoryStore: Block broadcast_37_piece0 stored as bytes in memory (estimated size 5.9 KiB, free 191.0 MiB)
26/08/14 01:09:57 INFO BlockManagerInfo: Added broadcast_37_piece0 in memory on spark-driver:43685 (size: 5.9 KiB, free: 191.2 MiB)
26/08/14 01:09:57 INFO SparkContext: Created broadcast 37 from broadcast at DAGScheduler.scala:1585
26/08/14 01:09:57 INFO DAGScheduler: Submitting 1 missing tasks from ResultStage 38 (MapPartitionsRDD[250] at count at <unknown>:0) (first 15 tasks are for partitions Vector(0))
26/08/14 01:09:57 INFO TaskSchedulerImpl: Adding task set 38.0 with 1 tasks resource profile 0
26/08/14 01:09:57 INFO TaskSetManager: Starting task 0.0 in stage 38.0 (TID 112) (172.26.0.12, executor 0, partition 0, NODE_LOCAL, 9003 bytes) 
26/08/14 01:09:57 INFO BlockManagerInfo: Removed broadcast_35_piece0 on spark-driver:43685 in memory (size: 5.9 KiB, free: 191.2 MiB)
26/08/14 01:09:57 INFO BlockManagerInfo: Removed broadcast_35_piece0 on 172.26.0.12:41357 in memory (size: 5.9 KiB, free: 412.8 MiB)
26/08/14 01:09:57 INFO BlockManagerInfo: Added broadcast_37_piece0 in memory on 172.26.0.12:41357 (size: 5.9 KiB, free: 412.8 MiB)
26/08/14 01:09:57 INFO BlockManagerInfo: Removed broadcast_34_piece0 on spark-driver:43685 in memory (size: 24.2 KiB, free: 191.2 MiB)
26/08/14 01:09:57 INFO BlockManagerInfo: Removed broadcast_34_piece0 on 172.26.0.13:45679 in memory (size: 24.2 KiB, free: 412.9 MiB)
26/08/14 01:09:57 INFO MapOutputTrackerMasterEndpoint: Asked to send map output locations for shuffle 17 to 172.26.0.12:44092
26/08/14 01:09:57 INFO BlockManagerInfo: Removed broadcast_34_piece0 on 172.26.0.12:41357 in memory (size: 24.2 KiB, free: 412.9 MiB)
26/08/14 01:09:57 INFO BlockManagerInfo: Removed broadcast_36_piece0 on spark-driver:43685 in memory (size: 25.6 KiB, free: 191.2 MiB)
26/08/14 01:09:57 INFO BlockManagerInfo: Removed broadcast_36_piece0 on 172.26.0.12:41357 in memory (size: 25.6 KiB, free: 412.9 MiB)
26/08/14 01:09:57 INFO BlockManagerInfo: Removed broadcast_36_piece0 on 172.26.0.13:45679 in memory (size: 25.6 KiB, free: 412.9 MiB)
26/08/14 01:09:57 INFO TaskSetManager: Finished task 0.0 in stage 38.0 (TID 112) in 79 ms on 172.26.0.12 (executor 0) (1/1)
26/08/14 01:09:57 INFO TaskSchedulerImpl: Removed TaskSet 38.0, whose tasks have all completed, from pool 
26/08/14 01:09:57 INFO DAGScheduler: ResultStage 38 (count at <unknown>:0) finished in 0.087 s
26/08/14 01:09:57 INFO DAGScheduler: Job 20 is finished. Cancelling potential speculative or zombie tasks for this job
26/08/14 01:09:57 INFO TaskSchedulerImpl: Killing all running tasks in stage 38: Stage finished
26/08/14 01:09:57 INFO DAGScheduler: Job 20 finished: count at <unknown>:0, took 0.263176 s
26/08/14 01:09:57 INFO DefaultCachedBatchSerializer: Predicate isnotnull(kind#12828) generates partition filter: ((kind.count#12897 - kind.nullCount#12896) > 0)
26/08/14 01:09:57 INFO DefaultCachedBatchSerializer: Predicate (kind#12828 = stats) generates partition filter: ((kind.lowerBound#12895 <= stats) AND (stats <= kind.upperBound#12894))
26/08/14 01:09:57 INFO SparkContext: Starting job: call at /opt/spark/python/lib/py4j-0.10.9.7-src.zip/py4j/clientserver.py:617
26/08/14 01:09:57 INFO DAGScheduler: Got job 21 (call at /opt/spark/python/lib/py4j-0.10.9.7-src.zip/py4j/clientserver.py:617) with 6 output partitions
26/08/14 01:09:57 INFO DAGScheduler: Final stage: ResultStage 39 (call at /opt/spark/python/lib/py4j-0.10.9.7-src.zip/py4j/clientserver.py:617)
26/08/14 01:09:57 INFO DAGScheduler: Parents of final stage: List()
26/08/14 01:09:57 INFO DAGScheduler: Missing parents: List()
26/08/14 01:09:57 INFO DAGScheduler: Submitting ResultStage 39 (MapPartitionsRDD[269] at call at /opt/spark/python/lib/py4j-0.10.9.7-src.zip/py4j/clientserver.py:617), which has no missing parents
26/08/14 01:09:57 INFO MemoryStore: Block broadcast_38 stored as values in memory (estimated size 90.0 KiB, free 191.1 MiB)
26/08/14 01:09:57 INFO MemoryStore: Block broadcast_38_piece0 stored as bytes in memory (estimated size 34.0 KiB, free 191.1 MiB)
26/08/14 01:09:57 INFO BlockManagerInfo: Added broadcast_38_piece0 in memory on spark-driver:43685 (size: 34.0 KiB, free: 191.2 MiB)
26/08/14 01:09:57 INFO SparkContext: Created broadcast 38 from broadcast at DAGScheduler.scala:1585
26/08/14 01:09:57 INFO DAGScheduler: Submitting 6 missing tasks from ResultStage 39 (MapPartitionsRDD[269] at call at /opt/spark/python/lib/py4j-0.10.9.7-src.zip/py4j/clientserver.py:617) (first 15 tasks are for partitions Vector(0, 1, 2, 3, 4, 5))
26/08/14 01:09:57 INFO TaskSchedulerImpl: Adding task set 39.0 with 6 tasks resource profile 0
26/08/14 01:09:57 INFO TaskSetManager: Starting task 2.0 in stage 39.0 (TID 113) (172.26.0.13, executor 1, partition 2, PROCESS_LOCAL, 9932 bytes) 
26/08/14 01:09:57 INFO TaskSetManager: Starting task 0.0 in stage 39.0 (TID 114) (172.26.0.12, executor 0, partition 0, PROCESS_LOCAL, 9932 bytes) 
26/08/14 01:09:57 INFO TaskSetManager: Starting task 3.0 in stage 39.0 (TID 115) (172.26.0.13, executor 1, partition 3, PROCESS_LOCAL, 9932 bytes) 
26/08/14 01:09:57 INFO TaskSetManager: Starting task 1.0 in stage 39.0 (TID 116) (172.26.0.12, executor 0, partition 1, PROCESS_LOCAL, 9932 bytes) 
26/08/14 01:09:57 INFO TaskSetManager: Starting task 4.0 in stage 39.0 (TID 117) (172.26.0.13, executor 1, partition 4, PROCESS_LOCAL, 9932 bytes) 
26/08/14 01:09:57 INFO TaskSetManager: Starting task 5.0 in stage 39.0 (TID 118) (172.26.0.12, executor 0, partition 5, PROCESS_LOCAL, 9932 bytes) 
26/08/14 01:09:57 INFO BlockManagerInfo: Added broadcast_38_piece0 in memory on 172.26.0.13:45679 (size: 34.0 KiB, free: 412.8 MiB)
26/08/14 01:09:57 INFO BlockManagerInfo: Added broadcast_38_piece0 in memory on 172.26.0.12:41357 (size: 34.0 KiB, free: 412.8 MiB)
26/08/14 01:10:00 INFO BlockManagerInfo: Added rdd_264_3 in memory on 172.26.0.13:45679 (size: 1808.0 B, free: 412.8 MiB)
26/08/14 01:10:00 INFO BlockManagerInfo: Added rdd_264_2 in memory on 172.26.0.13:45679 (size: 1808.0 B, free: 412.8 MiB)
26/08/14 01:10:00 INFO BlockManagerInfo: Added rdd_264_4 in memory on 172.26.0.13:45679 (size: 1808.0 B, free: 412.8 MiB)
26/08/14 01:10:00 INFO BlockManagerInfo: Added rdd_264_5 in memory on 172.26.0.12:41357 (size: 1808.0 B, free: 412.8 MiB)
26/08/14 01:10:00 INFO BlockManagerInfo: Added rdd_264_1 in memory on 172.26.0.12:41357 (size: 1808.0 B, free: 412.8 MiB)
26/08/14 01:10:00 INFO TaskSetManager: Finished task 4.0 in stage 39.0 (TID 117) in 3037 ms on 172.26.0.13 (executor 1) (1/6)
26/08/14 01:10:00 INFO TaskSetManager: Finished task 2.0 in stage 39.0 (TID 113) in 3041 ms on 172.26.0.13 (executor 1) (2/6)
26/08/14 01:10:00 INFO TaskSetManager: Finished task 3.0 in stage 39.0 (TID 115) in 3041 ms on 172.26.0.13 (executor 1) (3/6)
26/08/14 01:10:00 INFO TaskSetManager: Finished task 1.0 in stage 39.0 (TID 116) in 3041 ms on 172.26.0.12 (executor 0) (4/6)
26/08/14 01:10:00 INFO TaskSetManager: Finished task 5.0 in stage 39.0 (TID 118) in 3049 ms on 172.26.0.12 (executor 0) (5/6)
26/08/14 01:10:00 INFO BlockManagerInfo: Added rdd_264_0 in memory on 172.26.0.12:41357 (size: 1808.0 B, free: 412.8 MiB)
26/08/14 01:10:00 INFO TaskSetManager: Finished task 0.0 in stage 39.0 (TID 114) in 3095 ms on 172.26.0.12 (executor 0) (6/6)
26/08/14 01:10:00 INFO TaskSchedulerImpl: Removed TaskSet 39.0, whose tasks have all completed, from pool 
26/08/14 01:10:00 INFO DAGScheduler: ResultStage 39 (call at /opt/spark/python/lib/py4j-0.10.9.7-src.zip/py4j/clientserver.py:617) finished in 3.103 s
26/08/14 01:10:00 INFO DAGScheduler: Job 21 is finished. Cancelling potential speculative or zombie tasks for this job
26/08/14 01:10:00 INFO TaskSchedulerImpl: Killing all running tasks in stage 39: Stage finished
26/08/14 01:10:00 INFO DAGScheduler: Job 21 finished: call at /opt/spark/python/lib/py4j-0.10.9.7-src.zip/py4j/clientserver.py:617, took 3.110550 s
26/08/14 01:10:00 INFO DefaultCachedBatchSerializer: Predicate isnotnull(kind#12828) generates partition filter: ((kind.count#12980 - kind.nullCount#12979) > 0)
26/08/14 01:10:00 INFO DefaultCachedBatchSerializer: Predicate (kind#12828 = dlq) generates partition filter: ((kind.lowerBound#12978 <= dlq) AND (dlq <= kind.upperBound#12977))
26/08/14 01:10:00 INFO BlockManagerInfo: Removed broadcast_37_piece0 on 172.26.0.12:41357 in memory (size: 5.9 KiB, free: 412.8 MiB)
26/08/14 01:10:00 INFO SparkContext: Starting job: count at <unknown>:0
26/08/14 01:10:00 INFO BlockManagerInfo: Removed broadcast_37_piece0 on spark-driver:43685 in memory (size: 5.9 KiB, free: 191.2 MiB)
26/08/14 01:10:00 INFO DAGScheduler: Registering RDD 274 (count at <unknown>:0) as input to shuffle 18
26/08/14 01:10:00 INFO DAGScheduler: Got job 22 (count at <unknown>:0) with 1 output partitions
26/08/14 01:10:00 INFO DAGScheduler: Final stage: ResultStage 41 (count at <unknown>:0)
26/08/14 01:10:00 INFO DAGScheduler: Parents of final stage: List(ShuffleMapStage 40)
26/08/14 01:10:00 INFO DAGScheduler: Missing parents: List(ShuffleMapStage 40)
26/08/14 01:10:00 INFO DAGScheduler: Submitting ShuffleMapStage 40 (MapPartitionsRDD[274] at count at <unknown>:0), which has no missing parents
26/08/14 01:10:00 INFO BlockManagerInfo: Removed broadcast_38_piece0 on 172.26.0.12:41357 in memory (size: 34.0 KiB, free: 412.9 MiB)
26/08/14 01:10:00 INFO BlockManagerInfo: Removed broadcast_38_piece0 on 172.26.0.13:45679 in memory (size: 34.0 KiB, free: 412.9 MiB)
26/08/14 01:10:00 INFO BlockManagerInfo: Removed broadcast_38_piece0 on spark-driver:43685 in memory (size: 34.0 KiB, free: 191.2 MiB)
26/08/14 01:10:00 INFO MemoryStore: Block broadcast_39 stored as values in memory (estimated size 92.2 KiB, free 191.1 MiB)
26/08/14 01:10:00 INFO MemoryStore: Block broadcast_39_piece0 stored as bytes in memory (estimated size 35.3 KiB, free 191.1 MiB)
26/08/14 01:10:00 INFO BlockManagerInfo: Added broadcast_39_piece0 in memory on spark-driver:43685 (size: 35.3 KiB, free: 191.2 MiB)
26/08/14 01:10:00 INFO SparkContext: Created broadcast 39 from broadcast at DAGScheduler.scala:1585
26/08/14 01:10:00 INFO DAGScheduler: Submitting 6 missing tasks from ShuffleMapStage 40 (MapPartitionsRDD[274] at count at <unknown>:0) (first 15 tasks are for partitions Vector(0, 1, 2, 3, 4, 5))
26/08/14 01:10:00 INFO TaskSchedulerImpl: Adding task set 40.0 with 6 tasks resource profile 0
26/08/14 01:10:00 INFO TaskSetManager: Starting task 0.0 in stage 40.0 (TID 119) (172.26.0.12, executor 0, partition 0, PROCESS_LOCAL, 9921 bytes) 
26/08/14 01:10:00 INFO TaskSetManager: Starting task 2.0 in stage 40.0 (TID 120) (172.26.0.13, executor 1, partition 2, PROCESS_LOCAL, 9921 bytes) 
26/08/14 01:10:00 INFO TaskSetManager: Starting task 1.0 in stage 40.0 (TID 121) (172.26.0.12, executor 0, partition 1, PROCESS_LOCAL, 9921 bytes) 
26/08/14 01:10:00 INFO TaskSetManager: Starting task 3.0 in stage 40.0 (TID 122) (172.26.0.13, executor 1, partition 3, PROCESS_LOCAL, 9921 bytes) 
26/08/14 01:10:00 INFO TaskSetManager: Starting task 5.0 in stage 40.0 (TID 123) (172.26.0.12, executor 0, partition 5, PROCESS_LOCAL, 9921 bytes) 
26/08/14 01:10:00 INFO TaskSetManager: Starting task 4.0 in stage 40.0 (TID 124) (172.26.0.13, executor 1, partition 4, PROCESS_LOCAL, 9921 bytes) 
26/08/14 01:10:00 INFO BlockManagerInfo: Added broadcast_39_piece0 in memory on 172.26.0.13:45679 (size: 35.3 KiB, free: 412.8 MiB)
26/08/14 01:10:00 INFO BlockManagerInfo: Added broadcast_39_piece0 in memory on 172.26.0.12:41357 (size: 35.3 KiB, free: 412.8 MiB)
26/08/14 01:10:01 INFO TaskSetManager: Finished task 4.0 in stage 40.0 (TID 124) in 82 ms on 172.26.0.13 (executor 1) (1/6)
26/08/14 01:10:01 INFO TaskSetManager: Finished task 3.0 in stage 40.0 (TID 122) in 92 ms on 172.26.0.13 (executor 1) (2/6)
26/08/14 01:10:01 INFO TaskSetManager: Finished task 2.0 in stage 40.0 (TID 120) in 94 ms on 172.26.0.13 (executor 1) (3/6)
26/08/14 01:10:01 INFO TaskSetManager: Finished task 1.0 in stage 40.0 (TID 121) in 109 ms on 172.26.0.12 (executor 0) (4/6)
26/08/14 01:10:01 INFO TaskSetManager: Finished task 5.0 in stage 40.0 (TID 123) in 108 ms on 172.26.0.12 (executor 0) (5/6)
26/08/14 01:10:01 INFO TaskSetManager: Finished task 0.0 in stage 40.0 (TID 119) in 120 ms on 172.26.0.12 (executor 0) (6/6)
26/08/14 01:10:01 INFO TaskSchedulerImpl: Removed TaskSet 40.0, whose tasks have all completed, from pool 
26/08/14 01:10:01 INFO DAGScheduler: ShuffleMapStage 40 (count at <unknown>:0) finished in 0.173 s
26/08/14 01:10:01 INFO DAGScheduler: looking for newly runnable stages
26/08/14 01:10:01 INFO DAGScheduler: running: Set()
26/08/14 01:10:01 INFO DAGScheduler: waiting: Set(ResultStage 41)
26/08/14 01:10:01 INFO DAGScheduler: failed: Set()
26/08/14 01:10:01 INFO DAGScheduler: Submitting ResultStage 41 (MapPartitionsRDD[277] at count at <unknown>:0), which has no missing parents
26/08/14 01:10:01 INFO MemoryStore: Block broadcast_40 stored as values in memory (estimated size 12.5 KiB, free 191.1 MiB)
26/08/14 01:10:01 INFO MemoryStore: Block broadcast_40_piece0 stored as bytes in memory (estimated size 5.9 KiB, free 191.1 MiB)
26/08/14 01:10:01 INFO BlockManagerInfo: Added broadcast_40_piece0 in memory on spark-driver:43685 (size: 5.9 KiB, free: 191.2 MiB)
26/08/14 01:10:01 INFO SparkContext: Created broadcast 40 from broadcast at DAGScheduler.scala:1585
26/08/14 01:10:01 INFO DAGScheduler: Submitting 1 missing tasks from ResultStage 41 (MapPartitionsRDD[277] at count at <unknown>:0) (first 15 tasks are for partitions Vector(0))
26/08/14 01:10:01 INFO TaskSchedulerImpl: Adding task set 41.0 with 1 tasks resource profile 0
26/08/14 01:10:01 INFO TaskSetManager: Starting task 0.0 in stage 41.0 (TID 125) (172.26.0.13, executor 1, partition 0, NODE_LOCAL, 9003 bytes) 
26/08/14 01:10:01 INFO BlockManagerInfo: Added broadcast_40_piece0 in memory on 172.26.0.13:45679 (size: 5.9 KiB, free: 412.8 MiB)
26/08/14 01:10:01 INFO MapOutputTrackerMasterEndpoint: Asked to send map output locations for shuffle 18 to 172.26.0.13:60160
26/08/14 01:10:01 INFO TaskSetManager: Finished task 0.0 in stage 41.0 (TID 125) in 68 ms on 172.26.0.13 (executor 1) (1/1)
26/08/14 01:10:01 INFO TaskSchedulerImpl: Removed TaskSet 41.0, whose tasks have all completed, from pool 
26/08/14 01:10:01 INFO DAGScheduler: ResultStage 41 (count at <unknown>:0) finished in 0.086 s
26/08/14 01:10:01 INFO DAGScheduler: Job 22 is finished. Cancelling potential speculative or zombie tasks for this job
26/08/14 01:10:01 INFO TaskSchedulerImpl: Killing all running tasks in stage 41: Stage finished
26/08/14 01:10:01 INFO DAGScheduler: Job 22 finished: count at <unknown>:0, took 0.269090 s
26/08/14 01:10:01 INFO MapPartitionsRDD: Removing RDD 264 from persistence list
26/08/14 01:10:01 INFO BlockManager: Removing RDD 264
26/08/14 01:10:01 INFO SparkContext: Starting job: call at /opt/spark/python/lib/py4j-0.10.9.7-src.zip/py4j/clientserver.py:617
26/08/14 01:10:01 INFO DAGScheduler: Registering RDD 282 (call at /opt/spark/python/lib/py4j-0.10.9.7-src.zip/py4j/clientserver.py:617) as input to shuffle 19
26/08/14 01:10:01 INFO DAGScheduler: Got job 23 (call at /opt/spark/python/lib/py4j-0.10.9.7-src.zip/py4j/clientserver.py:617) with 1 output partitions
26/08/14 01:10:01 INFO DAGScheduler: Final stage: ResultStage 43 (call at /opt/spark/python/lib/py4j-0.10.9.7-src.zip/py4j/clientserver.py:617)
26/08/14 01:10:01 INFO DAGScheduler: Parents of final stage: List(ShuffleMapStage 42)
26/08/14 01:10:01 INFO DAGScheduler: Missing parents: List(ShuffleMapStage 42)
26/08/14 01:10:01 INFO DAGScheduler: Submitting ShuffleMapStage 42 (MapPartitionsRDD[282] at call at /opt/spark/python/lib/py4j-0.10.9.7-src.zip/py4j/clientserver.py:617), which has no missing parents
26/08/14 01:10:01 INFO MemoryStore: Block broadcast_41 stored as values in memory (estimated size 66.2 KiB, free 191.0 MiB)
26/08/14 01:10:01 INFO MemoryStore: Block broadcast_41_piece0 stored as bytes in memory (estimated size 24.8 KiB, free 191.0 MiB)
26/08/14 01:10:01 INFO BlockManagerInfo: Added broadcast_41_piece0 in memory on spark-driver:43685 (size: 24.8 KiB, free: 191.1 MiB)
26/08/14 01:10:01 INFO BlockManagerInfo: Removed broadcast_40_piece0 on spark-driver:43685 in memory (size: 5.9 KiB, free: 191.2 MiB)
26/08/14 01:10:01 INFO SparkContext: Created broadcast 41 from broadcast at DAGScheduler.scala:1585
26/08/14 01:10:01 INFO DAGScheduler: Submitting 6 missing tasks from ShuffleMapStage 42 (MapPartitionsRDD[282] at call at /opt/spark/python/lib/py4j-0.10.9.7-src.zip/py4j/clientserver.py:617) (first 15 tasks are for partitions Vector(0, 1, 2, 3, 4, 5))
26/08/14 01:10:01 INFO TaskSchedulerImpl: Adding task set 42.0 with 6 tasks resource profile 0
26/08/14 01:10:01 INFO TaskSetManager: Starting task 2.0 in stage 42.0 (TID 126) (172.26.0.13, executor 1, partition 2, PROCESS_LOCAL, 9921 bytes) 
26/08/14 01:10:01 INFO TaskSetManager: Starting task 0.0 in stage 42.0 (TID 127) (172.26.0.12, executor 0, partition 0, PROCESS_LOCAL, 9921 bytes) 
26/08/14 01:10:01 INFO BlockManagerInfo: Removed broadcast_40_piece0 on 172.26.0.13:45679 in memory (size: 5.9 KiB, free: 412.8 MiB)
26/08/14 01:10:01 INFO TaskSetManager: Starting task 3.0 in stage 42.0 (TID 128) (172.26.0.13, executor 1, partition 3, PROCESS_LOCAL, 9921 bytes) 
26/08/14 01:10:01 INFO TaskSetManager: Starting task 1.0 in stage 42.0 (TID 129) (172.26.0.12, executor 0, partition 1, PROCESS_LOCAL, 9921 bytes) 
26/08/14 01:10:01 INFO TaskSetManager: Starting task 4.0 in stage 42.0 (TID 130) (172.26.0.13, executor 1, partition 4, PROCESS_LOCAL, 9921 bytes) 
26/08/14 01:10:01 INFO TaskSetManager: Starting task 5.0 in stage 42.0 (TID 131) (172.26.0.12, executor 0, partition 5, PROCESS_LOCAL, 9921 bytes) 
26/08/14 01:10:01 INFO BlockManagerInfo: Removed broadcast_39_piece0 on spark-driver:43685 in memory (size: 35.3 KiB, free: 191.2 MiB)
26/08/14 01:10:01 INFO BlockManagerInfo: Removed broadcast_39_piece0 on 172.26.0.12:41357 in memory (size: 35.3 KiB, free: 412.9 MiB)
26/08/14 01:10:01 INFO BlockManagerInfo: Removed broadcast_39_piece0 on 172.26.0.13:45679 in memory (size: 35.3 KiB, free: 412.9 MiB)
26/08/14 01:10:01 INFO BlockManagerInfo: Added broadcast_41_piece0 in memory on 172.26.0.12:41357 (size: 24.8 KiB, free: 412.9 MiB)
26/08/14 01:10:01 INFO BlockManagerInfo: Added broadcast_41_piece0 in memory on 172.26.0.13:45679 (size: 24.8 KiB, free: 412.9 MiB)
26/08/14 01:10:01 INFO TaskSetManager: Finished task 3.0 in stage 42.0 (TID 128) in 51 ms on 172.26.0.13 (executor 1) (1/6)
26/08/14 01:10:01 INFO TaskSetManager: Finished task 2.0 in stage 42.0 (TID 126) in 59 ms on 172.26.0.13 (executor 1) (2/6)
26/08/14 01:10:01 INFO TaskSetManager: Finished task 4.0 in stage 42.0 (TID 130) in 65 ms on 172.26.0.13 (executor 1) (3/6)
26/08/14 01:10:01 INFO TaskSetManager: Finished task 1.0 in stage 42.0 (TID 129) in 68 ms on 172.26.0.12 (executor 0) (4/6)
26/08/14 01:10:01 INFO TaskSetManager: Finished task 5.0 in stage 42.0 (TID 131) in 77 ms on 172.26.0.12 (executor 0) (5/6)
26/08/14 01:10:01 INFO TaskSetManager: Finished task 0.0 in stage 42.0 (TID 127) in 78 ms on 172.26.0.12 (executor 0) (6/6)
26/08/14 01:10:01 INFO TaskSchedulerImpl: Removed TaskSet 42.0, whose tasks have all completed, from pool 
26/08/14 01:10:01 INFO DAGScheduler: ShuffleMapStage 42 (call at /opt/spark/python/lib/py4j-0.10.9.7-src.zip/py4j/clientserver.py:617) finished in 0.093 s
26/08/14 01:10:01 INFO DAGScheduler: looking for newly runnable stages
26/08/14 01:10:01 INFO DAGScheduler: running: Set()
26/08/14 01:10:01 INFO DAGScheduler: waiting: Set(ResultStage 43)
26/08/14 01:10:01 INFO DAGScheduler: failed: Set()
26/08/14 01:10:01 INFO DAGScheduler: Submitting ResultStage 43 (MapPartitionsRDD[285] at call at /opt/spark/python/lib/py4j-0.10.9.7-src.zip/py4j/clientserver.py:617), which has no missing parents
26/08/14 01:10:01 INFO MemoryStore: Block broadcast_42 stored as values in memory (estimated size 13.1 KiB, free 191.1 MiB)
26/08/14 01:10:01 INFO MemoryStore: Block broadcast_42_piece0 stored as bytes in memory (estimated size 6.2 KiB, free 191.1 MiB)
26/08/14 01:10:01 INFO BlockManagerInfo: Added broadcast_42_piece0 in memory on spark-driver:43685 (size: 6.2 KiB, free: 191.2 MiB)
26/08/14 01:10:01 INFO SparkContext: Created broadcast 42 from broadcast at DAGScheduler.scala:1585
26/08/14 01:10:01 INFO DAGScheduler: Submitting 1 missing tasks from ResultStage 43 (MapPartitionsRDD[285] at call at /opt/spark/python/lib/py4j-0.10.9.7-src.zip/py4j/clientserver.py:617) (first 15 tasks are for partitions Vector(0))
26/08/14 01:10:01 INFO TaskSchedulerImpl: Adding task set 43.0 with 1 tasks resource profile 0
26/08/14 01:10:01 INFO TaskSetManager: Starting task 0.0 in stage 43.0 (TID 132) (172.26.0.13, executor 1, partition 0, NODE_LOCAL, 9003 bytes) 
26/08/14 01:10:01 INFO BlockManagerInfo: Added broadcast_42_piece0 in memory on 172.26.0.13:45679 (size: 6.2 KiB, free: 412.9 MiB)
26/08/14 01:10:01 INFO MapOutputTrackerMasterEndpoint: Asked to send map output locations for shuffle 19 to 172.26.0.13:60160
26/08/14 01:10:01 INFO TaskSetManager: Finished task 0.0 in stage 43.0 (TID 132) in 39 ms on 172.26.0.13 (executor 1) (1/1)
26/08/14 01:10:01 INFO TaskSchedulerImpl: Removed TaskSet 43.0, whose tasks have all completed, from pool 
26/08/14 01:10:01 INFO DAGScheduler: ResultStage 43 (call at /opt/spark/python/lib/py4j-0.10.9.7-src.zip/py4j/clientserver.py:617) finished in 0.046 s
26/08/14 01:10:01 INFO DAGScheduler: Job 23 is finished. Cancelling potential speculative or zombie tasks for this job
26/08/14 01:10:01 INFO TaskSchedulerImpl: Killing all running tasks in stage 43: Stage finished
26/08/14 01:10:01 INFO DAGScheduler: Job 23 finished: call at /opt/spark/python/lib/py4j-0.10.9.7-src.zip/py4j/clientserver.py:617, took 0.147215 s
26/08/14 01:10:01 INFO MapPartitionsRDD: Removing RDD 226 from persistence list
26/08/14 01:10:01 INFO BlockManager: Removing RDD 226
26/08/14 01:10:01 INFO WatermarkTracker: Updating event-time watermark from 1786669671623 to 1786669675878 ms
26/08/14 01:10:01 INFO CheckpointFileManager: Writing atomically to file:/opt/checkpoints/trips/commits/4 using temp file file:/opt/checkpoints/trips/commits/.4.f5679d1f-2d48-4b6e-8c9d-05a4550cd7a7.tmp
26/08/14 01:10:01 INFO CheckpointFileManager: Renamed temp file file:/opt/checkpoints/trips/commits/.4.f5679d1f-2d48-4b6e-8c9d-05a4550cd7a7.tmp to file:/opt/checkpoints/trips/commits/4
26/08/14 01:10:01 INFO MicroBatchExecution: Streaming query made progress: {
  "id" : "f7681659-f9bd-49e2-8911-7d6cbe059482",
  "runId" : "326f406e-960d-4e0e-955f-42c6122dae1b",
  "name" : "trips-ingest-ab2_ab_with_backoff_3",
  "timestamp" : "2026-08-14T01:09:56.028Z",
  "batchId" : 4,
  "numInputRows" : 3444,
  "inputRowsPerSecond" : 800.9302325581396,
  "processedRowsPerSecond" : 641.2213740458014,
  "durationMs" : {
    "addBatch" : 5262,
    "commitOffsets" : 31,
    "getBatch" : 0,
    "latestOffset" : 17,
    "queryPlanning" : 21,
    "triggerExecution" : 5371,
    "walCommit" : 33
  },
  "eventTime" : {
    "avg" : "2026-08-14T01:09:52.329Z",
    "max" : "2026-08-14T01:09:55.878Z",
    "min" : "2026-08-14T01:09:48.788Z",
    "watermark" : "2026-08-14T01:07:51.623Z"
  },
  "stateOperators" : [ ],
  "sources" : [ {
    "description" : "KafkaV2[Subscribe[trips.raw]]",
    "startOffset" : {
      "trips.raw" : {
        "2" : 343415,
        "5" : 341659,
        "4" : 343283,
        "1" : 343168,
        "3" : 342539,
        "0" : 343271
      }
    },
    "endOffset" : {
      "trips.raw" : {
        "2" : 344017,
        "5" : 342236,
        "4" : 343846,
        "1" : 343779,
        "3" : 343074,
        "0" : 343827
      }
    },
    "latestOffset" : {
      "trips.raw" : {
        "2" : 344017,
        "5" : 342236,
        "4" : 343846,
        "1" : 343779,
        "3" : 343074,
        "0" : 343827
      }
    },
    "numInputRows" : 3444,
    "inputRowsPerSecond" : 800.9302325581396,
    "processedRowsPerSecond" : 641.2213740458014,
    "metrics" : {
      "avgOffsetsBehindLatest" : "0.0",
      "maxOffsetsBehindLatest" : "0",
      "minOffsetsBehindLatest" : "0"
    }
  } ],
  "sink" : {
    "description" : "ForeachBatchSink",
    "numOutputRows" : -1
  }
}
26/08/14 01:10:01 INFO CheckpointFileManager: Writing atomically to file:/opt/checkpoints/trips/offsets/5 using temp file file:/opt/checkpoints/trips/offsets/.5.b2ed23ac-117a-4caa-9ffe-49d34f54d9d7.tmp
26/08/14 01:10:01 INFO CheckpointFileManager: Renamed temp file file:/opt/checkpoints/trips/offsets/.5.b2ed23ac-117a-4caa-9ffe-49d34f54d9d7.tmp to file:/opt/checkpoints/trips/offsets/5
26/08/14 01:10:01 INFO MicroBatchExecution: Committed offsets for batch 5. Metadata OffsetSeqMetadata(1786669675878,1786669801407,Map(spark.sql.streaming.stateStore.providerClass -> org.apache.spark.sql.execution.streaming.state.HDFSBackedStateStoreProvider, spark.sql.streaming.join.stateFormatVersion -> 2, spark.sql.streaming.stateStore.compression.codec -> lz4, spark.sql.streaming.stateStore.rocksdb.formatVersion -> 5, spark.sql.streaming.statefulOperator.useStrictDistribution -> true, spark.sql.streaming.flatMapGroupsWithState.stateFormatVersion -> 2, spark.sql.streaming.multipleWatermarkPolicy -> min, spark.sql.streaming.aggregation.stateFormatVersion -> 2, spark.sql.shuffle.partitions -> 6))
26/08/14 01:10:01 INFO KafkaOffsetReaderAdmin: Partitions added: Map()
26/08/14 01:10:01 INFO KafkaOffsetReaderAdmin: Partitions added: Map()
26/08/14 01:10:01 INFO KafkaOffsetReaderAdmin: Partitions added: Map()
26/08/14 01:10:01 INFO KafkaOffsetReaderAdmin: Partitions added: Map()
2026-08-14 01:10:01,483 INFO  [stream] Received command c on object id p0
26/08/14 01:10:01 INFO BlockManagerInfo: Removed broadcast_41_piece0 on spark-driver:43685 in memory (size: 24.8 KiB, free: 191.2 MiB)
26/08/14 01:10:01 INFO BlockManagerInfo: Removed broadcast_41_piece0 on 172.26.0.13:45679 in memory (size: 24.8 KiB, free: 413.9 MiB)
26/08/14 01:10:01 INFO BlockManagerInfo: Removed broadcast_41_piece0 on 172.26.0.12:41357 in memory (size: 24.8 KiB, free: 413.9 MiB)
26/08/14 01:10:01 INFO BlockManagerInfo: Removed broadcast_42_piece0 on spark-driver:43685 in memory (size: 6.2 KiB, free: 191.2 MiB)
26/08/14 01:10:01 INFO BlockManagerInfo: Removed broadcast_42_piece0 on 172.26.0.13:45679 in memory (size: 6.2 KiB, free: 413.9 MiB)
26/08/14 01:10:01 INFO SparkContext: Starting job: count at <unknown>:0
26/08/14 01:10:01 INFO DAGScheduler: Registering RDD 300 (count at <unknown>:0) as input to shuffle 20
26/08/14 01:10:01 INFO DAGScheduler: Got job 24 (count at <unknown>:0) with 1 output partitions
26/08/14 01:10:01 INFO DAGScheduler: Final stage: ResultStage 45 (count at <unknown>:0)
26/08/14 01:10:01 INFO DAGScheduler: Parents of final stage: List(ShuffleMapStage 44)
26/08/14 01:10:01 INFO DAGScheduler: Missing parents: List(ShuffleMapStage 44)
26/08/14 01:10:01 INFO DAGScheduler: Submitting ShuffleMapStage 44 (MapPartitionsRDD[300] at count at <unknown>:0), which has no missing parents
26/08/14 01:10:01 INFO MemoryStore: Block broadcast_43 stored as values in memory (estimated size 64.6 KiB, free 191.1 MiB)
26/08/14 01:10:01 INFO MemoryStore: Block broadcast_43_piece0 stored as bytes in memory (estimated size 24.0 KiB, free 191.1 MiB)
26/08/14 01:10:01 INFO BlockManagerInfo: Added broadcast_43_piece0 in memory on spark-driver:43685 (size: 24.0 KiB, free: 191.2 MiB)
26/08/14 01:10:01 INFO SparkContext: Created broadcast 43 from broadcast at DAGScheduler.scala:1585
26/08/14 01:10:01 INFO DAGScheduler: Submitting 6 missing tasks from ShuffleMapStage 44 (MapPartitionsRDD[300] at count at <unknown>:0) (first 15 tasks are for partitions Vector(0, 1, 2, 3, 4, 5))
26/08/14 01:10:01 INFO TaskSchedulerImpl: Adding task set 44.0 with 6 tasks resource profile 0
26/08/14 01:10:01 INFO TaskSetManager: Starting task 2.0 in stage 44.0 (TID 133) (172.26.0.13, executor 1, partition 2, PROCESS_LOCAL, 9921 bytes) 
26/08/14 01:10:01 INFO TaskSetManager: Starting task 0.0 in stage 44.0 (TID 134) (172.26.0.12, executor 0, partition 0, PROCESS_LOCAL, 9921 bytes) 
26/08/14 01:10:01 INFO TaskSetManager: Starting task 3.0 in stage 44.0 (TID 135) (172.26.0.13, executor 1, partition 3, PROCESS_LOCAL, 9921 bytes) 
26/08/14 01:10:01 INFO TaskSetManager: Starting task 1.0 in stage 44.0 (TID 136) (172.26.0.12, executor 0, partition 1, PROCESS_LOCAL, 9921 bytes) 
26/08/14 01:10:01 INFO TaskSetManager: Starting task 4.0 in stage 44.0 (TID 137) (172.26.0.13, executor 1, partition 4, PROCESS_LOCAL, 9921 bytes) 
26/08/14 01:10:01 INFO TaskSetManager: Starting task 5.0 in stage 44.0 (TID 138) (172.26.0.12, executor 0, partition 5, PROCESS_LOCAL, 9921 bytes) 
26/08/14 01:10:01 INFO BlockManagerInfo: Added broadcast_43_piece0 in memory on 172.26.0.12:41357 (size: 24.0 KiB, free: 413.9 MiB)
26/08/14 01:10:01 INFO BlockManagerInfo: Added broadcast_43_piece0 in memory on 172.26.0.13:45679 (size: 24.0 KiB, free: 413.9 MiB)
26/08/14 01:10:01 INFO BlockManagerInfo: Added rdd_295_4 in memory on 172.26.0.13:45679 (size: 423.5 KiB, free: 413.5 MiB)
26/08/14 01:10:01 INFO BlockManagerInfo: Added rdd_295_2 in memory on 172.26.0.13:45679 (size: 426.7 KiB, free: 413.1 MiB)
26/08/14 01:10:01 INFO BlockManagerInfo: Added rdd_295_3 in memory on 172.26.0.13:45679 (size: 440.1 KiB, free: 412.6 MiB)
26/08/14 01:10:01 INFO BlockManagerInfo: Added rdd_295_1 in memory on 172.26.0.12:41357 (size: 467.0 KiB, free: 413.4 MiB)
26/08/14 01:10:01 INFO BlockManagerInfo: Added rdd_295_0 in memory on 172.26.0.12:41357 (size: 442.3 KiB, free: 413.0 MiB)
26/08/14 01:10:01 INFO TaskSetManager: Finished task 4.0 in stage 44.0 (TID 137) in 124 ms on 172.26.0.13 (executor 1) (1/6)
26/08/14 01:10:01 INFO TaskSetManager: Finished task 2.0 in stage 44.0 (TID 133) in 133 ms on 172.26.0.13 (executor 1) (2/6)
26/08/14 01:10:01 INFO TaskSetManager: Finished task 3.0 in stage 44.0 (TID 135) in 134 ms on 172.26.0.13 (executor 1) (3/6)
26/08/14 01:10:01 INFO TaskSetManager: Finished task 1.0 in stage 44.0 (TID 136) in 138 ms on 172.26.0.12 (executor 0) (4/6)
26/08/14 01:10:01 INFO TaskSetManager: Finished task 0.0 in stage 44.0 (TID 134) in 140 ms on 172.26.0.12 (executor 0) (5/6)
26/08/14 01:10:01 INFO BlockManagerInfo: Added rdd_295_5 in memory on 172.26.0.12:41357 (size: 453.9 KiB, free: 412.6 MiB)
26/08/14 01:10:01 INFO TaskSetManager: Finished task 5.0 in stage 44.0 (TID 138) in 164 ms on 172.26.0.12 (executor 0) (6/6)
26/08/14 01:10:01 INFO TaskSchedulerImpl: Removed TaskSet 44.0, whose tasks have all completed, from pool 
26/08/14 01:10:01 INFO DAGScheduler: ShuffleMapStage 44 (count at <unknown>:0) finished in 0.170 s
26/08/14 01:10:01 INFO DAGScheduler: looking for newly runnable stages
26/08/14 01:10:01 INFO DAGScheduler: running: Set()
26/08/14 01:10:01 INFO DAGScheduler: waiting: Set(ResultStage 45)
26/08/14 01:10:01 INFO DAGScheduler: failed: Set()
26/08/14 01:10:01 INFO DAGScheduler: Submitting ResultStage 45 (MapPartitionsRDD[303] at count at <unknown>:0), which has no missing parents
26/08/14 01:10:01 INFO MemoryStore: Block broadcast_44 stored as values in memory (estimated size 12.5 KiB, free 191.1 MiB)
26/08/14 01:10:01 INFO MemoryStore: Block broadcast_44_piece0 stored as bytes in memory (estimated size 5.9 KiB, free 191.1 MiB)
26/08/14 01:10:01 INFO BlockManagerInfo: Added broadcast_44_piece0 in memory on spark-driver:43685 (size: 5.9 KiB, free: 191.2 MiB)
26/08/14 01:10:01 INFO SparkContext: Created broadcast 44 from broadcast at DAGScheduler.scala:1585
26/08/14 01:10:01 INFO DAGScheduler: Submitting 1 missing tasks from ResultStage 45 (MapPartitionsRDD[303] at count at <unknown>:0) (first 15 tasks are for partitions Vector(0))
26/08/14 01:10:01 INFO TaskSchedulerImpl: Adding task set 45.0 with 1 tasks resource profile 0
26/08/14 01:10:01 INFO TaskSetManager: Starting task 0.0 in stage 45.0 (TID 139) (172.26.0.12, executor 0, partition 0, NODE_LOCAL, 9003 bytes) 
26/08/14 01:10:01 INFO BlockManagerInfo: Added broadcast_44_piece0 in memory on 172.26.0.12:41357 (size: 5.9 KiB, free: 412.6 MiB)
26/08/14 01:10:01 INFO MapOutputTrackerMasterEndpoint: Asked to send map output locations for shuffle 20 to 172.26.0.12:44092
26/08/14 01:10:01 INFO TaskSetManager: Finished task 0.0 in stage 45.0 (TID 139) in 19 ms on 172.26.0.12 (executor 0) (1/1)
26/08/14 01:10:01 INFO TaskSchedulerImpl: Removed TaskSet 45.0, whose tasks have all completed, from pool 
26/08/14 01:10:01 INFO DAGScheduler: ResultStage 45 (count at <unknown>:0) finished in 0.024 s
26/08/14 01:10:01 INFO DAGScheduler: Job 24 is finished. Cancelling potential speculative or zombie tasks for this job
26/08/14 01:10:01 INFO TaskSchedulerImpl: Killing all running tasks in stage 45: Stage finished
26/08/14 01:10:01 INFO DAGScheduler: Job 24 finished: count at <unknown>:0, took 0.200211 s
26/08/14 01:10:01 INFO SparkContext: Starting job: count at <unknown>:0
26/08/14 01:10:01 INFO DAGScheduler: Registering RDD 308 (count at <unknown>:0) as input to shuffle 21
26/08/14 01:10:01 INFO DAGScheduler: Got job 25 (count at <unknown>:0) with 1 output partitions
26/08/14 01:10:01 INFO DAGScheduler: Final stage: ResultStage 47 (count at <unknown>:0)
26/08/14 01:10:01 INFO DAGScheduler: Parents of final stage: List(ShuffleMapStage 46)
26/08/14 01:10:01 INFO DAGScheduler: Missing parents: List(ShuffleMapStage 46)
26/08/14 01:10:01 INFO BlockManagerInfo: Removed broadcast_43_piece0 on spark-driver:43685 in memory (size: 24.0 KiB, free: 191.2 MiB)
26/08/14 01:10:01 INFO DAGScheduler: Submitting ShuffleMapStage 46 (MapPartitionsRDD[308] at count at <unknown>:0), which has no missing parents
26/08/14 01:10:01 INFO BlockManagerInfo: Removed broadcast_43_piece0 on 172.26.0.13:45679 in memory (size: 24.0 KiB, free: 412.7 MiB)
26/08/14 01:10:01 INFO MemoryStore: Block broadcast_45 stored as values in memory (estimated size 64.9 KiB, free 191.1 MiB)
26/08/14 01:10:01 INFO MemoryStore: Block broadcast_45_piece0 stored as bytes in memory (estimated size 24.2 KiB, free 191.1 MiB)
26/08/14 01:10:01 INFO BlockManagerInfo: Added broadcast_45_piece0 in memory on spark-driver:43685 (size: 24.2 KiB, free: 191.2 MiB)
26/08/14 01:10:01 INFO BlockManagerInfo: Removed broadcast_43_piece0 on 172.26.0.12:41357 in memory (size: 24.0 KiB, free: 412.6 MiB)
26/08/14 01:10:01 INFO SparkContext: Created broadcast 45 from broadcast at DAGScheduler.scala:1585
26/08/14 01:10:01 INFO DAGScheduler: Submitting 6 missing tasks from ShuffleMapStage 46 (MapPartitionsRDD[308] at count at <unknown>:0) (first 15 tasks are for partitions Vector(0, 1, 2, 3, 4, 5))
26/08/14 01:10:01 INFO TaskSchedulerImpl: Adding task set 46.0 with 6 tasks resource profile 0
26/08/14 01:10:01 INFO TaskSetManager: Starting task 2.0 in stage 46.0 (TID 140) (172.26.0.13, executor 1, partition 2, PROCESS_LOCAL, 9921 bytes) 
26/08/14 01:10:01 INFO TaskSetManager: Starting task 0.0 in stage 46.0 (TID 141) (172.26.0.12, executor 0, partition 0, PROCESS_LOCAL, 9921 bytes) 
26/08/14 01:10:01 INFO TaskSetManager: Starting task 3.0 in stage 46.0 (TID 142) (172.26.0.13, executor 1, partition 3, PROCESS_LOCAL, 9921 bytes) 
26/08/14 01:10:01 INFO TaskSetManager: Starting task 1.0 in stage 46.0 (TID 143) (172.26.0.12, executor 0, partition 1, PROCESS_LOCAL, 9921 bytes) 
26/08/14 01:10:01 INFO TaskSetManager: Starting task 4.0 in stage 46.0 (TID 144) (172.26.0.13, executor 1, partition 4, PROCESS_LOCAL, 9921 bytes) 
26/08/14 01:10:01 INFO BlockManagerInfo: Removed broadcast_44_piece0 on spark-driver:43685 in memory (size: 5.9 KiB, free: 191.2 MiB)
26/08/14 01:10:01 INFO TaskSetManager: Starting task 5.0 in stage 46.0 (TID 145) (172.26.0.12, executor 0, partition 5, PROCESS_LOCAL, 9921 bytes) 
26/08/14 01:10:01 INFO BlockManagerInfo: Removed broadcast_44_piece0 on 172.26.0.12:41357 in memory (size: 5.9 KiB, free: 412.6 MiB)
26/08/14 01:10:01 INFO BlockManagerInfo: Added broadcast_45_piece0 in memory on 172.26.0.13:45679 (size: 24.2 KiB, free: 412.6 MiB)
26/08/14 01:10:01 INFO BlockManagerInfo: Added broadcast_45_piece0 in memory on 172.26.0.12:41357 (size: 24.2 KiB, free: 412.6 MiB)
26/08/14 01:10:01 INFO TaskSetManager: Finished task 4.0 in stage 46.0 (TID 144) in 18 ms on 172.26.0.13 (executor 1) (1/6)
26/08/14 01:10:01 INFO TaskSetManager: Finished task 2.0 in stage 46.0 (TID 140) in 20 ms on 172.26.0.13 (executor 1) (2/6)
26/08/14 01:10:01 INFO TaskSetManager: Finished task 1.0 in stage 46.0 (TID 143) in 30 ms on 172.26.0.12 (executor 0) (3/6)
26/08/14 01:10:01 INFO TaskSetManager: Finished task 0.0 in stage 46.0 (TID 141) in 30 ms on 172.26.0.12 (executor 0) (4/6)
26/08/14 01:10:01 INFO TaskSetManager: Finished task 5.0 in stage 46.0 (TID 145) in 31 ms on 172.26.0.12 (executor 0) (5/6)
26/08/14 01:10:01 INFO TaskSetManager: Finished task 3.0 in stage 46.0 (TID 142) in 154 ms on 172.26.0.13 (executor 1) (6/6)
26/08/14 01:10:01 INFO TaskSchedulerImpl: Removed TaskSet 46.0, whose tasks have all completed, from pool 
26/08/14 01:10:01 INFO DAGScheduler: ShuffleMapStage 46 (count at <unknown>:0) finished in 0.159 s
26/08/14 01:10:01 INFO DAGScheduler: looking for newly runnable stages
26/08/14 01:10:01 INFO DAGScheduler: running: Set()
26/08/14 01:10:01 INFO DAGScheduler: waiting: Set(ResultStage 47)
26/08/14 01:10:01 INFO DAGScheduler: failed: Set()
26/08/14 01:10:01 INFO DAGScheduler: Submitting ResultStage 47 (MapPartitionsRDD[311] at count at <unknown>:0), which has no missing parents
26/08/14 01:10:01 INFO MemoryStore: Block broadcast_46 stored as values in memory (estimated size 12.5 KiB, free 191.1 MiB)
26/08/14 01:10:01 INFO MemoryStore: Block broadcast_46_piece0 stored as bytes in memory (estimated size 5.9 KiB, free 191.1 MiB)
26/08/14 01:10:01 INFO BlockManagerInfo: Added broadcast_46_piece0 in memory on spark-driver:43685 (size: 5.9 KiB, free: 191.2 MiB)
26/08/14 01:10:01 INFO SparkContext: Created broadcast 46 from broadcast at DAGScheduler.scala:1585
26/08/14 01:10:01 INFO DAGScheduler: Submitting 1 missing tasks from ResultStage 47 (MapPartitionsRDD[311] at count at <unknown>:0) (first 15 tasks are for partitions Vector(0))
26/08/14 01:10:01 INFO TaskSchedulerImpl: Adding task set 47.0 with 1 tasks resource profile 0
26/08/14 01:10:01 INFO TaskSetManager: Starting task 0.0 in stage 47.0 (TID 146) (172.26.0.13, executor 1, partition 0, NODE_LOCAL, 9003 bytes) 
26/08/14 01:10:01 INFO BlockManagerInfo: Added broadcast_46_piece0 in memory on 172.26.0.13:45679 (size: 5.9 KiB, free: 412.6 MiB)
26/08/14 01:10:01 INFO MapOutputTrackerMasterEndpoint: Asked to send map output locations for shuffle 21 to 172.26.0.13:60160
26/08/14 01:10:01 INFO TaskSetManager: Finished task 0.0 in stage 47.0 (TID 146) in 14 ms on 172.26.0.13 (executor 1) (1/1)
26/08/14 01:10:01 INFO TaskSchedulerImpl: Removed TaskSet 47.0, whose tasks have all completed, from pool 
26/08/14 01:10:01 INFO DAGScheduler: ResultStage 47 (count at <unknown>:0) finished in 0.016 s
26/08/14 01:10:01 INFO DAGScheduler: Job 25 is finished. Cancelling potential speculative or zombie tasks for this job
26/08/14 01:10:01 INFO TaskSchedulerImpl: Killing all running tasks in stage 47: Stage finished
26/08/14 01:10:01 INFO DAGScheduler: Job 25 finished: count at <unknown>:0, took 0.178714 s
26/08/14 01:10:01 INFO CodeGenerator: Code generated in 6.22825 ms
26/08/14 01:10:01 INFO DefaultCachedBatchSerializer: Predicate isnotnull(event_time#89-T120000ms) generates partition filter: ((event_time.count#15600 - event_time.nullCount#15599) > 0)
26/08/14 01:10:01 INFO DefaultCachedBatchSerializer: Predicate (event_time#89-T120000ms < 2026-08-14 01:07:55.878) generates partition filter: (event_time.lowerBound#15598 < 2026-08-14 01:07:55.878)
26/08/14 01:10:01 INFO SparkContext: Starting job: count at <unknown>:0
26/08/14 01:10:01 INFO DAGScheduler: Registering RDD 316 (count at <unknown>:0) as input to shuffle 22
26/08/14 01:10:01 INFO DAGScheduler: Got job 26 (count at <unknown>:0) with 1 output partitions
26/08/14 01:10:01 INFO DAGScheduler: Final stage: ResultStage 49 (count at <unknown>:0)
26/08/14 01:10:01 INFO DAGScheduler: Parents of final stage: List(ShuffleMapStage 48)
26/08/14 01:10:01 INFO DAGScheduler: Missing parents: List(ShuffleMapStage 48)
26/08/14 01:10:01 INFO DAGScheduler: Submitting ShuffleMapStage 48 (MapPartitionsRDD[316] at count at <unknown>:0), which has no missing parents
26/08/14 01:10:01 INFO MemoryStore: Block broadcast_47 stored as values in memory (estimated size 67.2 KiB, free 191.0 MiB)
26/08/14 01:10:01 INFO MemoryStore: Block broadcast_47_piece0 stored as bytes in memory (estimated size 25.6 KiB, free 191.0 MiB)
26/08/14 01:10:01 INFO BlockManagerInfo: Added broadcast_47_piece0 in memory on spark-driver:43685 (size: 25.6 KiB, free: 191.2 MiB)
26/08/14 01:10:01 INFO BlockManagerInfo: Removed broadcast_46_piece0 on spark-driver:43685 in memory (size: 5.9 KiB, free: 191.2 MiB)
26/08/14 01:10:01 INFO SparkContext: Created broadcast 47 from broadcast at DAGScheduler.scala:1585
26/08/14 01:10:01 INFO DAGScheduler: Submitting 6 missing tasks from ShuffleMapStage 48 (MapPartitionsRDD[316] at count at <unknown>:0) (first 15 tasks are for partitions Vector(0, 1, 2, 3, 4, 5))
26/08/14 01:10:01 INFO TaskSchedulerImpl: Adding task set 48.0 with 6 tasks resource profile 0
26/08/14 01:10:01 INFO BlockManagerInfo: Removed broadcast_46_piece0 on 172.26.0.13:45679 in memory (size: 5.9 KiB, free: 412.6 MiB)
26/08/14 01:10:01 INFO TaskSetManager: Starting task 2.0 in stage 48.0 (TID 147) (172.26.0.13, executor 1, partition 2, PROCESS_LOCAL, 9921 bytes) 
26/08/14 01:10:01 INFO TaskSetManager: Starting task 0.0 in stage 48.0 (TID 148) (172.26.0.12, executor 0, partition 0, PROCESS_LOCAL, 9921 bytes) 
26/08/14 01:10:01 INFO TaskSetManager: Starting task 3.0 in stage 48.0 (TID 149) (172.26.0.13, executor 1, partition 3, PROCESS_LOCAL, 9921 bytes) 
26/08/14 01:10:01 INFO TaskSetManager: Starting task 1.0 in stage 48.0 (TID 150) (172.26.0.12, executor 0, partition 1, PROCESS_LOCAL, 9921 bytes) 
26/08/14 01:10:01 INFO TaskSetManager: Starting task 4.0 in stage 48.0 (TID 151) (172.26.0.13, executor 1, partition 4, PROCESS_LOCAL, 9921 bytes) 
26/08/14 01:10:01 INFO TaskSetManager: Starting task 5.0 in stage 48.0 (TID 152) (172.26.0.12, executor 0, partition 5, PROCESS_LOCAL, 9921 bytes) 
26/08/14 01:10:01 INFO BlockManagerInfo: Removed broadcast_45_piece0 on spark-driver:43685 in memory (size: 24.2 KiB, free: 191.2 MiB)
26/08/14 01:10:01 INFO BlockManagerInfo: Removed broadcast_45_piece0 on 172.26.0.13:45679 in memory (size: 24.2 KiB, free: 412.7 MiB)
26/08/14 01:10:01 INFO BlockManagerInfo: Removed broadcast_45_piece0 on 172.26.0.12:41357 in memory (size: 24.2 KiB, free: 412.6 MiB)
26/08/14 01:10:01 INFO BlockManagerInfo: Added broadcast_47_piece0 in memory on 172.26.0.12:41357 (size: 25.6 KiB, free: 412.6 MiB)
26/08/14 01:10:01 INFO BlockManagerInfo: Added broadcast_47_piece0 in memory on 172.26.0.13:45679 (size: 25.6 KiB, free: 412.6 MiB)
26/08/14 01:10:02 INFO TaskSetManager: Finished task 4.0 in stage 48.0 (TID 151) in 51 ms on 172.26.0.13 (executor 1) (1/6)
26/08/14 01:10:02 INFO TaskSetManager: Finished task 0.0 in stage 48.0 (TID 148) in 51 ms on 172.26.0.12 (executor 0) (2/6)
26/08/14 01:10:02 INFO TaskSetManager: Finished task 5.0 in stage 48.0 (TID 152) in 52 ms on 172.26.0.12 (executor 0) (3/6)
26/08/14 01:10:02 INFO TaskSetManager: Finished task 3.0 in stage 48.0 (TID 149) in 52 ms on 172.26.0.13 (executor 1) (4/6)
26/08/14 01:10:02 INFO TaskSetManager: Finished task 1.0 in stage 48.0 (TID 150) in 52 ms on 172.26.0.12 (executor 0) (5/6)
26/08/14 01:10:02 INFO TaskSetManager: Finished task 2.0 in stage 48.0 (TID 147) in 53 ms on 172.26.0.13 (executor 1) (6/6)
26/08/14 01:10:02 INFO TaskSchedulerImpl: Removed TaskSet 48.0, whose tasks have all completed, from pool 
26/08/14 01:10:02 INFO DAGScheduler: ShuffleMapStage 48 (count at <unknown>:0) finished in 0.064 s
26/08/14 01:10:02 INFO DAGScheduler: looking for newly runnable stages
26/08/14 01:10:02 INFO DAGScheduler: running: Set()
26/08/14 01:10:02 INFO DAGScheduler: waiting: Set(ResultStage 49)
26/08/14 01:10:02 INFO DAGScheduler: failed: Set()
26/08/14 01:10:02 INFO DAGScheduler: Submitting ResultStage 49 (MapPartitionsRDD[319] at count at <unknown>:0), which has no missing parents
26/08/14 01:10:02 INFO MemoryStore: Block broadcast_48 stored as values in memory (estimated size 12.5 KiB, free 191.1 MiB)
26/08/14 01:10:02 INFO MemoryStore: Block broadcast_48_piece0 stored as bytes in memory (estimated size 5.9 KiB, free 191.1 MiB)
26/08/14 01:10:02 INFO BlockManagerInfo: Added broadcast_48_piece0 in memory on spark-driver:43685 (size: 5.9 KiB, free: 191.2 MiB)
26/08/14 01:10:02 INFO SparkContext: Created broadcast 48 from broadcast at DAGScheduler.scala:1585
26/08/14 01:10:02 INFO DAGScheduler: Submitting 1 missing tasks from ResultStage 49 (MapPartitionsRDD[319] at count at <unknown>:0) (first 15 tasks are for partitions Vector(0))
26/08/14 01:10:02 INFO TaskSchedulerImpl: Adding task set 49.0 with 1 tasks resource profile 0
26/08/14 01:10:02 INFO TaskSetManager: Starting task 0.0 in stage 49.0 (TID 153) (172.26.0.12, executor 0, partition 0, NODE_LOCAL, 9003 bytes) 
26/08/14 01:10:02 INFO BlockManagerInfo: Added broadcast_48_piece0 in memory on 172.26.0.12:41357 (size: 5.9 KiB, free: 412.6 MiB)
26/08/14 01:10:02 INFO MapOutputTrackerMasterEndpoint: Asked to send map output locations for shuffle 22 to 172.26.0.12:44092
26/08/14 01:10:02 INFO TaskSetManager: Finished task 0.0 in stage 49.0 (TID 153) in 14 ms on 172.26.0.12 (executor 0) (1/1)
26/08/14 01:10:02 INFO TaskSchedulerImpl: Removed TaskSet 49.0, whose tasks have all completed, from pool 
26/08/14 01:10:02 INFO DAGScheduler: ResultStage 49 (count at <unknown>:0) finished in 0.017 s
26/08/14 01:10:02 INFO DAGScheduler: Job 26 is finished. Cancelling potential speculative or zombie tasks for this job
26/08/14 01:10:02 INFO TaskSchedulerImpl: Killing all running tasks in stage 49: Stage finished
26/08/14 01:10:02 INFO DAGScheduler: Job 26 finished: count at <unknown>:0, took 0.083527 s
26/08/14 01:10:02 INFO DefaultCachedBatchSerializer: Predicate isnotnull(kind#16157) generates partition filter: ((kind.count#16226 - kind.nullCount#16225) > 0)
26/08/14 01:10:02 INFO DefaultCachedBatchSerializer: Predicate (kind#16157 = stats) generates partition filter: ((kind.lowerBound#16224 <= stats) AND (stats <= kind.upperBound#16223))
26/08/14 01:10:02 INFO SparkContext: Starting job: call at /opt/spark/python/lib/py4j-0.10.9.7-src.zip/py4j/clientserver.py:617
26/08/14 01:10:02 INFO DAGScheduler: Got job 27 (call at /opt/spark/python/lib/py4j-0.10.9.7-src.zip/py4j/clientserver.py:617) with 6 output partitions
26/08/14 01:10:02 INFO DAGScheduler: Final stage: ResultStage 50 (call at /opt/spark/python/lib/py4j-0.10.9.7-src.zip/py4j/clientserver.py:617)
26/08/14 01:10:02 INFO DAGScheduler: Parents of final stage: List()
26/08/14 01:10:02 INFO DAGScheduler: Missing parents: List()
26/08/14 01:10:02 INFO DAGScheduler: Submitting ResultStage 50 (MapPartitionsRDD[338] at call at /opt/spark/python/lib/py4j-0.10.9.7-src.zip/py4j/clientserver.py:617), which has no missing parents
26/08/14 01:10:02 INFO MemoryStore: Block broadcast_49 stored as values in memory (estimated size 90.0 KiB, free 191.0 MiB)
26/08/14 01:10:02 INFO MemoryStore: Block broadcast_49_piece0 stored as bytes in memory (estimated size 34.0 KiB, free 191.0 MiB)
26/08/14 01:10:02 INFO BlockManagerInfo: Added broadcast_49_piece0 in memory on spark-driver:43685 (size: 34.0 KiB, free: 191.1 MiB)
26/08/14 01:10:02 INFO SparkContext: Created broadcast 49 from broadcast at DAGScheduler.scala:1585
26/08/14 01:10:02 INFO DAGScheduler: Submitting 6 missing tasks from ResultStage 50 (MapPartitionsRDD[338] at call at /opt/spark/python/lib/py4j-0.10.9.7-src.zip/py4j/clientserver.py:617) (first 15 tasks are for partitions Vector(0, 1, 2, 3, 4, 5))
26/08/14 01:10:02 INFO TaskSchedulerImpl: Adding task set 50.0 with 6 tasks resource profile 0
26/08/14 01:10:02 INFO BlockManagerInfo: Removed broadcast_47_piece0 on spark-driver:43685 in memory (size: 25.6 KiB, free: 191.2 MiB)
26/08/14 01:10:02 INFO TaskSetManager: Starting task 2.0 in stage 50.0 (TID 154) (172.26.0.13, executor 1, partition 2, PROCESS_LOCAL, 9932 bytes) 
26/08/14 01:10:02 INFO TaskSetManager: Starting task 0.0 in stage 50.0 (TID 155) (172.26.0.12, executor 0, partition 0, PROCESS_LOCAL, 9932 bytes) 
26/08/14 01:10:02 INFO TaskSetManager: Starting task 3.0 in stage 50.0 (TID 156) (172.26.0.13, executor 1, partition 3, PROCESS_LOCAL, 9932 bytes) 
26/08/14 01:10:02 INFO TaskSetManager: Starting task 1.0 in stage 50.0 (TID 157) (172.26.0.12, executor 0, partition 1, PROCESS_LOCAL, 9932 bytes) 
26/08/14 01:10:02 INFO TaskSetManager: Starting task 4.0 in stage 50.0 (TID 158) (172.26.0.13, executor 1, partition 4, PROCESS_LOCAL, 9932 bytes) 
26/08/14 01:10:02 INFO TaskSetManager: Starting task 5.0 in stage 50.0 (TID 159) (172.26.0.12, executor 0, partition 5, PROCESS_LOCAL, 9932 bytes) 
26/08/14 01:10:02 INFO BlockManagerInfo: Removed broadcast_47_piece0 on 172.26.0.13:45679 in memory (size: 25.6 KiB, free: 412.7 MiB)
26/08/14 01:10:02 INFO BlockManagerInfo: Removed broadcast_47_piece0 on 172.26.0.12:41357 in memory (size: 25.6 KiB, free: 412.6 MiB)
26/08/14 01:10:02 INFO BlockManagerInfo: Removed broadcast_48_piece0 on spark-driver:43685 in memory (size: 5.9 KiB, free: 191.2 MiB)
26/08/14 01:10:02 INFO BlockManagerInfo: Removed broadcast_48_piece0 on 172.26.0.12:41357 in memory (size: 5.9 KiB, free: 412.6 MiB)
26/08/14 01:10:02 INFO BlockManagerInfo: Added broadcast_49_piece0 in memory on 172.26.0.13:45679 (size: 34.0 KiB, free: 412.6 MiB)
26/08/14 01:10:02 INFO BlockManagerInfo: Added broadcast_49_piece0 in memory on 172.26.0.12:41357 (size: 34.0 KiB, free: 412.6 MiB)
26/08/14 01:10:03 INFO BlockManagerInfo: Added rdd_333_4 in memory on 172.26.0.13:45679 (size: 1808.0 B, free: 412.6 MiB)
26/08/14 01:10:03 INFO BlockManagerInfo: Added rdd_333_2 in memory on 172.26.0.13:45679 (size: 1808.0 B, free: 412.6 MiB)
26/08/14 01:10:03 INFO TaskSetManager: Finished task 2.0 in stage 50.0 (TID 154) in 1261 ms on 172.26.0.13 (executor 1) (1/6)
26/08/14 01:10:03 INFO TaskSetManager: Finished task 4.0 in stage 50.0 (TID 158) in 1260 ms on 172.26.0.13 (executor 1) (2/6)
26/08/14 01:10:03 INFO BlockManagerInfo: Added rdd_333_5 in memory on 172.26.0.12:41357 (size: 1808.0 B, free: 412.6 MiB)
26/08/14 01:10:03 INFO BlockManagerInfo: Added rdd_333_3 in memory on 172.26.0.13:45679 (size: 1808.0 B, free: 412.6 MiB)
26/08/14 01:10:03 INFO BlockManagerInfo: Added rdd_333_0 in memory on 172.26.0.12:41357 (size: 1808.0 B, free: 412.6 MiB)
26/08/14 01:10:03 INFO TaskSetManager: Finished task 3.0 in stage 50.0 (TID 156) in 1311 ms on 172.26.0.13 (executor 1) (3/6)
26/08/14 01:10:03 INFO TaskSetManager: Finished task 0.0 in stage 50.0 (TID 155) in 1317 ms on 172.26.0.12 (executor 0) (4/6)
26/08/14 01:10:03 INFO TaskSetManager: Finished task 5.0 in stage 50.0 (TID 159) in 1316 ms on 172.26.0.12 (executor 0) (5/6)
26/08/14 01:10:03 INFO BlockManagerInfo: Added rdd_333_1 in memory on 172.26.0.12:41357 (size: 1808.0 B, free: 412.6 MiB)
26/08/14 01:10:03 INFO TaskSetManager: Finished task 1.0 in stage 50.0 (TID 157) in 1336 ms on 172.26.0.12 (executor 0) (6/6)
26/08/14 01:10:03 INFO TaskSchedulerImpl: Removed TaskSet 50.0, whose tasks have all completed, from pool 
26/08/14 01:10:03 INFO DAGScheduler: ResultStage 50 (call at /opt/spark/python/lib/py4j-0.10.9.7-src.zip/py4j/clientserver.py:617) finished in 1.345 s
26/08/14 01:10:03 INFO DAGScheduler: Job 27 is finished. Cancelling potential speculative or zombie tasks for this job
26/08/14 01:10:03 INFO TaskSchedulerImpl: Killing all running tasks in stage 50: Stage finished
26/08/14 01:10:03 INFO DAGScheduler: Job 27 finished: call at /opt/spark/python/lib/py4j-0.10.9.7-src.zip/py4j/clientserver.py:617, took 1.348414 s
26/08/14 01:10:03 INFO DefaultCachedBatchSerializer: Predicate isnotnull(kind#16157) generates partition filter: ((kind.count#16309 - kind.nullCount#16308) > 0)
26/08/14 01:10:03 INFO DefaultCachedBatchSerializer: Predicate (kind#16157 = dlq) generates partition filter: ((kind.lowerBound#16307 <= dlq) AND (dlq <= kind.upperBound#16306))
26/08/14 01:10:03 INFO SparkContext: Starting job: count at <unknown>:0
26/08/14 01:10:03 INFO DAGScheduler: Registering RDD 343 (count at <unknown>:0) as input to shuffle 23
26/08/14 01:10:03 INFO DAGScheduler: Got job 28 (count at <unknown>:0) with 1 output partitions
26/08/14 01:10:03 INFO DAGScheduler: Final stage: ResultStage 52 (count at <unknown>:0)
26/08/14 01:10:03 INFO DAGScheduler: Parents of final stage: List(ShuffleMapStage 51)
26/08/14 01:10:03 INFO DAGScheduler: Missing parents: List(ShuffleMapStage 51)
26/08/14 01:10:03 INFO DAGScheduler: Submitting ShuffleMapStage 51 (MapPartitionsRDD[343] at count at <unknown>:0), which has no missing parents
26/08/14 01:10:03 INFO MemoryStore: Block broadcast_50 stored as values in memory (estimated size 92.2 KiB, free 191.0 MiB)
26/08/14 01:10:03 INFO MemoryStore: Block broadcast_50_piece0 stored as bytes in memory (estimated size 35.3 KiB, free 191.0 MiB)
26/08/14 01:10:03 INFO BlockManagerInfo: Added broadcast_50_piece0 in memory on spark-driver:43685 (size: 35.3 KiB, free: 191.1 MiB)
26/08/14 01:10:03 INFO SparkContext: Created broadcast 50 from broadcast at DAGScheduler.scala:1585
26/08/14 01:10:03 INFO DAGScheduler: Submitting 6 missing tasks from ShuffleMapStage 51 (MapPartitionsRDD[343] at count at <unknown>:0) (first 15 tasks are for partitions Vector(0, 1, 2, 3, 4, 5))
26/08/14 01:10:03 INFO TaskSchedulerImpl: Adding task set 51.0 with 6 tasks resource profile 0
26/08/14 01:10:03 INFO TaskSetManager: Starting task 0.0 in stage 51.0 (TID 160) (172.26.0.12, executor 0, partition 0, PROCESS_LOCAL, 9921 bytes) 
26/08/14 01:10:03 INFO TaskSetManager: Starting task 2.0 in stage 51.0 (TID 161) (172.26.0.13, executor 1, partition 2, PROCESS_LOCAL, 9921 bytes) 
26/08/14 01:10:03 INFO TaskSetManager: Starting task 1.0 in stage 51.0 (TID 162) (172.26.0.12, executor 0, partition 1, PROCESS_LOCAL, 9921 bytes) 
26/08/14 01:10:03 INFO TaskSetManager: Starting task 3.0 in stage 51.0 (TID 163) (172.26.0.13, executor 1, partition 3, PROCESS_LOCAL, 9921 bytes) 
26/08/14 01:10:03 INFO TaskSetManager: Starting task 5.0 in stage 51.0 (TID 164) (172.26.0.12, executor 0, partition 5, PROCESS_LOCAL, 9921 bytes) 
26/08/14 01:10:03 INFO TaskSetManager: Starting task 4.0 in stage 51.0 (TID 165) (172.26.0.13, executor 1, partition 4, PROCESS_LOCAL, 9921 bytes) 
26/08/14 01:10:03 INFO BlockManagerInfo: Added broadcast_50_piece0 in memory on 172.26.0.12:41357 (size: 35.3 KiB, free: 412.5 MiB)
26/08/14 01:10:03 INFO BlockManagerInfo: Added broadcast_50_piece0 in memory on 172.26.0.13:45679 (size: 35.3 KiB, free: 412.6 MiB)
26/08/14 01:10:03 INFO TaskSetManager: Finished task 5.0 in stage 51.0 (TID 164) in 52 ms on 172.26.0.12 (executor 0) (1/6)
26/08/14 01:10:03 INFO TaskSetManager: Finished task 0.0 in stage 51.0 (TID 160) in 54 ms on 172.26.0.12 (executor 0) (2/6)
26/08/14 01:10:03 INFO TaskSetManager: Finished task 1.0 in stage 51.0 (TID 162) in 55 ms on 172.26.0.12 (executor 0) (3/6)
26/08/14 01:10:03 INFO TaskSetManager: Finished task 2.0 in stage 51.0 (TID 161) in 62 ms on 172.26.0.13 (executor 1) (4/6)
26/08/14 01:10:03 INFO TaskSetManager: Finished task 3.0 in stage 51.0 (TID 163) in 65 ms on 172.26.0.13 (executor 1) (5/6)
26/08/14 01:10:03 INFO TaskSetManager: Finished task 4.0 in stage 51.0 (TID 165) in 68 ms on 172.26.0.13 (executor 1) (6/6)
26/08/14 01:10:03 INFO TaskSchedulerImpl: Removed TaskSet 51.0, whose tasks have all completed, from pool 
26/08/14 01:10:03 INFO DAGScheduler: ShuffleMapStage 51 (count at <unknown>:0) finished in 0.084 s
26/08/14 01:10:03 INFO DAGScheduler: looking for newly runnable stages
26/08/14 01:10:03 INFO DAGScheduler: running: Set()
26/08/14 01:10:03 INFO DAGScheduler: waiting: Set(ResultStage 52)
26/08/14 01:10:03 INFO DAGScheduler: failed: Set()
26/08/14 01:10:03 INFO DAGScheduler: Submitting ResultStage 52 (MapPartitionsRDD[346] at count at <unknown>:0), which has no missing parents
26/08/14 01:10:03 INFO MemoryStore: Block broadcast_51 stored as values in memory (estimated size 12.5 KiB, free 191.0 MiB)
26/08/14 01:10:03 INFO MemoryStore: Block broadcast_51_piece0 stored as bytes in memory (estimated size 5.9 KiB, free 190.9 MiB)
26/08/14 01:10:03 INFO BlockManagerInfo: Added broadcast_51_piece0 in memory on spark-driver:43685 (size: 5.9 KiB, free: 191.1 MiB)
26/08/14 01:10:03 INFO SparkContext: Created broadcast 51 from broadcast at DAGScheduler.scala:1585
26/08/14 01:10:03 INFO DAGScheduler: Submitting 1 missing tasks from ResultStage 52 (MapPartitionsRDD[346] at count at <unknown>:0) (first 15 tasks are for partitions Vector(0))
26/08/14 01:10:03 INFO TaskSchedulerImpl: Adding task set 52.0 with 1 tasks resource profile 0
26/08/14 01:10:03 INFO TaskSetManager: Starting task 0.0 in stage 52.0 (TID 166) (172.26.0.12, executor 0, partition 0, NODE_LOCAL, 9003 bytes) 
26/08/14 01:10:03 INFO BlockManagerInfo: Added broadcast_51_piece0 in memory on 172.26.0.12:41357 (size: 5.9 KiB, free: 412.5 MiB)
26/08/14 01:10:03 INFO MapOutputTrackerMasterEndpoint: Asked to send map output locations for shuffle 23 to 172.26.0.12:44092
26/08/14 01:10:03 INFO TaskSetManager: Finished task 0.0 in stage 52.0 (TID 166) in 33 ms on 172.26.0.12 (executor 0) (1/1)
26/08/14 01:10:03 INFO TaskSchedulerImpl: Removed TaskSet 52.0, whose tasks have all completed, from pool 
26/08/14 01:10:03 INFO DAGScheduler: ResultStage 52 (count at <unknown>:0) finished in 0.037 s
26/08/14 01:10:03 INFO DAGScheduler: Job 28 is finished. Cancelling potential speculative or zombie tasks for this job
26/08/14 01:10:03 INFO TaskSchedulerImpl: Killing all running tasks in stage 52: Stage finished
26/08/14 01:10:03 INFO DAGScheduler: Job 28 finished: count at <unknown>:0, took 0.128275 s
26/08/14 01:10:03 INFO BlockManagerInfo: Removed broadcast_50_piece0 on spark-driver:43685 in memory (size: 35.3 KiB, free: 191.2 MiB)
26/08/14 01:10:03 INFO MapPartitionsRDD: Removing RDD 333 from persistence list
26/08/14 01:10:03 INFO BlockManager: Removing RDD 333
26/08/14 01:10:03 INFO BlockManagerInfo: Removed broadcast_50_piece0 on 172.26.0.13:45679 in memory (size: 35.3 KiB, free: 412.6 MiB)
26/08/14 01:10:03 INFO BlockManagerInfo: Removed broadcast_50_piece0 on 172.26.0.12:41357 in memory (size: 35.3 KiB, free: 412.6 MiB)
26/08/14 01:10:03 INFO BlockManagerInfo: Removed broadcast_49_piece0 on spark-driver:43685 in memory (size: 34.0 KiB, free: 191.2 MiB)
26/08/14 01:10:03 INFO BlockManagerInfo: Removed broadcast_49_piece0 on 172.26.0.13:45679 in memory (size: 34.0 KiB, free: 412.7 MiB)
26/08/14 01:10:03 INFO BlockManagerInfo: Removed broadcast_49_piece0 on 172.26.0.12:41357 in memory (size: 34.0 KiB, free: 412.6 MiB)
26/08/14 01:10:03 INFO SparkContext: Starting job: call at /opt/spark/python/lib/py4j-0.10.9.7-src.zip/py4j/clientserver.py:617
26/08/14 01:10:03 INFO DAGScheduler: Registering RDD 351 (call at /opt/spark/python/lib/py4j-0.10.9.7-src.zip/py4j/clientserver.py:617) as input to shuffle 24
26/08/14 01:10:03 INFO DAGScheduler: Got job 29 (call at /opt/spark/python/lib/py4j-0.10.9.7-src.zip/py4j/clientserver.py:617) with 1 output partitions
26/08/14 01:10:03 INFO DAGScheduler: Final stage: ResultStage 54 (call at /opt/spark/python/lib/py4j-0.10.9.7-src.zip/py4j/clientserver.py:617)
26/08/14 01:10:03 INFO DAGScheduler: Parents of final stage: List(ShuffleMapStage 53)
26/08/14 01:10:03 INFO DAGScheduler: Missing parents: List(ShuffleMapStage 53)
26/08/14 01:10:03 INFO DAGScheduler: Submitting ShuffleMapStage 53 (MapPartitionsRDD[351] at call at /opt/spark/python/lib/py4j-0.10.9.7-src.zip/py4j/clientserver.py:617), which has no missing parents
26/08/14 01:10:03 INFO MemoryStore: Block broadcast_52 stored as values in memory (estimated size 66.2 KiB, free 191.1 MiB)
26/08/14 01:10:03 INFO MemoryStore: Block broadcast_52_piece0 stored as bytes in memory (estimated size 24.8 KiB, free 191.1 MiB)
26/08/14 01:10:03 INFO BlockManagerInfo: Added broadcast_52_piece0 in memory on spark-driver:43685 (size: 24.8 KiB, free: 191.2 MiB)
26/08/14 01:10:03 INFO SparkContext: Created broadcast 52 from broadcast at DAGScheduler.scala:1585
26/08/14 01:10:03 INFO DAGScheduler: Submitting 6 missing tasks from ShuffleMapStage 53 (MapPartitionsRDD[351] at call at /opt/spark/python/lib/py4j-0.10.9.7-src.zip/py4j/clientserver.py:617) (first 15 tasks are for partitions Vector(0, 1, 2, 3, 4, 5))
26/08/14 01:10:03 INFO TaskSchedulerImpl: Adding task set 53.0 with 6 tasks resource profile 0
26/08/14 01:10:03 INFO TaskSetManager: Starting task 2.0 in stage 53.0 (TID 167) (172.26.0.13, executor 1, partition 2, PROCESS_LOCAL, 9921 bytes) 
26/08/14 01:10:03 INFO TaskSetManager: Starting task 0.0 in stage 53.0 (TID 168) (172.26.0.12, executor 0, partition 0, PROCESS_LOCAL, 9921 bytes) 
26/08/14 01:10:03 INFO TaskSetManager: Starting task 3.0 in stage 53.0 (TID 169) (172.26.0.13, executor 1, partition 3, PROCESS_LOCAL, 9921 bytes) 
26/08/14 01:10:03 INFO TaskSetManager: Starting task 1.0 in stage 53.0 (TID 170) (172.26.0.12, executor 0, partition 1, PROCESS_LOCAL, 9921 bytes) 
26/08/14 01:10:03 INFO TaskSetManager: Starting task 4.0 in stage 53.0 (TID 171) (172.26.0.13, executor 1, partition 4, PROCESS_LOCAL, 9921 bytes) 
26/08/14 01:10:03 INFO TaskSetManager: Starting task 5.0 in stage 53.0 (TID 172) (172.26.0.12, executor 0, partition 5, PROCESS_LOCAL, 9921 bytes) 
26/08/14 01:10:03 INFO BlockManagerInfo: Added broadcast_52_piece0 in memory on 172.26.0.12:41357 (size: 24.8 KiB, free: 412.6 MiB)
26/08/14 01:10:03 INFO BlockManagerInfo: Added broadcast_52_piece0 in memory on 172.26.0.13:45679 (size: 24.8 KiB, free: 412.6 MiB)
26/08/14 01:10:03 INFO TaskSetManager: Finished task 4.0 in stage 53.0 (TID 171) in 31 ms on 172.26.0.13 (executor 1) (1/6)
26/08/14 01:10:03 INFO TaskSetManager: Finished task 2.0 in stage 53.0 (TID 167) in 32 ms on 172.26.0.13 (executor 1) (2/6)
26/08/14 01:10:03 INFO TaskSetManager: Finished task 3.0 in stage 53.0 (TID 169) in 35 ms on 172.26.0.13 (executor 1) (3/6)
26/08/14 01:10:03 INFO TaskSetManager: Finished task 0.0 in stage 53.0 (TID 168) in 330 ms on 172.26.0.12 (executor 0) (4/6)
26/08/14 01:10:03 INFO TaskSetManager: Finished task 1.0 in stage 53.0 (TID 170) in 330 ms on 172.26.0.12 (executor 0) (5/6)
26/08/14 01:10:04 INFO TaskSetManager: Finished task 5.0 in stage 53.0 (TID 172) in 331 ms on 172.26.0.12 (executor 0) (6/6)
26/08/14 01:10:04 INFO TaskSchedulerImpl: Removed TaskSet 53.0, whose tasks have all completed, from pool 
26/08/14 01:10:04 INFO DAGScheduler: ShuffleMapStage 53 (call at /opt/spark/python/lib/py4j-0.10.9.7-src.zip/py4j/clientserver.py:617) finished in 0.334 s
26/08/14 01:10:04 INFO DAGScheduler: looking for newly runnable stages
26/08/14 01:10:04 INFO DAGScheduler: running: Set()
26/08/14 01:10:04 INFO DAGScheduler: waiting: Set(ResultStage 54)
26/08/14 01:10:04 INFO DAGScheduler: failed: Set()
26/08/14 01:10:04 INFO DAGScheduler: Submitting ResultStage 54 (MapPartitionsRDD[354] at call at /opt/spark/python/lib/py4j-0.10.9.7-src.zip/py4j/clientserver.py:617), which has no missing parents
26/08/14 01:10:04 INFO MemoryStore: Block broadcast_53 stored as values in memory (estimated size 13.1 KiB, free 191.1 MiB)
26/08/14 01:10:04 INFO MemoryStore: Block broadcast_53_piece0 stored as bytes in memory (estimated size 6.1 KiB, free 191.1 MiB)
26/08/14 01:10:04 INFO BlockManagerInfo: Added broadcast_53_piece0 in memory on spark-driver:43685 (size: 6.1 KiB, free: 191.2 MiB)
26/08/14 01:10:04 INFO SparkContext: Created broadcast 53 from broadcast at DAGScheduler.scala:1585
26/08/14 01:10:04 INFO DAGScheduler: Submitting 1 missing tasks from ResultStage 54 (MapPartitionsRDD[354] at call at /opt/spark/python/lib/py4j-0.10.9.7-src.zip/py4j/clientserver.py:617) (first 15 tasks are for partitions Vector(0))
26/08/14 01:10:04 INFO TaskSchedulerImpl: Adding task set 54.0 with 1 tasks resource profile 0
26/08/14 01:10:04 INFO TaskSetManager: Starting task 0.0 in stage 54.0 (TID 173) (172.26.0.12, executor 0, partition 0, NODE_LOCAL, 9003 bytes) 
26/08/14 01:10:04 INFO BlockManagerInfo: Added broadcast_53_piece0 in memory on 172.26.0.12:41357 (size: 6.1 KiB, free: 412.6 MiB)
26/08/14 01:10:04 INFO MapOutputTrackerMasterEndpoint: Asked to send map output locations for shuffle 24 to 172.26.0.12:44092
26/08/14 01:10:04 INFO TaskSetManager: Finished task 0.0 in stage 54.0 (TID 173) in 42 ms on 172.26.0.12 (executor 0) (1/1)
26/08/14 01:10:04 INFO TaskSchedulerImpl: Removed TaskSet 54.0, whose tasks have all completed, from pool 
26/08/14 01:10:04 INFO DAGScheduler: ResultStage 54 (call at /opt/spark/python/lib/py4j-0.10.9.7-src.zip/py4j/clientserver.py:617) finished in 0.052 s
26/08/14 01:10:04 INFO DAGScheduler: Job 29 is finished. Cancelling potential speculative or zombie tasks for this job
26/08/14 01:10:04 INFO TaskSchedulerImpl: Killing all running tasks in stage 54: Stage finished
26/08/14 01:10:04 INFO DAGScheduler: Job 29 finished: call at /opt/spark/python/lib/py4j-0.10.9.7-src.zip/py4j/clientserver.py:617, took 0.391221 s
26/08/14 01:10:04 INFO MapPartitionsRDD: Removing RDD 295 from persistence list
26/08/14 01:10:04 INFO BlockManager: Removing RDD 295
26/08/14 01:10:04 INFO WatermarkTracker: Updating event-time watermark from 1786669675878 to 1786669681299 ms
26/08/14 01:10:04 INFO CheckpointFileManager: Writing atomically to file:/opt/checkpoints/trips/commits/5 using temp file file:/opt/checkpoints/trips/commits/.5.cdc18934-7ca5-4e2c-8751-e1f1a8c381b5.tmp
26/08/14 01:10:04 INFO CheckpointFileManager: Renamed temp file file:/opt/checkpoints/trips/commits/.5.cdc18934-7ca5-4e2c-8751-e1f1a8c381b5.tmp to file:/opt/checkpoints/trips/commits/5
26/08/14 01:10:04 INFO MicroBatchExecution: Streaming query made progress: {
  "id" : "f7681659-f9bd-49e2-8911-7d6cbe059482",
  "runId" : "326f406e-960d-4e0e-955f-42c6122dae1b",
  "name" : "trips-ingest-ab2_ab_with_backoff_3",
  "timestamp" : "2026-08-14T01:10:01.401Z",
  "batchId" : 5,
  "numInputRows" : 4294,
  "inputRowsPerSecond" : 799.181090638377,
  "processedRowsPerSecond" : 1572.8937728937728,
  "durationMs" : {
    "addBatch" : 2608,
    "commitOffsets" : 63,
    "getBatch" : 0,
    "latestOffset" : 6,
    "queryPlanning" : 32,
    "triggerExecution" : 2730,
    "walCommit" : 18
  },
  "eventTime" : {
    "avg" : "2026-08-14T01:09:57.209Z",
    "max" : "2026-08-14T01:10:01.299Z",
    "min" : "2026-08-14T01:09:53.039Z",
    "watermark" : "2026-08-14T01:07:55.878Z"
  },
  "stateOperators" : [ ],
  "sources" : [ {
    "description" : "KafkaV2[Subscribe[trips.raw]]",
    "startOffset" : {
      "trips.raw" : {
        "2" : 344017,
        "5" : 342236,
        "4" : 343846,
        "1" : 343779,
        "3" : 343074,
        "0" : 343827
      }
    },
    "endOffset" : {
      "trips.raw" : {
        "2" : 344733,
        "5" : 342948,
        "4" : 344602,
        "1" : 344464,
        "3" : 343764,
        "0" : 344562
      }
    },
    "latestOffset" : {
      "trips.raw" : {
        "2" : 344733,
        "5" : 342948,
        "4" : 344602,
        "1" : 344464,
        "3" : 343764,
        "0" : 344562
      }
    },
    "numInputRows" : 4294,
    "inputRowsPerSecond" : 799.181090638377,
    "processedRowsPerSecond" : 1572.8937728937728,
    "metrics" : {
      "avgOffsetsBehindLatest" : "0.0",
      "maxOffsetsBehindLatest" : "0",
      "minOffsetsBehindLatest" : "0"
    }
  } ],
  "sink" : {
    "description" : "ForeachBatchSink",
    "numOutputRows" : -1
  }
}
26/08/14 01:10:04 INFO CheckpointFileManager: Writing atomically to file:/opt/checkpoints/trips/offsets/6 using temp file file:/opt/checkpoints/trips/offsets/.6.01cb68cc-cb58-4bc7-b7e3-ea52e93d612e.tmp
26/08/14 01:10:04 INFO CheckpointFileManager: Renamed temp file file:/opt/checkpoints/trips/offsets/.6.01cb68cc-cb58-4bc7-b7e3-ea52e93d612e.tmp to file:/opt/checkpoints/trips/offsets/6
26/08/14 01:10:04 INFO MicroBatchExecution: Committed offsets for batch 6. Metadata OffsetSeqMetadata(1786669681299,1786669804152,Map(spark.sql.streaming.stateStore.providerClass -> org.apache.spark.sql.execution.streaming.state.HDFSBackedStateStoreProvider, spark.sql.streaming.join.stateFormatVersion -> 2, spark.sql.streaming.stateStore.compression.codec -> lz4, spark.sql.streaming.stateStore.rocksdb.formatVersion -> 5, spark.sql.streaming.statefulOperator.useStrictDistribution -> true, spark.sql.streaming.flatMapGroupsWithState.stateFormatVersion -> 2, spark.sql.streaming.multipleWatermarkPolicy -> min, spark.sql.streaming.aggregation.stateFormatVersion -> 2, spark.sql.shuffle.partitions -> 6))
26/08/14 01:10:04 INFO KafkaOffsetReaderAdmin: Partitions added: Map()
26/08/14 01:10:04 INFO KafkaOffsetReaderAdmin: Partitions added: Map()
26/08/14 01:10:04 INFO KafkaOffsetReaderAdmin: Partitions added: Map()
26/08/14 01:10:04 INFO BlockManagerInfo: Removed broadcast_53_piece0 on spark-driver:43685 in memory (size: 6.1 KiB, free: 191.2 MiB)
26/08/14 01:10:04 INFO KafkaOffsetReaderAdmin: Partitions added: Map()
26/08/14 01:10:04 INFO BlockManagerInfo: Removed broadcast_53_piece0 on 172.26.0.12:41357 in memory (size: 6.1 KiB, free: 413.9 MiB)
26/08/14 01:10:04 INFO BlockManagerInfo: Removed broadcast_52_piece0 on spark-driver:43685 in memory (size: 24.8 KiB, free: 191.2 MiB)
26/08/14 01:10:04 INFO BlockManagerInfo: Removed broadcast_52_piece0 on 172.26.0.12:41357 in memory (size: 24.8 KiB, free: 413.9 MiB)
26/08/14 01:10:04 INFO BlockManagerInfo: Removed broadcast_52_piece0 on 172.26.0.13:45679 in memory (size: 24.8 KiB, free: 413.9 MiB)
26/08/14 01:10:04 INFO BlockManagerInfo: Removed broadcast_51_piece0 on spark-driver:43685 in memory (size: 5.9 KiB, free: 191.2 MiB)
26/08/14 01:10:04 INFO BlockManagerInfo: Removed broadcast_51_piece0 on 172.26.0.12:41357 in memory (size: 5.9 KiB, free: 413.9 MiB)
2026-08-14 01:10:04,247 INFO  [stream] Received command c on object id p0
26/08/14 01:10:04 INFO SparkContext: Starting job: count at <unknown>:0
26/08/14 01:10:04 INFO DAGScheduler: Registering RDD 369 (count at <unknown>:0) as input to shuffle 25
26/08/14 01:10:04 INFO DAGScheduler: Got job 30 (count at <unknown>:0) with 1 output partitions
26/08/14 01:10:04 INFO DAGScheduler: Final stage: ResultStage 56 (count at <unknown>:0)
26/08/14 01:10:04 INFO DAGScheduler: Parents of final stage: List(ShuffleMapStage 55)
26/08/14 01:10:04 INFO DAGScheduler: Missing parents: List(ShuffleMapStage 55)
26/08/14 01:10:04 INFO DAGScheduler: Submitting ShuffleMapStage 55 (MapPartitionsRDD[369] at count at <unknown>:0), which has no missing parents
26/08/14 01:10:04 INFO MemoryStore: Block broadcast_54 stored as values in memory (estimated size 64.6 KiB, free 191.1 MiB)
26/08/14 01:10:04 INFO MemoryStore: Block broadcast_54_piece0 stored as bytes in memory (estimated size 24.0 KiB, free 191.1 MiB)
26/08/14 01:10:04 INFO BlockManagerInfo: Added broadcast_54_piece0 in memory on spark-driver:43685 (size: 24.0 KiB, free: 191.2 MiB)
26/08/14 01:10:04 INFO SparkContext: Created broadcast 54 from broadcast at DAGScheduler.scala:1585
26/08/14 01:10:04 INFO DAGScheduler: Submitting 6 missing tasks from ShuffleMapStage 55 (MapPartitionsRDD[369] at count at <unknown>:0) (first 15 tasks are for partitions Vector(0, 1, 2, 3, 4, 5))
26/08/14 01:10:04 INFO TaskSchedulerImpl: Adding task set 55.0 with 6 tasks resource profile 0
26/08/14 01:10:04 INFO TaskSetManager: Starting task 2.0 in stage 55.0 (TID 174) (172.26.0.13, executor 1, partition 2, PROCESS_LOCAL, 9921 bytes) 
26/08/14 01:10:04 INFO TaskSetManager: Starting task 0.0 in stage 55.0 (TID 175) (172.26.0.12, executor 0, partition 0, PROCESS_LOCAL, 9921 bytes) 
26/08/14 01:10:04 INFO TaskSetManager: Starting task 3.0 in stage 55.0 (TID 176) (172.26.0.13, executor 1, partition 3, PROCESS_LOCAL, 9921 bytes) 
26/08/14 01:10:04 INFO TaskSetManager: Starting task 1.0 in stage 55.0 (TID 177) (172.26.0.12, executor 0, partition 1, PROCESS_LOCAL, 9921 bytes) 
26/08/14 01:10:04 INFO TaskSetManager: Starting task 4.0 in stage 55.0 (TID 178) (172.26.0.13, executor 1, partition 4, PROCESS_LOCAL, 9921 bytes) 
26/08/14 01:10:04 INFO TaskSetManager: Starting task 5.0 in stage 55.0 (TID 179) (172.26.0.12, executor 0, partition 5, PROCESS_LOCAL, 9921 bytes) 
26/08/14 01:10:04 INFO BlockManagerInfo: Added broadcast_54_piece0 in memory on 172.26.0.12:41357 (size: 24.0 KiB, free: 413.9 MiB)
26/08/14 01:10:04 INFO BlockManagerInfo: Added broadcast_54_piece0 in memory on 172.26.0.13:45679 (size: 24.0 KiB, free: 413.9 MiB)
26/08/14 01:10:04 INFO BlockManagerInfo: Added rdd_364_3 in memory on 172.26.0.13:45679 (size: 221.9 KiB, free: 413.7 MiB)
26/08/14 01:10:04 INFO BlockManagerInfo: Added rdd_364_0 in memory on 172.26.0.12:41357 (size: 230.9 KiB, free: 413.7 MiB)
26/08/14 01:10:04 INFO BlockManagerInfo: Added rdd_364_1 in memory on 172.26.0.12:41357 (size: 242.2 KiB, free: 413.4 MiB)
26/08/14 01:10:04 INFO BlockManagerInfo: Added rdd_364_5 in memory on 172.26.0.12:41357 (size: 227.0 KiB, free: 413.2 MiB)
26/08/14 01:10:04 INFO TaskSetManager: Finished task 1.0 in stage 55.0 (TID 177) in 137 ms on 172.26.0.12 (executor 0) (1/6)
26/08/14 01:10:04 INFO TaskSetManager: Finished task 0.0 in stage 55.0 (TID 175) in 139 ms on 172.26.0.12 (executor 0) (2/6)
26/08/14 01:10:04 INFO TaskSetManager: Finished task 3.0 in stage 55.0 (TID 176) in 139 ms on 172.26.0.13 (executor 1) (3/6)
26/08/14 01:10:04 INFO TaskSetManager: Finished task 5.0 in stage 55.0 (TID 179) in 145 ms on 172.26.0.12 (executor 0) (4/6)
26/08/14 01:10:04 INFO BlockManagerInfo: Added rdd_364_2 in memory on 172.26.0.13:45679 (size: 242.9 KiB, free: 413.4 MiB)
26/08/14 01:10:04 INFO TaskSetManager: Finished task 2.0 in stage 55.0 (TID 174) in 198 ms on 172.26.0.13 (executor 1) (5/6)
26/08/14 01:10:04 INFO BlockManagerInfo: Added rdd_364_4 in memory on 172.26.0.13:45679 (size: 206.1 KiB, free: 413.2 MiB)
26/08/14 01:10:04 INFO TaskSetManager: Finished task 4.0 in stage 55.0 (TID 178) in 236 ms on 172.26.0.13 (executor 1) (6/6)
26/08/14 01:10:04 INFO TaskSchedulerImpl: Removed TaskSet 55.0, whose tasks have all completed, from pool 
26/08/14 01:10:04 INFO DAGScheduler: ShuffleMapStage 55 (count at <unknown>:0) finished in 0.245 s
26/08/14 01:10:04 INFO DAGScheduler: looking for newly runnable stages
26/08/14 01:10:04 INFO DAGScheduler: running: Set()
26/08/14 01:10:04 INFO DAGScheduler: waiting: Set(ResultStage 56)
26/08/14 01:10:04 INFO DAGScheduler: failed: Set()
26/08/14 01:10:04 INFO DAGScheduler: Submitting ResultStage 56 (MapPartitionsRDD[372] at count at <unknown>:0), which has no missing parents
26/08/14 01:10:04 INFO MemoryStore: Block broadcast_55 stored as values in memory (estimated size 12.5 KiB, free 191.1 MiB)
26/08/14 01:10:04 INFO MemoryStore: Block broadcast_55_piece0 stored as bytes in memory (estimated size 5.9 KiB, free 191.1 MiB)
26/08/14 01:10:04 INFO BlockManagerInfo: Added broadcast_55_piece0 in memory on spark-driver:43685 (size: 5.9 KiB, free: 191.2 MiB)
26/08/14 01:10:04 INFO SparkContext: Created broadcast 55 from broadcast at DAGScheduler.scala:1585
26/08/14 01:10:04 INFO DAGScheduler: Submitting 1 missing tasks from ResultStage 56 (MapPartitionsRDD[372] at count at <unknown>:0) (first 15 tasks are for partitions Vector(0))
26/08/14 01:10:04 INFO TaskSchedulerImpl: Adding task set 56.0 with 1 tasks resource profile 0
26/08/14 01:10:04 INFO TaskSetManager: Starting task 0.0 in stage 56.0 (TID 180) (172.26.0.13, executor 1, partition 0, NODE_LOCAL, 9003 bytes) 
26/08/14 01:10:04 INFO BlockManagerInfo: Added broadcast_55_piece0 in memory on 172.26.0.13:45679 (size: 5.9 KiB, free: 413.2 MiB)
26/08/14 01:10:04 INFO MapOutputTrackerMasterEndpoint: Asked to send map output locations for shuffle 25 to 172.26.0.13:60160
26/08/14 01:10:04 INFO TaskSetManager: Finished task 0.0 in stage 56.0 (TID 180) in 48 ms on 172.26.0.13 (executor 1) (1/1)
26/08/14 01:10:04 INFO DAGScheduler: ResultStage 56 (count at <unknown>:0) finished in 0.065 s
26/08/14 01:10:04 INFO TaskSchedulerImpl: Removed TaskSet 56.0, whose tasks have all completed, from pool 
26/08/14 01:10:04 INFO DAGScheduler: Job 30 is finished. Cancelling potential speculative or zombie tasks for this job
26/08/14 01:10:04 INFO TaskSchedulerImpl: Killing all running tasks in stage 56: Stage finished
26/08/14 01:10:04 INFO DAGScheduler: Job 30 finished: count at <unknown>:0, took 0.317007 s
26/08/14 01:10:04 INFO SparkContext: Starting job: count at <unknown>:0
26/08/14 01:10:04 INFO DAGScheduler: Registering RDD 377 (count at <unknown>:0) as input to shuffle 26
26/08/14 01:10:04 INFO DAGScheduler: Got job 31 (count at <unknown>:0) with 1 output partitions
26/08/14 01:10:04 INFO DAGScheduler: Final stage: ResultStage 58 (count at <unknown>:0)
26/08/14 01:10:04 INFO DAGScheduler: Parents of final stage: List(ShuffleMapStage 57)
26/08/14 01:10:04 INFO DAGScheduler: Missing parents: List(ShuffleMapStage 57)
26/08/14 01:10:04 INFO DAGScheduler: Submitting ShuffleMapStage 57 (MapPartitionsRDD[377] at count at <unknown>:0), which has no missing parents
26/08/14 01:10:04 INFO MemoryStore: Block broadcast_56 stored as values in memory (estimated size 64.9 KiB, free 191.0 MiB)
26/08/14 01:10:04 INFO MemoryStore: Block broadcast_56_piece0 stored as bytes in memory (estimated size 24.2 KiB, free 191.0 MiB)
26/08/14 01:10:04 INFO BlockManagerInfo: Added broadcast_56_piece0 in memory on spark-driver:43685 (size: 24.2 KiB, free: 191.2 MiB)
26/08/14 01:10:04 INFO SparkContext: Created broadcast 56 from broadcast at DAGScheduler.scala:1585
26/08/14 01:10:04 INFO DAGScheduler: Submitting 6 missing tasks from ShuffleMapStage 57 (MapPartitionsRDD[377] at count at <unknown>:0) (first 15 tasks are for partitions Vector(0, 1, 2, 3, 4, 5))
26/08/14 01:10:04 INFO TaskSchedulerImpl: Adding task set 57.0 with 6 tasks resource profile 0
26/08/14 01:10:04 INFO TaskSetManager: Starting task 0.0 in stage 57.0 (TID 181) (172.26.0.12, executor 0, partition 0, PROCESS_LOCAL, 9921 bytes) 
26/08/14 01:10:04 INFO TaskSetManager: Starting task 2.0 in stage 57.0 (TID 182) (172.26.0.13, executor 1, partition 2, PROCESS_LOCAL, 9921 bytes) 
26/08/14 01:10:04 INFO TaskSetManager: Starting task 1.0 in stage 57.0 (TID 183) (172.26.0.12, executor 0, partition 1, PROCESS_LOCAL, 9921 bytes) 
26/08/14 01:10:04 INFO TaskSetManager: Starting task 3.0 in stage 57.0 (TID 184) (172.26.0.13, executor 1, partition 3, PROCESS_LOCAL, 9921 bytes) 
26/08/14 01:10:04 INFO TaskSetManager: Starting task 5.0 in stage 57.0 (TID 185) (172.26.0.12, executor 0, partition 5, PROCESS_LOCAL, 9921 bytes) 
26/08/14 01:10:04 INFO TaskSetManager: Starting task 4.0 in stage 57.0 (TID 186) (172.26.0.13, executor 1, partition 4, PROCESS_LOCAL, 9921 bytes) 
26/08/14 01:10:04 INFO BlockManagerInfo: Added broadcast_56_piece0 in memory on 172.26.0.13:45679 (size: 24.2 KiB, free: 413.2 MiB)
26/08/14 01:10:04 INFO BlockManagerInfo: Added broadcast_56_piece0 in memory on 172.26.0.12:41357 (size: 24.2 KiB, free: 413.2 MiB)
26/08/14 01:10:04 INFO TaskSetManager: Finished task 1.0 in stage 57.0 (TID 183) in 24 ms on 172.26.0.12 (executor 0) (1/6)
26/08/14 01:10:04 INFO TaskSetManager: Finished task 0.0 in stage 57.0 (TID 181) in 25 ms on 172.26.0.12 (executor 0) (2/6)
26/08/14 01:10:04 INFO TaskSetManager: Finished task 5.0 in stage 57.0 (TID 185) in 24 ms on 172.26.0.12 (executor 0) (3/6)
26/08/14 01:10:04 INFO TaskSetManager: Finished task 2.0 in stage 57.0 (TID 182) in 28 ms on 172.26.0.13 (executor 1) (4/6)
26/08/14 01:10:04 INFO TaskSetManager: Finished task 4.0 in stage 57.0 (TID 186) in 28 ms on 172.26.0.13 (executor 1) (5/6)
26/08/14 01:10:04 INFO TaskSetManager: Finished task 3.0 in stage 57.0 (TID 184) in 31 ms on 172.26.0.13 (executor 1) (6/6)
26/08/14 01:10:04 INFO TaskSchedulerImpl: Removed TaskSet 57.0, whose tasks have all completed, from pool 
26/08/14 01:10:04 INFO DAGScheduler: ShuffleMapStage 57 (count at <unknown>:0) finished in 0.040 s
26/08/14 01:10:04 INFO DAGScheduler: looking for newly runnable stages
26/08/14 01:10:04 INFO DAGScheduler: running: Set()
26/08/14 01:10:04 INFO DAGScheduler: waiting: Set(ResultStage 58)
26/08/14 01:10:04 INFO DAGScheduler: failed: Set()
26/08/14 01:10:04 INFO DAGScheduler: Submitting ResultStage 58 (MapPartitionsRDD[380] at count at <unknown>:0), which has no missing parents
26/08/14 01:10:04 INFO MemoryStore: Block broadcast_57 stored as values in memory (estimated size 12.5 KiB, free 191.0 MiB)
26/08/14 01:10:04 INFO MemoryStore: Block broadcast_57_piece0 stored as bytes in memory (estimated size 5.9 KiB, free 191.0 MiB)
26/08/14 01:10:04 INFO BlockManagerInfo: Added broadcast_57_piece0 in memory on spark-driver:43685 (size: 5.9 KiB, free: 191.2 MiB)
26/08/14 01:10:04 INFO SparkContext: Created broadcast 57 from broadcast at DAGScheduler.scala:1585
26/08/14 01:10:04 INFO DAGScheduler: Submitting 1 missing tasks from ResultStage 58 (MapPartitionsRDD[380] at count at <unknown>:0) (first 15 tasks are for partitions Vector(0))
26/08/14 01:10:04 INFO TaskSchedulerImpl: Adding task set 58.0 with 1 tasks resource profile 0
26/08/14 01:10:04 INFO TaskSetManager: Starting task 0.0 in stage 58.0 (TID 187) (172.26.0.13, executor 1, partition 0, NODE_LOCAL, 9003 bytes) 
26/08/14 01:10:04 INFO BlockManagerInfo: Added broadcast_57_piece0 in memory on 172.26.0.13:45679 (size: 5.9 KiB, free: 413.2 MiB)
26/08/14 01:10:04 INFO MapOutputTrackerMasterEndpoint: Asked to send map output locations for shuffle 26 to 172.26.0.13:60160
26/08/14 01:10:04 INFO TaskSetManager: Finished task 0.0 in stage 58.0 (TID 187) in 21 ms on 172.26.0.13 (executor 1) (1/1)
26/08/14 01:10:04 INFO TaskSchedulerImpl: Removed TaskSet 58.0, whose tasks have all completed, from pool 
26/08/14 01:10:04 INFO DAGScheduler: ResultStage 58 (count at <unknown>:0) finished in 0.025 s
26/08/14 01:10:04 INFO DAGScheduler: Job 31 is finished. Cancelling potential speculative or zombie tasks for this job
26/08/14 01:10:04 INFO TaskSchedulerImpl: Killing all running tasks in stage 58: Stage finished
26/08/14 01:10:04 INFO DAGScheduler: Job 31 finished: count at <unknown>:0, took 0.069000 s
26/08/14 01:10:04 INFO BlockManagerInfo: Removed broadcast_54_piece0 on spark-driver:43685 in memory (size: 24.0 KiB, free: 191.2 MiB)
26/08/14 01:10:04 INFO BlockManagerInfo: Removed broadcast_54_piece0 on 172.26.0.12:41357 in memory (size: 24.0 KiB, free: 413.2 MiB)
26/08/14 01:10:04 INFO BlockManagerInfo: Removed broadcast_54_piece0 on 172.26.0.13:45679 in memory (size: 24.0 KiB, free: 413.2 MiB)
26/08/14 01:10:04 INFO BlockManagerInfo: Removed broadcast_55_piece0 on spark-driver:43685 in memory (size: 5.9 KiB, free: 191.2 MiB)
26/08/14 01:10:04 INFO BlockManagerInfo: Removed broadcast_55_piece0 on 172.26.0.13:45679 in memory (size: 5.9 KiB, free: 413.2 MiB)
26/08/14 01:10:04 INFO BlockManagerInfo: Removed broadcast_56_piece0 on spark-driver:43685 in memory (size: 24.2 KiB, free: 191.2 MiB)
26/08/14 01:10:04 INFO BlockManagerInfo: Removed broadcast_56_piece0 on 172.26.0.12:41357 in memory (size: 24.2 KiB, free: 413.2 MiB)
26/08/14 01:10:04 INFO BlockManagerInfo: Removed broadcast_56_piece0 on 172.26.0.13:45679 in memory (size: 24.2 KiB, free: 413.3 MiB)
26/08/14 01:10:04 INFO BlockManagerInfo: Removed broadcast_57_piece0 on spark-driver:43685 in memory (size: 5.9 KiB, free: 191.2 MiB)
26/08/14 01:10:04 INFO BlockManagerInfo: Removed broadcast_57_piece0 on 172.26.0.13:45679 in memory (size: 5.9 KiB, free: 413.3 MiB)
26/08/14 01:10:04 INFO CodeGenerator: Code generated in 13.640166 ms
26/08/14 01:10:04 INFO DefaultCachedBatchSerializer: Predicate isnotnull(event_time#89-T120000ms) generates partition filter: ((event_time.count#18929 - event_time.nullCount#18928) > 0)
26/08/14 01:10:04 INFO DefaultCachedBatchSerializer: Predicate (event_time#89-T120000ms < 2026-08-14 01:08:01.299) generates partition filter: (event_time.lowerBound#18927 < 2026-08-14 01:08:01.299)
26/08/14 01:10:04 INFO SparkContext: Starting job: count at <unknown>:0
26/08/14 01:10:04 INFO DAGScheduler: Registering RDD 385 (count at <unknown>:0) as input to shuffle 27
26/08/14 01:10:04 INFO DAGScheduler: Got job 32 (count at <unknown>:0) with 1 output partitions
26/08/14 01:10:04 INFO DAGScheduler: Final stage: ResultStage 60 (count at <unknown>:0)
26/08/14 01:10:04 INFO DAGScheduler: Parents of final stage: List(ShuffleMapStage 59)
26/08/14 01:10:04 INFO DAGScheduler: Missing parents: List(ShuffleMapStage 59)
26/08/14 01:10:04 INFO DAGScheduler: Submitting ShuffleMapStage 59 (MapPartitionsRDD[385] at count at <unknown>:0), which has no missing parents
26/08/14 01:10:04 INFO MemoryStore: Block broadcast_58 stored as values in memory (estimated size 67.2 KiB, free 191.1 MiB)
26/08/14 01:10:04 INFO MemoryStore: Block broadcast_58_piece0 stored as bytes in memory (estimated size 25.6 KiB, free 191.1 MiB)
26/08/14 01:10:04 INFO BlockManagerInfo: Added broadcast_58_piece0 in memory on spark-driver:43685 (size: 25.6 KiB, free: 191.2 MiB)
26/08/14 01:10:04 INFO SparkContext: Created broadcast 58 from broadcast at DAGScheduler.scala:1585
26/08/14 01:10:04 INFO DAGScheduler: Submitting 6 missing tasks from ShuffleMapStage 59 (MapPartitionsRDD[385] at count at <unknown>:0) (first 15 tasks are for partitions Vector(0, 1, 2, 3, 4, 5))
26/08/14 01:10:04 INFO TaskSchedulerImpl: Adding task set 59.0 with 6 tasks resource profile 0
26/08/14 01:10:04 INFO TaskSetManager: Starting task 2.0 in stage 59.0 (TID 188) (172.26.0.13, executor 1, partition 2, PROCESS_LOCAL, 9921 bytes) 
26/08/14 01:10:04 INFO TaskSetManager: Starting task 0.0 in stage 59.0 (TID 189) (172.26.0.12, executor 0, partition 0, PROCESS_LOCAL, 9921 bytes) 
26/08/14 01:10:04 INFO TaskSetManager: Starting task 3.0 in stage 59.0 (TID 190) (172.26.0.13, executor 1, partition 3, PROCESS_LOCAL, 9921 bytes) 
26/08/14 01:10:04 INFO TaskSetManager: Starting task 1.0 in stage 59.0 (TID 191) (172.26.0.12, executor 0, partition 1, PROCESS_LOCAL, 9921 bytes) 
26/08/14 01:10:04 INFO TaskSetManager: Starting task 4.0 in stage 59.0 (TID 192) (172.26.0.13, executor 1, partition 4, PROCESS_LOCAL, 9921 bytes) 
26/08/14 01:10:04 INFO TaskSetManager: Starting task 5.0 in stage 59.0 (TID 193) (172.26.0.12, executor 0, partition 5, PROCESS_LOCAL, 9921 bytes) 
26/08/14 01:10:04 INFO BlockManagerInfo: Added broadcast_58_piece0 in memory on 172.26.0.12:41357 (size: 25.6 KiB, free: 413.2 MiB)
26/08/14 01:10:04 INFO BlockManagerInfo: Added broadcast_58_piece0 in memory on 172.26.0.13:45679 (size: 25.6 KiB, free: 413.2 MiB)
26/08/14 01:10:04 INFO TaskSetManager: Finished task 0.0 in stage 59.0 (TID 189) in 38 ms on 172.26.0.12 (executor 0) (1/6)
26/08/14 01:10:04 INFO TaskSetManager: Finished task 5.0 in stage 59.0 (TID 193) in 39 ms on 172.26.0.12 (executor 0) (2/6)
26/08/14 01:10:04 INFO TaskSetManager: Finished task 1.0 in stage 59.0 (TID 191) in 39 ms on 172.26.0.12 (executor 0) (3/6)
26/08/14 01:10:04 INFO TaskSetManager: Finished task 2.0 in stage 59.0 (TID 188) in 48 ms on 172.26.0.13 (executor 1) (4/6)
26/08/14 01:10:04 INFO TaskSetManager: Finished task 3.0 in stage 59.0 (TID 190) in 49 ms on 172.26.0.13 (executor 1) (5/6)
26/08/14 01:10:04 INFO TaskSetManager: Finished task 4.0 in stage 59.0 (TID 192) in 50 ms on 172.26.0.13 (executor 1) (6/6)
26/08/14 01:10:04 INFO TaskSchedulerImpl: Removed TaskSet 59.0, whose tasks have all completed, from pool 
26/08/14 01:10:04 INFO DAGScheduler: ShuffleMapStage 59 (count at <unknown>:0) finished in 0.056 s
26/08/14 01:10:04 INFO DAGScheduler: looking for newly runnable stages
26/08/14 01:10:04 INFO DAGScheduler: running: Set()
26/08/14 01:10:04 INFO DAGScheduler: waiting: Set(ResultStage 60)
26/08/14 01:10:04 INFO DAGScheduler: failed: Set()
26/08/14 01:10:04 INFO DAGScheduler: Submitting ResultStage 60 (MapPartitionsRDD[388] at count at <unknown>:0), which has no missing parents
26/08/14 01:10:04 INFO MemoryStore: Block broadcast_59 stored as values in memory (estimated size 12.5 KiB, free 191.1 MiB)
26/08/14 01:10:04 INFO MemoryStore: Block broadcast_59_piece0 stored as bytes in memory (estimated size 5.9 KiB, free 191.1 MiB)
26/08/14 01:10:04 INFO BlockManagerInfo: Added broadcast_59_piece0 in memory on spark-driver:43685 (size: 5.9 KiB, free: 191.2 MiB)
26/08/14 01:10:04 INFO SparkContext: Created broadcast 59 from broadcast at DAGScheduler.scala:1585
26/08/14 01:10:04 INFO DAGScheduler: Submitting 1 missing tasks from ResultStage 60 (MapPartitionsRDD[388] at count at <unknown>:0) (first 15 tasks are for partitions Vector(0))
26/08/14 01:10:04 INFO TaskSchedulerImpl: Adding task set 60.0 with 1 tasks resource profile 0
26/08/14 01:10:04 INFO TaskSetManager: Starting task 0.0 in stage 60.0 (TID 194) (172.26.0.12, executor 0, partition 0, NODE_LOCAL, 9003 bytes) 
26/08/14 01:10:04 INFO BlockManagerInfo: Added broadcast_59_piece0 in memory on 172.26.0.12:41357 (size: 5.9 KiB, free: 413.2 MiB)
26/08/14 01:10:04 INFO MapOutputTrackerMasterEndpoint: Asked to send map output locations for shuffle 27 to 172.26.0.12:44092
26/08/14 01:10:04 INFO TaskSetManager: Finished task 0.0 in stage 60.0 (TID 194) in 20 ms on 172.26.0.12 (executor 0) (1/1)
26/08/14 01:10:04 INFO TaskSchedulerImpl: Removed TaskSet 60.0, whose tasks have all completed, from pool 
26/08/14 01:10:04 INFO DAGScheduler: ResultStage 60 (count at <unknown>:0) finished in 0.024 s
26/08/14 01:10:04 INFO DAGScheduler: Job 32 is finished. Cancelling potential speculative or zombie tasks for this job
26/08/14 01:10:04 INFO TaskSchedulerImpl: Killing all running tasks in stage 60: Stage finished
26/08/14 01:10:04 INFO DAGScheduler: Job 32 finished: count at <unknown>:0, took 0.084474 s
26/08/14 01:10:04 INFO BlockManagerInfo: Removed broadcast_59_piece0 on spark-driver:43685 in memory (size: 5.9 KiB, free: 191.2 MiB)
26/08/14 01:10:04 INFO BlockManagerInfo: Removed broadcast_59_piece0 on 172.26.0.12:41357 in memory (size: 5.9 KiB, free: 413.2 MiB)
26/08/14 01:10:04 INFO BlockManagerInfo: Removed broadcast_58_piece0 on spark-driver:43685 in memory (size: 25.6 KiB, free: 191.2 MiB)
26/08/14 01:10:04 INFO BlockManagerInfo: Removed broadcast_58_piece0 on 172.26.0.12:41357 in memory (size: 25.6 KiB, free: 413.2 MiB)
26/08/14 01:10:04 INFO BlockManagerInfo: Removed broadcast_58_piece0 on 172.26.0.13:45679 in memory (size: 25.6 KiB, free: 413.3 MiB)
26/08/14 01:10:04 INFO DefaultCachedBatchSerializer: Predicate isnotnull(kind#19486) generates partition filter: ((kind.count#19555 - kind.nullCount#19554) > 0)
26/08/14 01:10:04 INFO DefaultCachedBatchSerializer: Predicate (kind#19486 = stats) generates partition filter: ((kind.lowerBound#19553 <= stats) AND (stats <= kind.upperBound#19552))
26/08/14 01:10:04 INFO SparkContext: Starting job: call at /opt/spark/python/lib/py4j-0.10.9.7-src.zip/py4j/clientserver.py:617
26/08/14 01:10:04 INFO DAGScheduler: Got job 33 (call at /opt/spark/python/lib/py4j-0.10.9.7-src.zip/py4j/clientserver.py:617) with 6 output partitions
26/08/14 01:10:04 INFO DAGScheduler: Final stage: ResultStage 61 (call at /opt/spark/python/lib/py4j-0.10.9.7-src.zip/py4j/clientserver.py:617)
26/08/14 01:10:04 INFO DAGScheduler: Parents of final stage: List()
26/08/14 01:10:04 INFO DAGScheduler: Missing parents: List()
26/08/14 01:10:04 INFO DAGScheduler: Submitting ResultStage 61 (MapPartitionsRDD[407] at call at /opt/spark/python/lib/py4j-0.10.9.7-src.zip/py4j/clientserver.py:617), which has no missing parents
26/08/14 01:10:04 INFO MemoryStore: Block broadcast_60 stored as values in memory (estimated size 90.0 KiB, free 191.1 MiB)
26/08/14 01:10:04 INFO MemoryStore: Block broadcast_60_piece0 stored as bytes in memory (estimated size 34.0 KiB, free 191.1 MiB)
26/08/14 01:10:04 INFO BlockManagerInfo: Added broadcast_60_piece0 in memory on spark-driver:43685 (size: 34.0 KiB, free: 191.2 MiB)
26/08/14 01:10:04 INFO SparkContext: Created broadcast 60 from broadcast at DAGScheduler.scala:1585
26/08/14 01:10:04 INFO DAGScheduler: Submitting 6 missing tasks from ResultStage 61 (MapPartitionsRDD[407] at call at /opt/spark/python/lib/py4j-0.10.9.7-src.zip/py4j/clientserver.py:617) (first 15 tasks are for partitions Vector(0, 1, 2, 3, 4, 5))
26/08/14 01:10:04 INFO TaskSchedulerImpl: Adding task set 61.0 with 6 tasks resource profile 0
26/08/14 01:10:04 INFO TaskSetManager: Starting task 0.0 in stage 61.0 (TID 195) (172.26.0.12, executor 0, partition 0, PROCESS_LOCAL, 9932 bytes) 
26/08/14 01:10:04 INFO TaskSetManager: Starting task 2.0 in stage 61.0 (TID 196) (172.26.0.13, executor 1, partition 2, PROCESS_LOCAL, 9932 bytes) 
26/08/14 01:10:04 INFO TaskSetManager: Starting task 1.0 in stage 61.0 (TID 197) (172.26.0.12, executor 0, partition 1, PROCESS_LOCAL, 9932 bytes) 
26/08/14 01:10:04 INFO TaskSetManager: Starting task 3.0 in stage 61.0 (TID 198) (172.26.0.13, executor 1, partition 3, PROCESS_LOCAL, 9932 bytes) 
26/08/14 01:10:04 INFO TaskSetManager: Starting task 5.0 in stage 61.0 (TID 199) (172.26.0.12, executor 0, partition 5, PROCESS_LOCAL, 9932 bytes) 
26/08/14 01:10:04 INFO TaskSetManager: Starting task 4.0 in stage 61.0 (TID 200) (172.26.0.13, executor 1, partition 4, PROCESS_LOCAL, 9932 bytes) 
26/08/14 01:10:04 INFO BlockManagerInfo: Added broadcast_60_piece0 in memory on 172.26.0.13:45679 (size: 34.0 KiB, free: 413.2 MiB)
26/08/14 01:10:04 INFO BlockManagerInfo: Added broadcast_60_piece0 in memory on 172.26.0.12:41357 (size: 34.0 KiB, free: 413.2 MiB)
26/08/14 01:10:05 INFO BlockManagerInfo: Added rdd_402_4 in memory on 172.26.0.13:45679 (size: 1792.0 B, free: 413.2 MiB)
26/08/14 01:10:06 INFO TaskSetManager: Finished task 4.0 in stage 61.0 (TID 200) in 1147 ms on 172.26.0.13 (executor 1) (1/6)
26/08/14 01:10:06 INFO BlockManagerInfo: Added rdd_402_5 in memory on 172.26.0.12:41357 (size: 1792.0 B, free: 413.2 MiB)
26/08/14 01:10:06 INFO TaskSetManager: Finished task 5.0 in stage 61.0 (TID 199) in 1322 ms on 172.26.0.12 (executor 0) (2/6)
26/08/14 01:10:06 INFO BlockManagerInfo: Added rdd_402_3 in memory on 172.26.0.13:45679 (size: 1808.0 B, free: 413.2 MiB)
26/08/14 01:10:06 INFO TaskSetManager: Finished task 3.0 in stage 61.0 (TID 198) in 1506 ms on 172.26.0.13 (executor 1) (3/6)
26/08/14 01:13:15 INFO BlockManagerInfo: Added rdd_402_1 in memory on 172.26.0.12:41357 (size: 64.9 KiB, free: 413.1 MiB)
26/08/14 01:13:15 INFO TaskSetManager: Finished task 1.0 in stage 61.0 (TID 197) in 191067 ms on 172.26.0.12 (executor 0) (4/6)
26/08/14 01:14:18 INFO BlockManagerInfo: Added rdd_402_2 in memory on 172.26.0.13:45679 (size: 88.2 KiB, free: 413.1 MiB)
26/08/14 01:14:18 INFO TaskSetManager: Finished task 2.0 in stage 61.0 (TID 196) in 253350 ms on 172.26.0.13 (executor 1) (5/6)
26/08/14 01:14:32 INFO NetworkClient: [AdminClient clientId=adminclient-1] Node -2 disconnected.
26/08/14 01:14:35 INFO BlockManagerInfo: Added rdd_402_0 in memory on 172.26.0.12:41357 (size: 96.5 KiB, free: 413.0 MiB)
26/08/14 01:14:35 INFO TaskSetManager: Finished task 0.0 in stage 61.0 (TID 195) in 270271 ms on 172.26.0.12 (executor 0) (6/6)
26/08/14 01:14:35 INFO TaskSchedulerImpl: Removed TaskSet 61.0, whose tasks have all completed, from pool 
26/08/14 01:14:35 INFO DAGScheduler: ResultStage 61 (call at /opt/spark/python/lib/py4j-0.10.9.7-src.zip/py4j/clientserver.py:617) finished in 270.278 s
26/08/14 01:14:35 INFO DAGScheduler: Job 33 is finished. Cancelling potential speculative or zombie tasks for this job
26/08/14 01:14:35 INFO TaskSchedulerImpl: Killing all running tasks in stage 61: Stage finished
26/08/14 01:14:35 INFO DAGScheduler: Job 33 finished: call at /opt/spark/python/lib/py4j-0.10.9.7-src.zip/py4j/clientserver.py:617, took 270.280244 s
26/08/14 01:14:35 INFO DefaultCachedBatchSerializer: Predicate isnotnull(kind#19486) generates partition filter: ((kind.count#19638 - kind.nullCount#19637) > 0)
26/08/14 01:14:35 INFO DefaultCachedBatchSerializer: Predicate (kind#19486 = dlq) generates partition filter: ((kind.lowerBound#19636 <= dlq) AND (dlq <= kind.upperBound#19635))
26/08/14 01:14:35 INFO SparkContext: Starting job: count at <unknown>:0
26/08/14 01:14:35 INFO DAGScheduler: Registering RDD 412 (count at <unknown>:0) as input to shuffle 28
26/08/14 01:14:35 INFO DAGScheduler: Got job 34 (count at <unknown>:0) with 1 output partitions
26/08/14 01:14:35 INFO DAGScheduler: Final stage: ResultStage 63 (count at <unknown>:0)
26/08/14 01:14:35 INFO DAGScheduler: Parents of final stage: List(ShuffleMapStage 62)
26/08/14 01:14:35 INFO DAGScheduler: Missing parents: List(ShuffleMapStage 62)
26/08/14 01:14:35 INFO DAGScheduler: Submitting ShuffleMapStage 62 (MapPartitionsRDD[412] at count at <unknown>:0), which has no missing parents
26/08/14 01:14:35 INFO MemoryStore: Block broadcast_61 stored as values in memory (estimated size 92.2 KiB, free 191.0 MiB)
26/08/14 01:14:35 INFO MemoryStore: Block broadcast_61_piece0 stored as bytes in memory (estimated size 35.3 KiB, free 191.0 MiB)
26/08/14 01:14:35 INFO BlockManagerInfo: Added broadcast_61_piece0 in memory on spark-driver:43685 (size: 35.3 KiB, free: 191.1 MiB)
26/08/14 01:14:35 INFO SparkContext: Created broadcast 61 from broadcast at DAGScheduler.scala:1585
26/08/14 01:14:35 INFO DAGScheduler: Submitting 6 missing tasks from ShuffleMapStage 62 (MapPartitionsRDD[412] at count at <unknown>:0) (first 15 tasks are for partitions Vector(0, 1, 2, 3, 4, 5))
26/08/14 01:14:35 INFO TaskSchedulerImpl: Adding task set 62.0 with 6 tasks resource profile 0
26/08/14 01:14:35 INFO TaskSetManager: Starting task 0.0 in stage 62.0 (TID 201) (172.26.0.12, executor 0, partition 0, PROCESS_LOCAL, 9921 bytes) 
26/08/14 01:14:35 INFO TaskSetManager: Starting task 2.0 in stage 62.0 (TID 202) (172.26.0.13, executor 1, partition 2, PROCESS_LOCAL, 9921 bytes) 
26/08/14 01:14:35 INFO TaskSetManager: Starting task 1.0 in stage 62.0 (TID 203) (172.26.0.12, executor 0, partition 1, PROCESS_LOCAL, 9921 bytes) 
26/08/14 01:14:35 INFO TaskSetManager: Starting task 3.0 in stage 62.0 (TID 204) (172.26.0.13, executor 1, partition 3, PROCESS_LOCAL, 9921 bytes) 
26/08/14 01:14:35 INFO TaskSetManager: Starting task 5.0 in stage 62.0 (TID 205) (172.26.0.12, executor 0, partition 5, PROCESS_LOCAL, 9921 bytes) 
26/08/14 01:14:35 INFO TaskSetManager: Starting task 4.0 in stage 62.0 (TID 206) (172.26.0.13, executor 1, partition 4, PROCESS_LOCAL, 9921 bytes) 
26/08/14 01:14:35 INFO BlockManagerInfo: Added broadcast_61_piece0 in memory on 172.26.0.12:41357 (size: 35.3 KiB, free: 413.0 MiB)
26/08/14 01:14:35 INFO BlockManagerInfo: Added broadcast_61_piece0 in memory on 172.26.0.13:45679 (size: 35.3 KiB, free: 413.1 MiB)
26/08/14 01:14:35 INFO TaskSetManager: Finished task 1.0 in stage 62.0 (TID 203) in 71 ms on 172.26.0.12 (executor 0) (1/6)
26/08/14 01:14:35 INFO TaskSetManager: Finished task 0.0 in stage 62.0 (TID 201) in 72 ms on 172.26.0.12 (executor 0) (2/6)
26/08/14 01:14:35 INFO TaskSetManager: Finished task 5.0 in stage 62.0 (TID 205) in 71 ms on 172.26.0.12 (executor 0) (3/6)
26/08/14 01:14:35 INFO TaskSetManager: Finished task 2.0 in stage 62.0 (TID 202) in 100 ms on 172.26.0.13 (executor 1) (4/6)
26/08/14 01:14:35 INFO TaskSetManager: Finished task 3.0 in stage 62.0 (TID 204) in 100 ms on 172.26.0.13 (executor 1) (5/6)
26/08/14 01:14:35 INFO TaskSetManager: Finished task 4.0 in stage 62.0 (TID 206) in 99 ms on 172.26.0.13 (executor 1) (6/6)
26/08/14 01:14:35 INFO TaskSchedulerImpl: Removed TaskSet 62.0, whose tasks have all completed, from pool 
26/08/14 01:14:35 INFO DAGScheduler: ShuffleMapStage 62 (count at <unknown>:0) finished in 0.111 s
26/08/14 01:14:35 INFO DAGScheduler: looking for newly runnable stages
26/08/14 01:14:35 INFO DAGScheduler: running: Set()
26/08/14 01:14:35 INFO DAGScheduler: waiting: Set(ResultStage 63)
26/08/14 01:14:35 INFO DAGScheduler: failed: Set()
26/08/14 01:14:35 INFO DAGScheduler: Submitting ResultStage 63 (MapPartitionsRDD[415] at count at <unknown>:0), which has no missing parents
26/08/14 01:14:35 INFO MemoryStore: Block broadcast_62 stored as values in memory (estimated size 12.5 KiB, free 191.0 MiB)
26/08/14 01:14:35 INFO MemoryStore: Block broadcast_62_piece0 stored as bytes in memory (estimated size 5.9 KiB, free 190.9 MiB)
26/08/14 01:14:35 INFO BlockManagerInfo: Added broadcast_62_piece0 in memory on spark-driver:43685 (size: 5.9 KiB, free: 191.1 MiB)
26/08/14 01:14:35 INFO SparkContext: Created broadcast 62 from broadcast at DAGScheduler.scala:1585
26/08/14 01:14:35 INFO DAGScheduler: Submitting 1 missing tasks from ResultStage 63 (MapPartitionsRDD[415] at count at <unknown>:0) (first 15 tasks are for partitions Vector(0))
26/08/14 01:14:35 INFO TaskSchedulerImpl: Adding task set 63.0 with 1 tasks resource profile 0
26/08/14 01:14:35 INFO TaskSetManager: Starting task 0.0 in stage 63.0 (TID 207) (172.26.0.13, executor 1, partition 0, NODE_LOCAL, 9003 bytes) 
26/08/14 01:14:35 INFO BlockManagerInfo: Added broadcast_62_piece0 in memory on 172.26.0.13:45679 (size: 5.9 KiB, free: 413.1 MiB)
26/08/14 01:14:35 INFO MapOutputTrackerMasterEndpoint: Asked to send map output locations for shuffle 28 to 172.26.0.13:60160
26/08/14 01:14:35 INFO BlockManagerInfo: Removed broadcast_60_piece0 on spark-driver:43685 in memory (size: 34.0 KiB, free: 191.2 MiB)
26/08/14 01:14:35 INFO BlockManagerInfo: Removed broadcast_60_piece0 on 172.26.0.13:45679 in memory (size: 34.0 KiB, free: 413.1 MiB)
26/08/14 01:14:35 INFO BlockManagerInfo: Removed broadcast_60_piece0 on 172.26.0.12:41357 in memory (size: 34.0 KiB, free: 413.0 MiB)
26/08/14 01:14:35 INFO BlockManagerInfo: Removed broadcast_61_piece0 on spark-driver:43685 in memory (size: 35.3 KiB, free: 191.2 MiB)
26/08/14 01:14:35 INFO TaskSetManager: Finished task 0.0 in stage 63.0 (TID 207) in 45 ms on 172.26.0.13 (executor 1) (1/1)
26/08/14 01:14:35 INFO TaskSchedulerImpl: Removed TaskSet 63.0, whose tasks have all completed, from pool 
26/08/14 01:14:35 INFO DAGScheduler: ResultStage 63 (count at <unknown>:0) finished in 0.049 s
26/08/14 01:14:35 INFO BlockManagerInfo: Removed broadcast_61_piece0 on 172.26.0.12:41357 in memory (size: 35.3 KiB, free: 413.1 MiB)
26/08/14 01:14:35 INFO BlockManagerInfo: Removed broadcast_61_piece0 on 172.26.0.13:45679 in memory (size: 35.3 KiB, free: 413.2 MiB)
26/08/14 01:14:35 INFO DAGScheduler: Job 34 is finished. Cancelling potential speculative or zombie tasks for this job
26/08/14 01:14:35 INFO TaskSchedulerImpl: Killing all running tasks in stage 63: Stage finished
26/08/14 01:14:35 INFO DAGScheduler: Job 34 finished: count at <unknown>:0, took 0.166730 s
26/08/14 01:14:35 INFO CodeGenerator: Code generated in 13.041375 ms
26/08/14 01:14:35 INFO DefaultCachedBatchSerializer: Predicate isnotnull(kind#19486) generates partition filter: ((kind.count#19704 - kind.nullCount#19703) > 0)
26/08/14 01:14:35 INFO DefaultCachedBatchSerializer: Predicate (kind#19486 = dlq) generates partition filter: ((kind.lowerBound#19702 <= dlq) AND (dlq <= kind.upperBound#19701))
26/08/14 01:14:35 INFO SparkContext: Starting job: save at <unknown>:0
26/08/14 01:14:35 INFO DAGScheduler: Got job 35 (save at <unknown>:0) with 6 output partitions
26/08/14 01:14:35 INFO DAGScheduler: Final stage: ResultStage 64 (save at <unknown>:0)
26/08/14 01:14:35 INFO DAGScheduler: Parents of final stage: List()
26/08/14 01:14:35 INFO DAGScheduler: Missing parents: List()
26/08/14 01:14:35 INFO DAGScheduler: Submitting ResultStage 64 (SQLExecutionRDD[420] at save at <unknown>:0), which has no missing parents
26/08/14 01:14:35 INFO MemoryStore: Block broadcast_63 stored as values in memory (estimated size 90.7 KiB, free 191.1 MiB)
26/08/14 01:14:35 INFO MemoryStore: Block broadcast_63_piece0 stored as bytes in memory (estimated size 34.2 KiB, free 191.1 MiB)
26/08/14 01:14:35 INFO BlockManagerInfo: Added broadcast_63_piece0 in memory on spark-driver:43685 (size: 34.2 KiB, free: 191.2 MiB)
26/08/14 01:14:35 INFO SparkContext: Created broadcast 63 from broadcast at DAGScheduler.scala:1585
26/08/14 01:14:35 INFO DAGScheduler: Submitting 6 missing tasks from ResultStage 64 (SQLExecutionRDD[420] at save at <unknown>:0) (first 15 tasks are for partitions Vector(0, 1, 2, 3, 4, 5))
26/08/14 01:14:35 INFO TaskSchedulerImpl: Adding task set 64.0 with 6 tasks resource profile 0
26/08/14 01:14:35 INFO TaskSetManager: Starting task 2.0 in stage 64.0 (TID 208) (172.26.0.13, executor 1, partition 2, PROCESS_LOCAL, 9932 bytes) 
26/08/14 01:14:35 INFO TaskSetManager: Starting task 0.0 in stage 64.0 (TID 209) (172.26.0.12, executor 0, partition 0, PROCESS_LOCAL, 9932 bytes) 
26/08/14 01:14:35 INFO TaskSetManager: Starting task 3.0 in stage 64.0 (TID 210) (172.26.0.13, executor 1, partition 3, PROCESS_LOCAL, 9932 bytes) 
26/08/14 01:14:35 INFO TaskSetManager: Starting task 1.0 in stage 64.0 (TID 211) (172.26.0.12, executor 0, partition 1, PROCESS_LOCAL, 9932 bytes) 
26/08/14 01:14:35 INFO TaskSetManager: Starting task 4.0 in stage 64.0 (TID 212) (172.26.0.13, executor 1, partition 4, PROCESS_LOCAL, 9932 bytes) 
26/08/14 01:14:35 INFO TaskSetManager: Starting task 5.0 in stage 64.0 (TID 213) (172.26.0.12, executor 0, partition 5, PROCESS_LOCAL, 9932 bytes) 
26/08/14 01:14:35 INFO BlockManagerInfo: Added broadcast_63_piece0 in memory on 172.26.0.13:45679 (size: 34.2 KiB, free: 413.1 MiB)
26/08/14 01:14:35 INFO BlockManagerInfo: Added broadcast_63_piece0 in memory on 172.26.0.12:41357 (size: 34.2 KiB, free: 413.0 MiB)
26/08/14 01:14:35 INFO TaskSetManager: Finished task 5.0 in stage 64.0 (TID 213) in 205 ms on 172.26.0.12 (executor 0) (1/6)
26/08/14 01:14:35 INFO TaskSetManager: Finished task 3.0 in stage 64.0 (TID 210) in 208 ms on 172.26.0.13 (executor 1) (2/6)
26/08/14 01:14:35 INFO TaskSetManager: Finished task 4.0 in stage 64.0 (TID 212) in 208 ms on 172.26.0.13 (executor 1) (3/6)
26/08/14 01:14:35 INFO TaskSetManager: Finished task 2.0 in stage 64.0 (TID 208) in 282 ms on 172.26.0.13 (executor 1) (4/6)
26/08/14 01:14:35 INFO TaskSetManager: Finished task 1.0 in stage 64.0 (TID 211) in 286 ms on 172.26.0.12 (executor 0) (5/6)
26/08/14 01:14:35 INFO TaskSetManager: Finished task 0.0 in stage 64.0 (TID 209) in 290 ms on 172.26.0.12 (executor 0) (6/6)
26/08/14 01:14:35 INFO TaskSchedulerImpl: Removed TaskSet 64.0, whose tasks have all completed, from pool 
26/08/14 01:14:35 INFO DAGScheduler: ResultStage 64 (save at <unknown>:0) finished in 0.296 s
26/08/14 01:14:35 INFO DAGScheduler: Job 35 is finished. Cancelling potential speculative or zombie tasks for this job
26/08/14 01:14:35 INFO TaskSchedulerImpl: Killing all running tasks in stage 64: Stage finished
26/08/14 01:14:35 INFO DAGScheduler: Job 35 finished: save at <unknown>:0, took 0.299403 s
26/08/14 01:14:35 INFO MapPartitionsRDD: Removing RDD 402 from persistence list
26/08/14 01:14:35 INFO BlockManager: Removing RDD 402
26/08/14 01:14:35 INFO SparkContext: Starting job: call at /opt/spark/python/lib/py4j-0.10.9.7-src.zip/py4j/clientserver.py:617
26/08/14 01:14:35 INFO DAGScheduler: Registering RDD 425 (call at /opt/spark/python/lib/py4j-0.10.9.7-src.zip/py4j/clientserver.py:617) as input to shuffle 29
26/08/14 01:14:35 INFO DAGScheduler: Got job 36 (call at /opt/spark/python/lib/py4j-0.10.9.7-src.zip/py4j/clientserver.py:617) with 1 output partitions
26/08/14 01:14:35 INFO DAGScheduler: Final stage: ResultStage 66 (call at /opt/spark/python/lib/py4j-0.10.9.7-src.zip/py4j/clientserver.py:617)
26/08/14 01:14:35 INFO DAGScheduler: Parents of final stage: List(ShuffleMapStage 65)
26/08/14 01:14:35 INFO DAGScheduler: Missing parents: List(ShuffleMapStage 65)
26/08/14 01:14:35 INFO DAGScheduler: Submitting ShuffleMapStage 65 (MapPartitionsRDD[425] at call at /opt/spark/python/lib/py4j-0.10.9.7-src.zip/py4j/clientserver.py:617), which has no missing parents
26/08/14 01:14:35 INFO MemoryStore: Block broadcast_64 stored as values in memory (estimated size 66.2 KiB, free 191.0 MiB)
26/08/14 01:14:35 INFO MemoryStore: Block broadcast_64_piece0 stored as bytes in memory (estimated size 24.8 KiB, free 191.0 MiB)
26/08/14 01:14:35 INFO BlockManagerInfo: Added broadcast_64_piece0 in memory on spark-driver:43685 (size: 24.8 KiB, free: 191.1 MiB)
26/08/14 01:14:35 INFO SparkContext: Created broadcast 64 from broadcast at DAGScheduler.scala:1585
26/08/14 01:14:35 INFO DAGScheduler: Submitting 6 missing tasks from ShuffleMapStage 65 (MapPartitionsRDD[425] at call at /opt/spark/python/lib/py4j-0.10.9.7-src.zip/py4j/clientserver.py:617) (first 15 tasks are for partitions Vector(0, 1, 2, 3, 4, 5))
26/08/14 01:14:35 INFO TaskSchedulerImpl: Adding task set 65.0 with 6 tasks resource profile 0
26/08/14 01:14:35 INFO TaskSetManager: Starting task 2.0 in stage 65.0 (TID 214) (172.26.0.13, executor 1, partition 2, PROCESS_LOCAL, 9921 bytes) 
26/08/14 01:14:35 INFO BlockManagerInfo: Removed broadcast_63_piece0 on spark-driver:43685 in memory (size: 34.2 KiB, free: 191.2 MiB)
26/08/14 01:14:35 INFO TaskSetManager: Starting task 0.0 in stage 65.0 (TID 215) (172.26.0.12, executor 0, partition 0, PROCESS_LOCAL, 9921 bytes) 
26/08/14 01:14:35 INFO TaskSetManager: Starting task 3.0 in stage 65.0 (TID 216) (172.26.0.13, executor 1, partition 3, PROCESS_LOCAL, 9921 bytes) 
26/08/14 01:14:35 INFO TaskSetManager: Starting task 1.0 in stage 65.0 (TID 217) (172.26.0.12, executor 0, partition 1, PROCESS_LOCAL, 9921 bytes) 
26/08/14 01:14:35 INFO TaskSetManager: Starting task 4.0 in stage 65.0 (TID 218) (172.26.0.13, executor 1, partition 4, PROCESS_LOCAL, 9921 bytes) 
26/08/14 01:14:35 INFO TaskSetManager: Starting task 5.0 in stage 65.0 (TID 219) (172.26.0.12, executor 0, partition 5, PROCESS_LOCAL, 9921 bytes) 
26/08/14 01:14:35 INFO BlockManagerInfo: Removed broadcast_63_piece0 on 172.26.0.12:41357 in memory (size: 34.2 KiB, free: 413.2 MiB)
26/08/14 01:14:35 INFO BlockManagerInfo: Removed broadcast_63_piece0 on 172.26.0.13:45679 in memory (size: 34.2 KiB, free: 413.3 MiB)
26/08/14 01:14:35 INFO BlockManagerInfo: Added broadcast_64_piece0 in memory on 172.26.0.13:45679 (size: 24.8 KiB, free: 413.2 MiB)
26/08/14 01:14:35 INFO BlockManagerInfo: Added broadcast_64_piece0 in memory on 172.26.0.12:41357 (size: 24.8 KiB, free: 413.2 MiB)
26/08/14 01:14:35 INFO BlockManagerInfo: Removed broadcast_62_piece0 on spark-driver:43685 in memory (size: 5.9 KiB, free: 191.2 MiB)
26/08/14 01:14:35 INFO BlockManagerInfo: Removed broadcast_62_piece0 on 172.26.0.13:45679 in memory (size: 5.9 KiB, free: 413.2 MiB)
26/08/14 01:14:35 INFO TaskSetManager: Finished task 0.0 in stage 65.0 (TID 215) in 44 ms on 172.26.0.12 (executor 0) (1/6)
26/08/14 01:14:35 INFO TaskSetManager: Finished task 1.0 in stage 65.0 (TID 217) in 48 ms on 172.26.0.12 (executor 0) (2/6)
26/08/14 01:14:35 INFO TaskSetManager: Finished task 5.0 in stage 65.0 (TID 219) in 49 ms on 172.26.0.12 (executor 0) (3/6)
26/08/14 01:14:35 INFO TaskSetManager: Finished task 4.0 in stage 65.0 (TID 218) in 50 ms on 172.26.0.13 (executor 1) (4/6)
26/08/14 01:14:35 INFO TaskSetManager: Finished task 3.0 in stage 65.0 (TID 216) in 51 ms on 172.26.0.13 (executor 1) (5/6)
26/08/14 01:14:35 INFO TaskSetManager: Finished task 2.0 in stage 65.0 (TID 214) in 52 ms on 172.26.0.13 (executor 1) (6/6)
26/08/14 01:14:35 INFO TaskSchedulerImpl: Removed TaskSet 65.0, whose tasks have all completed, from pool 
26/08/14 01:14:35 INFO DAGScheduler: ShuffleMapStage 65 (call at /opt/spark/python/lib/py4j-0.10.9.7-src.zip/py4j/clientserver.py:617) finished in 0.070 s
26/08/14 01:14:35 INFO DAGScheduler: looking for newly runnable stages
26/08/14 01:14:35 INFO DAGScheduler: running: Set()
26/08/14 01:14:35 INFO DAGScheduler: waiting: Set(ResultStage 66)
26/08/14 01:14:35 INFO DAGScheduler: failed: Set()
26/08/14 01:14:35 INFO DAGScheduler: Submitting ResultStage 66 (MapPartitionsRDD[428] at call at /opt/spark/python/lib/py4j-0.10.9.7-src.zip/py4j/clientserver.py:617), which has no missing parents
26/08/14 01:14:35 INFO MemoryStore: Block broadcast_65 stored as values in memory (estimated size 13.1 KiB, free 191.1 MiB)
26/08/14 01:14:35 INFO MemoryStore: Block broadcast_65_piece0 stored as bytes in memory (estimated size 6.1 KiB, free 191.1 MiB)
26/08/14 01:14:35 INFO BlockManagerInfo: Added broadcast_65_piece0 in memory on spark-driver:43685 (size: 6.1 KiB, free: 191.2 MiB)
26/08/14 01:14:35 INFO SparkContext: Created broadcast 65 from broadcast at DAGScheduler.scala:1585
26/08/14 01:14:35 INFO DAGScheduler: Submitting 1 missing tasks from ResultStage 66 (MapPartitionsRDD[428] at call at /opt/spark/python/lib/py4j-0.10.9.7-src.zip/py4j/clientserver.py:617) (first 15 tasks are for partitions Vector(0))
26/08/14 01:14:35 INFO TaskSchedulerImpl: Adding task set 66.0 with 1 tasks resource profile 0
26/08/14 01:14:35 INFO TaskSetManager: Starting task 0.0 in stage 66.0 (TID 220) (172.26.0.12, executor 0, partition 0, NODE_LOCAL, 9003 bytes) 
26/08/14 01:14:35 INFO BlockManagerInfo: Added broadcast_65_piece0 in memory on 172.26.0.12:41357 (size: 6.1 KiB, free: 413.2 MiB)
26/08/14 01:14:35 INFO MapOutputTrackerMasterEndpoint: Asked to send map output locations for shuffle 29 to 172.26.0.12:44092
26/08/14 01:14:35 INFO TaskSetManager: Finished task 0.0 in stage 66.0 (TID 220) in 28 ms on 172.26.0.12 (executor 0) (1/1)
26/08/14 01:14:35 INFO TaskSchedulerImpl: Removed TaskSet 66.0, whose tasks have all completed, from pool 
26/08/14 01:14:35 INFO DAGScheduler: ResultStage 66 (call at /opt/spark/python/lib/py4j-0.10.9.7-src.zip/py4j/clientserver.py:617) finished in 0.032 s
26/08/14 01:14:35 INFO DAGScheduler: Job 36 is finished. Cancelling potential speculative or zombie tasks for this job
26/08/14 01:14:35 INFO TaskSchedulerImpl: Killing all running tasks in stage 66: Stage finished
26/08/14 01:14:35 INFO DAGScheduler: Job 36 finished: call at /opt/spark/python/lib/py4j-0.10.9.7-src.zip/py4j/clientserver.py:617, took 0.105704 s
2026-08-14 01:14:35,969 INFO  [stream] batch=6 in=2194 written=6376 late=0 dlq=206 271.72s (8 rows/s)
26/08/14 01:14:35 INFO MapPartitionsRDD: Removing RDD 364 from persistence list
26/08/14 01:14:35 INFO BlockManager: Removing RDD 364
26/08/14 01:14:35 INFO WatermarkTracker: Updating event-time watermark from 1786669681299 to 1786669684082 ms
26/08/14 01:14:35 INFO CheckpointFileManager: Writing atomically to file:/opt/checkpoints/trips/commits/6 using temp file file:/opt/checkpoints/trips/commits/.6.b6a70650-89dc-4c47-9fd9-08b8b4bdd3d2.tmp
26/08/14 01:14:36 INFO CheckpointFileManager: Renamed temp file file:/opt/checkpoints/trips/commits/.6.b6a70650-89dc-4c47-9fd9-08b8b4bdd3d2.tmp to file:/opt/checkpoints/trips/commits/6
26/08/14 01:14:36 INFO MicroBatchExecution: Streaming query made progress: {
  "id" : "f7681659-f9bd-49e2-8911-7d6cbe059482",
  "runId" : "326f406e-960d-4e0e-955f-42c6122dae1b",
  "name" : "trips-ingest-ab2_ab_with_backoff_3",
  "timestamp" : "2026-08-14T01:10:04.133Z",
  "batchId" : 6,
  "numInputRows" : 2194,
  "inputRowsPerSecond" : 803.0746705710102,
  "processedRowsPerSecond" : 8.069736648521406,
  "durationMs" : {
    "addBatch" : 271777,
    "commitOffsets" : 41,
    "getBatch" : 0,
    "latestOffset" : 19,
    "queryPlanning" : 17,
    "triggerExecution" : 271880,
    "walCommit" : 23
  },
  "eventTime" : {
    "avg" : "2026-08-14T01:10:01.243Z",
    "max" : "2026-08-14T01:10:04.082Z",
    "min" : "2026-08-14T01:09:58.488Z",
    "watermark" : "2026-08-14T01:08:01.299Z"
  },
  "stateOperators" : [ ],
  "sources" : [ {
    "description" : "KafkaV2[Subscribe[trips.raw]]",
    "startOffset" : {
      "trips.raw" : {
        "2" : 344733,
        "5" : 342948,
        "4" : 344602,
        "1" : 344464,
        "3" : 343764,
        "0" : 344562
      }
    },
    "endOffset" : {
      "trips.raw" : {
        "2" : 345103,
        "5" : 343303,
        "4" : 344990,
        "1" : 344793,
        "3" : 344153,
        "0" : 344925
      }
    },
    "latestOffset" : {
      "trips.raw" : {
        "2" : 345103,
        "5" : 343303,
        "4" : 344990,
        "1" : 344793,
        "3" : 344153,
        "0" : 344925
      }
    },
    "numInputRows" : 2194,
    "inputRowsPerSecond" : 803.0746705710102,
    "processedRowsPerSecond" : 8.069736648521406,
    "metrics" : {
      "avgOffsetsBehindLatest" : "0.0",
      "maxOffsetsBehindLatest" : "0",
      "minOffsetsBehindLatest" : "0"
    }
  } ],
  "sink" : {
    "description" : "ForeachBatchSink",
    "numOutputRows" : -1
  }
}
26/08/14 01:14:36 INFO CheckpointFileManager: Writing atomically to file:/opt/checkpoints/trips/offsets/7 using temp file file:/opt/checkpoints/trips/offsets/.7.178b08a8-a33a-4923-980a-d19a9e356b89.tmp
26/08/14 01:14:36 INFO CheckpointFileManager: Renamed temp file file:/opt/checkpoints/trips/offsets/.7.178b08a8-a33a-4923-980a-d19a9e356b89.tmp to file:/opt/checkpoints/trips/offsets/7
26/08/14 01:14:36 INFO MicroBatchExecution: Committed offsets for batch 7. Metadata OffsetSeqMetadata(1786669684082,1786670076026,Map(spark.sql.streaming.stateStore.providerClass -> org.apache.spark.sql.execution.streaming.state.HDFSBackedStateStoreProvider, spark.sql.streaming.join.stateFormatVersion -> 2, spark.sql.streaming.stateStore.compression.codec -> lz4, spark.sql.streaming.stateStore.rocksdb.formatVersion -> 5, spark.sql.streaming.statefulOperator.useStrictDistribution -> true, spark.sql.streaming.flatMapGroupsWithState.stateFormatVersion -> 2, spark.sql.streaming.multipleWatermarkPolicy -> min, spark.sql.streaming.aggregation.stateFormatVersion -> 2, spark.sql.shuffle.partitions -> 6))
26/08/14 01:14:36 INFO KafkaOffsetReaderAdmin: Partitions added: Map()
26/08/14 01:14:36 INFO KafkaOffsetReaderAdmin: Partitions added: Map()
26/08/14 01:14:36 INFO KafkaOffsetReaderAdmin: Partitions added: Map()
26/08/14 01:14:36 INFO KafkaOffsetReaderAdmin: Partitions added: Map()
2026-08-14 01:14:36,077 INFO  [stream] Received command c on object id p0
26/08/14 01:14:36 INFO BlockManagerInfo: Removed broadcast_65_piece0 on spark-driver:43685 in memory (size: 6.1 KiB, free: 191.2 MiB)
26/08/14 01:14:36 INFO BlockManagerInfo: Removed broadcast_65_piece0 on 172.26.0.12:41357 in memory (size: 6.1 KiB, free: 413.9 MiB)
26/08/14 01:14:36 INFO BlockManagerInfo: Removed broadcast_64_piece0 on spark-driver:43685 in memory (size: 24.8 KiB, free: 191.2 MiB)
26/08/14 01:14:36 INFO BlockManagerInfo: Removed broadcast_64_piece0 on 172.26.0.12:41357 in memory (size: 24.8 KiB, free: 413.9 MiB)
26/08/14 01:14:36 INFO BlockManagerInfo: Removed broadcast_64_piece0 on 172.26.0.13:45679 in memory (size: 24.8 KiB, free: 413.9 MiB)
26/08/14 01:14:36 INFO SparkContext: Starting job: count at <unknown>:0
26/08/14 01:14:36 INFO DAGScheduler: Registering RDD 443 (count at <unknown>:0) as input to shuffle 30
26/08/14 01:14:36 INFO DAGScheduler: Got job 37 (count at <unknown>:0) with 1 output partitions
26/08/14 01:14:36 INFO DAGScheduler: Final stage: ResultStage 68 (count at <unknown>:0)
26/08/14 01:14:36 INFO DAGScheduler: Parents of final stage: List(ShuffleMapStage 67)
26/08/14 01:14:36 INFO DAGScheduler: Missing parents: List(ShuffleMapStage 67)
26/08/14 01:14:36 INFO DAGScheduler: Submitting ShuffleMapStage 67 (MapPartitionsRDD[443] at count at <unknown>:0), which has no missing parents
26/08/14 01:14:36 INFO MemoryStore: Block broadcast_66 stored as values in memory (estimated size 64.6 KiB, free 191.1 MiB)
26/08/14 01:14:36 INFO MemoryStore: Block broadcast_66_piece0 stored as bytes in memory (estimated size 24.1 KiB, free 191.1 MiB)
26/08/14 01:14:36 INFO BlockManagerInfo: Added broadcast_66_piece0 in memory on spark-driver:43685 (size: 24.1 KiB, free: 191.2 MiB)
26/08/14 01:14:36 INFO SparkContext: Created broadcast 66 from broadcast at DAGScheduler.scala:1585
26/08/14 01:14:36 INFO DAGScheduler: Submitting 6 missing tasks from ShuffleMapStage 67 (MapPartitionsRDD[443] at count at <unknown>:0) (first 15 tasks are for partitions Vector(0, 1, 2, 3, 4, 5))
26/08/14 01:14:36 INFO TaskSchedulerImpl: Adding task set 67.0 with 6 tasks resource profile 0
26/08/14 01:14:36 INFO TaskSetManager: Starting task 2.0 in stage 67.0 (TID 221) (172.26.0.13, executor 1, partition 2, PROCESS_LOCAL, 9921 bytes) 
26/08/14 01:14:36 INFO TaskSetManager: Starting task 0.0 in stage 67.0 (TID 222) (172.26.0.12, executor 0, partition 0, PROCESS_LOCAL, 9921 bytes) 
26/08/14 01:14:36 INFO TaskSetManager: Starting task 3.0 in stage 67.0 (TID 223) (172.26.0.13, executor 1, partition 3, PROCESS_LOCAL, 9921 bytes) 
26/08/14 01:14:36 INFO TaskSetManager: Starting task 1.0 in stage 67.0 (TID 224) (172.26.0.12, executor 0, partition 1, PROCESS_LOCAL, 9921 bytes) 
26/08/14 01:14:36 INFO TaskSetManager: Starting task 4.0 in stage 67.0 (TID 225) (172.26.0.13, executor 1, partition 4, PROCESS_LOCAL, 9921 bytes) 
26/08/14 01:14:36 INFO TaskSetManager: Starting task 5.0 in stage 67.0 (TID 226) (172.26.0.12, executor 0, partition 5, PROCESS_LOCAL, 9921 bytes) 
26/08/14 01:14:36 INFO BlockManagerInfo: Added broadcast_66_piece0 in memory on 172.26.0.12:41357 (size: 24.1 KiB, free: 413.9 MiB)
26/08/14 01:14:36 INFO BlockManagerInfo: Added broadcast_66_piece0 in memory on 172.26.0.13:45679 (size: 24.1 KiB, free: 413.9 MiB)
26/08/14 01:14:37 INFO BlockManagerInfo: Added rdd_438_5 in memory on 172.26.0.12:41357 (size: 4.5 MiB, free: 409.4 MiB)
26/08/14 01:14:37 INFO BlockManagerInfo: Added rdd_438_2 in memory on 172.26.0.13:45679 (size: 4.5 MiB, free: 409.4 MiB)
26/08/14 01:14:37 INFO BlockManagerInfo: Added rdd_438_4 in memory on 172.26.0.13:45679 (size: 4.5 MiB, free: 404.9 MiB)
26/08/14 01:14:37 INFO BlockManagerInfo: Added rdd_438_0 in memory on 172.26.0.12:41357 (size: 4.5 MiB, free: 404.9 MiB)
26/08/14 01:14:37 INFO BlockManagerInfo: Added rdd_438_1 in memory on 172.26.0.12:41357 (size: 4.5 MiB, free: 400.4 MiB)
26/08/14 01:14:37 INFO TaskSetManager: Finished task 5.0 in stage 67.0 (TID 226) in 1379 ms on 172.26.0.12 (executor 0) (1/6)
26/08/14 01:14:37 INFO BlockManagerInfo: Added rdd_438_3 in memory on 172.26.0.13:45679 (size: 4.5 MiB, free: 400.4 MiB)
26/08/14 01:14:37 INFO TaskSetManager: Finished task 0.0 in stage 67.0 (TID 222) in 1394 ms on 172.26.0.12 (executor 0) (2/6)
26/08/14 01:14:37 INFO TaskSetManager: Finished task 1.0 in stage 67.0 (TID 224) in 1395 ms on 172.26.0.12 (executor 0) (3/6)
26/08/14 01:14:37 INFO TaskSetManager: Finished task 4.0 in stage 67.0 (TID 225) in 1398 ms on 172.26.0.13 (executor 1) (4/6)
26/08/14 01:14:37 INFO TaskSetManager: Finished task 3.0 in stage 67.0 (TID 223) in 1404 ms on 172.26.0.13 (executor 1) (5/6)
26/08/14 01:14:37 INFO TaskSetManager: Finished task 2.0 in stage 67.0 (TID 221) in 1404 ms on 172.26.0.13 (executor 1) (6/6)
26/08/14 01:14:37 INFO TaskSchedulerImpl: Removed TaskSet 67.0, whose tasks have all completed, from pool 
26/08/14 01:14:37 INFO DAGScheduler: ShuffleMapStage 67 (count at <unknown>:0) finished in 1.408 s
26/08/14 01:14:37 INFO DAGScheduler: looking for newly runnable stages
26/08/14 01:14:37 INFO DAGScheduler: running: Set()
26/08/14 01:14:37 INFO DAGScheduler: waiting: Set(ResultStage 68)
26/08/14 01:14:37 INFO DAGScheduler: failed: Set()
26/08/14 01:14:37 INFO DAGScheduler: Submitting ResultStage 68 (MapPartitionsRDD[446] at count at <unknown>:0), which has no missing parents
26/08/14 01:14:37 INFO MemoryStore: Block broadcast_67 stored as values in memory (estimated size 12.5 KiB, free 191.1 MiB)
26/08/14 01:14:37 INFO MemoryStore: Block broadcast_67_piece0 stored as bytes in memory (estimated size 5.9 KiB, free 191.1 MiB)
26/08/14 01:14:37 INFO BlockManagerInfo: Added broadcast_67_piece0 in memory on spark-driver:43685 (size: 5.9 KiB, free: 191.2 MiB)
26/08/14 01:14:37 INFO SparkContext: Created broadcast 67 from broadcast at DAGScheduler.scala:1585
26/08/14 01:14:37 INFO DAGScheduler: Submitting 1 missing tasks from ResultStage 68 (MapPartitionsRDD[446] at count at <unknown>:0) (first 15 tasks are for partitions Vector(0))
26/08/14 01:14:37 INFO TaskSchedulerImpl: Adding task set 68.0 with 1 tasks resource profile 0
26/08/14 01:14:37 INFO TaskSetManager: Starting task 0.0 in stage 68.0 (TID 227) (172.26.0.13, executor 1, partition 0, NODE_LOCAL, 9003 bytes) 
26/08/14 01:14:37 INFO BlockManagerInfo: Added broadcast_67_piece0 in memory on 172.26.0.13:45679 (size: 5.9 KiB, free: 400.4 MiB)
26/08/14 01:14:37 INFO MapOutputTrackerMasterEndpoint: Asked to send map output locations for shuffle 30 to 172.26.0.13:60160
26/08/14 01:14:37 INFO TaskSetManager: Finished task 0.0 in stage 68.0 (TID 227) in 169 ms on 172.26.0.13 (executor 1) (1/1)
26/08/14 01:14:37 INFO TaskSchedulerImpl: Removed TaskSet 68.0, whose tasks have all completed, from pool 
26/08/14 01:14:37 INFO DAGScheduler: ResultStage 68 (count at <unknown>:0) finished in 0.247 s
26/08/14 01:14:37 INFO DAGScheduler: Job 37 is finished. Cancelling potential speculative or zombie tasks for this job
26/08/14 01:14:37 INFO TaskSchedulerImpl: Killing all running tasks in stage 68: Stage finished
26/08/14 01:14:37 INFO DAGScheduler: Job 37 finished: count at <unknown>:0, took 1.705470 s
26/08/14 01:14:38 INFO SparkContext: Starting job: count at <unknown>:0
26/08/14 01:14:38 INFO DAGScheduler: Registering RDD 451 (count at <unknown>:0) as input to shuffle 31
26/08/14 01:14:38 INFO DAGScheduler: Got job 38 (count at <unknown>:0) with 1 output partitions
26/08/14 01:14:38 INFO DAGScheduler: Final stage: ResultStage 70 (count at <unknown>:0)
26/08/14 01:14:38 INFO DAGScheduler: Parents of final stage: List(ShuffleMapStage 69)
26/08/14 01:14:38 INFO DAGScheduler: Missing parents: List(ShuffleMapStage 69)
26/08/14 01:14:38 INFO DAGScheduler: Submitting ShuffleMapStage 69 (MapPartitionsRDD[451] at count at <unknown>:0), which has no missing parents
26/08/14 01:14:38 INFO BlockManagerInfo: Removed broadcast_66_piece0 on spark-driver:43685 in memory (size: 24.1 KiB, free: 191.2 MiB)
26/08/14 01:14:38 INFO MemoryStore: Block broadcast_68 stored as values in memory (estimated size 64.9 KiB, free 191.1 MiB)
26/08/14 01:14:38 INFO MemoryStore: Block broadcast_68_piece0 stored as bytes in memory (estimated size 24.2 KiB, free 191.1 MiB)
26/08/14 01:14:38 INFO BlockManagerInfo: Added broadcast_68_piece0 in memory on spark-driver:43685 (size: 24.2 KiB, free: 191.2 MiB)
26/08/14 01:14:38 INFO SparkContext: Created broadcast 68 from broadcast at DAGScheduler.scala:1585
26/08/14 01:14:38 INFO DAGScheduler: Submitting 6 missing tasks from ShuffleMapStage 69 (MapPartitionsRDD[451] at count at <unknown>:0) (first 15 tasks are for partitions Vector(0, 1, 2, 3, 4, 5))
26/08/14 01:14:38 INFO TaskSchedulerImpl: Adding task set 69.0 with 6 tasks resource profile 0
26/08/14 01:14:38 INFO BlockManagerInfo: Removed broadcast_66_piece0 on 172.26.0.12:41357 in memory (size: 24.1 KiB, free: 400.5 MiB)
26/08/14 01:14:38 INFO TaskSetManager: Starting task 2.0 in stage 69.0 (TID 228) (172.26.0.13, executor 1, partition 2, PROCESS_LOCAL, 9921 bytes) 
26/08/14 01:14:38 INFO TaskSetManager: Starting task 0.0 in stage 69.0 (TID 229) (172.26.0.12, executor 0, partition 0, PROCESS_LOCAL, 9921 bytes) 
26/08/14 01:14:38 INFO TaskSetManager: Starting task 3.0 in stage 69.0 (TID 230) (172.26.0.13, executor 1, partition 3, PROCESS_LOCAL, 9921 bytes) 
26/08/14 01:14:38 INFO TaskSetManager: Starting task 1.0 in stage 69.0 (TID 231) (172.26.0.12, executor 0, partition 1, PROCESS_LOCAL, 9921 bytes) 
26/08/14 01:14:38 INFO TaskSetManager: Starting task 4.0 in stage 69.0 (TID 232) (172.26.0.13, executor 1, partition 4, PROCESS_LOCAL, 9921 bytes) 
26/08/14 01:14:38 INFO TaskSetManager: Starting task 5.0 in stage 69.0 (TID 233) (172.26.0.12, executor 0, partition 5, PROCESS_LOCAL, 9921 bytes) 
26/08/14 01:14:38 INFO BlockManagerInfo: Removed broadcast_66_piece0 on 172.26.0.13:45679 in memory (size: 24.1 KiB, free: 400.4 MiB)
26/08/14 01:14:38 INFO BlockManagerInfo: Removed broadcast_67_piece0 on spark-driver:43685 in memory (size: 5.9 KiB, free: 191.2 MiB)
26/08/14 01:14:38 INFO BlockManagerInfo: Removed broadcast_67_piece0 on 172.26.0.13:45679 in memory (size: 5.9 KiB, free: 400.5 MiB)
26/08/14 01:14:38 INFO BlockManagerInfo: Added broadcast_68_piece0 in memory on 172.26.0.12:41357 (size: 24.2 KiB, free: 400.4 MiB)
26/08/14 01:14:38 INFO BlockManagerInfo: Added broadcast_68_piece0 in memory on 172.26.0.13:45679 (size: 24.2 KiB, free: 400.4 MiB)
26/08/14 01:14:38 INFO TaskSetManager: Finished task 0.0 in stage 69.0 (TID 229) in 173 ms on 172.26.0.12 (executor 0) (1/6)
26/08/14 01:14:38 INFO TaskSetManager: Finished task 3.0 in stage 69.0 (TID 230) in 174 ms on 172.26.0.13 (executor 1) (2/6)
26/08/14 01:14:38 INFO TaskSetManager: Finished task 1.0 in stage 69.0 (TID 231) in 175 ms on 172.26.0.12 (executor 0) (3/6)
26/08/14 01:14:38 INFO TaskSetManager: Finished task 2.0 in stage 69.0 (TID 228) in 188 ms on 172.26.0.13 (executor 1) (4/6)
26/08/14 01:14:38 INFO TaskSetManager: Finished task 5.0 in stage 69.0 (TID 233) in 170 ms on 172.26.0.12 (executor 0) (5/6)
26/08/14 01:14:38 INFO TaskSetManager: Finished task 4.0 in stage 69.0 (TID 232) in 172 ms on 172.26.0.13 (executor 1) (6/6)
26/08/14 01:14:38 INFO TaskSchedulerImpl: Removed TaskSet 69.0, whose tasks have all completed, from pool 
26/08/14 01:14:38 INFO DAGScheduler: ShuffleMapStage 69 (count at <unknown>:0) finished in 0.275 s
26/08/14 01:14:38 INFO DAGScheduler: looking for newly runnable stages
26/08/14 01:14:38 INFO DAGScheduler: running: Set()
26/08/14 01:14:38 INFO DAGScheduler: waiting: Set(ResultStage 70)
26/08/14 01:14:38 INFO DAGScheduler: failed: Set()
26/08/14 01:14:38 INFO DAGScheduler: Submitting ResultStage 70 (MapPartitionsRDD[454] at count at <unknown>:0), which has no missing parents
26/08/14 01:14:38 INFO MemoryStore: Block broadcast_69 stored as values in memory (estimated size 12.5 KiB, free 191.1 MiB)
26/08/14 01:14:38 INFO MemoryStore: Block broadcast_69_piece0 stored as bytes in memory (estimated size 5.9 KiB, free 191.1 MiB)
26/08/14 01:14:38 INFO BlockManagerInfo: Added broadcast_69_piece0 in memory on spark-driver:43685 (size: 5.9 KiB, free: 191.2 MiB)
26/08/14 01:14:38 INFO SparkContext: Created broadcast 69 from broadcast at DAGScheduler.scala:1585
26/08/14 01:14:38 INFO DAGScheduler: Submitting 1 missing tasks from ResultStage 70 (MapPartitionsRDD[454] at count at <unknown>:0) (first 15 tasks are for partitions Vector(0))
26/08/14 01:14:38 INFO TaskSchedulerImpl: Adding task set 70.0 with 1 tasks resource profile 0
26/08/14 01:14:38 INFO TaskSetManager: Starting task 0.0 in stage 70.0 (TID 234) (172.26.0.12, executor 0, partition 0, NODE_LOCAL, 9003 bytes) 
26/08/14 01:14:38 INFO BlockManagerInfo: Added broadcast_69_piece0 in memory on 172.26.0.12:41357 (size: 5.9 KiB, free: 400.4 MiB)
26/08/14 01:14:38 INFO MapOutputTrackerMasterEndpoint: Asked to send map output locations for shuffle 31 to 172.26.0.12:44092
26/08/14 01:14:38 INFO TaskSetManager: Finished task 0.0 in stage 70.0 (TID 234) in 45 ms on 172.26.0.12 (executor 0) (1/1)
26/08/14 01:14:38 INFO TaskSchedulerImpl: Removed TaskSet 70.0, whose tasks have all completed, from pool 
26/08/14 01:14:38 INFO DAGScheduler: ResultStage 70 (count at <unknown>:0) finished in 0.055 s
26/08/14 01:14:38 INFO DAGScheduler: Job 38 is finished. Cancelling potential speculative or zombie tasks for this job
26/08/14 01:14:38 INFO TaskSchedulerImpl: Killing all running tasks in stage 70: Stage finished
26/08/14 01:14:38 INFO DAGScheduler: Job 38 finished: count at <unknown>:0, took 0.364898 s
26/08/14 01:14:38 INFO CodeGenerator: Code generated in 17.707791 ms
26/08/14 01:14:38 INFO DefaultCachedBatchSerializer: Predicate isnotnull(event_time#89-T120000ms) generates partition filter: ((event_time.count#22324 - event_time.nullCount#22323) > 0)
26/08/14 01:14:38 INFO DefaultCachedBatchSerializer: Predicate (event_time#89-T120000ms < 2026-08-14 01:08:04.082) generates partition filter: (event_time.lowerBound#22322 < 2026-08-14 01:08:04.082)
26/08/14 01:14:38 INFO SparkContext: Starting job: count at <unknown>:0
26/08/14 01:14:38 INFO DAGScheduler: Registering RDD 459 (count at <unknown>:0) as input to shuffle 32
26/08/14 01:14:38 INFO DAGScheduler: Got job 39 (count at <unknown>:0) with 1 output partitions
26/08/14 01:14:38 INFO DAGScheduler: Final stage: ResultStage 72 (count at <unknown>:0)
26/08/14 01:14:38 INFO DAGScheduler: Parents of final stage: List(ShuffleMapStage 71)
26/08/14 01:14:38 INFO DAGScheduler: Missing parents: List(ShuffleMapStage 71)
26/08/14 01:14:38 INFO DAGScheduler: Submitting ShuffleMapStage 71 (MapPartitionsRDD[459] at count at <unknown>:0), which has no missing parents
26/08/14 01:14:38 INFO MemoryStore: Block broadcast_70 stored as values in memory (estimated size 67.2 KiB, free 191.0 MiB)
26/08/14 01:14:38 INFO MemoryStore: Block broadcast_70_piece0 stored as bytes in memory (estimated size 25.6 KiB, free 191.0 MiB)
26/08/14 01:14:38 INFO BlockManagerInfo: Added broadcast_70_piece0 in memory on spark-driver:43685 (size: 25.6 KiB, free: 191.2 MiB)
26/08/14 01:14:38 INFO SparkContext: Created broadcast 70 from broadcast at DAGScheduler.scala:1585
26/08/14 01:14:38 INFO DAGScheduler: Submitting 6 missing tasks from ShuffleMapStage 71 (MapPartitionsRDD[459] at count at <unknown>:0) (first 15 tasks are for partitions Vector(0, 1, 2, 3, 4, 5))
26/08/14 01:14:38 INFO TaskSchedulerImpl: Adding task set 71.0 with 6 tasks resource profile 0
26/08/14 01:14:38 INFO BlockManagerInfo: Removed broadcast_69_piece0 on spark-driver:43685 in memory (size: 5.9 KiB, free: 191.2 MiB)
26/08/14 01:14:38 INFO TaskSetManager: Starting task 2.0 in stage 71.0 (TID 235) (172.26.0.13, executor 1, partition 2, PROCESS_LOCAL, 9921 bytes) 
26/08/14 01:14:38 INFO TaskSetManager: Starting task 0.0 in stage 71.0 (TID 236) (172.26.0.12, executor 0, partition 0, PROCESS_LOCAL, 9921 bytes) 
26/08/14 01:14:38 INFO TaskSetManager: Starting task 3.0 in stage 71.0 (TID 237) (172.26.0.13, executor 1, partition 3, PROCESS_LOCAL, 9921 bytes) 
26/08/14 01:14:38 INFO TaskSetManager: Starting task 1.0 in stage 71.0 (TID 238) (172.26.0.12, executor 0, partition 1, PROCESS_LOCAL, 9921 bytes) 
26/08/14 01:14:38 INFO TaskSetManager: Starting task 4.0 in stage 71.0 (TID 239) (172.26.0.13, executor 1, partition 4, PROCESS_LOCAL, 9921 bytes) 
26/08/14 01:14:38 INFO TaskSetManager: Starting task 5.0 in stage 71.0 (TID 240) (172.26.0.12, executor 0, partition 5, PROCESS_LOCAL, 9921 bytes) 
26/08/14 01:14:38 INFO BlockManagerInfo: Removed broadcast_69_piece0 on 172.26.0.12:41357 in memory (size: 5.9 KiB, free: 400.4 MiB)
26/08/14 01:14:38 INFO BlockManagerInfo: Added broadcast_70_piece0 in memory on 172.26.0.12:41357 (size: 25.6 KiB, free: 400.4 MiB)
26/08/14 01:14:39 INFO BlockManagerInfo: Removed broadcast_68_piece0 on spark-driver:43685 in memory (size: 24.2 KiB, free: 191.2 MiB)
26/08/14 01:14:39 INFO BlockManagerInfo: Removed broadcast_68_piece0 on 172.26.0.13:45679 in memory (size: 24.2 KiB, free: 400.5 MiB)
26/08/14 01:14:39 INFO BlockManagerInfo: Removed broadcast_68_piece0 on 172.26.0.12:41357 in memory (size: 24.2 KiB, free: 400.4 MiB)
26/08/14 01:14:39 INFO BlockManagerInfo: Added broadcast_70_piece0 in memory on 172.26.0.13:45679 (size: 25.6 KiB, free: 400.4 MiB)
26/08/14 01:14:39 INFO TaskSetManager: Finished task 0.0 in stage 71.0 (TID 236) in 142 ms on 172.26.0.12 (executor 0) (1/6)
26/08/14 01:14:39 INFO TaskSetManager: Finished task 1.0 in stage 71.0 (TID 238) in 157 ms on 172.26.0.12 (executor 0) (2/6)
26/08/14 01:14:39 INFO TaskSetManager: Finished task 5.0 in stage 71.0 (TID 240) in 160 ms on 172.26.0.12 (executor 0) (3/6)
26/08/14 01:14:39 INFO TaskSetManager: Finished task 3.0 in stage 71.0 (TID 237) in 166 ms on 172.26.0.13 (executor 1) (4/6)
26/08/14 01:14:39 INFO TaskSetManager: Finished task 2.0 in stage 71.0 (TID 235) in 174 ms on 172.26.0.13 (executor 1) (5/6)
26/08/14 01:14:39 INFO TaskSetManager: Finished task 4.0 in stage 71.0 (TID 239) in 181 ms on 172.26.0.13 (executor 1) (6/6)
26/08/14 01:14:39 INFO TaskSchedulerImpl: Removed TaskSet 71.0, whose tasks have all completed, from pool 
26/08/14 01:14:39 INFO DAGScheduler: ShuffleMapStage 71 (count at <unknown>:0) finished in 0.202 s
26/08/14 01:14:39 INFO DAGScheduler: looking for newly runnable stages
26/08/14 01:14:39 INFO DAGScheduler: running: Set()
26/08/14 01:14:39 INFO DAGScheduler: waiting: Set(ResultStage 72)
26/08/14 01:14:39 INFO DAGScheduler: failed: Set()
26/08/14 01:14:39 INFO DAGScheduler: Submitting ResultStage 72 (MapPartitionsRDD[462] at count at <unknown>:0), which has no missing parents
26/08/14 01:14:39 INFO MemoryStore: Block broadcast_71 stored as values in memory (estimated size 12.5 KiB, free 191.1 MiB)
26/08/14 01:14:39 INFO MemoryStore: Block broadcast_71_piece0 stored as bytes in memory (estimated size 5.9 KiB, free 191.1 MiB)
26/08/14 01:14:39 INFO BlockManagerInfo: Added broadcast_71_piece0 in memory on spark-driver:43685 (size: 5.9 KiB, free: 191.2 MiB)
26/08/14 01:14:39 INFO SparkContext: Created broadcast 71 from broadcast at DAGScheduler.scala:1585
26/08/14 01:14:39 INFO DAGScheduler: Submitting 1 missing tasks from ResultStage 72 (MapPartitionsRDD[462] at count at <unknown>:0) (first 15 tasks are for partitions Vector(0))
26/08/14 01:14:39 INFO TaskSchedulerImpl: Adding task set 72.0 with 1 tasks resource profile 0
26/08/14 01:14:39 INFO TaskSetManager: Starting task 0.0 in stage 72.0 (TID 241) (172.26.0.13, executor 1, partition 0, NODE_LOCAL, 9003 bytes) 
26/08/14 01:14:39 INFO BlockManagerInfo: Added broadcast_71_piece0 in memory on 172.26.0.13:45679 (size: 5.9 KiB, free: 400.4 MiB)
26/08/14 01:14:39 INFO MapOutputTrackerMasterEndpoint: Asked to send map output locations for shuffle 32 to 172.26.0.13:60160
26/08/14 01:14:39 INFO TaskSetManager: Finished task 0.0 in stage 72.0 (TID 241) in 43 ms on 172.26.0.13 (executor 1) (1/1)
26/08/14 01:14:39 INFO TaskSchedulerImpl: Removed TaskSet 72.0, whose tasks have all completed, from pool 
26/08/14 01:14:39 INFO DAGScheduler: ResultStage 72 (count at <unknown>:0) finished in 0.048 s
26/08/14 01:14:39 INFO DAGScheduler: Job 39 is finished. Cancelling potential speculative or zombie tasks for this job
26/08/14 01:14:39 INFO TaskSchedulerImpl: Killing all running tasks in stage 72: Stage finished
26/08/14 01:14:39 INFO DAGScheduler: Job 39 finished: count at <unknown>:0, took 0.256187 s
26/08/14 01:14:39 INFO DefaultCachedBatchSerializer: Predicate isnotnull(kind#22881) generates partition filter: ((kind.count#22950 - kind.nullCount#22949) > 0)
26/08/14 01:14:39 INFO DefaultCachedBatchSerializer: Predicate (kind#22881 = stats) generates partition filter: ((kind.lowerBound#22948 <= stats) AND (stats <= kind.upperBound#22947))
26/08/14 01:14:39 INFO SparkContext: Starting job: call at /opt/spark/python/lib/py4j-0.10.9.7-src.zip/py4j/clientserver.py:617
26/08/14 01:14:39 INFO DAGScheduler: Got job 40 (call at /opt/spark/python/lib/py4j-0.10.9.7-src.zip/py4j/clientserver.py:617) with 6 output partitions
26/08/14 01:14:39 INFO DAGScheduler: Final stage: ResultStage 73 (call at /opt/spark/python/lib/py4j-0.10.9.7-src.zip/py4j/clientserver.py:617)
26/08/14 01:14:39 INFO DAGScheduler: Parents of final stage: List()
26/08/14 01:14:39 INFO DAGScheduler: Missing parents: List()
26/08/14 01:14:39 INFO DAGScheduler: Submitting ResultStage 73 (MapPartitionsRDD[481] at call at /opt/spark/python/lib/py4j-0.10.9.7-src.zip/py4j/clientserver.py:617), which has no missing parents
26/08/14 01:14:39 INFO MemoryStore: Block broadcast_72 stored as values in memory (estimated size 90.0 KiB, free 191.0 MiB)
26/08/14 01:14:39 INFO MemoryStore: Block broadcast_72_piece0 stored as bytes in memory (estimated size 34.0 KiB, free 191.0 MiB)
26/08/14 01:14:39 INFO BlockManagerInfo: Added broadcast_72_piece0 in memory on spark-driver:43685 (size: 34.0 KiB, free: 191.1 MiB)
26/08/14 01:14:39 INFO SparkContext: Created broadcast 72 from broadcast at DAGScheduler.scala:1585
26/08/14 01:14:39 INFO DAGScheduler: Submitting 6 missing tasks from ResultStage 73 (MapPartitionsRDD[481] at call at /opt/spark/python/lib/py4j-0.10.9.7-src.zip/py4j/clientserver.py:617) (first 15 tasks are for partitions Vector(0, 1, 2, 3, 4, 5))
26/08/14 01:14:39 INFO TaskSchedulerImpl: Adding task set 73.0 with 6 tasks resource profile 0
26/08/14 01:14:39 INFO BlockManagerInfo: Removed broadcast_71_piece0 on spark-driver:43685 in memory (size: 5.9 KiB, free: 191.2 MiB)
26/08/14 01:14:39 INFO TaskSetManager: Starting task 2.0 in stage 73.0 (TID 242) (172.26.0.13, executor 1, partition 2, PROCESS_LOCAL, 9932 bytes) 
26/08/14 01:14:39 INFO TaskSetManager: Starting task 0.0 in stage 73.0 (TID 243) (172.26.0.12, executor 0, partition 0, PROCESS_LOCAL, 9932 bytes) 
26/08/14 01:14:39 INFO TaskSetManager: Starting task 3.0 in stage 73.0 (TID 244) (172.26.0.13, executor 1, partition 3, PROCESS_LOCAL, 9932 bytes) 
26/08/14 01:14:39 INFO TaskSetManager: Starting task 1.0 in stage 73.0 (TID 245) (172.26.0.12, executor 0, partition 1, PROCESS_LOCAL, 9932 bytes) 
26/08/14 01:14:39 INFO TaskSetManager: Starting task 4.0 in stage 73.0 (TID 246) (172.26.0.13, executor 1, partition 4, PROCESS_LOCAL, 9932 bytes) 
26/08/14 01:14:39 INFO TaskSetManager: Starting task 5.0 in stage 73.0 (TID 247) (172.26.0.12, executor 0, partition 5, PROCESS_LOCAL, 9932 bytes) 
26/08/14 01:14:39 INFO BlockManagerInfo: Removed broadcast_71_piece0 on 172.26.0.13:45679 in memory (size: 5.9 KiB, free: 400.4 MiB)
26/08/14 01:14:39 INFO BlockManagerInfo: Added broadcast_72_piece0 in memory on 172.26.0.12:41357 (size: 34.0 KiB, free: 400.4 MiB)
26/08/14 01:14:39 INFO BlockManagerInfo: Added broadcast_72_piece0 in memory on 172.26.0.13:45679 (size: 34.0 KiB, free: 400.4 MiB)
26/08/14 01:14:39 INFO BlockManagerInfo: Removed broadcast_70_piece0 on spark-driver:43685 in memory (size: 25.6 KiB, free: 191.2 MiB)
26/08/14 01:14:39 INFO BlockManagerInfo: Removed broadcast_70_piece0 on 172.26.0.12:41357 in memory (size: 25.6 KiB, free: 400.4 MiB)
26/08/14 01:14:39 INFO BlockManagerInfo: Removed broadcast_70_piece0 on 172.26.0.13:45679 in memory (size: 25.6 KiB, free: 400.4 MiB)
26/08/14 01:15:19 INFO BlockManagerInfo: Added rdd_476_5 in memory on 172.26.0.12:41357 (size: 6.2 KiB, free: 400.4 MiB)
26/08/14 01:15:19 INFO TaskSetManager: Finished task 5.0 in stage 73.0 (TID 247) in 40273 ms on 172.26.0.12 (executor 0) (1/6)
26/08/14 01:15:20 INFO BlockManagerInfo: Added rdd_476_3 in memory on 172.26.0.13:45679 (size: 7.4 KiB, free: 400.4 MiB)
26/08/14 01:15:20 INFO TaskSetManager: Finished task 3.0 in stage 73.0 (TID 244) in 41298 ms on 172.26.0.13 (executor 1) (2/6)
26/08/14 01:15:21 INFO BlockManagerInfo: Added rdd_476_4 in memory on 172.26.0.13:45679 (size: 6.2 KiB, free: 400.4 MiB)
26/08/14 01:15:21 INFO TaskSetManager: Finished task 4.0 in stage 73.0 (TID 246) in 41841 ms on 172.26.0.13 (executor 1) (3/6)
26/08/14 01:15:21 INFO BlockManagerInfo: Added rdd_476_1 in memory on 172.26.0.12:41357 (size: 6.3 KiB, free: 400.4 MiB)
26/08/14 01:15:21 INFO TaskSetManager: Finished task 1.0 in stage 73.0 (TID 245) in 42284 ms on 172.26.0.12 (executor 0) (4/6)
26/08/14 01:15:21 INFO BlockManagerInfo: Added rdd_476_2 in memory on 172.26.0.13:45679 (size: 6.2 KiB, free: 400.4 MiB)
26/08/14 01:15:21 INFO BlockManagerInfo: Added rdd_476_0 in memory on 172.26.0.12:41357 (size: 6.2 KiB, free: 400.4 MiB)
26/08/14 01:15:22 INFO TaskSetManager: Finished task 2.0 in stage 73.0 (TID 242) in 42720 ms on 172.26.0.13 (executor 1) (5/6)
26/08/14 01:15:22 INFO TaskSetManager: Finished task 0.0 in stage 73.0 (TID 243) in 42731 ms on 172.26.0.12 (executor 0) (6/6)
26/08/14 01:15:22 INFO TaskSchedulerImpl: Removed TaskSet 73.0, whose tasks have all completed, from pool 
26/08/14 01:15:22 INFO DAGScheduler: ResultStage 73 (call at /opt/spark/python/lib/py4j-0.10.9.7-src.zip/py4j/clientserver.py:617) finished in 42.744 s
26/08/14 01:15:22 INFO DAGScheduler: Job 40 is finished. Cancelling potential speculative or zombie tasks for this job
26/08/14 01:15:22 INFO TaskSchedulerImpl: Killing all running tasks in stage 73: Stage finished
26/08/14 01:15:22 INFO DAGScheduler: Job 40 finished: call at /opt/spark/python/lib/py4j-0.10.9.7-src.zip/py4j/clientserver.py:617, took 42.756568 s
26/08/14 01:15:22 INFO DefaultCachedBatchSerializer: Predicate isnotnull(kind#22881) generates partition filter: ((kind.count#23033 - kind.nullCount#23032) > 0)
26/08/14 01:15:22 INFO DefaultCachedBatchSerializer: Predicate (kind#22881 = dlq) generates partition filter: ((kind.lowerBound#23031 <= dlq) AND (dlq <= kind.upperBound#23030))
26/08/14 01:15:22 INFO SparkContext: Starting job: count at <unknown>:0
26/08/14 01:15:22 INFO DAGScheduler: Registering RDD 486 (count at <unknown>:0) as input to shuffle 33
26/08/14 01:15:22 INFO DAGScheduler: Got job 41 (count at <unknown>:0) with 1 output partitions
26/08/14 01:15:22 INFO DAGScheduler: Final stage: ResultStage 75 (count at <unknown>:0)
26/08/14 01:15:22 INFO DAGScheduler: Parents of final stage: List(ShuffleMapStage 74)
26/08/14 01:15:22 INFO DAGScheduler: Missing parents: List(ShuffleMapStage 74)
26/08/14 01:15:22 INFO DAGScheduler: Submitting ShuffleMapStage 74 (MapPartitionsRDD[486] at count at <unknown>:0), which has no missing parents
26/08/14 01:15:22 INFO MemoryStore: Block broadcast_73 stored as values in memory (estimated size 92.2 KiB, free 191.0 MiB)
26/08/14 01:15:22 INFO MemoryStore: Block broadcast_73_piece0 stored as bytes in memory (estimated size 35.3 KiB, free 191.0 MiB)
26/08/14 01:15:22 INFO BlockManagerInfo: Added broadcast_73_piece0 in memory on spark-driver:43685 (size: 35.3 KiB, free: 191.1 MiB)
26/08/14 01:15:22 INFO SparkContext: Created broadcast 73 from broadcast at DAGScheduler.scala:1585
26/08/14 01:15:22 INFO DAGScheduler: Submitting 6 missing tasks from ShuffleMapStage 74 (MapPartitionsRDD[486] at count at <unknown>:0) (first 15 tasks are for partitions Vector(0, 1, 2, 3, 4, 5))
26/08/14 01:15:22 INFO TaskSchedulerImpl: Adding task set 74.0 with 6 tasks resource profile 0
26/08/14 01:15:22 INFO TaskSetManager: Starting task 2.0 in stage 74.0 (TID 248) (172.26.0.13, executor 1, partition 2, PROCESS_LOCAL, 9921 bytes) 
26/08/14 01:15:22 INFO TaskSetManager: Starting task 0.0 in stage 74.0 (TID 249) (172.26.0.12, executor 0, partition 0, PROCESS_LOCAL, 9921 bytes) 
26/08/14 01:15:22 INFO TaskSetManager: Starting task 3.0 in stage 74.0 (TID 250) (172.26.0.13, executor 1, partition 3, PROCESS_LOCAL, 9921 bytes) 
26/08/14 01:15:22 INFO TaskSetManager: Starting task 1.0 in stage 74.0 (TID 251) (172.26.0.12, executor 0, partition 1, PROCESS_LOCAL, 9921 bytes) 
26/08/14 01:15:22 INFO TaskSetManager: Starting task 4.0 in stage 74.0 (TID 252) (172.26.0.13, executor 1, partition 4, PROCESS_LOCAL, 9921 bytes) 
26/08/14 01:15:22 INFO TaskSetManager: Starting task 5.0 in stage 74.0 (TID 253) (172.26.0.12, executor 0, partition 5, PROCESS_LOCAL, 9921 bytes) 
26/08/14 01:15:22 INFO BlockManagerInfo: Added broadcast_73_piece0 in memory on 172.26.0.12:41357 (size: 35.3 KiB, free: 400.4 MiB)
26/08/14 01:15:22 INFO BlockManagerInfo: Added broadcast_73_piece0 in memory on 172.26.0.13:45679 (size: 35.3 KiB, free: 400.4 MiB)
26/08/14 01:15:22 INFO TaskSetManager: Finished task 2.0 in stage 74.0 (TID 248) in 91 ms on 172.26.0.13 (executor 1) (1/6)
26/08/14 01:15:22 INFO TaskSetManager: Finished task 3.0 in stage 74.0 (TID 250) in 91 ms on 172.26.0.13 (executor 1) (2/6)
26/08/14 01:15:22 INFO TaskSetManager: Finished task 4.0 in stage 74.0 (TID 252) in 92 ms on 172.26.0.13 (executor 1) (3/6)
26/08/14 01:15:22 INFO TaskSetManager: Finished task 5.0 in stage 74.0 (TID 253) in 99 ms on 172.26.0.12 (executor 0) (4/6)
26/08/14 01:15:22 INFO TaskSetManager: Finished task 0.0 in stage 74.0 (TID 249) in 103 ms on 172.26.0.12 (executor 0) (5/6)
26/08/14 01:15:22 INFO TaskSetManager: Finished task 1.0 in stage 74.0 (TID 251) in 103 ms on 172.26.0.12 (executor 0) (6/6)
26/08/14 01:15:22 INFO TaskSchedulerImpl: Removed TaskSet 74.0, whose tasks have all completed, from pool 
26/08/14 01:15:22 INFO DAGScheduler: ShuffleMapStage 74 (count at <unknown>:0) finished in 0.128 s
26/08/14 01:15:22 INFO DAGScheduler: looking for newly runnable stages
26/08/14 01:15:22 INFO DAGScheduler: running: Set()
26/08/14 01:15:22 INFO DAGScheduler: waiting: Set(ResultStage 75)
26/08/14 01:15:22 INFO DAGScheduler: failed: Set()
26/08/14 01:15:22 INFO DAGScheduler: Submitting ResultStage 75 (MapPartitionsRDD[489] at count at <unknown>:0), which has no missing parents
26/08/14 01:15:22 INFO MemoryStore: Block broadcast_74 stored as values in memory (estimated size 12.5 KiB, free 191.0 MiB)
26/08/14 01:15:22 INFO MemoryStore: Block broadcast_74_piece0 stored as bytes in memory (estimated size 5.9 KiB, free 190.9 MiB)
26/08/14 01:15:22 INFO BlockManagerInfo: Added broadcast_74_piece0 in memory on spark-driver:43685 (size: 5.9 KiB, free: 191.1 MiB)
26/08/14 01:15:22 INFO BlockManagerInfo: Removed broadcast_72_piece0 on spark-driver:43685 in memory (size: 34.0 KiB, free: 191.2 MiB)
26/08/14 01:15:22 INFO SparkContext: Created broadcast 74 from broadcast at DAGScheduler.scala:1585
26/08/14 01:15:22 INFO DAGScheduler: Submitting 1 missing tasks from ResultStage 75 (MapPartitionsRDD[489] at count at <unknown>:0) (first 15 tasks are for partitions Vector(0))
26/08/14 01:15:22 INFO TaskSchedulerImpl: Adding task set 75.0 with 1 tasks resource profile 0
26/08/14 01:15:22 INFO TaskSetManager: Starting task 0.0 in stage 75.0 (TID 254) (172.26.0.13, executor 1, partition 0, NODE_LOCAL, 9003 bytes) 
26/08/14 01:15:22 INFO BlockManagerInfo: Removed broadcast_72_piece0 on 172.26.0.12:41357 in memory (size: 34.0 KiB, free: 400.4 MiB)
26/08/14 01:15:22 INFO BlockManagerInfo: Removed broadcast_72_piece0 on 172.26.0.13:45679 in memory (size: 34.0 KiB, free: 400.4 MiB)
26/08/14 01:15:22 INFO BlockManagerInfo: Added broadcast_74_piece0 in memory on 172.26.0.13:45679 (size: 5.9 KiB, free: 400.4 MiB)
26/08/14 01:15:22 INFO MapOutputTrackerMasterEndpoint: Asked to send map output locations for shuffle 33 to 172.26.0.13:60160
26/08/14 01:15:22 INFO TaskSetManager: Finished task 0.0 in stage 75.0 (TID 254) in 72 ms on 172.26.0.13 (executor 1) (1/1)
26/08/14 01:15:22 INFO TaskSchedulerImpl: Removed TaskSet 75.0, whose tasks have all completed, from pool 
26/08/14 01:15:22 INFO DAGScheduler: ResultStage 75 (count at <unknown>:0) finished in 0.119 s
26/08/14 01:15:22 INFO DAGScheduler: Job 41 is finished. Cancelling potential speculative or zombie tasks for this job
26/08/14 01:15:22 INFO TaskSchedulerImpl: Killing all running tasks in stage 75: Stage finished
26/08/14 01:15:22 INFO DAGScheduler: Job 41 finished: count at <unknown>:0, took 0.259676 s
26/08/14 01:15:22 INFO DefaultCachedBatchSerializer: Predicate isnotnull(kind#22881) generates partition filter: ((kind.count#23099 - kind.nullCount#23098) > 0)
26/08/14 01:15:22 INFO DefaultCachedBatchSerializer: Predicate (kind#22881 = dlq) generates partition filter: ((kind.lowerBound#23097 <= dlq) AND (dlq <= kind.upperBound#23096))
26/08/14 01:15:22 INFO SparkContext: Starting job: save at <unknown>:0
26/08/14 01:15:22 INFO DAGScheduler: Got job 42 (save at <unknown>:0) with 6 output partitions
26/08/14 01:15:22 INFO DAGScheduler: Final stage: ResultStage 76 (save at <unknown>:0)
26/08/14 01:15:22 INFO DAGScheduler: Parents of final stage: List()
26/08/14 01:15:22 INFO DAGScheduler: Missing parents: List()
26/08/14 01:15:22 INFO DAGScheduler: Submitting ResultStage 76 (SQLExecutionRDD[494] at save at <unknown>:0), which has no missing parents
26/08/14 01:15:22 INFO MemoryStore: Block broadcast_75 stored as values in memory (estimated size 90.7 KiB, free 191.0 MiB)
26/08/14 01:15:22 INFO MemoryStore: Block broadcast_75_piece0 stored as bytes in memory (estimated size 34.2 KiB, free 190.9 MiB)
26/08/14 01:15:22 INFO BlockManagerInfo: Added broadcast_75_piece0 in memory on spark-driver:43685 (size: 34.2 KiB, free: 191.1 MiB)
26/08/14 01:15:22 INFO SparkContext: Created broadcast 75 from broadcast at DAGScheduler.scala:1585
26/08/14 01:15:22 INFO DAGScheduler: Submitting 6 missing tasks from ResultStage 76 (SQLExecutionRDD[494] at save at <unknown>:0) (first 15 tasks are for partitions Vector(0, 1, 2, 3, 4, 5))
26/08/14 01:15:22 INFO TaskSchedulerImpl: Adding task set 76.0 with 6 tasks resource profile 0
26/08/14 01:15:22 INFO TaskSetManager: Starting task 0.0 in stage 76.0 (TID 255) (172.26.0.12, executor 0, partition 0, PROCESS_LOCAL, 9932 bytes) 
26/08/14 01:15:22 INFO TaskSetManager: Starting task 2.0 in stage 76.0 (TID 256) (172.26.0.13, executor 1, partition 2, PROCESS_LOCAL, 9932 bytes) 
26/08/14 01:15:22 INFO TaskSetManager: Starting task 1.0 in stage 76.0 (TID 257) (172.26.0.12, executor 0, partition 1, PROCESS_LOCAL, 9932 bytes) 
26/08/14 01:15:22 INFO TaskSetManager: Starting task 3.0 in stage 76.0 (TID 258) (172.26.0.13, executor 1, partition 3, PROCESS_LOCAL, 9932 bytes) 
26/08/14 01:15:22 INFO TaskSetManager: Starting task 5.0 in stage 76.0 (TID 259) (172.26.0.12, executor 0, partition 5, PROCESS_LOCAL, 9932 bytes) 
26/08/14 01:15:22 INFO TaskSetManager: Starting task 4.0 in stage 76.0 (TID 260) (172.26.0.13, executor 1, partition 4, PROCESS_LOCAL, 9932 bytes) 
26/08/14 01:15:22 INFO BlockManagerInfo: Added broadcast_75_piece0 in memory on 172.26.0.13:45679 (size: 34.2 KiB, free: 400.4 MiB)
26/08/14 01:15:22 INFO BlockManagerInfo: Added broadcast_75_piece0 in memory on 172.26.0.12:41357 (size: 34.2 KiB, free: 400.4 MiB)
26/08/14 01:15:22 INFO TaskSetManager: Finished task 2.0 in stage 76.0 (TID 256) in 105 ms on 172.26.0.13 (executor 1) (1/6)
26/08/14 01:15:22 INFO TaskSetManager: Finished task 4.0 in stage 76.0 (TID 260) in 106 ms on 172.26.0.13 (executor 1) (2/6)
26/08/14 01:15:22 INFO TaskSetManager: Finished task 3.0 in stage 76.0 (TID 258) in 110 ms on 172.26.0.13 (executor 1) (3/6)
26/08/14 01:15:22 INFO TaskSetManager: Finished task 0.0 in stage 76.0 (TID 255) in 153 ms on 172.26.0.12 (executor 0) (4/6)
26/08/14 01:15:22 INFO TaskSetManager: Finished task 1.0 in stage 76.0 (TID 257) in 160 ms on 172.26.0.12 (executor 0) (5/6)
26/08/14 01:15:22 INFO TaskSetManager: Finished task 5.0 in stage 76.0 (TID 259) in 160 ms on 172.26.0.12 (executor 0) (6/6)
26/08/14 01:15:22 INFO TaskSchedulerImpl: Removed TaskSet 76.0, whose tasks have all completed, from pool 
26/08/14 01:15:22 INFO DAGScheduler: ResultStage 76 (save at <unknown>:0) finished in 0.175 s
26/08/14 01:15:22 INFO DAGScheduler: Job 42 is finished. Cancelling potential speculative or zombie tasks for this job
26/08/14 01:15:22 INFO TaskSchedulerImpl: Killing all running tasks in stage 76: Stage finished
26/08/14 01:15:22 INFO DAGScheduler: Job 42 finished: save at <unknown>:0, took 0.187208 s
26/08/14 01:15:22 INFO MapPartitionsRDD: Removing RDD 476 from persistence list
26/08/14 01:15:22 INFO BlockManager: Removing RDD 476
26/08/14 01:15:22 INFO SparkContext: Starting job: call at /opt/spark/python/lib/py4j-0.10.9.7-src.zip/py4j/clientserver.py:617
26/08/14 01:15:22 INFO DAGScheduler: Registering RDD 499 (call at /opt/spark/python/lib/py4j-0.10.9.7-src.zip/py4j/clientserver.py:617) as input to shuffle 34
26/08/14 01:15:22 INFO DAGScheduler: Got job 43 (call at /opt/spark/python/lib/py4j-0.10.9.7-src.zip/py4j/clientserver.py:617) with 1 output partitions
26/08/14 01:15:22 INFO DAGScheduler: Final stage: ResultStage 78 (call at /opt/spark/python/lib/py4j-0.10.9.7-src.zip/py4j/clientserver.py:617)
26/08/14 01:15:22 INFO DAGScheduler: Parents of final stage: List(ShuffleMapStage 77)
26/08/14 01:15:22 INFO DAGScheduler: Missing parents: List(ShuffleMapStage 77)
26/08/14 01:15:22 INFO BlockManagerInfo: Removed broadcast_73_piece0 on spark-driver:43685 in memory (size: 35.3 KiB, free: 191.2 MiB)
26/08/14 01:15:22 INFO BlockManagerInfo: Removed broadcast_73_piece0 on 172.26.0.13:45679 in memory (size: 35.3 KiB, free: 400.4 MiB)
26/08/14 01:15:22 INFO BlockManagerInfo: Removed broadcast_73_piece0 on 172.26.0.12:41357 in memory (size: 35.3 KiB, free: 400.4 MiB)
26/08/14 01:15:22 INFO DAGScheduler: Submitting ShuffleMapStage 77 (MapPartitionsRDD[499] at call at /opt/spark/python/lib/py4j-0.10.9.7-src.zip/py4j/clientserver.py:617), which has no missing parents
26/08/14 01:15:22 INFO MemoryStore: Block broadcast_76 stored as values in memory (estimated size 66.2 KiB, free 191.0 MiB)
26/08/14 01:15:22 INFO MemoryStore: Block broadcast_76_piece0 stored as bytes in memory (estimated size 24.8 KiB, free 191.0 MiB)
26/08/14 01:15:22 INFO BlockManagerInfo: Added broadcast_76_piece0 in memory on spark-driver:43685 (size: 24.8 KiB, free: 191.1 MiB)
26/08/14 01:15:22 INFO SparkContext: Created broadcast 76 from broadcast at DAGScheduler.scala:1585
26/08/14 01:15:22 INFO DAGScheduler: Submitting 6 missing tasks from ShuffleMapStage 77 (MapPartitionsRDD[499] at call at /opt/spark/python/lib/py4j-0.10.9.7-src.zip/py4j/clientserver.py:617) (first 15 tasks are for partitions Vector(0, 1, 2, 3, 4, 5))
26/08/14 01:15:22 INFO TaskSchedulerImpl: Adding task set 77.0 with 6 tasks resource profile 0
26/08/14 01:15:22 INFO TaskSetManager: Starting task 2.0 in stage 77.0 (TID 261) (172.26.0.13, executor 1, partition 2, PROCESS_LOCAL, 9921 bytes) 
26/08/14 01:15:22 INFO TaskSetManager: Starting task 0.0 in stage 77.0 (TID 262) (172.26.0.12, executor 0, partition 0, PROCESS_LOCAL, 9921 bytes) 
26/08/14 01:15:22 INFO TaskSetManager: Starting task 3.0 in stage 77.0 (TID 263) (172.26.0.13, executor 1, partition 3, PROCESS_LOCAL, 9921 bytes) 
26/08/14 01:15:22 INFO TaskSetManager: Starting task 1.0 in stage 77.0 (TID 264) (172.26.0.12, executor 0, partition 1, PROCESS_LOCAL, 9921 bytes) 
26/08/14 01:15:22 INFO TaskSetManager: Starting task 4.0 in stage 77.0 (TID 265) (172.26.0.13, executor 1, partition 4, PROCESS_LOCAL, 9921 bytes) 
26/08/14 01:15:22 INFO TaskSetManager: Starting task 5.0 in stage 77.0 (TID 266) (172.26.0.12, executor 0, partition 5, PROCESS_LOCAL, 9921 bytes) 
26/08/14 01:15:22 INFO BlockManagerInfo: Removed broadcast_75_piece0 on spark-driver:43685 in memory (size: 34.2 KiB, free: 191.2 MiB)
26/08/14 01:15:22 INFO BlockManagerInfo: Removed broadcast_75_piece0 on 172.26.0.12:41357 in memory (size: 34.2 KiB, free: 400.5 MiB)
26/08/14 01:15:22 INFO BlockManagerInfo: Added broadcast_76_piece0 in memory on 172.26.0.12:41357 (size: 24.8 KiB, free: 400.4 MiB)
26/08/14 01:15:22 INFO BlockManagerInfo: Removed broadcast_75_piece0 on 172.26.0.13:45679 in memory (size: 34.2 KiB, free: 400.4 MiB)
26/08/14 01:15:22 INFO BlockManagerInfo: Removed broadcast_74_piece0 on spark-driver:43685 in memory (size: 5.9 KiB, free: 191.2 MiB)
26/08/14 01:15:22 INFO BlockManagerInfo: Removed broadcast_74_piece0 on 172.26.0.13:45679 in memory (size: 5.9 KiB, free: 400.5 MiB)
26/08/14 01:15:22 INFO BlockManagerInfo: Added broadcast_76_piece0 in memory on 172.26.0.13:45679 (size: 24.8 KiB, free: 400.4 MiB)
26/08/14 01:15:22 INFO TaskSetManager: Finished task 5.0 in stage 77.0 (TID 266) in 43 ms on 172.26.0.12 (executor 0) (1/6)
26/08/14 01:15:22 INFO TaskSetManager: Finished task 0.0 in stage 77.0 (TID 262) in 51 ms on 172.26.0.12 (executor 0) (2/6)
26/08/14 01:15:22 INFO TaskSetManager: Finished task 1.0 in stage 77.0 (TID 264) in 51 ms on 172.26.0.12 (executor 0) (3/6)
26/08/14 01:15:22 INFO TaskSetManager: Finished task 4.0 in stage 77.0 (TID 265) in 67 ms on 172.26.0.13 (executor 1) (4/6)
26/08/14 01:15:22 INFO TaskSetManager: Finished task 3.0 in stage 77.0 (TID 263) in 67 ms on 172.26.0.13 (executor 1) (5/6)
26/08/14 01:15:22 INFO TaskSetManager: Finished task 2.0 in stage 77.0 (TID 261) in 67 ms on 172.26.0.13 (executor 1) (6/6)
26/08/14 01:15:22 INFO TaskSchedulerImpl: Removed TaskSet 77.0, whose tasks have all completed, from pool 
26/08/14 01:15:22 INFO DAGScheduler: ShuffleMapStage 77 (call at /opt/spark/python/lib/py4j-0.10.9.7-src.zip/py4j/clientserver.py:617) finished in 0.074 s
26/08/14 01:15:22 INFO DAGScheduler: looking for newly runnable stages
26/08/14 01:15:22 INFO DAGScheduler: running: Set()
26/08/14 01:15:22 INFO DAGScheduler: waiting: Set(ResultStage 78)
26/08/14 01:15:22 INFO DAGScheduler: failed: Set()
26/08/14 01:15:22 INFO DAGScheduler: Submitting ResultStage 78 (MapPartitionsRDD[502] at call at /opt/spark/python/lib/py4j-0.10.9.7-src.zip/py4j/clientserver.py:617), which has no missing parents
26/08/14 01:15:22 INFO MemoryStore: Block broadcast_77 stored as values in memory (estimated size 13.1 KiB, free 191.1 MiB)
26/08/14 01:15:22 INFO MemoryStore: Block broadcast_77_piece0 stored as bytes in memory (estimated size 6.1 KiB, free 191.1 MiB)
26/08/14 01:15:22 INFO BlockManagerInfo: Added broadcast_77_piece0 in memory on spark-driver:43685 (size: 6.1 KiB, free: 191.2 MiB)
26/08/14 01:15:22 INFO SparkContext: Created broadcast 77 from broadcast at DAGScheduler.scala:1585
26/08/14 01:15:22 INFO DAGScheduler: Submitting 1 missing tasks from ResultStage 78 (MapPartitionsRDD[502] at call at /opt/spark/python/lib/py4j-0.10.9.7-src.zip/py4j/clientserver.py:617) (first 15 tasks are for partitions Vector(0))
26/08/14 01:15:22 INFO TaskSchedulerImpl: Adding task set 78.0 with 1 tasks resource profile 0
26/08/14 01:15:22 INFO TaskSetManager: Starting task 0.0 in stage 78.0 (TID 267) (172.26.0.12, executor 0, partition 0, NODE_LOCAL, 9003 bytes) 
26/08/14 01:15:22 INFO BlockManagerInfo: Added broadcast_77_piece0 in memory on 172.26.0.12:41357 (size: 6.1 KiB, free: 400.4 MiB)
26/08/14 01:15:22 INFO MapOutputTrackerMasterEndpoint: Asked to send map output locations for shuffle 34 to 172.26.0.12:44092
26/08/14 01:15:22 INFO TaskSetManager: Finished task 0.0 in stage 78.0 (TID 267) in 32 ms on 172.26.0.12 (executor 0) (1/1)
26/08/14 01:15:22 INFO TaskSchedulerImpl: Removed TaskSet 78.0, whose tasks have all completed, from pool 
26/08/14 01:15:22 INFO DAGScheduler: ResultStage 78 (call at /opt/spark/python/lib/py4j-0.10.9.7-src.zip/py4j/clientserver.py:617) finished in 0.036 s
26/08/14 01:15:22 INFO DAGScheduler: Job 43 is finished. Cancelling potential speculative or zombie tasks for this job
26/08/14 01:15:22 INFO TaskSchedulerImpl: Killing all running tasks in stage 78: Stage finished
26/08/14 01:15:22 INFO DAGScheduler: Job 43 finished: call at /opt/spark/python/lib/py4j-0.10.9.7-src.zip/py4j/clientserver.py:617, took 0.126755 s
2026-08-14 01:15:22,870 INFO  [stream] batch=7 in=45270 written=135791 late=0 dlq=19 46.79s (968 rows/s)
26/08/14 01:15:22 INFO MapPartitionsRDD: Removing RDD 438 from persistence list
26/08/14 01:15:22 INFO BlockManager: Removing RDD 438
26/08/14 01:15:22 INFO WatermarkTracker: Updating event-time watermark from 1786669684082 to 1786669740613 ms
26/08/14 01:15:22 INFO CheckpointFileManager: Writing atomically to file:/opt/checkpoints/trips/commits/7 using temp file file:/opt/checkpoints/trips/commits/.7.6a74e2d8-9584-43f4-beab-ff301b8b1ad5.tmp
26/08/14 01:15:22 INFO CheckpointFileManager: Renamed temp file file:/opt/checkpoints/trips/commits/.7.6a74e2d8-9584-43f4-beab-ff301b8b1ad5.tmp to file:/opt/checkpoints/trips/commits/7
26/08/14 01:15:22 INFO MicroBatchExecution: Streaming query made progress: {
  "id" : "f7681659-f9bd-49e2-8911-7d6cbe059482",
  "runId" : "326f406e-960d-4e0e-955f-42c6122dae1b",
  "name" : "trips-ingest-ab2_ab_with_backoff_3",
  "timestamp" : "2026-08-14T01:14:36.014Z",
  "batchId" : 7,
  "numInputRows" : 45270,
  "inputRowsPerSecond" : 166.50667019762324,
  "processedRowsPerSecond" : 964.9160201210675,
  "durationMs" : {
    "addBatch" : 46820,
    "commitOffsets" : 49,
    "getBatch" : 0,
    "latestOffset" : 12,
    "queryPlanning" : 10,
    "triggerExecution" : 46916,
    "walCommit" : 22
  },
  "eventTime" : {
    "avg" : "2026-08-14T01:10:30.921Z",
    "max" : "2026-08-14T01:11:00.613Z",
    "min" : "2026-08-14T01:10:01.233Z",
    "watermark" : "2026-08-14T01:08:04.082Z"
  },
  "stateOperators" : [ ],
  "sources" : [ {
    "description" : "KafkaV2[Subscribe[trips.raw]]",
    "startOffset" : {
      "trips.raw" : {
        "2" : 345103,
        "5" : 343303,
        "4" : 344990,
        "1" : 344793,
        "3" : 344153,
        "0" : 344925
      }
    },
    "endOffset" : {
      "trips.raw" : {
        "2" : 352633,
        "5" : 350821,
        "4" : 352508,
        "1" : 352378,
        "3" : 351691,
        "0" : 352506
      }
    },
    "latestOffset" : {
      "trips.raw" : {
        "2" : 352633,
        "5" : 350821,
        "4" : 352508,
        "1" : 352378,
        "3" : 351691,
        "0" : 352506
      }
    },
    "numInputRows" : 45270,
    "inputRowsPerSecond" : 166.50667019762324,
    "processedRowsPerSecond" : 964.9160201210675,
    "metrics" : {
      "avgOffsetsBehindLatest" : "0.0",
      "maxOffsetsBehindLatest" : "0",
      "minOffsetsBehindLatest" : "0"
    }
  } ],
  "sink" : {
    "description" : "ForeachBatchSink",
    "numOutputRows" : -1
  }
}
26/08/14 01:15:24 INFO BlockManagerInfo: Removed broadcast_77_piece0 on spark-driver:43685 in memory (size: 6.1 KiB, free: 191.2 MiB)
26/08/14 01:15:24 INFO BlockManagerInfo: Removed broadcast_77_piece0 on 172.26.0.12:41357 in memory (size: 6.1 KiB, free: 413.9 MiB)
26/08/14 01:15:24 INFO BlockManagerInfo: Removed broadcast_76_piece0 on spark-driver:43685 in memory (size: 24.8 KiB, free: 191.2 MiB)
26/08/14 01:15:24 INFO BlockManagerInfo: Removed broadcast_76_piece0 on 172.26.0.12:41357 in memory (size: 24.8 KiB, free: 413.9 MiB)
26/08/14 01:15:24 INFO BlockManagerInfo: Removed broadcast_76_piece0 on 172.26.0.13:45679 in memory (size: 24.8 KiB, free: 413.9 MiB)
2026-08-14 01:15:28,688 INFO  [stream] stop file observed - shutting down
26/08/14 01:15:28 INFO DAGScheduler: Asked to cancel job group 326f406e-960d-4e0e-955f-42c6122dae1b
26/08/14 01:15:28 INFO AppInfoParser: App info kafka.admin.client for adminclient-1 unregistered
26/08/14 01:15:28 INFO Metrics: Metrics scheduler closed
26/08/14 01:15:28 INFO Metrics: Closing reporter org.apache.kafka.common.metrics.JmxReporter
26/08/14 01:15:28 INFO Metrics: Metrics reporters closed
26/08/14 01:15:28 INFO MicroBatchExecution: Async log purge executor pool for query trips-ingest-ab2_ab_with_backoff_3 [id = f7681659-f9bd-49e2-8911-7d6cbe059482, runId = 326f406e-960d-4e0e-955f-42c6122dae1b] has been shutdown
26/08/14 01:15:28 INFO DAGScheduler: Asked to cancel job group 326f406e-960d-4e0e-955f-42c6122dae1b
26/08/14 01:15:28 INFO MicroBatchExecution: Query trips-ingest-ab2_ab_with_backoff_3 [id = f7681659-f9bd-49e2-8911-7d6cbe059482, runId = 326f406e-960d-4e0e-955f-42c6122dae1b] was stopped
{
  "run_id": "ab2_ab_with_backoff_3",
  "finished_at": "2026-08-14T01:15:28.726075+00:00",
  "batches": 8,
  "non_empty_batches": 7,
  "input_rows": 63999,
  "rows_written_cassandra": 191772,
  "write_amplification": 2.996,
  "tables": [
    "trips_by_id",
    "trips_by_driver_day",
    "trips_by_city_hour"
  ],
  "unparseable": 0,
  "late_events": 0,
  "dlq_total": 225,
  "cassandra_write_successes": 191772,
  "cassandra_write_retries": 7192,
  "avg_retries_to_success_all_writes": 0.0375,
  "writes_needing_retry": 7181,
  "avg_retries_among_retried_writes": 1.002,
  "mean_e2e_latency_ms_sampled": 187728.09,
  "latency_samples": 3139,
  "batch_seconds_p50": 5.2006,
  "batch_seconds_p95": 271.7161,
  "batch_seconds_p99": 271.7161,
  "failure_reasons": {
    "NoHostAvailable": 7868,
    "OperationTimedOut": 3,
    "WriteTimeout": 221
  },
  "config": {
    "backoff": "backoff=1s -> 2s -> 4s max_attempts=4 jitter=+/-10%",
    "consistency": "QUORUM",
    "allowed_lateness_sec": 120,
    "late_policy": "dlq",
    "max_offsets_per_trigger": 200000,
    "trigger_interval": "",
    "executor_cores": 3,
    "total_cores": 6,
    "partitions": 6,
    "latency_sample_rate": 0.05
  }
}
2026-08-14 01:15:28,730 INFO  [stream] summary -> /opt/app/results/raw/ab2_ab_with_backoff_3_stream.json
26/08/14 01:15:28 INFO SparkContext: SparkContext is stopping with exitCode 0.
2026-08-14 01:15:28,747 INFO  [stream] Closing down clientserver connection
26/08/14 01:15:28 INFO SparkUI: Stopped Spark web UI at http://spark-driver:4040
26/08/14 01:15:28 INFO StandaloneSchedulerBackend: Shutting down all executors
26/08/14 01:15:28 INFO StandaloneSchedulerBackend$StandaloneDriverEndpoint: Asking each executor to shut down
26/08/14 01:15:28 INFO MapOutputTrackerMasterEndpoint: MapOutputTrackerMasterEndpoint stopped!
26/08/14 01:15:28 INFO MemoryStore: MemoryStore cleared
26/08/14 01:15:28 INFO BlockManager: BlockManager stopped
26/08/14 01:15:28 INFO BlockManagerMaster: BlockManagerMaster stopped
26/08/14 01:15:28 INFO OutputCommitCoordinator$OutputCommitCoordinatorEndpoint: OutputCommitCoordinator stopped!
26/08/14 01:15:28 INFO SparkContext: Successfully stopped SparkContext
26/08/14 01:15:29 INFO ShutdownHookManager: Shutdown hook called
26/08/14 01:15:29 INFO ShutdownHookManager: Deleting directory /tmp/spark-f235bdc2-4cf0-40cd-a896-55465ef3add3/pyspark-54f93c3f-23a9-4d22-9d6f-8a79705ffd77
26/08/14 01:15:29 INFO ShutdownHookManager: Deleting directory /tmp/spark-a5822aaa-decf-4b79-8732-2b7282c0118e
26/08/14 01:15:29 INFO ShutdownHookManager: Deleting directory /tmp/spark-f235bdc2-4cf0-40cd-a896-55465ef3add3
