2026-08-14 00:31:35,854 INFO  [stream] prometheus metrics on :9109/metrics
26/08/14 00:31:35 INFO SparkContext: Running Spark version 3.5.3
26/08/14 00:31:35 INFO SparkContext: OS info Linux, 6.10.14-linuxkit, aarch64
26/08/14 00:31:35 INFO SparkContext: Java version 11.0.24
26/08/14 00:31:35 WARN NativeCodeLoader: Unable to load native-hadoop library for your platform... using builtin-java classes where applicable
26/08/14 00:31:35 INFO ResourceUtils: ==============================================================
26/08/14 00:31:35 INFO ResourceUtils: No custom resources configured for spark.driver.
26/08/14 00:31:35 INFO ResourceUtils: ==============================================================
26/08/14 00:31:35 INFO SparkContext: Submitted application: rtdp-trips-ab_ab_no_backoff_2
26/08/14 00:31:36 INFO ResourceProfile: Default ResourceProfile created, executor resources: Map(cores -> name: cores, amount: 3, script: , vendor: , memory -> name: memory, amount: 1024, script: , vendor: , offHeap -> name: offHeap, amount: 0, script: , vendor: ), task resources: Map(cpus -> name: cpus, amount: 1.0)
26/08/14 00:31:36 INFO ResourceProfile: Limiting resource is cpus at 3 tasks per executor
26/08/14 00:31:36 INFO ResourceProfileManager: Added ResourceProfile id: 0
26/08/14 00:31:36 INFO SecurityManager: Changing view acls to: spark
26/08/14 00:31:36 INFO SecurityManager: Changing modify acls to: spark
26/08/14 00:31:36 INFO SecurityManager: Changing view acls groups to: 
26/08/14 00:31:36 INFO SecurityManager: Changing modify acls groups to: 
26/08/14 00:31:36 INFO SecurityManager: SecurityManager: authentication disabled; ui acls disabled; users with view permissions: spark; groups with view permissions: EMPTY; users with modify permissions: spark; groups with modify permissions: EMPTY
26/08/14 00:31:36 INFO Utils: Successfully started service 'sparkDriver' on port 41559.
26/08/14 00:31:36 INFO SparkEnv: Registering MapOutputTracker
26/08/14 00:31:36 INFO SparkEnv: Registering BlockManagerMaster
26/08/14 00:31:36 INFO BlockManagerMasterEndpoint: Using org.apache.spark.storage.DefaultTopologyMapper for getting topology information
26/08/14 00:31:36 INFO BlockManagerMasterEndpoint: BlockManagerMasterEndpoint up
26/08/14 00:31:36 INFO SparkEnv: Registering BlockManagerMasterHeartbeat
26/08/14 00:31:36 INFO DiskBlockManager: Created local directory at /tmp/blockmgr-588a50e4-2217-4051-b34c-434c063c00ab
26/08/14 00:31:36 INFO MemoryStore: MemoryStore started with capacity 191.2 MiB
26/08/14 00:31:36 INFO SparkEnv: Registering OutputCommitCoordinator
26/08/14 00:31:36 INFO JettyUtils: Start Jetty 0.0.0.0:4040 for SparkUI
26/08/14 00:31:36 INFO Utils: Successfully started service 'SparkUI' on port 4040.
26/08/14 00:31:36 INFO StandaloneAppClient$ClientEndpoint: Connecting to master spark://spark-master:7077...
26/08/14 00:31:36 INFO TransportClientFactory: Successfully created connection to spark-master/172.26.0.9:7077 after 14 ms (0 ms spent in bootstraps)
26/08/14 00:31:36 INFO StandaloneSchedulerBackend: Connected to Spark cluster with app ID app-20260814003136-0020
26/08/14 00:31:36 INFO StandaloneAppClient$ClientEndpoint: Executor added: app-20260814003136-0020/0 on worker-20260814001009-172.26.0.12-46199 (172.26.0.12:46199) with 3 core(s)
26/08/14 00:31:36 INFO StandaloneSchedulerBackend: Granted executor ID app-20260814003136-0020/0 on hostPort 172.26.0.12:46199 with 3 core(s), 1024.0 MiB RAM
26/08/14 00:31:36 INFO StandaloneAppClient$ClientEndpoint: Executor added: app-20260814003136-0020/1 on worker-20260813231309-172.26.0.13-34679 (172.26.0.13:34679) with 3 core(s)
26/08/14 00:31:36 INFO StandaloneSchedulerBackend: Granted executor ID app-20260814003136-0020/1 on hostPort 172.26.0.13:34679 with 3 core(s), 1024.0 MiB RAM
26/08/14 00:31:36 INFO Utils: Successfully started service 'org.apache.spark.network.netty.NettyBlockTransferService' on port 40807.
26/08/14 00:31:36 INFO NettyBlockTransferService: Server created on spark-driver 0.0.0.0:40807
26/08/14 00:31:36 INFO BlockManager: Using org.apache.spark.storage.RandomBlockReplicationPolicy for block replication policy
26/08/14 00:31:36 INFO BlockManagerMaster: Registering BlockManager BlockManagerId(driver, spark-driver, 40807, None)
26/08/14 00:31:36 INFO BlockManagerMasterEndpoint: Registering block manager spark-driver:40807 with 191.2 MiB RAM, BlockManagerId(driver, spark-driver, 40807, None)
26/08/14 00:31:36 INFO BlockManagerMaster: Registered BlockManager BlockManagerId(driver, spark-driver, 40807, None)
26/08/14 00:31:36 INFO BlockManager: Initialized BlockManager: BlockManagerId(driver, spark-driver, 40807, None)
26/08/14 00:31:36 INFO StandaloneAppClient$ClientEndpoint: Executor updated: app-20260814003136-0020/1 is now RUNNING
26/08/14 00:31:36 INFO StandaloneAppClient$ClientEndpoint: Executor updated: app-20260814003136-0020/0 is now RUNNING
26/08/14 00:31:36 INFO StandaloneSchedulerBackend: SchedulerBackend is ready for scheduling beginning after reached minRegisteredResourcesRatio: 0.0
2026-08-14 00:31:36,869 INFO  [stream] tables=['trips_by_id', 'trips_by_driver_day', 'trips_by_city_hour'] consistency=QUORUM backoff=DISABLED max_attempts=4 late_policy=dlq allowed_lateness=120s
26/08/14 00:31:36 INFO SharedState: Setting hive.metastore.warehouse.dir ('null') to the value of spark.sql.warehouse.dir.
26/08/14 00:31:36 INFO SharedState: Warehouse path is 'file:/opt/app/spark-warehouse'.
26/08/14 00:31:37 WARN KafkaSourceProvider: Kafka option 'kafka.group.id' has been set on this query, it is
 not recommended to set this option. This option is unsafe to use since multiple concurrent
 queries or sources using the same group id will interfere with each other as they are part
 of the same consumer group. Restarted queries may also suffer interference from the
 previous run having the same group id. The user should have only one query per group id,
 and/or set the option 'kafka.session.timeout.ms' to be very small so that the Kafka
 consumers from the previous query are marked dead by the Kafka group coordinator before the
 restarted query starts running.
    
26/08/14 00:31:38 INFO StandaloneSchedulerBackend$StandaloneDriverEndpoint: Registered executor NettyRpcEndpointRef(spark-client://Executor) (172.26.0.13:52190) with ID 1,  ResourceProfileId 0
26/08/14 00:31:38 INFO StandaloneSchedulerBackend$StandaloneDriverEndpoint: Registered executor NettyRpcEndpointRef(spark-client://Executor) (172.26.0.12:56940) with ID 0,  ResourceProfileId 0
26/08/14 00:31:38 INFO BlockManagerMasterEndpoint: Registering block manager 172.26.0.12:43985 with 413.9 MiB RAM, BlockManagerId(0, 172.26.0.12, 43985, None)
26/08/14 00:31:38 INFO BlockManagerMasterEndpoint: Registering block manager 172.26.0.13:36721 with 413.9 MiB RAM, BlockManagerId(1, 172.26.0.13, 36721, None)
2026-08-14 00:31:39,005 INFO  [stream] Callback Server Starting
2026-08-14 00:31:39,006 INFO  [stream] Socket listening on ('127.0.0.1', 38111)
26/08/14 00:31:39 INFO StateStoreCoordinatorRef: Registered StateStoreCoordinator endpoint
26/08/14 00:31:39 INFO ResolveWriteToStream: Checkpoint root /opt/checkpoints/trips resolved to file:/opt/checkpoints/trips.
26/08/14 00:31:39 WARN ResolveWriteToStream: spark.sql.adaptive.enabled is not supported in streaming DataFrames/Datasets and will be disabled.
26/08/14 00:31:39 INFO CheckpointFileManager: Writing atomically to file:/opt/checkpoints/trips/metadata using temp file file:/opt/checkpoints/trips/.metadata.c527bb6e-9284-40ed-9ed5-f0c226e2cd71.tmp
26/08/14 00:31:39 INFO CheckpointFileManager: Renamed temp file file:/opt/checkpoints/trips/.metadata.c527bb6e-9284-40ed-9ed5-f0c226e2cd71.tmp to file:/opt/checkpoints/trips/metadata
26/08/14 00:31:39 INFO MicroBatchExecution: Starting trips-ingest-ab_ab_no_backoff_2 [id = 9bde9f13-592f-4d70-b0dc-d7da66bf462a, runId = 047beccd-e00c-422a-ab02-7f7f311f8ed1]. Use file:/opt/checkpoints/trips to store the query checkpoint.
2026-08-14 00:31:39,187 INFO  [stream] query id=9bde9f13-592f-4d70-b0dc-d7da66bf462a checkpoint=/opt/checkpoints/trips
26/08/14 00:31:39 INFO MicroBatchExecution: Reading table [org.apache.spark.sql.kafka010.KafkaSourceProvider$KafkaTable@6c709f87] from DataSourceV2 named 'kafka' [org.apache.spark.sql.kafka010.KafkaSourceProvider@f07cfab]
26/08/14 00:31:39 WARN KafkaSourceProvider: Kafka option 'kafka.group.id' has been set on this query, it is
 not recommended to set this option. This option is unsafe to use since multiple concurrent
 queries or sources using the same group id will interfere with each other as they are part
 of the same consumer group. Restarted queries may also suffer interference from the
 previous run having the same group id. The user should have only one query per group id,
 and/or set the option 'kafka.session.timeout.ms' to be very small so that the Kafka
 consumers from the previous query are marked dead by the Kafka group coordinator before the
 restarted query starts running.
    
26/08/14 00:31:39 INFO OffsetSeqLog: BatchIds found from listing: 
26/08/14 00:31:39 INFO OffsetSeqLog: BatchIds found from listing: 
26/08/14 00:31:39 INFO MicroBatchExecution: Starting new streaming query.
26/08/14 00:31:39 INFO MicroBatchExecution: Stream started from {}
26/08/14 00:31:39 INFO AdminClientConfig: AdminClientConfig values: 
	auto.include.jmx.reporter = true
	bootstrap.servers = [kafka1:9092, kafka2:9092, kafka3:9092]
	client.dns.lookup = use_all_dns_ips
	client.id = 
	connections.max.idle.ms = 300000
	default.api.timeout.ms = 60000
	metadata.max.age.ms = 300000
	metric.reporters = []
	metrics.num.samples = 2
	metrics.recording.level = INFO
	metrics.sample.window.ms = 30000
	receive.buffer.bytes = 65536
	reconnect.backoff.max.ms = 1000
	reconnect.backoff.ms = 50
	request.timeout.ms = 30000
	retries = 2147483647
	retry.backoff.ms = 100
	sasl.client.callback.handler.class = null
	sasl.jaas.config = null
	sasl.kerberos.kinit.cmd = /usr/bin/kinit
	sasl.kerberos.min.time.before.relogin = 60000
	sasl.kerberos.service.name = null
	sasl.kerberos.ticket.renew.jitter = 0.05
	sasl.kerberos.ticket.renew.window.factor = 0.8
	sasl.login.callback.handler.class = null
	sasl.login.class = null
	sasl.login.connect.timeout.ms = null
	sasl.login.read.timeout.ms = null
	sasl.login.refresh.buffer.seconds = 300
	sasl.login.refresh.min.period.seconds = 60
	sasl.login.refresh.window.factor = 0.8
	sasl.login.refresh.window.jitter = 0.05
	sasl.login.retry.backoff.max.ms = 10000
	sasl.login.retry.backoff.ms = 100
	sasl.mechanism = GSSAPI
	sasl.oauthbearer.clock.skew.seconds = 30
	sasl.oauthbearer.expected.audience = null
	sasl.oauthbearer.expected.issuer = null
	sasl.oauthbearer.jwks.endpoint.refresh.ms = 3600000
	sasl.oauthbearer.jwks.endpoint.retry.backoff.max.ms = 10000
	sasl.oauthbearer.jwks.endpoint.retry.backoff.ms = 100
	sasl.oauthbearer.jwks.endpoint.url = null
	sasl.oauthbearer.scope.claim.name = scope
	sasl.oauthbearer.sub.claim.name = sub
	sasl.oauthbearer.token.endpoint.url = null
	security.protocol = PLAINTEXT
	security.providers = null
	send.buffer.bytes = 131072
	socket.connection.setup.timeout.max.ms = 30000
	socket.connection.setup.timeout.ms = 10000
	ssl.cipher.suites = null
	ssl.enabled.protocols = [TLSv1.2, TLSv1.3]
	ssl.endpoint.identification.algorithm = https
	ssl.engine.factory.class = null
	ssl.key.password = null
	ssl.keymanager.algorithm = SunX509
	ssl.keystore.certificate.chain = null
	ssl.keystore.key = null
	ssl.keystore.location = null
	ssl.keystore.password = null
	ssl.keystore.type = JKS
	ssl.protocol = TLSv1.3
	ssl.provider = null
	ssl.secure.random.implementation = null
	ssl.trustmanager.algorithm = PKIX
	ssl.truststore.certificates = null
	ssl.truststore.location = null
	ssl.truststore.password = null
	ssl.truststore.type = JKS

26/08/14 00:31:39 WARN AdminClientConfig: These configurations '[key.deserializer, value.deserializer, enable.auto.commit, max.poll.records, group.id, auto.offset.reset]' were supplied but are not used yet.
26/08/14 00:31:39 INFO AppInfoParser: Kafka version: 3.4.1
26/08/14 00:31:39 INFO AppInfoParser: Kafka commitId: 8a516edc2755df89
26/08/14 00:31:39 INFO AppInfoParser: Kafka startTimeMs: 1786667499803
26/08/14 00:31:40 INFO CheckpointFileManager: Writing atomically to file:/opt/checkpoints/trips/sources/0/0 using temp file file:/opt/checkpoints/trips/sources/0/.0.93ddb4de-b8dc-46ab-9dec-b70558120d81.tmp
26/08/14 00:31:40 INFO CheckpointFileManager: Renamed temp file file:/opt/checkpoints/trips/sources/0/.0.93ddb4de-b8dc-46ab-9dec-b70558120d81.tmp to file:/opt/checkpoints/trips/sources/0/0
26/08/14 00:31:40 INFO KafkaMicroBatchStream: Initial offsets: {"trips.raw":{"2":288831,"5":286809,"4":288436,"1":288094,"3":288149,"0":288227}}
26/08/14 00:31:40 INFO CheckpointFileManager: Writing atomically to file:/opt/checkpoints/trips/offsets/0 using temp file file:/opt/checkpoints/trips/offsets/.0.27ed5f8a-f7c2-4d9c-be57-c624b94cf76b.tmp
26/08/14 00:31:40 INFO CheckpointFileManager: Renamed temp file file:/opt/checkpoints/trips/offsets/.0.27ed5f8a-f7c2-4d9c-be57-c624b94cf76b.tmp to file:/opt/checkpoints/trips/offsets/0
26/08/14 00:31:40 INFO MicroBatchExecution: Committed offsets for batch 0. Metadata OffsetSeqMetadata(0,1786667500693,Map(spark.sql.streaming.stateStore.providerClass -> org.apache.spark.sql.execution.streaming.state.HDFSBackedStateStoreProvider, spark.sql.streaming.join.stateFormatVersion -> 2, spark.sql.streaming.stateStore.compression.codec -> lz4, spark.sql.streaming.stateStore.rocksdb.formatVersion -> 5, spark.sql.streaming.statefulOperator.useStrictDistribution -> true, spark.sql.streaming.flatMapGroupsWithState.stateFormatVersion -> 2, spark.sql.streaming.multipleWatermarkPolicy -> min, spark.sql.streaming.aggregation.stateFormatVersion -> 2, spark.sql.shuffle.partitions -> 6))
26/08/14 00:31:41 INFO KafkaOffsetReaderAdmin: Partitions added: Map()
26/08/14 00:31:41 INFO KafkaOffsetReaderAdmin: Partitions added: Map()
26/08/14 00:31:41 INFO KafkaOffsetReaderAdmin: Partitions added: Map()
26/08/14 00:31:41 INFO KafkaOffsetReaderAdmin: Partitions added: Map()
26/08/14 00:31:42 INFO CodeGenerator: Code generated in 284.548625 ms
26/08/14 00:31:42 INFO CodeGenerator: Code generated in 15.8855 ms
2026-08-14 00:31:42,715 INFO  [stream] Python Server ready to receive messages
2026-08-14 00:31:42,716 INFO  [stream] Received command c on object id p0
26/08/14 00:31:42 INFO CodeGenerator: Code generated in 9.963333 ms
26/08/14 00:31:42 INFO CodeGenerator: Code generated in 5.235875 ms
26/08/14 00:31:42 INFO CodeGenerator: Code generated in 33.5165 ms
26/08/14 00:31:42 INFO SparkContext: Starting job: start at <unknown>:0
26/08/14 00:31:42 INFO DAGScheduler: Registering RDD 14 (start at <unknown>:0) as input to shuffle 0
26/08/14 00:31:42 INFO DAGScheduler: Got job 0 (start at <unknown>:0) with 1 output partitions
26/08/14 00:31:42 INFO DAGScheduler: Final stage: ResultStage 1 (start at <unknown>:0)
26/08/14 00:31:42 INFO DAGScheduler: Parents of final stage: List(ShuffleMapStage 0)
26/08/14 00:31:42 INFO DAGScheduler: Missing parents: List()
26/08/14 00:31:42 INFO DAGScheduler: Submitting ResultStage 1 (MapPartitionsRDD[17] at start at <unknown>:0), which has no missing parents
26/08/14 00:31:43 INFO MemoryStore: Block broadcast_0 stored as values in memory (estimated size 12.5 KiB, free 191.2 MiB)
26/08/14 00:31:43 INFO MemoryStore: Block broadcast_0_piece0 stored as bytes in memory (estimated size 5.9 KiB, free 191.2 MiB)
26/08/14 00:31:43 INFO BlockManagerInfo: Added broadcast_0_piece0 in memory on spark-driver:40807 (size: 5.9 KiB, free: 191.2 MiB)
26/08/14 00:31:43 INFO SparkContext: Created broadcast 0 from broadcast at DAGScheduler.scala:1585
26/08/14 00:31:43 INFO DAGScheduler: Submitting 1 missing tasks from ResultStage 1 (MapPartitionsRDD[17] at start at <unknown>:0) (first 15 tasks are for partitions Vector(0))
26/08/14 00:31:43 INFO TaskSchedulerImpl: Adding task set 1.0 with 1 tasks resource profile 0
26/08/14 00:31:43 INFO TaskSetManager: Starting task 0.0 in stage 1.0 (TID 0) (172.26.0.12, executor 0, partition 0, PROCESS_LOCAL, 9003 bytes) 
26/08/14 00:31:43 INFO BlockManagerInfo: Added broadcast_0_piece0 in memory on 172.26.0.12:43985 (size: 5.9 KiB, free: 413.9 MiB)
26/08/14 00:31:44 INFO MapOutputTrackerMasterEndpoint: Asked to send map output locations for shuffle 0 to 172.26.0.12:56940
26/08/14 00:31:45 INFO TaskSetManager: Finished task 0.0 in stage 1.0 (TID 0) in 2098 ms on 172.26.0.12 (executor 0) (1/1)
26/08/14 00:31:45 INFO TaskSchedulerImpl: Removed TaskSet 1.0, whose tasks have all completed, from pool 
26/08/14 00:31:45 INFO DAGScheduler: ResultStage 1 (start at <unknown>:0) finished in 2.288 s
26/08/14 00:31:45 INFO DAGScheduler: Job 0 is finished. Cancelling potential speculative or zombie tasks for this job
26/08/14 00:31:45 INFO TaskSchedulerImpl: Killing all running tasks in stage 1: Stage finished
26/08/14 00:31:45 INFO DAGScheduler: Job 0 finished: start at <unknown>:0, took 2.336716 s
2026-08-14 00:31:45,321 INFO  [stream] batch=0 in=0 written=0 late=0 dlq=0 2.59s (0 rows/s)
26/08/14 00:31:45 INFO MapPartitionsRDD: Removing RDD 9 from persistence list
26/08/14 00:31:45 INFO BlockManager: Removing RDD 9
26/08/14 00:31:45 INFO CheckpointFileManager: Writing atomically to file:/opt/checkpoints/trips/commits/0 using temp file file:/opt/checkpoints/trips/commits/.0.ee70386e-f49c-4be4-9bb1-0d74ac39d426.tmp
26/08/14 00:31:45 INFO CheckpointFileManager: Renamed temp file file:/opt/checkpoints/trips/commits/.0.ee70386e-f49c-4be4-9bb1-0d74ac39d426.tmp to file:/opt/checkpoints/trips/commits/0
26/08/14 00:31:45 INFO MicroBatchExecution: Streaming query made progress: {
  "id" : "9bde9f13-592f-4d70-b0dc-d7da66bf462a",
  "runId" : "047beccd-e00c-422a-ab02-7f7f311f8ed1",
  "name" : "trips-ingest-ab_ab_no_backoff_2",
  "timestamp" : "2026-08-14T00:31:39.212Z",
  "batchId" : 0,
  "numInputRows" : 0,
  "inputRowsPerSecond" : 0.0,
  "processedRowsPerSecond" : 0.0,
  "durationMs" : {
    "addBatch" : 3453,
    "commitOffsets" : 202,
    "getBatch" : 46,
    "latestOffset" : 1464,
    "queryPlanning" : 1064,
    "triggerExecution" : 6388,
    "walCommit" : 107
  },
  "eventTime" : {
    "watermark" : "1970-01-01T00:00:00.000Z"
  },
  "stateOperators" : [ ],
  "sources" : [ {
    "description" : "KafkaV2[Subscribe[trips.raw]]",
    "startOffset" : null,
    "endOffset" : {
      "trips.raw" : {
        "2" : 288831,
        "5" : 286809,
        "4" : 288436,
        "1" : 288094,
        "3" : 288149,
        "0" : 288227
      }
    },
    "latestOffset" : {
      "trips.raw" : {
        "2" : 288831,
        "5" : 286809,
        "4" : 288436,
        "1" : 288094,
        "3" : 288149,
        "0" : 288227
      }
    },
    "numInputRows" : 0,
    "inputRowsPerSecond" : 0.0,
    "processedRowsPerSecond" : 0.0,
    "metrics" : {
      "avgOffsetsBehindLatest" : "0.0",
      "maxOffsetsBehindLatest" : "0",
      "minOffsetsBehindLatest" : "0"
    }
  } ],
  "sink" : {
    "description" : "ForeachBatchSink",
    "numOutputRows" : -1
  }
}
26/08/14 00:31:47 INFO BlockManagerInfo: Removed broadcast_0_piece0 on spark-driver:40807 in memory (size: 5.9 KiB, free: 191.2 MiB)
26/08/14 00:31:47 INFO BlockManagerInfo: Removed broadcast_0_piece0 on 172.26.0.12:43985 in memory (size: 5.9 KiB, free: 413.9 MiB)
26/08/14 00:31:48 INFO CheckpointFileManager: Writing atomically to file:/opt/checkpoints/trips/offsets/1 using temp file file:/opt/checkpoints/trips/offsets/.1.9c773490-dffe-4581-8d28-870a102cc3dc.tmp
26/08/14 00:31:48 INFO CheckpointFileManager: Renamed temp file file:/opt/checkpoints/trips/offsets/.1.9c773490-dffe-4581-8d28-870a102cc3dc.tmp to file:/opt/checkpoints/trips/offsets/1
26/08/14 00:31:48 INFO MicroBatchExecution: Committed offsets for batch 1. Metadata OffsetSeqMetadata(0,1786667508931,Map(spark.sql.streaming.stateStore.providerClass -> org.apache.spark.sql.execution.streaming.state.HDFSBackedStateStoreProvider, spark.sql.streaming.join.stateFormatVersion -> 2, spark.sql.streaming.stateStore.compression.codec -> lz4, spark.sql.streaming.stateStore.rocksdb.formatVersion -> 5, spark.sql.streaming.statefulOperator.useStrictDistribution -> true, spark.sql.streaming.flatMapGroupsWithState.stateFormatVersion -> 2, spark.sql.streaming.multipleWatermarkPolicy -> min, spark.sql.streaming.aggregation.stateFormatVersion -> 2, spark.sql.shuffle.partitions -> 6))
26/08/14 00:31:48 INFO KafkaOffsetReaderAdmin: Partitions added: Map()
26/08/14 00:31:49 INFO KafkaOffsetReaderAdmin: Partitions added: Map()
26/08/14 00:31:49 INFO KafkaOffsetReaderAdmin: Partitions added: Map()
26/08/14 00:31:49 INFO KafkaOffsetReaderAdmin: Partitions added: Map()
2026-08-14 00:31:49,062 INFO  [stream] Received command c on object id p0
26/08/14 00:31:49 INFO SparkContext: Starting job: start at <unknown>:0
26/08/14 00:31:49 INFO DAGScheduler: Registering RDD 32 (start at <unknown>:0) as input to shuffle 1
26/08/14 00:31:49 INFO DAGScheduler: Got job 1 (start at <unknown>:0) with 1 output partitions
26/08/14 00:31:49 INFO DAGScheduler: Final stage: ResultStage 3 (start at <unknown>:0)
26/08/14 00:31:49 INFO DAGScheduler: Parents of final stage: List(ShuffleMapStage 2)
26/08/14 00:31:49 INFO DAGScheduler: Missing parents: List(ShuffleMapStage 2)
26/08/14 00:31:49 INFO DAGScheduler: Submitting ShuffleMapStage 2 (MapPartitionsRDD[32] at start at <unknown>:0), which has no missing parents
26/08/14 00:31:49 INFO MemoryStore: Block broadcast_1 stored as values in memory (estimated size 64.3 KiB, free 191.1 MiB)
26/08/14 00:31:49 INFO MemoryStore: Block broadcast_1_piece0 stored as bytes in memory (estimated size 23.9 KiB, free 191.1 MiB)
26/08/14 00:31:49 INFO BlockManagerInfo: Added broadcast_1_piece0 in memory on spark-driver:40807 (size: 23.9 KiB, free: 191.2 MiB)
26/08/14 00:31:49 INFO SparkContext: Created broadcast 1 from broadcast at DAGScheduler.scala:1585
26/08/14 00:31:49 INFO DAGScheduler: Submitting 2 missing tasks from ShuffleMapStage 2 (MapPartitionsRDD[32] at start at <unknown>:0) (first 15 tasks are for partitions Vector(0, 1))
26/08/14 00:31:49 INFO TaskSchedulerImpl: Adding task set 2.0 with 2 tasks resource profile 0
26/08/14 00:31:49 INFO TaskSetManager: Starting task 1.0 in stage 2.0 (TID 1) (172.26.0.13, executor 1, partition 1, PROCESS_LOCAL, 9921 bytes) 
26/08/14 00:31:49 INFO TaskSetManager: Starting task 0.0 in stage 2.0 (TID 2) (172.26.0.12, executor 0, partition 0, PROCESS_LOCAL, 9921 bytes) 
26/08/14 00:31:49 INFO BlockManagerInfo: Added broadcast_1_piece0 in memory on 172.26.0.12:43985 (size: 23.9 KiB, free: 413.9 MiB)
26/08/14 00:31:49 INFO BlockManagerInfo: Added broadcast_1_piece0 in memory on 172.26.0.13:36721 (size: 23.9 KiB, free: 413.9 MiB)
26/08/14 00:31:50 INFO BlockManagerInfo: Added rdd_27_0 in memory on 172.26.0.12:43985 (size: 79.3 KiB, free: 413.8 MiB)
26/08/14 00:31:50 INFO TaskSetManager: Finished task 0.0 in stage 2.0 (TID 2) in 1790 ms on 172.26.0.12 (executor 0) (1/2)
26/08/14 00:31:51 INFO BlockManagerInfo: Added rdd_27_1 in memory on 172.26.0.13:36721 (size: 88.1 KiB, free: 413.8 MiB)
26/08/14 00:31:51 INFO TaskSetManager: Finished task 1.0 in stage 2.0 (TID 1) in 2167 ms on 172.26.0.13 (executor 1) (2/2)
26/08/14 00:31:51 INFO TaskSchedulerImpl: Removed TaskSet 2.0, whose tasks have all completed, from pool 
26/08/14 00:31:51 INFO DAGScheduler: ShuffleMapStage 2 (start at <unknown>:0) finished in 2.188 s
26/08/14 00:31:51 INFO DAGScheduler: looking for newly runnable stages
26/08/14 00:31:51 INFO DAGScheduler: running: Set()
26/08/14 00:31:51 INFO DAGScheduler: waiting: Set(ResultStage 3)
26/08/14 00:31:51 INFO DAGScheduler: failed: Set()
26/08/14 00:31:51 INFO DAGScheduler: Submitting ResultStage 3 (MapPartitionsRDD[35] at start at <unknown>:0), which has no missing parents
26/08/14 00:31:51 INFO MemoryStore: Block broadcast_2 stored as values in memory (estimated size 12.5 KiB, free 191.1 MiB)
26/08/14 00:31:51 INFO MemoryStore: Block broadcast_2_piece0 stored as bytes in memory (estimated size 5.9 KiB, free 191.1 MiB)
26/08/14 00:31:51 INFO BlockManagerInfo: Added broadcast_2_piece0 in memory on spark-driver:40807 (size: 5.9 KiB, free: 191.2 MiB)
26/08/14 00:31:51 INFO SparkContext: Created broadcast 2 from broadcast at DAGScheduler.scala:1585
26/08/14 00:31:51 INFO DAGScheduler: Submitting 1 missing tasks from ResultStage 3 (MapPartitionsRDD[35] at start at <unknown>:0) (first 15 tasks are for partitions Vector(0))
26/08/14 00:31:51 INFO TaskSchedulerImpl: Adding task set 3.0 with 1 tasks resource profile 0
26/08/14 00:31:51 INFO TaskSetManager: Starting task 0.0 in stage 3.0 (TID 3) (172.26.0.12, executor 0, partition 0, NODE_LOCAL, 9003 bytes) 
26/08/14 00:31:51 INFO BlockManagerInfo: Added broadcast_2_piece0 in memory on 172.26.0.12:43985 (size: 5.9 KiB, free: 413.8 MiB)
26/08/14 00:31:51 INFO MapOutputTrackerMasterEndpoint: Asked to send map output locations for shuffle 1 to 172.26.0.12:56940
26/08/14 00:31:51 INFO TaskSetManager: Finished task 0.0 in stage 3.0 (TID 3) in 65 ms on 172.26.0.12 (executor 0) (1/1)
26/08/14 00:31:51 INFO TaskSchedulerImpl: Removed TaskSet 3.0, whose tasks have all completed, from pool 
26/08/14 00:31:51 INFO DAGScheduler: ResultStage 3 (start at <unknown>:0) finished in 0.083 s
26/08/14 00:31:51 INFO DAGScheduler: Job 1 is finished. Cancelling potential speculative or zombie tasks for this job
26/08/14 00:31:51 INFO TaskSchedulerImpl: Killing all running tasks in stage 3: Stage finished
26/08/14 00:31:51 INFO DAGScheduler: Job 1 finished: start at <unknown>:0, took 2.291291 s
26/08/14 00:31:51 INFO BlockManagerInfo: Removed broadcast_1_piece0 on spark-driver:40807 in memory (size: 23.9 KiB, free: 191.2 MiB)
26/08/14 00:31:51 INFO BlockManagerInfo: Removed broadcast_1_piece0 on 172.26.0.12:43985 in memory (size: 23.9 KiB, free: 413.8 MiB)
26/08/14 00:31:51 INFO BlockManagerInfo: Removed broadcast_1_piece0 on 172.26.0.13:36721 in memory (size: 23.9 KiB, free: 413.8 MiB)
26/08/14 00:31:51 INFO CodeGenerator: Code generated in 17.40175 ms
26/08/14 00:31:51 INFO BlockManagerInfo: Removed broadcast_2_piece0 on spark-driver:40807 in memory (size: 5.9 KiB, free: 191.2 MiB)
26/08/14 00:31:51 INFO BlockManagerInfo: Removed broadcast_2_piece0 on 172.26.0.12:43985 in memory (size: 5.9 KiB, free: 413.8 MiB)
26/08/14 00:31:51 INFO SparkContext: Starting job: start at <unknown>:0
26/08/14 00:31:51 INFO DAGScheduler: Registering RDD 40 (start at <unknown>:0) as input to shuffle 2
26/08/14 00:31:51 INFO DAGScheduler: Got job 2 (start at <unknown>:0) with 1 output partitions
26/08/14 00:31:51 INFO DAGScheduler: Final stage: ResultStage 5 (start at <unknown>:0)
26/08/14 00:31:51 INFO DAGScheduler: Parents of final stage: List(ShuffleMapStage 4)
26/08/14 00:31:51 INFO DAGScheduler: Missing parents: List(ShuffleMapStage 4)
26/08/14 00:31:51 INFO DAGScheduler: Submitting ShuffleMapStage 4 (MapPartitionsRDD[40] at start at <unknown>:0), which has no missing parents
26/08/14 00:31:51 INFO MemoryStore: Block broadcast_3 stored as values in memory (estimated size 64.6 KiB, free 191.1 MiB)
26/08/14 00:31:51 INFO MemoryStore: Block broadcast_3_piece0 stored as bytes in memory (estimated size 24.1 KiB, free 191.1 MiB)
26/08/14 00:31:51 INFO BlockManagerInfo: Added broadcast_3_piece0 in memory on spark-driver:40807 (size: 24.1 KiB, free: 191.2 MiB)
26/08/14 00:31:51 INFO SparkContext: Created broadcast 3 from broadcast at DAGScheduler.scala:1585
26/08/14 00:31:51 INFO DAGScheduler: Submitting 2 missing tasks from ShuffleMapStage 4 (MapPartitionsRDD[40] at start at <unknown>:0) (first 15 tasks are for partitions Vector(0, 1))
26/08/14 00:31:51 INFO TaskSchedulerImpl: Adding task set 4.0 with 2 tasks resource profile 0
26/08/14 00:31:51 INFO TaskSetManager: Starting task 0.0 in stage 4.0 (TID 4) (172.26.0.12, executor 0, partition 0, PROCESS_LOCAL, 9921 bytes) 
26/08/14 00:31:51 INFO TaskSetManager: Starting task 1.0 in stage 4.0 (TID 5) (172.26.0.13, executor 1, partition 1, PROCESS_LOCAL, 9921 bytes) 
26/08/14 00:31:51 INFO BlockManagerInfo: Added broadcast_3_piece0 in memory on 172.26.0.12:43985 (size: 24.1 KiB, free: 413.8 MiB)
26/08/14 00:31:51 INFO BlockManagerInfo: Added broadcast_3_piece0 in memory on 172.26.0.13:36721 (size: 24.1 KiB, free: 413.8 MiB)
26/08/14 00:31:51 INFO TaskSetManager: Finished task 0.0 in stage 4.0 (TID 4) in 63 ms on 172.26.0.12 (executor 0) (1/2)
26/08/14 00:31:51 INFO TaskSetManager: Finished task 1.0 in stage 4.0 (TID 5) in 71 ms on 172.26.0.13 (executor 1) (2/2)
26/08/14 00:31:51 INFO TaskSchedulerImpl: Removed TaskSet 4.0, whose tasks have all completed, from pool 
26/08/14 00:31:51 INFO DAGScheduler: ShuffleMapStage 4 (start at <unknown>:0) finished in 0.077 s
26/08/14 00:31:51 INFO DAGScheduler: looking for newly runnable stages
26/08/14 00:31:51 INFO DAGScheduler: running: Set()
26/08/14 00:31:51 INFO DAGScheduler: waiting: Set(ResultStage 5)
26/08/14 00:31:51 INFO DAGScheduler: failed: Set()
26/08/14 00:31:51 INFO DAGScheduler: Submitting ResultStage 5 (MapPartitionsRDD[43] at start at <unknown>:0), which has no missing parents
26/08/14 00:31:51 INFO MemoryStore: Block broadcast_4 stored as values in memory (estimated size 12.5 KiB, free 191.1 MiB)
26/08/14 00:31:51 INFO MemoryStore: Block broadcast_4_piece0 stored as bytes in memory (estimated size 5.9 KiB, free 191.1 MiB)
26/08/14 00:31:51 INFO BlockManagerInfo: Added broadcast_4_piece0 in memory on spark-driver:40807 (size: 5.9 KiB, free: 191.2 MiB)
26/08/14 00:31:51 INFO SparkContext: Created broadcast 4 from broadcast at DAGScheduler.scala:1585
26/08/14 00:31:51 INFO DAGScheduler: Submitting 1 missing tasks from ResultStage 5 (MapPartitionsRDD[43] at start at <unknown>:0) (first 15 tasks are for partitions Vector(0))
26/08/14 00:31:51 INFO TaskSchedulerImpl: Adding task set 5.0 with 1 tasks resource profile 0
26/08/14 00:31:51 INFO TaskSetManager: Starting task 0.0 in stage 5.0 (TID 6) (172.26.0.12, executor 0, partition 0, NODE_LOCAL, 9003 bytes) 
26/08/14 00:31:51 INFO BlockManagerInfo: Added broadcast_4_piece0 in memory on 172.26.0.12:43985 (size: 5.9 KiB, free: 413.8 MiB)
26/08/14 00:31:51 INFO MapOutputTrackerMasterEndpoint: Asked to send map output locations for shuffle 2 to 172.26.0.12:56940
26/08/14 00:31:51 INFO TaskSetManager: Finished task 0.0 in stage 5.0 (TID 6) in 38 ms on 172.26.0.12 (executor 0) (1/1)
26/08/14 00:31:51 INFO TaskSchedulerImpl: Removed TaskSet 5.0, whose tasks have all completed, from pool 
26/08/14 00:31:51 INFO DAGScheduler: ResultStage 5 (start at <unknown>:0) finished in 0.063 s
26/08/14 00:31:51 INFO DAGScheduler: Job 2 is finished. Cancelling potential speculative or zombie tasks for this job
26/08/14 00:31:51 INFO TaskSchedulerImpl: Killing all running tasks in stage 5: Stage finished
26/08/14 00:31:51 INFO DAGScheduler: Job 2 finished: start at <unknown>:0, took 0.146117 s
26/08/14 00:31:51 INFO CodeGenerator: Code generated in 11.48525 ms
26/08/14 00:31:51 INFO BlockManagerInfo: Removed broadcast_3_piece0 on spark-driver:40807 in memory (size: 24.1 KiB, free: 191.2 MiB)
26/08/14 00:31:51 INFO BlockManagerInfo: Removed broadcast_3_piece0 on 172.26.0.12:43985 in memory (size: 24.1 KiB, free: 413.8 MiB)
26/08/14 00:31:51 INFO BlockManagerInfo: Removed broadcast_3_piece0 on 172.26.0.13:36721 in memory (size: 24.1 KiB, free: 413.8 MiB)
26/08/14 00:31:51 INFO BlockManagerInfo: Removed broadcast_4_piece0 on spark-driver:40807 in memory (size: 5.9 KiB, free: 191.2 MiB)
26/08/14 00:31:51 INFO BlockManagerInfo: Removed broadcast_4_piece0 on 172.26.0.12:43985 in memory (size: 5.9 KiB, free: 413.8 MiB)
26/08/14 00:31:51 INFO CodeGenerator: Code generated in 4.888167 ms
26/08/14 00:31:51 INFO CodeGenerator: Code generated in 3.064542 ms
26/08/14 00:31:51 INFO DefaultCachedBatchSerializer: Predicate isnotnull(kind#2841) generates partition filter: ((kind.count#2910 - kind.nullCount#2909) > 0)
26/08/14 00:31:51 INFO DefaultCachedBatchSerializer: Predicate (kind#2841 = stats) generates partition filter: ((kind.lowerBound#2908 <= stats) AND (stats <= kind.upperBound#2907))
26/08/14 00:31:51 INFO SparkContext: Starting job: call at /opt/spark/python/lib/py4j-0.10.9.7-src.zip/py4j/clientserver.py:617
26/08/14 00:31:51 INFO DAGScheduler: Got job 3 (call at /opt/spark/python/lib/py4j-0.10.9.7-src.zip/py4j/clientserver.py:617) with 2 output partitions
26/08/14 00:31:51 INFO DAGScheduler: Final stage: ResultStage 6 (call at /opt/spark/python/lib/py4j-0.10.9.7-src.zip/py4j/clientserver.py:617)
26/08/14 00:31:51 INFO DAGScheduler: Parents of final stage: List()
26/08/14 00:31:51 INFO DAGScheduler: Missing parents: List()
26/08/14 00:31:51 INFO DAGScheduler: Submitting ResultStage 6 (MapPartitionsRDD[62] at call at /opt/spark/python/lib/py4j-0.10.9.7-src.zip/py4j/clientserver.py:617), which has no missing parents
26/08/14 00:31:51 INFO MemoryStore: Block broadcast_5 stored as values in memory (estimated size 89.6 KiB, free 191.1 MiB)
26/08/14 00:31:51 INFO MemoryStore: Block broadcast_5_piece0 stored as bytes in memory (estimated size 33.9 KiB, free 191.1 MiB)
26/08/14 00:31:51 INFO BlockManagerInfo: Added broadcast_5_piece0 in memory on spark-driver:40807 (size: 33.9 KiB, free: 191.2 MiB)
26/08/14 00:31:51 INFO SparkContext: Created broadcast 5 from broadcast at DAGScheduler.scala:1585
26/08/14 00:31:51 INFO DAGScheduler: Submitting 2 missing tasks from ResultStage 6 (MapPartitionsRDD[62] at call at /opt/spark/python/lib/py4j-0.10.9.7-src.zip/py4j/clientserver.py:617) (first 15 tasks are for partitions Vector(0, 1))
26/08/14 00:31:51 INFO TaskSchedulerImpl: Adding task set 6.0 with 2 tasks resource profile 0
26/08/14 00:31:51 INFO TaskSetManager: Starting task 1.0 in stage 6.0 (TID 7) (172.26.0.13, executor 1, partition 1, PROCESS_LOCAL, 9932 bytes) 
26/08/14 00:31:51 INFO TaskSetManager: Starting task 0.0 in stage 6.0 (TID 8) (172.26.0.12, executor 0, partition 0, PROCESS_LOCAL, 9932 bytes) 
26/08/14 00:31:51 INFO BlockManagerInfo: Added broadcast_5_piece0 in memory on 172.26.0.12:43985 (size: 33.9 KiB, free: 413.8 MiB)
26/08/14 00:31:51 INFO BlockManagerInfo: Added broadcast_5_piece0 in memory on 172.26.0.13:36721 (size: 33.9 KiB, free: 413.8 MiB)
26/08/14 00:31:53 INFO BlockManagerInfo: Added rdd_57_0 in memory on 172.26.0.12:43985 (size: 1792.0 B, free: 413.8 MiB)
26/08/14 00:31:53 INFO BlockManagerInfo: Added rdd_57_1 in memory on 172.26.0.13:36721 (size: 1792.0 B, free: 413.8 MiB)
26/08/14 00:31:53 INFO TaskSetManager: Finished task 1.0 in stage 6.0 (TID 7) in 1442 ms on 172.26.0.13 (executor 1) (1/2)
26/08/14 00:31:53 INFO PythonAccumulatorV2: Connected to AccumulatorServer at host: 127.0.0.1 port: 33311
26/08/14 00:31:53 INFO TaskSetManager: Finished task 0.0 in stage 6.0 (TID 8) in 1480 ms on 172.26.0.12 (executor 0) (2/2)
26/08/14 00:31:53 INFO TaskSchedulerImpl: Removed TaskSet 6.0, whose tasks have all completed, from pool 
26/08/14 00:31:53 INFO DAGScheduler: ResultStage 6 (call at /opt/spark/python/lib/py4j-0.10.9.7-src.zip/py4j/clientserver.py:617) finished in 1.502 s
26/08/14 00:31:53 INFO DAGScheduler: Job 3 is finished. Cancelling potential speculative or zombie tasks for this job
26/08/14 00:31:53 INFO TaskSchedulerImpl: Killing all running tasks in stage 6: Stage finished
26/08/14 00:31:53 INFO DAGScheduler: Job 3 finished: call at /opt/spark/python/lib/py4j-0.10.9.7-src.zip/py4j/clientserver.py:617, took 1.512513 s
26/08/14 00:31:53 INFO CodeGenerator: Code generated in 90.337416 ms
26/08/14 00:31:53 INFO DefaultCachedBatchSerializer: Predicate isnotnull(kind#2841) generates partition filter: ((kind.count#2993 - kind.nullCount#2992) > 0)
26/08/14 00:31:53 INFO DefaultCachedBatchSerializer: Predicate (kind#2841 = dlq) generates partition filter: ((kind.lowerBound#2991 <= dlq) AND (dlq <= kind.upperBound#2990))
26/08/14 00:31:54 INFO BlockManagerInfo: Removed broadcast_5_piece0 on 172.26.0.13:36721 in memory (size: 33.9 KiB, free: 413.8 MiB)
26/08/14 00:31:54 INFO BlockManagerInfo: Removed broadcast_5_piece0 on 172.26.0.12:43985 in memory (size: 33.9 KiB, free: 413.8 MiB)
26/08/14 00:31:54 INFO BlockManagerInfo: Removed broadcast_5_piece0 on spark-driver:40807 in memory (size: 33.9 KiB, free: 191.2 MiB)
26/08/14 00:31:54 INFO SparkContext: Starting job: count at <unknown>:0
26/08/14 00:31:54 INFO DAGScheduler: Registering RDD 67 (count at <unknown>:0) as input to shuffle 3
26/08/14 00:31:54 INFO DAGScheduler: Got job 4 (count at <unknown>:0) with 1 output partitions
26/08/14 00:31:54 INFO DAGScheduler: Final stage: ResultStage 8 (count at <unknown>:0)
26/08/14 00:31:54 INFO DAGScheduler: Parents of final stage: List(ShuffleMapStage 7)
26/08/14 00:31:54 INFO DAGScheduler: Missing parents: List(ShuffleMapStage 7)
26/08/14 00:31:54 INFO DAGScheduler: Submitting ShuffleMapStage 7 (MapPartitionsRDD[67] at count at <unknown>:0), which has no missing parents
26/08/14 00:31:54 INFO MemoryStore: Block broadcast_6 stored as values in memory (estimated size 91.9 KiB, free 191.1 MiB)
26/08/14 00:31:54 INFO MemoryStore: Block broadcast_6_piece0 stored as bytes in memory (estimated size 35.2 KiB, free 191.1 MiB)
26/08/14 00:31:54 INFO BlockManagerInfo: Added broadcast_6_piece0 in memory on spark-driver:40807 (size: 35.2 KiB, free: 191.2 MiB)
26/08/14 00:31:54 INFO SparkContext: Created broadcast 6 from broadcast at DAGScheduler.scala:1585
26/08/14 00:31:54 INFO DAGScheduler: Submitting 2 missing tasks from ShuffleMapStage 7 (MapPartitionsRDD[67] at count at <unknown>:0) (first 15 tasks are for partitions Vector(0, 1))
26/08/14 00:31:54 INFO TaskSchedulerImpl: Adding task set 7.0 with 2 tasks resource profile 0
26/08/14 00:31:54 INFO TaskSetManager: Starting task 1.0 in stage 7.0 (TID 9) (172.26.0.13, executor 1, partition 1, PROCESS_LOCAL, 9921 bytes) 
26/08/14 00:31:54 INFO TaskSetManager: Starting task 0.0 in stage 7.0 (TID 10) (172.26.0.12, executor 0, partition 0, PROCESS_LOCAL, 9921 bytes) 
26/08/14 00:31:54 INFO BlockManagerInfo: Added broadcast_6_piece0 in memory on 172.26.0.13:36721 (size: 35.2 KiB, free: 413.8 MiB)
26/08/14 00:31:54 INFO BlockManagerInfo: Added broadcast_6_piece0 in memory on 172.26.0.12:43985 (size: 35.2 KiB, free: 413.8 MiB)
26/08/14 00:31:54 INFO TaskSetManager: Finished task 0.0 in stage 7.0 (TID 10) in 212 ms on 172.26.0.12 (executor 0) (1/2)
26/08/14 00:31:54 INFO TaskSetManager: Finished task 1.0 in stage 7.0 (TID 9) in 213 ms on 172.26.0.13 (executor 1) (2/2)
26/08/14 00:31:54 INFO TaskSchedulerImpl: Removed TaskSet 7.0, whose tasks have all completed, from pool 
26/08/14 00:31:54 INFO DAGScheduler: ShuffleMapStage 7 (count at <unknown>:0) finished in 0.250 s
26/08/14 00:31:54 INFO DAGScheduler: looking for newly runnable stages
26/08/14 00:31:54 INFO DAGScheduler: running: Set()
26/08/14 00:31:54 INFO DAGScheduler: waiting: Set(ResultStage 8)
26/08/14 00:31:54 INFO DAGScheduler: failed: Set()
26/08/14 00:31:54 INFO DAGScheduler: Submitting ResultStage 8 (MapPartitionsRDD[70] at count at <unknown>:0), which has no missing parents
26/08/14 00:31:54 INFO MemoryStore: Block broadcast_7 stored as values in memory (estimated size 12.5 KiB, free 191.1 MiB)
26/08/14 00:31:54 INFO MemoryStore: Block broadcast_7_piece0 stored as bytes in memory (estimated size 5.9 KiB, free 191.1 MiB)
26/08/14 00:31:54 INFO BlockManagerInfo: Added broadcast_7_piece0 in memory on spark-driver:40807 (size: 5.9 KiB, free: 191.2 MiB)
26/08/14 00:31:54 INFO SparkContext: Created broadcast 7 from broadcast at DAGScheduler.scala:1585
26/08/14 00:31:54 INFO DAGScheduler: Submitting 1 missing tasks from ResultStage 8 (MapPartitionsRDD[70] at count at <unknown>:0) (first 15 tasks are for partitions Vector(0))
26/08/14 00:31:54 INFO TaskSchedulerImpl: Adding task set 8.0 with 1 tasks resource profile 0
26/08/14 00:31:54 INFO TaskSetManager: Starting task 0.0 in stage 8.0 (TID 11) (172.26.0.12, executor 0, partition 0, NODE_LOCAL, 9003 bytes) 
26/08/14 00:31:54 INFO BlockManagerInfo: Added broadcast_7_piece0 in memory on 172.26.0.12:43985 (size: 5.9 KiB, free: 413.8 MiB)
26/08/14 00:31:54 INFO MapOutputTrackerMasterEndpoint: Asked to send map output locations for shuffle 3 to 172.26.0.12:56940
26/08/14 00:31:54 INFO TaskSetManager: Finished task 0.0 in stage 8.0 (TID 11) in 65 ms on 172.26.0.12 (executor 0) (1/1)
26/08/14 00:31:54 INFO TaskSchedulerImpl: Removed TaskSet 8.0, whose tasks have all completed, from pool 
26/08/14 00:31:54 INFO DAGScheduler: ResultStage 8 (count at <unknown>:0) finished in 0.093 s
26/08/14 00:31:54 INFO DAGScheduler: Job 4 is finished. Cancelling potential speculative or zombie tasks for this job
26/08/14 00:31:54 INFO TaskSchedulerImpl: Killing all running tasks in stage 8: Stage finished
26/08/14 00:31:54 INFO DAGScheduler: Job 4 finished: count at <unknown>:0, took 0.361274 s
26/08/14 00:31:54 INFO MapPartitionsRDD: Removing RDD 57 from persistence list
26/08/14 00:31:54 INFO BlockManager: Removing RDD 57
26/08/14 00:31:54 INFO CodeGenerator: Code generated in 9.983333 ms
26/08/14 00:31:54 INFO CodeGenerator: Code generated in 15.173625 ms
26/08/14 00:31:54 INFO SparkContext: Starting job: call at /opt/spark/python/lib/py4j-0.10.9.7-src.zip/py4j/clientserver.py:617
26/08/14 00:31:54 INFO DAGScheduler: Registering RDD 75 (call at /opt/spark/python/lib/py4j-0.10.9.7-src.zip/py4j/clientserver.py:617) as input to shuffle 4
26/08/14 00:31:54 INFO DAGScheduler: Got job 5 (call at /opt/spark/python/lib/py4j-0.10.9.7-src.zip/py4j/clientserver.py:617) with 1 output partitions
26/08/14 00:31:54 INFO DAGScheduler: Final stage: ResultStage 10 (call at /opt/spark/python/lib/py4j-0.10.9.7-src.zip/py4j/clientserver.py:617)
26/08/14 00:31:54 INFO DAGScheduler: Parents of final stage: List(ShuffleMapStage 9)
26/08/14 00:31:54 INFO DAGScheduler: Missing parents: List(ShuffleMapStage 9)
26/08/14 00:31:54 INFO DAGScheduler: Submitting ShuffleMapStage 9 (MapPartitionsRDD[75] at call at /opt/spark/python/lib/py4j-0.10.9.7-src.zip/py4j/clientserver.py:617), which has no missing parents
26/08/14 00:31:54 INFO MemoryStore: Block broadcast_8 stored as values in memory (estimated size 65.9 KiB, free 191.0 MiB)
26/08/14 00:31:54 INFO MemoryStore: Block broadcast_8_piece0 stored as bytes in memory (estimated size 24.6 KiB, free 191.0 MiB)
26/08/14 00:31:54 INFO BlockManagerInfo: Added broadcast_8_piece0 in memory on spark-driver:40807 (size: 24.6 KiB, free: 191.1 MiB)
26/08/14 00:31:54 INFO SparkContext: Created broadcast 8 from broadcast at DAGScheduler.scala:1585
26/08/14 00:31:54 INFO BlockManagerInfo: Removed broadcast_7_piece0 on spark-driver:40807 in memory (size: 5.9 KiB, free: 191.2 MiB)
26/08/14 00:31:54 INFO DAGScheduler: Submitting 2 missing tasks from ShuffleMapStage 9 (MapPartitionsRDD[75] at call at /opt/spark/python/lib/py4j-0.10.9.7-src.zip/py4j/clientserver.py:617) (first 15 tasks are for partitions Vector(0, 1))
26/08/14 00:31:54 INFO TaskSchedulerImpl: Adding task set 9.0 with 2 tasks resource profile 0
26/08/14 00:31:54 INFO BlockManagerInfo: Removed broadcast_7_piece0 on 172.26.0.12:43985 in memory (size: 5.9 KiB, free: 413.8 MiB)
26/08/14 00:31:54 INFO TaskSetManager: Starting task 0.0 in stage 9.0 (TID 12) (172.26.0.12, executor 0, partition 0, PROCESS_LOCAL, 9921 bytes) 
26/08/14 00:31:54 INFO TaskSetManager: Starting task 1.0 in stage 9.0 (TID 13) (172.26.0.13, executor 1, partition 1, PROCESS_LOCAL, 9921 bytes) 
26/08/14 00:31:54 INFO BlockManagerInfo: Removed broadcast_6_piece0 on spark-driver:40807 in memory (size: 35.2 KiB, free: 191.2 MiB)
26/08/14 00:31:54 INFO BlockManagerInfo: Removed broadcast_6_piece0 on 172.26.0.13:36721 in memory (size: 35.2 KiB, free: 413.8 MiB)
26/08/14 00:31:54 INFO BlockManagerInfo: Removed broadcast_6_piece0 on 172.26.0.12:43985 in memory (size: 35.2 KiB, free: 413.8 MiB)
26/08/14 00:31:54 INFO BlockManagerInfo: Added broadcast_8_piece0 in memory on 172.26.0.13:36721 (size: 24.6 KiB, free: 413.8 MiB)
26/08/14 00:31:54 INFO BlockManagerInfo: Added broadcast_8_piece0 in memory on 172.26.0.12:43985 (size: 24.6 KiB, free: 413.8 MiB)
26/08/14 00:31:54 INFO TaskSetManager: Finished task 1.0 in stage 9.0 (TID 13) in 106 ms on 172.26.0.13 (executor 1) (1/2)
26/08/14 00:31:54 INFO TaskSetManager: Finished task 0.0 in stage 9.0 (TID 12) in 118 ms on 172.26.0.12 (executor 0) (2/2)
26/08/14 00:31:54 INFO TaskSchedulerImpl: Removed TaskSet 9.0, whose tasks have all completed, from pool 
26/08/14 00:31:54 INFO DAGScheduler: ShuffleMapStage 9 (call at /opt/spark/python/lib/py4j-0.10.9.7-src.zip/py4j/clientserver.py:617) finished in 0.148 s
26/08/14 00:31:54 INFO DAGScheduler: looking for newly runnable stages
26/08/14 00:31:54 INFO DAGScheduler: running: Set()
26/08/14 00:31:54 INFO DAGScheduler: waiting: Set(ResultStage 10)
26/08/14 00:31:54 INFO DAGScheduler: failed: Set()
26/08/14 00:31:54 INFO DAGScheduler: Submitting ResultStage 10 (MapPartitionsRDD[78] at call at /opt/spark/python/lib/py4j-0.10.9.7-src.zip/py4j/clientserver.py:617), which has no missing parents
26/08/14 00:31:54 INFO MemoryStore: Block broadcast_9 stored as values in memory (estimated size 13.1 KiB, free 191.1 MiB)
26/08/14 00:31:54 INFO MemoryStore: Block broadcast_9_piece0 stored as bytes in memory (estimated size 6.1 KiB, free 191.1 MiB)
26/08/14 00:31:54 INFO BlockManagerInfo: Added broadcast_9_piece0 in memory on spark-driver:40807 (size: 6.1 KiB, free: 191.2 MiB)
26/08/14 00:31:54 INFO SparkContext: Created broadcast 9 from broadcast at DAGScheduler.scala:1585
26/08/14 00:31:54 INFO DAGScheduler: Submitting 1 missing tasks from ResultStage 10 (MapPartitionsRDD[78] at call at /opt/spark/python/lib/py4j-0.10.9.7-src.zip/py4j/clientserver.py:617) (first 15 tasks are for partitions Vector(0))
26/08/14 00:31:54 INFO TaskSchedulerImpl: Adding task set 10.0 with 1 tasks resource profile 0
26/08/14 00:31:54 INFO TaskSetManager: Starting task 0.0 in stage 10.0 (TID 14) (172.26.0.12, executor 0, partition 0, NODE_LOCAL, 9003 bytes) 
26/08/14 00:31:54 INFO BlockManagerInfo: Added broadcast_9_piece0 in memory on 172.26.0.12:43985 (size: 6.1 KiB, free: 413.8 MiB)
26/08/14 00:31:54 INFO MapOutputTrackerMasterEndpoint: Asked to send map output locations for shuffle 4 to 172.26.0.12:56940
26/08/14 00:31:54 INFO TaskSetManager: Finished task 0.0 in stage 10.0 (TID 14) in 44 ms on 172.26.0.12 (executor 0) (1/1)
26/08/14 00:31:54 INFO TaskSchedulerImpl: Removed TaskSet 10.0, whose tasks have all completed, from pool 
26/08/14 00:31:54 INFO DAGScheduler: ResultStage 10 (call at /opt/spark/python/lib/py4j-0.10.9.7-src.zip/py4j/clientserver.py:617) finished in 0.051 s
26/08/14 00:31:54 INFO DAGScheduler: Job 5 is finished. Cancelling potential speculative or zombie tasks for this job
26/08/14 00:31:54 INFO TaskSchedulerImpl: Killing all running tasks in stage 10: Stage finished
26/08/14 00:31:54 INFO DAGScheduler: Job 5 finished: call at /opt/spark/python/lib/py4j-0.10.9.7-src.zip/py4j/clientserver.py:617, took 0.210252 s
26/08/14 00:31:54 INFO MapPartitionsRDD: Removing RDD 27 from persistence list
26/08/14 00:31:54 INFO BlockManager: Removing RDD 27
26/08/14 00:31:54 INFO WatermarkTracker: Updating event-time watermark from 0 to 1786667388792 ms
26/08/14 00:31:54 INFO CheckpointFileManager: Writing atomically to file:/opt/checkpoints/trips/commits/1 using temp file file:/opt/checkpoints/trips/commits/.1.5c3a946b-bc7e-405f-ba1a-18b5c1591247.tmp
26/08/14 00:31:54 INFO CheckpointFileManager: Renamed temp file file:/opt/checkpoints/trips/commits/.1.5c3a946b-bc7e-405f-ba1a-18b5c1591247.tmp to file:/opt/checkpoints/trips/commits/1
26/08/14 00:31:54 INFO MicroBatchExecution: Streaming query made progress: {
  "id" : "9bde9f13-592f-4d70-b0dc-d7da66bf462a",
  "runId" : "047beccd-e00c-422a-ab02-7f7f311f8ed1",
  "name" : "trips-ingest-ab_ab_no_backoff_2",
  "timestamp" : "2026-08-14T00:31:48.919Z",
  "batchId" : 1,
  "numInputRows" : 258,
  "inputRowsPerSecond" : 21500.0,
  "processedRowsPerSecond" : 43.13659923089784,
  "durationMs" : {
    "addBatch" : 5852,
    "commitOffsets" : 39,
    "getBatch" : 0,
    "latestOffset" : 12,
    "queryPlanning" : 46,
    "triggerExecution" : 5981,
    "walCommit" : 25
  },
  "eventTime" : {
    "avg" : "2026-08-14T00:31:46.931Z",
    "max" : "2026-08-14T00:31:48.792Z",
    "min" : "2026-08-14T00:31:45.064Z",
    "watermark" : "1970-01-01T00:00:00.000Z"
  },
  "stateOperators" : [ ],
  "sources" : [ {
    "description" : "KafkaV2[Subscribe[trips.raw]]",
    "startOffset" : {
      "trips.raw" : {
        "2" : 288831,
        "5" : 286809,
        "4" : 288436,
        "1" : 288094,
        "3" : 288149,
        "0" : 288227
      }
    },
    "endOffset" : {
      "trips.raw" : {
        "2" : 288953,
        "5" : 286809,
        "4" : 288436,
        "1" : 288230,
        "3" : 288149,
        "0" : 288227
      }
    },
    "latestOffset" : {
      "trips.raw" : {
        "2" : 288953,
        "5" : 286809,
        "4" : 288436,
        "1" : 288230,
        "3" : 288149,
        "0" : 288227
      }
    },
    "numInputRows" : 258,
    "inputRowsPerSecond" : 21500.0,
    "processedRowsPerSecond" : 43.13659923089784,
    "metrics" : {
      "avgOffsetsBehindLatest" : "0.0",
      "maxOffsetsBehindLatest" : "0",
      "minOffsetsBehindLatest" : "0"
    }
  } ],
  "sink" : {
    "description" : "ForeachBatchSink",
    "numOutputRows" : -1
  }
}
26/08/14 00:31:54 INFO CheckpointFileManager: Writing atomically to file:/opt/checkpoints/trips/offsets/2 using temp file file:/opt/checkpoints/trips/offsets/.2.8cdc0df4-b21a-4791-8a44-7214758706cc.tmp
26/08/14 00:31:54 INFO CheckpointFileManager: Renamed temp file file:/opt/checkpoints/trips/offsets/.2.8cdc0df4-b21a-4791-8a44-7214758706cc.tmp to file:/opt/checkpoints/trips/offsets/2
26/08/14 00:31:54 INFO MicroBatchExecution: Committed offsets for batch 2. Metadata OffsetSeqMetadata(1786667388792,1786667514915,Map(spark.sql.streaming.stateStore.providerClass -> org.apache.spark.sql.execution.streaming.state.HDFSBackedStateStoreProvider, spark.sql.streaming.join.stateFormatVersion -> 2, spark.sql.streaming.stateStore.compression.codec -> lz4, spark.sql.streaming.stateStore.rocksdb.formatVersion -> 5, spark.sql.streaming.statefulOperator.useStrictDistribution -> true, spark.sql.streaming.flatMapGroupsWithState.stateFormatVersion -> 2, spark.sql.streaming.multipleWatermarkPolicy -> min, spark.sql.streaming.aggregation.stateFormatVersion -> 2, spark.sql.shuffle.partitions -> 6))
26/08/14 00:31:54 INFO KafkaOffsetReaderAdmin: Partitions added: Map()
26/08/14 00:31:54 INFO KafkaOffsetReaderAdmin: Partitions added: Map()
26/08/14 00:31:54 INFO KafkaOffsetReaderAdmin: Partitions added: Map()
26/08/14 00:31:54 INFO KafkaOffsetReaderAdmin: Partitions added: Map()
2026-08-14 00:31:54,984 INFO  [stream] Received command c on object id p0
26/08/14 00:31:55 INFO BlockManagerInfo: Removed broadcast_9_piece0 on spark-driver:40807 in memory (size: 6.1 KiB, free: 191.2 MiB)
26/08/14 00:31:55 INFO BlockManagerInfo: Removed broadcast_9_piece0 on 172.26.0.12:43985 in memory (size: 6.1 KiB, free: 413.9 MiB)
26/08/14 00:31:55 INFO BlockManagerInfo: Removed broadcast_8_piece0 on 172.26.0.12:43985 in memory (size: 24.6 KiB, free: 413.9 MiB)
26/08/14 00:31:55 INFO BlockManagerInfo: Removed broadcast_8_piece0 on 172.26.0.13:36721 in memory (size: 24.6 KiB, free: 413.9 MiB)
26/08/14 00:31:55 INFO BlockManagerInfo: Removed broadcast_8_piece0 on spark-driver:40807 in memory (size: 24.6 KiB, free: 191.2 MiB)
26/08/14 00:31:55 INFO SparkContext: Starting job: count at <unknown>:0
26/08/14 00:31:55 INFO DAGScheduler: Registering RDD 93 (count at <unknown>:0) as input to shuffle 5
26/08/14 00:31:55 INFO DAGScheduler: Got job 6 (count at <unknown>:0) with 1 output partitions
26/08/14 00:31:55 INFO DAGScheduler: Final stage: ResultStage 12 (count at <unknown>:0)
26/08/14 00:31:55 INFO DAGScheduler: Parents of final stage: List(ShuffleMapStage 11)
26/08/14 00:31:55 INFO DAGScheduler: Missing parents: List(ShuffleMapStage 11)
26/08/14 00:31:55 INFO DAGScheduler: Submitting ShuffleMapStage 11 (MapPartitionsRDD[93] at count at <unknown>:0), which has no missing parents
26/08/14 00:31:55 INFO MemoryStore: Block broadcast_10 stored as values in memory (estimated size 64.6 KiB, free 191.1 MiB)
26/08/14 00:31:55 INFO MemoryStore: Block broadcast_10_piece0 stored as bytes in memory (estimated size 24.1 KiB, free 191.1 MiB)
26/08/14 00:31:55 INFO BlockManagerInfo: Added broadcast_10_piece0 in memory on spark-driver:40807 (size: 24.1 KiB, free: 191.2 MiB)
26/08/14 00:31:55 INFO SparkContext: Created broadcast 10 from broadcast at DAGScheduler.scala:1585
26/08/14 00:31:55 INFO DAGScheduler: Submitting 6 missing tasks from ShuffleMapStage 11 (MapPartitionsRDD[93] at count at <unknown>:0) (first 15 tasks are for partitions Vector(0, 1, 2, 3, 4, 5))
26/08/14 00:31:55 INFO TaskSchedulerImpl: Adding task set 11.0 with 6 tasks resource profile 0
26/08/14 00:31:55 INFO TaskSetManager: Starting task 0.0 in stage 11.0 (TID 15) (172.26.0.12, executor 0, partition 0, PROCESS_LOCAL, 9921 bytes) 
26/08/14 00:31:55 INFO TaskSetManager: Starting task 2.0 in stage 11.0 (TID 16) (172.26.0.13, executor 1, partition 2, PROCESS_LOCAL, 9921 bytes) 
26/08/14 00:31:55 INFO TaskSetManager: Starting task 1.0 in stage 11.0 (TID 17) (172.26.0.12, executor 0, partition 1, PROCESS_LOCAL, 9921 bytes) 
26/08/14 00:31:55 INFO TaskSetManager: Starting task 3.0 in stage 11.0 (TID 18) (172.26.0.13, executor 1, partition 3, PROCESS_LOCAL, 9921 bytes) 
26/08/14 00:31:55 INFO TaskSetManager: Starting task 5.0 in stage 11.0 (TID 19) (172.26.0.12, executor 0, partition 5, PROCESS_LOCAL, 9921 bytes) 
26/08/14 00:31:55 INFO TaskSetManager: Starting task 4.0 in stage 11.0 (TID 20) (172.26.0.13, executor 1, partition 4, PROCESS_LOCAL, 9921 bytes) 
26/08/14 00:31:55 INFO BlockManagerInfo: Added broadcast_10_piece0 in memory on 172.26.0.12:43985 (size: 24.1 KiB, free: 413.9 MiB)
26/08/14 00:31:55 INFO BlockManagerInfo: Added broadcast_10_piece0 in memory on 172.26.0.13:36721 (size: 24.1 KiB, free: 413.9 MiB)
26/08/14 00:31:55 INFO BlockManagerInfo: Added rdd_88_4 in memory on 172.26.0.13:36721 (size: 463.8 KiB, free: 413.4 MiB)
26/08/14 00:31:55 INFO TaskSetManager: Finished task 4.0 in stage 11.0 (TID 20) in 683 ms on 172.26.0.13 (executor 1) (1/6)
26/08/14 00:31:55 INFO BlockManagerInfo: Added rdd_88_3 in memory on 172.26.0.13:36721 (size: 555.6 KiB, free: 412.9 MiB)
26/08/14 00:31:55 INFO BlockManagerInfo: Added rdd_88_2 in memory on 172.26.0.13:36721 (size: 569.1 KiB, free: 412.4 MiB)
26/08/14 00:31:55 INFO BlockManagerInfo: Added rdd_88_5 in memory on 172.26.0.12:43985 (size: 604.3 KiB, free: 413.3 MiB)
26/08/14 00:31:55 INFO BlockManagerInfo: Added rdd_88_0 in memory on 172.26.0.12:43985 (size: 505.0 KiB, free: 412.8 MiB)
26/08/14 00:31:55 INFO BlockManagerInfo: Added rdd_88_1 in memory on 172.26.0.12:43985 (size: 586.9 KiB, free: 412.2 MiB)
26/08/14 00:31:55 INFO TaskSetManager: Finished task 3.0 in stage 11.0 (TID 18) in 781 ms on 172.26.0.13 (executor 1) (2/6)
26/08/14 00:31:55 INFO TaskSetManager: Finished task 2.0 in stage 11.0 (TID 16) in 784 ms on 172.26.0.13 (executor 1) (3/6)
26/08/14 00:31:55 INFO TaskSetManager: Finished task 0.0 in stage 11.0 (TID 15) in 788 ms on 172.26.0.12 (executor 0) (4/6)
26/08/14 00:31:55 INFO TaskSetManager: Finished task 5.0 in stage 11.0 (TID 19) in 796 ms on 172.26.0.12 (executor 0) (5/6)
26/08/14 00:31:55 INFO TaskSetManager: Finished task 1.0 in stage 11.0 (TID 17) in 797 ms on 172.26.0.12 (executor 0) (6/6)
26/08/14 00:31:55 INFO TaskSchedulerImpl: Removed TaskSet 11.0, whose tasks have all completed, from pool 
26/08/14 00:31:55 INFO DAGScheduler: ShuffleMapStage 11 (count at <unknown>:0) finished in 0.805 s
26/08/14 00:31:55 INFO DAGScheduler: looking for newly runnable stages
26/08/14 00:31:55 INFO DAGScheduler: running: Set()
26/08/14 00:31:55 INFO DAGScheduler: waiting: Set(ResultStage 12)
26/08/14 00:31:55 INFO DAGScheduler: failed: Set()
26/08/14 00:31:55 INFO DAGScheduler: Submitting ResultStage 12 (MapPartitionsRDD[96] at count at <unknown>:0), which has no missing parents
26/08/14 00:31:55 INFO MemoryStore: Block broadcast_11 stored as values in memory (estimated size 12.5 KiB, free 191.1 MiB)
26/08/14 00:31:55 INFO MemoryStore: Block broadcast_11_piece0 stored as bytes in memory (estimated size 5.9 KiB, free 191.1 MiB)
26/08/14 00:31:55 INFO BlockManagerInfo: Added broadcast_11_piece0 in memory on spark-driver:40807 (size: 5.9 KiB, free: 191.2 MiB)
26/08/14 00:31:55 INFO SparkContext: Created broadcast 11 from broadcast at DAGScheduler.scala:1585
26/08/14 00:31:55 INFO DAGScheduler: Submitting 1 missing tasks from ResultStage 12 (MapPartitionsRDD[96] at count at <unknown>:0) (first 15 tasks are for partitions Vector(0))
26/08/14 00:31:55 INFO TaskSchedulerImpl: Adding task set 12.0 with 1 tasks resource profile 0
26/08/14 00:31:55 INFO TaskSetManager: Starting task 0.0 in stage 12.0 (TID 21) (172.26.0.13, executor 1, partition 0, NODE_LOCAL, 9003 bytes) 
26/08/14 00:31:55 INFO BlockManagerInfo: Added broadcast_11_piece0 in memory on 172.26.0.13:36721 (size: 5.9 KiB, free: 412.3 MiB)
26/08/14 00:31:55 INFO MapOutputTrackerMasterEndpoint: Asked to send map output locations for shuffle 5 to 172.26.0.13:52190
26/08/14 00:31:55 INFO TaskSetManager: Finished task 0.0 in stage 12.0 (TID 21) in 110 ms on 172.26.0.13 (executor 1) (1/1)
26/08/14 00:31:55 INFO TaskSchedulerImpl: Removed TaskSet 12.0, whose tasks have all completed, from pool 
26/08/14 00:31:55 INFO DAGScheduler: ResultStage 12 (count at <unknown>:0) finished in 0.120 s
26/08/14 00:31:55 INFO DAGScheduler: Job 6 is finished. Cancelling potential speculative or zombie tasks for this job
26/08/14 00:31:55 INFO TaskSchedulerImpl: Killing all running tasks in stage 12: Stage finished
26/08/14 00:31:55 INFO DAGScheduler: Job 6 finished: count at <unknown>:0, took 0.931223 s
26/08/14 00:31:56 INFO SparkContext: Starting job: count at <unknown>:0
26/08/14 00:31:56 INFO DAGScheduler: Registering RDD 101 (count at <unknown>:0) as input to shuffle 6
26/08/14 00:31:56 INFO DAGScheduler: Got job 7 (count at <unknown>:0) with 1 output partitions
26/08/14 00:31:56 INFO DAGScheduler: Final stage: ResultStage 14 (count at <unknown>:0)
26/08/14 00:31:56 INFO DAGScheduler: Parents of final stage: List(ShuffleMapStage 13)
26/08/14 00:31:56 INFO DAGScheduler: Missing parents: List(ShuffleMapStage 13)
26/08/14 00:31:56 INFO BlockManagerInfo: Removed broadcast_11_piece0 on spark-driver:40807 in memory (size: 5.9 KiB, free: 191.2 MiB)
26/08/14 00:31:56 INFO DAGScheduler: Submitting ShuffleMapStage 13 (MapPartitionsRDD[101] at count at <unknown>:0), which has no missing parents
26/08/14 00:31:56 INFO MemoryStore: Block broadcast_12 stored as values in memory (estimated size 64.9 KiB, free 191.1 MiB)
26/08/14 00:31:56 INFO MemoryStore: Block broadcast_12_piece0 stored as bytes in memory (estimated size 24.2 KiB, free 191.0 MiB)
26/08/14 00:31:56 INFO BlockManagerInfo: Removed broadcast_11_piece0 on 172.26.0.13:36721 in memory (size: 5.9 KiB, free: 412.4 MiB)
26/08/14 00:31:56 INFO BlockManagerInfo: Added broadcast_12_piece0 in memory on spark-driver:40807 (size: 24.2 KiB, free: 191.2 MiB)
26/08/14 00:31:56 INFO SparkContext: Created broadcast 12 from broadcast at DAGScheduler.scala:1585
26/08/14 00:31:56 INFO DAGScheduler: Submitting 6 missing tasks from ShuffleMapStage 13 (MapPartitionsRDD[101] at count at <unknown>:0) (first 15 tasks are for partitions Vector(0, 1, 2, 3, 4, 5))
26/08/14 00:31:56 INFO TaskSchedulerImpl: Adding task set 13.0 with 6 tasks resource profile 0
26/08/14 00:31:56 INFO TaskSetManager: Starting task 0.0 in stage 13.0 (TID 22) (172.26.0.12, executor 0, partition 0, PROCESS_LOCAL, 9921 bytes) 
26/08/14 00:31:56 INFO TaskSetManager: Starting task 2.0 in stage 13.0 (TID 23) (172.26.0.13, executor 1, partition 2, PROCESS_LOCAL, 9921 bytes) 
26/08/14 00:31:56 INFO TaskSetManager: Starting task 1.0 in stage 13.0 (TID 24) (172.26.0.12, executor 0, partition 1, PROCESS_LOCAL, 9921 bytes) 
26/08/14 00:31:56 INFO TaskSetManager: Starting task 3.0 in stage 13.0 (TID 25) (172.26.0.13, executor 1, partition 3, PROCESS_LOCAL, 9921 bytes) 
26/08/14 00:31:56 INFO TaskSetManager: Starting task 5.0 in stage 13.0 (TID 26) (172.26.0.12, executor 0, partition 5, PROCESS_LOCAL, 9921 bytes) 
26/08/14 00:31:56 INFO TaskSetManager: Starting task 4.0 in stage 13.0 (TID 27) (172.26.0.13, executor 1, partition 4, PROCESS_LOCAL, 9921 bytes) 
26/08/14 00:31:56 INFO BlockManagerInfo: Removed broadcast_10_piece0 on spark-driver:40807 in memory (size: 24.1 KiB, free: 191.2 MiB)
26/08/14 00:31:56 INFO BlockManagerInfo: Removed broadcast_10_piece0 on 172.26.0.12:43985 in memory (size: 24.1 KiB, free: 412.3 MiB)
26/08/14 00:31:56 INFO BlockManagerInfo: Removed broadcast_10_piece0 on 172.26.0.13:36721 in memory (size: 24.1 KiB, free: 412.4 MiB)
26/08/14 00:31:56 INFO BlockManagerInfo: Added broadcast_12_piece0 in memory on 172.26.0.12:43985 (size: 24.2 KiB, free: 412.2 MiB)
26/08/14 00:31:56 INFO BlockManagerInfo: Added broadcast_12_piece0 in memory on 172.26.0.13:36721 (size: 24.2 KiB, free: 412.4 MiB)
26/08/14 00:31:56 INFO TaskSetManager: Finished task 4.0 in stage 13.0 (TID 27) in 46 ms on 172.26.0.13 (executor 1) (1/6)
26/08/14 00:31:56 INFO TaskSetManager: Finished task 3.0 in stage 13.0 (TID 25) in 47 ms on 172.26.0.13 (executor 1) (2/6)
26/08/14 00:31:56 INFO TaskSetManager: Finished task 2.0 in stage 13.0 (TID 23) in 49 ms on 172.26.0.13 (executor 1) (3/6)
26/08/14 00:31:56 INFO TaskSetManager: Finished task 1.0 in stage 13.0 (TID 24) in 48 ms on 172.26.0.12 (executor 0) (4/6)
26/08/14 00:31:56 INFO TaskSetManager: Finished task 0.0 in stage 13.0 (TID 22) in 57 ms on 172.26.0.12 (executor 0) (5/6)
26/08/14 00:31:56 INFO TaskSetManager: Finished task 5.0 in stage 13.0 (TID 26) in 56 ms on 172.26.0.12 (executor 0) (6/6)
26/08/14 00:31:56 INFO TaskSchedulerImpl: Removed TaskSet 13.0, whose tasks have all completed, from pool 
26/08/14 00:31:56 INFO DAGScheduler: ShuffleMapStage 13 (count at <unknown>:0) finished in 0.066 s
26/08/14 00:31:56 INFO DAGScheduler: looking for newly runnable stages
26/08/14 00:31:56 INFO DAGScheduler: running: Set()
26/08/14 00:31:56 INFO DAGScheduler: waiting: Set(ResultStage 14)
26/08/14 00:31:56 INFO DAGScheduler: failed: Set()
26/08/14 00:31:56 INFO DAGScheduler: Submitting ResultStage 14 (MapPartitionsRDD[104] at count at <unknown>:0), which has no missing parents
26/08/14 00:31:56 INFO MemoryStore: Block broadcast_13 stored as values in memory (estimated size 12.5 KiB, free 191.1 MiB)
26/08/14 00:31:56 INFO MemoryStore: Block broadcast_13_piece0 stored as bytes in memory (estimated size 5.9 KiB, free 191.1 MiB)
26/08/14 00:31:56 INFO BlockManagerInfo: Added broadcast_13_piece0 in memory on spark-driver:40807 (size: 5.9 KiB, free: 191.2 MiB)
26/08/14 00:31:56 INFO SparkContext: Created broadcast 13 from broadcast at DAGScheduler.scala:1585
26/08/14 00:31:56 INFO DAGScheduler: Submitting 1 missing tasks from ResultStage 14 (MapPartitionsRDD[104] at count at <unknown>:0) (first 15 tasks are for partitions Vector(0))
26/08/14 00:31:56 INFO TaskSchedulerImpl: Adding task set 14.0 with 1 tasks resource profile 0
26/08/14 00:31:56 INFO TaskSetManager: Starting task 0.0 in stage 14.0 (TID 28) (172.26.0.12, executor 0, partition 0, NODE_LOCAL, 9003 bytes) 
26/08/14 00:31:56 INFO BlockManagerInfo: Added broadcast_13_piece0 in memory on 172.26.0.12:43985 (size: 5.9 KiB, free: 412.2 MiB)
26/08/14 00:31:56 INFO MapOutputTrackerMasterEndpoint: Asked to send map output locations for shuffle 6 to 172.26.0.12:56940
26/08/14 00:31:56 INFO TaskSetManager: Finished task 0.0 in stage 14.0 (TID 28) in 22 ms on 172.26.0.12 (executor 0) (1/1)
26/08/14 00:31:56 INFO TaskSchedulerImpl: Removed TaskSet 14.0, whose tasks have all completed, from pool 
26/08/14 00:31:56 INFO DAGScheduler: ResultStage 14 (count at <unknown>:0) finished in 0.027 s
26/08/14 00:31:56 INFO DAGScheduler: Job 7 is finished. Cancelling potential speculative or zombie tasks for this job
26/08/14 00:31:56 INFO TaskSchedulerImpl: Killing all running tasks in stage 14: Stage finished
26/08/14 00:31:56 INFO DAGScheduler: Job 7 finished: count at <unknown>:0, took 0.103399 s
26/08/14 00:31:56 INFO CodeGenerator: Code generated in 8.2425 ms
26/08/14 00:31:56 INFO DefaultCachedBatchSerializer: Predicate isnotnull(event_time#89-T120000ms) generates partition filter: ((event_time.count#5613 - event_time.nullCount#5612) > 0)
26/08/14 00:31:56 INFO DefaultCachedBatchSerializer: Predicate (event_time#89-T120000ms < 2026-08-14 00:29:48.792) generates partition filter: (event_time.lowerBound#5611 < 2026-08-14 00:29:48.792)
26/08/14 00:31:56 INFO SparkContext: Starting job: count at <unknown>:0
26/08/14 00:31:56 INFO BlockManagerInfo: Removed broadcast_12_piece0 on spark-driver:40807 in memory (size: 24.2 KiB, free: 191.2 MiB)
26/08/14 00:31:56 INFO DAGScheduler: Registering RDD 109 (count at <unknown>:0) as input to shuffle 7
26/08/14 00:31:56 INFO DAGScheduler: Got job 8 (count at <unknown>:0) with 1 output partitions
26/08/14 00:31:56 INFO DAGScheduler: Final stage: ResultStage 16 (count at <unknown>:0)
26/08/14 00:31:56 INFO DAGScheduler: Parents of final stage: List(ShuffleMapStage 15)
26/08/14 00:31:56 INFO DAGScheduler: Missing parents: List(ShuffleMapStage 15)
26/08/14 00:31:56 INFO BlockManagerInfo: Removed broadcast_12_piece0 on 172.26.0.13:36721 in memory (size: 24.2 KiB, free: 412.4 MiB)
26/08/14 00:31:56 INFO BlockManagerInfo: Removed broadcast_12_piece0 on 172.26.0.12:43985 in memory (size: 24.2 KiB, free: 412.3 MiB)
26/08/14 00:31:56 INFO DAGScheduler: Submitting ShuffleMapStage 15 (MapPartitionsRDD[109] at count at <unknown>:0), which has no missing parents
26/08/14 00:31:56 INFO MemoryStore: Block broadcast_14 stored as values in memory (estimated size 67.2 KiB, free 191.1 MiB)
26/08/14 00:31:56 INFO MemoryStore: Block broadcast_14_piece0 stored as bytes in memory (estimated size 25.6 KiB, free 191.1 MiB)
26/08/14 00:31:56 INFO BlockManagerInfo: Removed broadcast_13_piece0 on spark-driver:40807 in memory (size: 5.9 KiB, free: 191.2 MiB)
26/08/14 00:31:56 INFO BlockManagerInfo: Added broadcast_14_piece0 in memory on spark-driver:40807 (size: 25.6 KiB, free: 191.2 MiB)
26/08/14 00:31:56 INFO BlockManagerInfo: Removed broadcast_13_piece0 on 172.26.0.12:43985 in memory (size: 5.9 KiB, free: 412.3 MiB)
26/08/14 00:31:56 INFO SparkContext: Created broadcast 14 from broadcast at DAGScheduler.scala:1585
26/08/14 00:31:56 INFO DAGScheduler: Submitting 6 missing tasks from ShuffleMapStage 15 (MapPartitionsRDD[109] at count at <unknown>:0) (first 15 tasks are for partitions Vector(0, 1, 2, 3, 4, 5))
26/08/14 00:31:56 INFO TaskSchedulerImpl: Adding task set 15.0 with 6 tasks resource profile 0
26/08/14 00:31:56 INFO TaskSetManager: Starting task 0.0 in stage 15.0 (TID 29) (172.26.0.12, executor 0, partition 0, PROCESS_LOCAL, 9921 bytes) 
26/08/14 00:31:56 INFO TaskSetManager: Starting task 2.0 in stage 15.0 (TID 30) (172.26.0.13, executor 1, partition 2, PROCESS_LOCAL, 9921 bytes) 
26/08/14 00:31:56 INFO TaskSetManager: Starting task 1.0 in stage 15.0 (TID 31) (172.26.0.12, executor 0, partition 1, PROCESS_LOCAL, 9921 bytes) 
26/08/14 00:31:56 INFO TaskSetManager: Starting task 3.0 in stage 15.0 (TID 32) (172.26.0.13, executor 1, partition 3, PROCESS_LOCAL, 9921 bytes) 
26/08/14 00:31:56 INFO TaskSetManager: Starting task 5.0 in stage 15.0 (TID 33) (172.26.0.12, executor 0, partition 5, PROCESS_LOCAL, 9921 bytes) 
26/08/14 00:31:56 INFO TaskSetManager: Starting task 4.0 in stage 15.0 (TID 34) (172.26.0.13, executor 1, partition 4, PROCESS_LOCAL, 9921 bytes) 
26/08/14 00:31:56 INFO BlockManagerInfo: Added broadcast_14_piece0 in memory on 172.26.0.12:43985 (size: 25.6 KiB, free: 412.2 MiB)
26/08/14 00:31:56 INFO BlockManagerInfo: Added broadcast_14_piece0 in memory on 172.26.0.13:36721 (size: 25.6 KiB, free: 412.3 MiB)
26/08/14 00:31:56 INFO TaskSetManager: Finished task 4.0 in stage 15.0 (TID 34) in 98 ms on 172.26.0.13 (executor 1) (1/6)
26/08/14 00:31:56 INFO TaskSetManager: Finished task 0.0 in stage 15.0 (TID 29) in 100 ms on 172.26.0.12 (executor 0) (2/6)
26/08/14 00:31:56 INFO TaskSetManager: Finished task 3.0 in stage 15.0 (TID 32) in 99 ms on 172.26.0.13 (executor 1) (3/6)
26/08/14 00:31:56 INFO TaskSetManager: Finished task 2.0 in stage 15.0 (TID 30) in 102 ms on 172.26.0.13 (executor 1) (4/6)
26/08/14 00:31:56 INFO TaskSetManager: Finished task 5.0 in stage 15.0 (TID 33) in 103 ms on 172.26.0.12 (executor 0) (5/6)
26/08/14 00:31:56 INFO TaskSetManager: Finished task 1.0 in stage 15.0 (TID 31) in 104 ms on 172.26.0.12 (executor 0) (6/6)
26/08/14 00:31:56 INFO TaskSchedulerImpl: Removed TaskSet 15.0, whose tasks have all completed, from pool 
26/08/14 00:31:56 INFO DAGScheduler: ShuffleMapStage 15 (count at <unknown>:0) finished in 0.123 s
26/08/14 00:31:56 INFO DAGScheduler: looking for newly runnable stages
26/08/14 00:31:56 INFO DAGScheduler: running: Set()
26/08/14 00:31:56 INFO DAGScheduler: waiting: Set(ResultStage 16)
26/08/14 00:31:56 INFO DAGScheduler: failed: Set()
26/08/14 00:31:56 INFO DAGScheduler: Submitting ResultStage 16 (MapPartitionsRDD[112] at count at <unknown>:0), which has no missing parents
26/08/14 00:31:56 INFO MemoryStore: Block broadcast_15 stored as values in memory (estimated size 12.5 KiB, free 191.1 MiB)
26/08/14 00:31:56 INFO MemoryStore: Block broadcast_15_piece0 stored as bytes in memory (estimated size 5.9 KiB, free 191.1 MiB)
26/08/14 00:31:56 INFO BlockManagerInfo: Added broadcast_15_piece0 in memory on spark-driver:40807 (size: 5.9 KiB, free: 191.2 MiB)
26/08/14 00:31:56 INFO SparkContext: Created broadcast 15 from broadcast at DAGScheduler.scala:1585
26/08/14 00:31:56 INFO DAGScheduler: Submitting 1 missing tasks from ResultStage 16 (MapPartitionsRDD[112] at count at <unknown>:0) (first 15 tasks are for partitions Vector(0))
26/08/14 00:31:56 INFO TaskSchedulerImpl: Adding task set 16.0 with 1 tasks resource profile 0
26/08/14 00:31:56 INFO TaskSetManager: Starting task 0.0 in stage 16.0 (TID 35) (172.26.0.12, executor 0, partition 0, NODE_LOCAL, 9003 bytes) 
26/08/14 00:31:56 INFO BlockManagerInfo: Added broadcast_15_piece0 in memory on 172.26.0.12:43985 (size: 5.9 KiB, free: 412.2 MiB)
26/08/14 00:31:56 INFO MapOutputTrackerMasterEndpoint: Asked to send map output locations for shuffle 7 to 172.26.0.12:56940
26/08/14 00:31:56 INFO TaskSetManager: Finished task 0.0 in stage 16.0 (TID 35) in 38 ms on 172.26.0.12 (executor 0) (1/1)
26/08/14 00:31:56 INFO TaskSchedulerImpl: Removed TaskSet 16.0, whose tasks have all completed, from pool 
26/08/14 00:31:56 INFO DAGScheduler: ResultStage 16 (count at <unknown>:0) finished in 0.045 s
26/08/14 00:31:56 INFO DAGScheduler: Job 8 is finished. Cancelling potential speculative or zombie tasks for this job
26/08/14 00:31:56 INFO TaskSchedulerImpl: Killing all running tasks in stage 16: Stage finished
26/08/14 00:31:56 INFO DAGScheduler: Job 8 finished: count at <unknown>:0, took 0.181416 s
26/08/14 00:31:56 INFO DefaultCachedBatchSerializer: Predicate isnotnull(kind#6170) generates partition filter: ((kind.count#6239 - kind.nullCount#6238) > 0)
26/08/14 00:31:56 INFO DefaultCachedBatchSerializer: Predicate (kind#6170 = stats) generates partition filter: ((kind.lowerBound#6237 <= stats) AND (stats <= kind.upperBound#6236))
26/08/14 00:31:56 INFO SparkContext: Starting job: call at /opt/spark/python/lib/py4j-0.10.9.7-src.zip/py4j/clientserver.py:617
26/08/14 00:31:56 INFO DAGScheduler: Got job 9 (call at /opt/spark/python/lib/py4j-0.10.9.7-src.zip/py4j/clientserver.py:617) with 6 output partitions
26/08/14 00:31:56 INFO DAGScheduler: Final stage: ResultStage 17 (call at /opt/spark/python/lib/py4j-0.10.9.7-src.zip/py4j/clientserver.py:617)
26/08/14 00:31:56 INFO DAGScheduler: Parents of final stage: List()
26/08/14 00:31:56 INFO BlockManagerInfo: Removed broadcast_15_piece0 on spark-driver:40807 in memory (size: 5.9 KiB, free: 191.2 MiB)
26/08/14 00:31:56 INFO DAGScheduler: Missing parents: List()
26/08/14 00:31:56 INFO DAGScheduler: Submitting ResultStage 17 (MapPartitionsRDD[131] at call at /opt/spark/python/lib/py4j-0.10.9.7-src.zip/py4j/clientserver.py:617), which has no missing parents
26/08/14 00:31:56 INFO BlockManagerInfo: Removed broadcast_15_piece0 on 172.26.0.12:43985 in memory (size: 5.9 KiB, free: 412.2 MiB)
26/08/14 00:31:56 INFO MemoryStore: Block broadcast_16 stored as values in memory (estimated size 90.0 KiB, free 191.0 MiB)
26/08/14 00:31:56 INFO MemoryStore: Block broadcast_16_piece0 stored as bytes in memory (estimated size 34.0 KiB, free 191.0 MiB)
26/08/14 00:31:56 INFO BlockManagerInfo: Added broadcast_16_piece0 in memory on spark-driver:40807 (size: 34.0 KiB, free: 191.2 MiB)
26/08/14 00:31:56 INFO SparkContext: Created broadcast 16 from broadcast at DAGScheduler.scala:1585
26/08/14 00:31:56 INFO DAGScheduler: Submitting 6 missing tasks from ResultStage 17 (MapPartitionsRDD[131] at call at /opt/spark/python/lib/py4j-0.10.9.7-src.zip/py4j/clientserver.py:617) (first 15 tasks are for partitions Vector(0, 1, 2, 3, 4, 5))
26/08/14 00:31:56 INFO TaskSchedulerImpl: Adding task set 17.0 with 6 tasks resource profile 0
26/08/14 00:31:56 INFO BlockManagerInfo: Removed broadcast_14_piece0 on spark-driver:40807 in memory (size: 25.6 KiB, free: 191.2 MiB)
26/08/14 00:31:56 INFO BlockManagerInfo: Removed broadcast_14_piece0 on 172.26.0.13:36721 in memory (size: 25.6 KiB, free: 412.4 MiB)
26/08/14 00:31:56 INFO TaskSetManager: Starting task 2.0 in stage 17.0 (TID 36) (172.26.0.13, executor 1, partition 2, PROCESS_LOCAL, 9932 bytes) 
26/08/14 00:31:56 INFO TaskSetManager: Starting task 0.0 in stage 17.0 (TID 37) (172.26.0.12, executor 0, partition 0, PROCESS_LOCAL, 9932 bytes) 
26/08/14 00:31:56 INFO TaskSetManager: Starting task 3.0 in stage 17.0 (TID 38) (172.26.0.13, executor 1, partition 3, PROCESS_LOCAL, 9932 bytes) 
26/08/14 00:31:56 INFO TaskSetManager: Starting task 1.0 in stage 17.0 (TID 39) (172.26.0.12, executor 0, partition 1, PROCESS_LOCAL, 9932 bytes) 
26/08/14 00:31:56 INFO TaskSetManager: Starting task 4.0 in stage 17.0 (TID 40) (172.26.0.13, executor 1, partition 4, PROCESS_LOCAL, 9932 bytes) 
26/08/14 00:31:56 INFO TaskSetManager: Starting task 5.0 in stage 17.0 (TID 41) (172.26.0.12, executor 0, partition 5, PROCESS_LOCAL, 9932 bytes) 
26/08/14 00:31:56 INFO BlockManagerInfo: Removed broadcast_14_piece0 on 172.26.0.12:43985 in memory (size: 25.6 KiB, free: 412.3 MiB)
26/08/14 00:31:56 INFO BlockManagerInfo: Added broadcast_16_piece0 in memory on 172.26.0.12:43985 (size: 34.0 KiB, free: 412.2 MiB)
26/08/14 00:31:56 INFO BlockManagerInfo: Added broadcast_16_piece0 in memory on 172.26.0.13:36721 (size: 34.0 KiB, free: 412.3 MiB)
26/08/14 00:31:58 INFO BlockManagerInfo: Added rdd_126_3 in memory on 172.26.0.13:36721 (size: 1808.0 B, free: 412.3 MiB)
26/08/14 00:31:59 INFO TaskSetManager: Finished task 3.0 in stage 17.0 (TID 38) in 2444 ms on 172.26.0.13 (executor 1) (1/6)
26/08/14 00:31:59 INFO BlockManagerInfo: Added rdd_126_0 in memory on 172.26.0.12:43985 (size: 1808.0 B, free: 412.2 MiB)
26/08/14 00:31:59 INFO BlockManagerInfo: Added rdd_126_2 in memory on 172.26.0.13:36721 (size: 1808.0 B, free: 412.3 MiB)
26/08/14 00:31:59 INFO TaskSetManager: Finished task 0.0 in stage 17.0 (TID 37) in 2582 ms on 172.26.0.12 (executor 0) (2/6)
26/08/14 00:31:59 INFO TaskSetManager: Finished task 2.0 in stage 17.0 (TID 36) in 2635 ms on 172.26.0.13 (executor 1) (3/6)
26/08/14 00:31:59 INFO BlockManagerInfo: Added rdd_126_4 in memory on 172.26.0.13:36721 (size: 1808.0 B, free: 412.3 MiB)
26/08/14 00:31:59 INFO TaskSetManager: Finished task 4.0 in stage 17.0 (TID 40) in 2659 ms on 172.26.0.13 (executor 1) (4/6)
26/08/14 00:31:59 INFO BlockManagerInfo: Added rdd_126_1 in memory on 172.26.0.12:43985 (size: 1808.0 B, free: 412.2 MiB)
26/08/14 00:31:59 INFO BlockManagerInfo: Added rdd_126_5 in memory on 172.26.0.12:43985 (size: 1808.0 B, free: 412.2 MiB)
26/08/14 00:31:59 INFO TaskSetManager: Finished task 1.0 in stage 17.0 (TID 39) in 2764 ms on 172.26.0.12 (executor 0) (5/6)
26/08/14 00:31:59 INFO TaskSetManager: Finished task 5.0 in stage 17.0 (TID 41) in 2786 ms on 172.26.0.12 (executor 0) (6/6)
26/08/14 00:31:59 INFO TaskSchedulerImpl: Removed TaskSet 17.0, whose tasks have all completed, from pool 
26/08/14 00:31:59 INFO DAGScheduler: ResultStage 17 (call at /opt/spark/python/lib/py4j-0.10.9.7-src.zip/py4j/clientserver.py:617) finished in 2.800 s
26/08/14 00:31:59 INFO DAGScheduler: Job 9 is finished. Cancelling potential speculative or zombie tasks for this job
26/08/14 00:31:59 INFO TaskSchedulerImpl: Killing all running tasks in stage 17: Stage finished
26/08/14 00:31:59 INFO DAGScheduler: Job 9 finished: call at /opt/spark/python/lib/py4j-0.10.9.7-src.zip/py4j/clientserver.py:617, took 2.824396 s
26/08/14 00:31:59 INFO DefaultCachedBatchSerializer: Predicate isnotnull(kind#6170) generates partition filter: ((kind.count#6322 - kind.nullCount#6321) > 0)
26/08/14 00:31:59 INFO DefaultCachedBatchSerializer: Predicate (kind#6170 = dlq) generates partition filter: ((kind.lowerBound#6320 <= dlq) AND (dlq <= kind.upperBound#6319))
26/08/14 00:31:59 INFO SparkContext: Starting job: count at <unknown>:0
26/08/14 00:31:59 INFO DAGScheduler: Registering RDD 136 (count at <unknown>:0) as input to shuffle 8
26/08/14 00:31:59 INFO DAGScheduler: Got job 10 (count at <unknown>:0) with 1 output partitions
26/08/14 00:31:59 INFO DAGScheduler: Final stage: ResultStage 19 (count at <unknown>:0)
26/08/14 00:31:59 INFO DAGScheduler: Parents of final stage: List(ShuffleMapStage 18)
26/08/14 00:31:59 INFO DAGScheduler: Missing parents: List(ShuffleMapStage 18)
26/08/14 00:31:59 INFO DAGScheduler: Submitting ShuffleMapStage 18 (MapPartitionsRDD[136] at count at <unknown>:0), which has no missing parents
26/08/14 00:31:59 INFO MemoryStore: Block broadcast_17 stored as values in memory (estimated size 92.2 KiB, free 191.0 MiB)
26/08/14 00:31:59 INFO MemoryStore: Block broadcast_17_piece0 stored as bytes in memory (estimated size 35.3 KiB, free 191.0 MiB)
26/08/14 00:31:59 INFO BlockManagerInfo: Added broadcast_17_piece0 in memory on spark-driver:40807 (size: 35.3 KiB, free: 191.1 MiB)
26/08/14 00:31:59 INFO SparkContext: Created broadcast 17 from broadcast at DAGScheduler.scala:1585
26/08/14 00:31:59 INFO DAGScheduler: Submitting 6 missing tasks from ShuffleMapStage 18 (MapPartitionsRDD[136] at count at <unknown>:0) (first 15 tasks are for partitions Vector(0, 1, 2, 3, 4, 5))
26/08/14 00:31:59 INFO TaskSchedulerImpl: Adding task set 18.0 with 6 tasks resource profile 0
26/08/14 00:31:59 INFO TaskSetManager: Starting task 0.0 in stage 18.0 (TID 42) (172.26.0.12, executor 0, partition 0, PROCESS_LOCAL, 9921 bytes) 
26/08/14 00:31:59 INFO TaskSetManager: Starting task 2.0 in stage 18.0 (TID 43) (172.26.0.13, executor 1, partition 2, PROCESS_LOCAL, 9921 bytes) 
26/08/14 00:31:59 INFO TaskSetManager: Starting task 1.0 in stage 18.0 (TID 44) (172.26.0.12, executor 0, partition 1, PROCESS_LOCAL, 9921 bytes) 
26/08/14 00:31:59 INFO TaskSetManager: Starting task 3.0 in stage 18.0 (TID 45) (172.26.0.13, executor 1, partition 3, PROCESS_LOCAL, 9921 bytes) 
26/08/14 00:31:59 INFO TaskSetManager: Starting task 5.0 in stage 18.0 (TID 46) (172.26.0.12, executor 0, partition 5, PROCESS_LOCAL, 9921 bytes) 
26/08/14 00:31:59 INFO TaskSetManager: Starting task 4.0 in stage 18.0 (TID 47) (172.26.0.13, executor 1, partition 4, PROCESS_LOCAL, 9921 bytes) 
26/08/14 00:31:59 INFO BlockManagerInfo: Added broadcast_17_piece0 in memory on 172.26.0.13:36721 (size: 35.3 KiB, free: 412.3 MiB)
26/08/14 00:31:59 INFO BlockManagerInfo: Added broadcast_17_piece0 in memory on 172.26.0.12:43985 (size: 35.3 KiB, free: 412.2 MiB)
26/08/14 00:31:59 INFO TaskSetManager: Finished task 0.0 in stage 18.0 (TID 42) in 91 ms on 172.26.0.12 (executor 0) (1/6)
26/08/14 00:31:59 INFO TaskSetManager: Finished task 1.0 in stage 18.0 (TID 44) in 91 ms on 172.26.0.12 (executor 0) (2/6)
26/08/14 00:31:59 INFO TaskSetManager: Finished task 5.0 in stage 18.0 (TID 46) in 91 ms on 172.26.0.12 (executor 0) (3/6)
26/08/14 00:31:59 INFO TaskSetManager: Finished task 2.0 in stage 18.0 (TID 43) in 273 ms on 172.26.0.13 (executor 1) (4/6)
26/08/14 00:31:59 INFO TaskSetManager: Finished task 3.0 in stage 18.0 (TID 45) in 273 ms on 172.26.0.13 (executor 1) (5/6)
26/08/14 00:31:59 INFO TaskSetManager: Finished task 4.0 in stage 18.0 (TID 47) in 274 ms on 172.26.0.13 (executor 1) (6/6)
26/08/14 00:31:59 INFO TaskSchedulerImpl: Removed TaskSet 18.0, whose tasks have all completed, from pool 
26/08/14 00:31:59 INFO DAGScheduler: ShuffleMapStage 18 (count at <unknown>:0) finished in 0.298 s
26/08/14 00:31:59 INFO DAGScheduler: looking for newly runnable stages
26/08/14 00:31:59 INFO DAGScheduler: running: Set()
26/08/14 00:31:59 INFO DAGScheduler: waiting: Set(ResultStage 19)
26/08/14 00:31:59 INFO DAGScheduler: failed: Set()
26/08/14 00:31:59 INFO DAGScheduler: Submitting ResultStage 19 (MapPartitionsRDD[139] at count at <unknown>:0), which has no missing parents
26/08/14 00:31:59 INFO MemoryStore: Block broadcast_18 stored as values in memory (estimated size 12.5 KiB, free 191.0 MiB)
26/08/14 00:31:59 INFO MemoryStore: Block broadcast_18_piece0 stored as bytes in memory (estimated size 5.9 KiB, free 190.9 MiB)
26/08/14 00:31:59 INFO BlockManagerInfo: Added broadcast_18_piece0 in memory on spark-driver:40807 (size: 5.9 KiB, free: 191.1 MiB)
26/08/14 00:31:59 INFO SparkContext: Created broadcast 18 from broadcast at DAGScheduler.scala:1585
26/08/14 00:31:59 INFO DAGScheduler: Submitting 1 missing tasks from ResultStage 19 (MapPartitionsRDD[139] at count at <unknown>:0) (first 15 tasks are for partitions Vector(0))
26/08/14 00:31:59 INFO TaskSchedulerImpl: Adding task set 19.0 with 1 tasks resource profile 0
26/08/14 00:31:59 INFO TaskSetManager: Starting task 0.0 in stage 19.0 (TID 48) (172.26.0.13, executor 1, partition 0, NODE_LOCAL, 9003 bytes) 
26/08/14 00:31:59 INFO BlockManagerInfo: Added broadcast_18_piece0 in memory on 172.26.0.13:36721 (size: 5.9 KiB, free: 412.3 MiB)
26/08/14 00:31:59 INFO MapOutputTrackerMasterEndpoint: Asked to send map output locations for shuffle 8 to 172.26.0.13:52190
26/08/14 00:31:59 INFO TaskSetManager: Finished task 0.0 in stage 19.0 (TID 48) in 23 ms on 172.26.0.13 (executor 1) (1/1)
26/08/14 00:31:59 INFO TaskSchedulerImpl: Removed TaskSet 19.0, whose tasks have all completed, from pool 
26/08/14 00:31:59 INFO DAGScheduler: ResultStage 19 (count at <unknown>:0) finished in 0.039 s
26/08/14 00:31:59 INFO DAGScheduler: Job 10 is finished. Cancelling potential speculative or zombie tasks for this job
26/08/14 00:31:59 INFO TaskSchedulerImpl: Killing all running tasks in stage 19: Stage finished
26/08/14 00:31:59 INFO DAGScheduler: Job 10 finished: count at <unknown>:0, took 0.343070 s
26/08/14 00:31:59 INFO MapPartitionsRDD: Removing RDD 126 from persistence list
26/08/14 00:31:59 INFO BlockManagerInfo: Removed broadcast_18_piece0 on spark-driver:40807 in memory (size: 5.9 KiB, free: 191.1 MiB)
26/08/14 00:31:59 INFO BlockManager: Removing RDD 126
26/08/14 00:31:59 INFO BlockManagerInfo: Removed broadcast_18_piece0 on 172.26.0.13:36721 in memory (size: 5.9 KiB, free: 412.3 MiB)
26/08/14 00:31:59 INFO BlockManagerInfo: Removed broadcast_16_piece0 on 172.26.0.12:43985 in memory (size: 34.0 KiB, free: 412.2 MiB)
26/08/14 00:31:59 INFO BlockManagerInfo: Removed broadcast_16_piece0 on 172.26.0.13:36721 in memory (size: 34.0 KiB, free: 412.3 MiB)
26/08/14 00:31:59 INFO BlockManagerInfo: Removed broadcast_16_piece0 on spark-driver:40807 in memory (size: 34.0 KiB, free: 191.2 MiB)
26/08/14 00:31:59 INFO BlockManagerInfo: Removed broadcast_17_piece0 on spark-driver:40807 in memory (size: 35.3 KiB, free: 191.2 MiB)
26/08/14 00:31:59 INFO BlockManagerInfo: Removed broadcast_17_piece0 on 172.26.0.12:43985 in memory (size: 35.3 KiB, free: 412.3 MiB)
26/08/14 00:31:59 INFO BlockManagerInfo: Removed broadcast_17_piece0 on 172.26.0.13:36721 in memory (size: 35.3 KiB, free: 412.4 MiB)
26/08/14 00:32:00 INFO SparkContext: Starting job: call at /opt/spark/python/lib/py4j-0.10.9.7-src.zip/py4j/clientserver.py:617
26/08/14 00:32:00 INFO DAGScheduler: Registering RDD 144 (call at /opt/spark/python/lib/py4j-0.10.9.7-src.zip/py4j/clientserver.py:617) as input to shuffle 9
26/08/14 00:32:00 INFO DAGScheduler: Got job 11 (call at /opt/spark/python/lib/py4j-0.10.9.7-src.zip/py4j/clientserver.py:617) with 1 output partitions
26/08/14 00:32:00 INFO DAGScheduler: Final stage: ResultStage 21 (call at /opt/spark/python/lib/py4j-0.10.9.7-src.zip/py4j/clientserver.py:617)
26/08/14 00:32:00 INFO DAGScheduler: Parents of final stage: List(ShuffleMapStage 20)
26/08/14 00:32:00 INFO DAGScheduler: Missing parents: List(ShuffleMapStage 20)
26/08/14 00:32:00 INFO DAGScheduler: Submitting ShuffleMapStage 20 (MapPartitionsRDD[144] at call at /opt/spark/python/lib/py4j-0.10.9.7-src.zip/py4j/clientserver.py:617), which has no missing parents
26/08/14 00:32:00 INFO MemoryStore: Block broadcast_19 stored as values in memory (estimated size 66.1 KiB, free 191.1 MiB)
26/08/14 00:32:00 INFO MemoryStore: Block broadcast_19_piece0 stored as bytes in memory (estimated size 24.8 KiB, free 191.1 MiB)
26/08/14 00:32:00 INFO BlockManagerInfo: Added broadcast_19_piece0 in memory on spark-driver:40807 (size: 24.8 KiB, free: 191.2 MiB)
26/08/14 00:32:00 INFO SparkContext: Created broadcast 19 from broadcast at DAGScheduler.scala:1585
26/08/14 00:32:00 INFO DAGScheduler: Submitting 6 missing tasks from ShuffleMapStage 20 (MapPartitionsRDD[144] at call at /opt/spark/python/lib/py4j-0.10.9.7-src.zip/py4j/clientserver.py:617) (first 15 tasks are for partitions Vector(0, 1, 2, 3, 4, 5))
26/08/14 00:32:00 INFO TaskSchedulerImpl: Adding task set 20.0 with 6 tasks resource profile 0
26/08/14 00:32:00 INFO TaskSetManager: Starting task 0.0 in stage 20.0 (TID 49) (172.26.0.12, executor 0, partition 0, PROCESS_LOCAL, 9921 bytes) 
26/08/14 00:32:00 INFO TaskSetManager: Starting task 2.0 in stage 20.0 (TID 50) (172.26.0.13, executor 1, partition 2, PROCESS_LOCAL, 9921 bytes) 
26/08/14 00:32:00 INFO TaskSetManager: Starting task 1.0 in stage 20.0 (TID 51) (172.26.0.12, executor 0, partition 1, PROCESS_LOCAL, 9921 bytes) 
26/08/14 00:32:00 INFO TaskSetManager: Starting task 3.0 in stage 20.0 (TID 52) (172.26.0.13, executor 1, partition 3, PROCESS_LOCAL, 9921 bytes) 
26/08/14 00:32:00 INFO TaskSetManager: Starting task 5.0 in stage 20.0 (TID 53) (172.26.0.12, executor 0, partition 5, PROCESS_LOCAL, 9921 bytes) 
26/08/14 00:32:00 INFO TaskSetManager: Starting task 4.0 in stage 20.0 (TID 54) (172.26.0.13, executor 1, partition 4, PROCESS_LOCAL, 9921 bytes) 
26/08/14 00:32:00 INFO BlockManagerInfo: Added broadcast_19_piece0 in memory on 172.26.0.12:43985 (size: 24.8 KiB, free: 412.2 MiB)
26/08/14 00:32:00 INFO BlockManagerInfo: Added broadcast_19_piece0 in memory on 172.26.0.13:36721 (size: 24.8 KiB, free: 412.3 MiB)
26/08/14 00:32:00 INFO TaskSetManager: Finished task 3.0 in stage 20.0 (TID 52) in 34 ms on 172.26.0.13 (executor 1) (1/6)
26/08/14 00:32:00 INFO TaskSetManager: Finished task 1.0 in stage 20.0 (TID 51) in 41 ms on 172.26.0.12 (executor 0) (2/6)
26/08/14 00:32:00 INFO TaskSetManager: Finished task 2.0 in stage 20.0 (TID 50) in 42 ms on 172.26.0.13 (executor 1) (3/6)
26/08/14 00:32:00 INFO TaskSetManager: Finished task 5.0 in stage 20.0 (TID 53) in 43 ms on 172.26.0.12 (executor 0) (4/6)
26/08/14 00:32:00 INFO TaskSetManager: Finished task 0.0 in stage 20.0 (TID 49) in 46 ms on 172.26.0.12 (executor 0) (5/6)
26/08/14 00:32:00 INFO TaskSetManager: Finished task 4.0 in stage 20.0 (TID 54) in 46 ms on 172.26.0.13 (executor 1) (6/6)
26/08/14 00:32:00 INFO TaskSchedulerImpl: Removed TaskSet 20.0, whose tasks have all completed, from pool 
26/08/14 00:32:00 INFO DAGScheduler: ShuffleMapStage 20 (call at /opt/spark/python/lib/py4j-0.10.9.7-src.zip/py4j/clientserver.py:617) finished in 0.054 s
26/08/14 00:32:00 INFO DAGScheduler: looking for newly runnable stages
26/08/14 00:32:00 INFO DAGScheduler: running: Set()
26/08/14 00:32:00 INFO DAGScheduler: waiting: Set(ResultStage 21)
26/08/14 00:32:00 INFO DAGScheduler: failed: Set()
26/08/14 00:32:00 INFO DAGScheduler: Submitting ResultStage 21 (MapPartitionsRDD[147] at call at /opt/spark/python/lib/py4j-0.10.9.7-src.zip/py4j/clientserver.py:617), which has no missing parents
26/08/14 00:32:00 INFO MemoryStore: Block broadcast_20 stored as values in memory (estimated size 13.1 KiB, free 191.1 MiB)
26/08/14 00:32:00 INFO MemoryStore: Block broadcast_20_piece0 stored as bytes in memory (estimated size 6.1 KiB, free 191.1 MiB)
26/08/14 00:32:00 INFO BlockManagerInfo: Added broadcast_20_piece0 in memory on spark-driver:40807 (size: 6.1 KiB, free: 191.2 MiB)
26/08/14 00:32:00 INFO SparkContext: Created broadcast 20 from broadcast at DAGScheduler.scala:1585
26/08/14 00:32:00 INFO DAGScheduler: Submitting 1 missing tasks from ResultStage 21 (MapPartitionsRDD[147] at call at /opt/spark/python/lib/py4j-0.10.9.7-src.zip/py4j/clientserver.py:617) (first 15 tasks are for partitions Vector(0))
26/08/14 00:32:00 INFO TaskSchedulerImpl: Adding task set 21.0 with 1 tasks resource profile 0
26/08/14 00:32:00 INFO TaskSetManager: Starting task 0.0 in stage 21.0 (TID 55) (172.26.0.12, executor 0, partition 0, NODE_LOCAL, 9003 bytes) 
26/08/14 00:32:00 INFO BlockManagerInfo: Added broadcast_20_piece0 in memory on 172.26.0.12:43985 (size: 6.1 KiB, free: 412.2 MiB)
26/08/14 00:32:00 INFO MapOutputTrackerMasterEndpoint: Asked to send map output locations for shuffle 9 to 172.26.0.12:56940
26/08/14 00:32:00 INFO TaskSetManager: Finished task 0.0 in stage 21.0 (TID 55) in 34 ms on 172.26.0.12 (executor 0) (1/1)
26/08/14 00:32:00 INFO TaskSchedulerImpl: Removed TaskSet 21.0, whose tasks have all completed, from pool 
26/08/14 00:32:00 INFO DAGScheduler: ResultStage 21 (call at /opt/spark/python/lib/py4j-0.10.9.7-src.zip/py4j/clientserver.py:617) finished in 0.039 s
26/08/14 00:32:00 INFO DAGScheduler: Job 11 is finished. Cancelling potential speculative or zombie tasks for this job
26/08/14 00:32:00 INFO TaskSchedulerImpl: Killing all running tasks in stage 21: Stage finished
26/08/14 00:32:00 INFO DAGScheduler: Job 11 finished: call at /opt/spark/python/lib/py4j-0.10.9.7-src.zip/py4j/clientserver.py:617, took 0.096158 s
26/08/14 00:32:00 INFO MapPartitionsRDD: Removing RDD 88 from persistence list
26/08/14 00:32:00 INFO BlockManager: Removing RDD 88
26/08/14 00:32:00 INFO WatermarkTracker: Updating event-time watermark from 1786667388792 to 1786667394870 ms
26/08/14 00:32:00 INFO CheckpointFileManager: Writing atomically to file:/opt/checkpoints/trips/commits/2 using temp file file:/opt/checkpoints/trips/commits/.2.5244b518-a590-4d6b-8664-c82d76df3005.tmp
26/08/14 00:32:00 INFO CheckpointFileManager: Renamed temp file file:/opt/checkpoints/trips/commits/.2.5244b518-a590-4d6b-8664-c82d76df3005.tmp to file:/opt/checkpoints/trips/commits/2
26/08/14 00:32:00 INFO MicroBatchExecution: Streaming query made progress: {
  "id" : "9bde9f13-592f-4d70-b0dc-d7da66bf462a",
  "runId" : "047beccd-e00c-422a-ab02-7f7f311f8ed1",
  "name" : "trips-ingest-ab_ab_no_backoff_2",
  "timestamp" : "2026-08-14T00:31:54.908Z",
  "batchId" : 2,
  "numInputRows" : 5326,
  "inputRowsPerSecond" : 889.2970445817332,
  "processedRowsPerSecond" : 1003.5801771245524,
  "durationMs" : {
    "addBatch" : 5222,
    "commitOffsets" : 39,
    "getBatch" : 1,
    "latestOffset" : 6,
    "queryPlanning" : 19,
    "triggerExecution" : 5307,
    "walCommit" : 13
  },
  "eventTime" : {
    "avg" : "2026-08-14T00:31:50.055Z",
    "max" : "2026-08-14T00:31:54.870Z",
    "min" : "2026-08-14T00:31:44.943Z",
    "watermark" : "2026-08-14T00:29:48.792Z"
  },
  "stateOperators" : [ ],
  "sources" : [ {
    "description" : "KafkaV2[Subscribe[trips.raw]]",
    "startOffset" : {
      "trips.raw" : {
        "2" : 288953,
        "5" : 286809,
        "4" : 288436,
        "1" : 288230,
        "3" : 288149,
        "0" : 288227
      }
    },
    "endOffset" : {
      "trips.raw" : {
        "2" : 289771,
        "5" : 287710,
        "4" : 289388,
        "1" : 288981,
        "3" : 289072,
        "0" : 289208
      }
    },
    "latestOffset" : {
      "trips.raw" : {
        "2" : 289771,
        "5" : 287710,
        "4" : 289388,
        "1" : 288981,
        "3" : 289072,
        "0" : 289208
      }
    },
    "numInputRows" : 5326,
    "inputRowsPerSecond" : 889.2970445817332,
    "processedRowsPerSecond" : 1003.5801771245524,
    "metrics" : {
      "avgOffsetsBehindLatest" : "0.0",
      "maxOffsetsBehindLatest" : "0",
      "minOffsetsBehindLatest" : "0"
    }
  } ],
  "sink" : {
    "description" : "ForeachBatchSink",
    "numOutputRows" : -1
  }
}
26/08/14 00:32:00 INFO CheckpointFileManager: Writing atomically to file:/opt/checkpoints/trips/offsets/3 using temp file file:/opt/checkpoints/trips/offsets/.3.a8be29af-a839-4b04-b317-217895220f8a.tmp
26/08/14 00:32:00 INFO CheckpointFileManager: Renamed temp file file:/opt/checkpoints/trips/offsets/.3.a8be29af-a839-4b04-b317-217895220f8a.tmp to file:/opt/checkpoints/trips/offsets/3
26/08/14 00:32:00 INFO MicroBatchExecution: Committed offsets for batch 3. Metadata OffsetSeqMetadata(1786667394870,1786667520224,Map(spark.sql.streaming.stateStore.providerClass -> org.apache.spark.sql.execution.streaming.state.HDFSBackedStateStoreProvider, spark.sql.streaming.join.stateFormatVersion -> 2, spark.sql.streaming.stateStore.compression.codec -> lz4, spark.sql.streaming.stateStore.rocksdb.formatVersion -> 5, spark.sql.streaming.statefulOperator.useStrictDistribution -> true, spark.sql.streaming.flatMapGroupsWithState.stateFormatVersion -> 2, spark.sql.streaming.multipleWatermarkPolicy -> min, spark.sql.streaming.aggregation.stateFormatVersion -> 2, spark.sql.shuffle.partitions -> 6))
26/08/14 00:32:00 INFO KafkaOffsetReaderAdmin: Partitions added: Map()
26/08/14 00:32:00 INFO KafkaOffsetReaderAdmin: Partitions added: Map()
26/08/14 00:32:00 INFO KafkaOffsetReaderAdmin: Partitions added: Map()
26/08/14 00:32:00 INFO KafkaOffsetReaderAdmin: Partitions added: Map()
26/08/14 00:32:00 INFO BlockManagerInfo: Removed broadcast_19_piece0 on spark-driver:40807 in memory (size: 24.8 KiB, free: 191.2 MiB)
26/08/14 00:32:00 INFO BlockManagerInfo: Removed broadcast_19_piece0 on 172.26.0.12:43985 in memory (size: 24.8 KiB, free: 413.9 MiB)
26/08/14 00:32:00 INFO BlockManagerInfo: Removed broadcast_19_piece0 on 172.26.0.13:36721 in memory (size: 24.8 KiB, free: 413.9 MiB)
26/08/14 00:32:00 INFO BlockManagerInfo: Removed broadcast_20_piece0 on spark-driver:40807 in memory (size: 6.1 KiB, free: 191.2 MiB)
26/08/14 00:32:00 INFO BlockManagerInfo: Removed broadcast_20_piece0 on 172.26.0.12:43985 in memory (size: 6.1 KiB, free: 413.9 MiB)
2026-08-14 00:32:00,309 INFO  [stream] Received command c on object id p0
26/08/14 00:32:00 INFO SparkContext: Starting job: count at <unknown>:0
26/08/14 00:32:00 INFO DAGScheduler: Registering RDD 162 (count at <unknown>:0) as input to shuffle 10
26/08/14 00:32:00 INFO DAGScheduler: Got job 12 (count at <unknown>:0) with 1 output partitions
26/08/14 00:32:00 INFO DAGScheduler: Final stage: ResultStage 23 (count at <unknown>:0)
26/08/14 00:32:00 INFO DAGScheduler: Parents of final stage: List(ShuffleMapStage 22)
26/08/14 00:32:00 INFO DAGScheduler: Missing parents: List(ShuffleMapStage 22)
26/08/14 00:32:00 INFO DAGScheduler: Submitting ShuffleMapStage 22 (MapPartitionsRDD[162] at count at <unknown>:0), which has no missing parents
26/08/14 00:32:00 INFO MemoryStore: Block broadcast_21 stored as values in memory (estimated size 64.6 KiB, free 191.1 MiB)
26/08/14 00:32:00 INFO MemoryStore: Block broadcast_21_piece0 stored as bytes in memory (estimated size 24.1 KiB, free 191.1 MiB)
26/08/14 00:32:00 INFO BlockManagerInfo: Added broadcast_21_piece0 in memory on spark-driver:40807 (size: 24.1 KiB, free: 191.2 MiB)
26/08/14 00:32:00 INFO SparkContext: Created broadcast 21 from broadcast at DAGScheduler.scala:1585
26/08/14 00:32:00 INFO DAGScheduler: Submitting 6 missing tasks from ShuffleMapStage 22 (MapPartitionsRDD[162] at count at <unknown>:0) (first 15 tasks are for partitions Vector(0, 1, 2, 3, 4, 5))
26/08/14 00:32:00 INFO TaskSchedulerImpl: Adding task set 22.0 with 6 tasks resource profile 0
26/08/14 00:32:00 INFO TaskSetManager: Starting task 0.0 in stage 22.0 (TID 56) (172.26.0.12, executor 0, partition 0, PROCESS_LOCAL, 9921 bytes) 
26/08/14 00:32:00 INFO TaskSetManager: Starting task 2.0 in stage 22.0 (TID 57) (172.26.0.13, executor 1, partition 2, PROCESS_LOCAL, 9921 bytes) 
26/08/14 00:32:00 INFO TaskSetManager: Starting task 1.0 in stage 22.0 (TID 58) (172.26.0.12, executor 0, partition 1, PROCESS_LOCAL, 9921 bytes) 
26/08/14 00:32:00 INFO TaskSetManager: Starting task 3.0 in stage 22.0 (TID 59) (172.26.0.13, executor 1, partition 3, PROCESS_LOCAL, 9921 bytes) 
26/08/14 00:32:00 INFO TaskSetManager: Starting task 5.0 in stage 22.0 (TID 60) (172.26.0.12, executor 0, partition 5, PROCESS_LOCAL, 9921 bytes) 
26/08/14 00:32:00 INFO TaskSetManager: Starting task 4.0 in stage 22.0 (TID 61) (172.26.0.13, executor 1, partition 4, PROCESS_LOCAL, 9921 bytes) 
26/08/14 00:32:00 INFO BlockManagerInfo: Added broadcast_21_piece0 in memory on 172.26.0.13:36721 (size: 24.1 KiB, free: 413.9 MiB)
26/08/14 00:32:00 INFO BlockManagerInfo: Added broadcast_21_piece0 in memory on 172.26.0.12:43985 (size: 24.1 KiB, free: 413.9 MiB)
26/08/14 00:32:00 INFO BlockManagerInfo: Added rdd_157_3 in memory on 172.26.0.13:36721 (size: 410.3 KiB, free: 413.5 MiB)
26/08/14 00:32:00 INFO TaskSetManager: Finished task 3.0 in stage 22.0 (TID 59) in 153 ms on 172.26.0.13 (executor 1) (1/6)
26/08/14 00:32:00 INFO BlockManagerInfo: Added rdd_157_2 in memory on 172.26.0.13:36721 (size: 441.8 KiB, free: 413.1 MiB)
26/08/14 00:32:00 INFO BlockManagerInfo: Added rdd_157_4 in memory on 172.26.0.13:36721 (size: 461.6 KiB, free: 412.6 MiB)
26/08/14 00:32:00 INFO TaskSetManager: Finished task 2.0 in stage 22.0 (TID 57) in 179 ms on 172.26.0.13 (executor 1) (2/6)
26/08/14 00:32:00 INFO TaskSetManager: Finished task 4.0 in stage 22.0 (TID 61) in 187 ms on 172.26.0.13 (executor 1) (3/6)
26/08/14 00:32:00 INFO BlockManagerInfo: Added rdd_157_1 in memory on 172.26.0.12:43985 (size: 454.3 KiB, free: 413.5 MiB)
26/08/14 00:32:00 INFO BlockManagerInfo: Added rdd_157_0 in memory on 172.26.0.12:43985 (size: 414.0 KiB, free: 413.1 MiB)
26/08/14 00:32:00 INFO BlockManagerInfo: Added rdd_157_5 in memory on 172.26.0.12:43985 (size: 446.0 KiB, free: 412.6 MiB)
26/08/14 00:32:00 INFO TaskSetManager: Finished task 1.0 in stage 22.0 (TID 58) in 196 ms on 172.26.0.12 (executor 0) (4/6)
26/08/14 00:32:00 INFO TaskSetManager: Finished task 0.0 in stage 22.0 (TID 56) in 197 ms on 172.26.0.12 (executor 0) (5/6)
26/08/14 00:32:00 INFO TaskSetManager: Finished task 5.0 in stage 22.0 (TID 60) in 198 ms on 172.26.0.12 (executor 0) (6/6)
26/08/14 00:32:00 INFO TaskSchedulerImpl: Removed TaskSet 22.0, whose tasks have all completed, from pool 
26/08/14 00:32:00 INFO DAGScheduler: ShuffleMapStage 22 (count at <unknown>:0) finished in 0.204 s
26/08/14 00:32:00 INFO DAGScheduler: looking for newly runnable stages
26/08/14 00:32:00 INFO DAGScheduler: running: Set()
26/08/14 00:32:00 INFO DAGScheduler: waiting: Set(ResultStage 23)
26/08/14 00:32:00 INFO DAGScheduler: failed: Set()
26/08/14 00:32:00 INFO DAGScheduler: Submitting ResultStage 23 (MapPartitionsRDD[165] at count at <unknown>:0), which has no missing parents
26/08/14 00:32:00 INFO MemoryStore: Block broadcast_22 stored as values in memory (estimated size 12.5 KiB, free 191.1 MiB)
26/08/14 00:32:00 INFO MemoryStore: Block broadcast_22_piece0 stored as bytes in memory (estimated size 5.9 KiB, free 191.1 MiB)
26/08/14 00:32:00 INFO BlockManagerInfo: Added broadcast_22_piece0 in memory on spark-driver:40807 (size: 5.9 KiB, free: 191.2 MiB)
26/08/14 00:32:00 INFO SparkContext: Created broadcast 22 from broadcast at DAGScheduler.scala:1585
26/08/14 00:32:00 INFO DAGScheduler: Submitting 1 missing tasks from ResultStage 23 (MapPartitionsRDD[165] at count at <unknown>:0) (first 15 tasks are for partitions Vector(0))
26/08/14 00:32:00 INFO TaskSchedulerImpl: Adding task set 23.0 with 1 tasks resource profile 0
26/08/14 00:32:00 INFO TaskSetManager: Starting task 0.0 in stage 23.0 (TID 62) (172.26.0.12, executor 0, partition 0, NODE_LOCAL, 9003 bytes) 
26/08/14 00:32:00 INFO BlockManagerInfo: Removed broadcast_21_piece0 on spark-driver:40807 in memory (size: 24.1 KiB, free: 191.2 MiB)
26/08/14 00:32:00 INFO BlockManagerInfo: Removed broadcast_21_piece0 on 172.26.0.13:36721 in memory (size: 24.1 KiB, free: 412.6 MiB)
26/08/14 00:32:00 INFO BlockManagerInfo: Removed broadcast_21_piece0 on 172.26.0.12:43985 in memory (size: 24.1 KiB, free: 412.6 MiB)
26/08/14 00:32:00 INFO BlockManagerInfo: Added broadcast_22_piece0 in memory on 172.26.0.12:43985 (size: 5.9 KiB, free: 412.6 MiB)
26/08/14 00:32:00 INFO MapOutputTrackerMasterEndpoint: Asked to send map output locations for shuffle 10 to 172.26.0.12:56940
26/08/14 00:32:00 INFO TaskSetManager: Finished task 0.0 in stage 23.0 (TID 62) in 39 ms on 172.26.0.12 (executor 0) (1/1)
26/08/14 00:32:00 INFO TaskSchedulerImpl: Removed TaskSet 23.0, whose tasks have all completed, from pool 
26/08/14 00:32:00 INFO DAGScheduler: ResultStage 23 (count at <unknown>:0) finished in 0.043 s
26/08/14 00:32:00 INFO DAGScheduler: Job 12 is finished. Cancelling potential speculative or zombie tasks for this job
26/08/14 00:32:00 INFO TaskSchedulerImpl: Killing all running tasks in stage 23: Stage finished
26/08/14 00:32:00 INFO DAGScheduler: Job 12 finished: count at <unknown>:0, took 0.253715 s
26/08/14 00:32:00 INFO SparkContext: Starting job: count at <unknown>:0
26/08/14 00:32:00 INFO DAGScheduler: Registering RDD 170 (count at <unknown>:0) as input to shuffle 11
26/08/14 00:32:00 INFO DAGScheduler: Got job 13 (count at <unknown>:0) with 1 output partitions
26/08/14 00:32:00 INFO DAGScheduler: Final stage: ResultStage 25 (count at <unknown>:0)
26/08/14 00:32:00 INFO DAGScheduler: Parents of final stage: List(ShuffleMapStage 24)
26/08/14 00:32:00 INFO DAGScheduler: Missing parents: List(ShuffleMapStage 24)
26/08/14 00:32:00 INFO DAGScheduler: Submitting ShuffleMapStage 24 (MapPartitionsRDD[170] at count at <unknown>:0), which has no missing parents
26/08/14 00:32:00 INFO MemoryStore: Block broadcast_23 stored as values in memory (estimated size 64.9 KiB, free 191.1 MiB)
26/08/14 00:32:00 INFO MemoryStore: Block broadcast_23_piece0 stored as bytes in memory (estimated size 24.2 KiB, free 191.1 MiB)
26/08/14 00:32:00 INFO BlockManagerInfo: Added broadcast_23_piece0 in memory on spark-driver:40807 (size: 24.2 KiB, free: 191.2 MiB)
26/08/14 00:32:00 INFO SparkContext: Created broadcast 23 from broadcast at DAGScheduler.scala:1585
26/08/14 00:32:00 INFO DAGScheduler: Submitting 6 missing tasks from ShuffleMapStage 24 (MapPartitionsRDD[170] at count at <unknown>:0) (first 15 tasks are for partitions Vector(0, 1, 2, 3, 4, 5))
26/08/14 00:32:00 INFO TaskSchedulerImpl: Adding task set 24.0 with 6 tasks resource profile 0
26/08/14 00:32:00 INFO TaskSetManager: Starting task 0.0 in stage 24.0 (TID 63) (172.26.0.12, executor 0, partition 0, PROCESS_LOCAL, 9921 bytes) 
26/08/14 00:32:00 INFO TaskSetManager: Starting task 2.0 in stage 24.0 (TID 64) (172.26.0.13, executor 1, partition 2, PROCESS_LOCAL, 9921 bytes) 
26/08/14 00:32:00 INFO TaskSetManager: Starting task 1.0 in stage 24.0 (TID 65) (172.26.0.12, executor 0, partition 1, PROCESS_LOCAL, 9921 bytes) 
26/08/14 00:32:00 INFO TaskSetManager: Starting task 3.0 in stage 24.0 (TID 66) (172.26.0.13, executor 1, partition 3, PROCESS_LOCAL, 9921 bytes) 
26/08/14 00:32:00 INFO TaskSetManager: Starting task 5.0 in stage 24.0 (TID 67) (172.26.0.12, executor 0, partition 5, PROCESS_LOCAL, 9921 bytes) 
26/08/14 00:32:00 INFO TaskSetManager: Starting task 4.0 in stage 24.0 (TID 68) (172.26.0.13, executor 1, partition 4, PROCESS_LOCAL, 9921 bytes) 
26/08/14 00:32:00 INFO BlockManagerInfo: Added broadcast_23_piece0 in memory on 172.26.0.12:43985 (size: 24.2 KiB, free: 412.6 MiB)
26/08/14 00:32:00 INFO BlockManagerInfo: Added broadcast_23_piece0 in memory on 172.26.0.13:36721 (size: 24.2 KiB, free: 412.6 MiB)
26/08/14 00:32:00 INFO TaskSetManager: Finished task 5.0 in stage 24.0 (TID 67) in 31 ms on 172.26.0.12 (executor 0) (1/6)
26/08/14 00:32:00 INFO TaskSetManager: Finished task 0.0 in stage 24.0 (TID 63) in 32 ms on 172.26.0.12 (executor 0) (2/6)
26/08/14 00:32:00 INFO TaskSetManager: Finished task 1.0 in stage 24.0 (TID 65) in 33 ms on 172.26.0.12 (executor 0) (3/6)
26/08/14 00:32:00 INFO TaskSetManager: Finished task 2.0 in stage 24.0 (TID 64) in 39 ms on 172.26.0.13 (executor 1) (4/6)
26/08/14 00:32:00 INFO TaskSetManager: Finished task 3.0 in stage 24.0 (TID 66) in 40 ms on 172.26.0.13 (executor 1) (5/6)
26/08/14 00:32:00 INFO TaskSetManager: Finished task 4.0 in stage 24.0 (TID 68) in 41 ms on 172.26.0.13 (executor 1) (6/6)
26/08/14 00:32:00 INFO TaskSchedulerImpl: Removed TaskSet 24.0, whose tasks have all completed, from pool 
26/08/14 00:32:00 INFO DAGScheduler: ShuffleMapStage 24 (count at <unknown>:0) finished in 0.046 s
26/08/14 00:32:00 INFO DAGScheduler: looking for newly runnable stages
26/08/14 00:32:00 INFO DAGScheduler: running: Set()
26/08/14 00:32:00 INFO DAGScheduler: waiting: Set(ResultStage 25)
26/08/14 00:32:00 INFO DAGScheduler: failed: Set()
26/08/14 00:32:00 INFO DAGScheduler: Submitting ResultStage 25 (MapPartitionsRDD[173] at count at <unknown>:0), which has no missing parents
26/08/14 00:32:00 INFO MemoryStore: Block broadcast_24 stored as values in memory (estimated size 12.5 KiB, free 191.1 MiB)
26/08/14 00:32:00 INFO MemoryStore: Block broadcast_24_piece0 stored as bytes in memory (estimated size 5.9 KiB, free 191.1 MiB)
26/08/14 00:32:00 INFO BlockManagerInfo: Added broadcast_24_piece0 in memory on spark-driver:40807 (size: 5.9 KiB, free: 191.2 MiB)
26/08/14 00:32:00 INFO SparkContext: Created broadcast 24 from broadcast at DAGScheduler.scala:1585
26/08/14 00:32:00 INFO DAGScheduler: Submitting 1 missing tasks from ResultStage 25 (MapPartitionsRDD[173] at count at <unknown>:0) (first 15 tasks are for partitions Vector(0))
26/08/14 00:32:00 INFO TaskSchedulerImpl: Adding task set 25.0 with 1 tasks resource profile 0
26/08/14 00:32:00 INFO TaskSetManager: Starting task 0.0 in stage 25.0 (TID 69) (172.26.0.13, executor 1, partition 0, NODE_LOCAL, 9003 bytes) 
26/08/14 00:32:00 INFO BlockManagerInfo: Added broadcast_24_piece0 in memory on 172.26.0.13:36721 (size: 5.9 KiB, free: 412.6 MiB)
26/08/14 00:32:00 INFO MapOutputTrackerMasterEndpoint: Asked to send map output locations for shuffle 11 to 172.26.0.13:52190
26/08/14 00:32:00 INFO TaskSetManager: Finished task 0.0 in stage 25.0 (TID 69) in 18 ms on 172.26.0.13 (executor 1) (1/1)
26/08/14 00:32:00 INFO TaskSchedulerImpl: Removed TaskSet 25.0, whose tasks have all completed, from pool 
26/08/14 00:32:00 INFO DAGScheduler: ResultStage 25 (count at <unknown>:0) finished in 0.022 s
26/08/14 00:32:00 INFO DAGScheduler: Job 13 is finished. Cancelling potential speculative or zombie tasks for this job
26/08/14 00:32:00 INFO TaskSchedulerImpl: Killing all running tasks in stage 25: Stage finished
26/08/14 00:32:00 INFO DAGScheduler: Job 13 finished: count at <unknown>:0, took 0.072763 s
26/08/14 00:32:00 INFO CodeGenerator: Code generated in 16.796625 ms
26/08/14 00:32:00 INFO DefaultCachedBatchSerializer: Predicate isnotnull(event_time#89-T120000ms) generates partition filter: ((event_time.count#8942 - event_time.nullCount#8941) > 0)
26/08/14 00:32:00 INFO DefaultCachedBatchSerializer: Predicate (event_time#89-T120000ms < 2026-08-14 00:29:54.87) generates partition filter: (event_time.lowerBound#8940 < 2026-08-14 00:29:54.87)
26/08/14 00:32:00 INFO BlockManagerInfo: Removed broadcast_22_piece0 on spark-driver:40807 in memory (size: 5.9 KiB, free: 191.2 MiB)
26/08/14 00:32:00 INFO BlockManagerInfo: Removed broadcast_22_piece0 on 172.26.0.12:43985 in memory (size: 5.9 KiB, free: 412.6 MiB)
26/08/14 00:32:00 INFO SparkContext: Starting job: count at <unknown>:0
26/08/14 00:32:00 INFO DAGScheduler: Registering RDD 178 (count at <unknown>:0) as input to shuffle 12
26/08/14 00:32:00 INFO DAGScheduler: Got job 14 (count at <unknown>:0) with 1 output partitions
26/08/14 00:32:00 INFO DAGScheduler: Final stage: ResultStage 27 (count at <unknown>:0)
26/08/14 00:32:00 INFO DAGScheduler: Parents of final stage: List(ShuffleMapStage 26)
26/08/14 00:32:00 INFO DAGScheduler: Missing parents: List(ShuffleMapStage 26)
26/08/14 00:32:00 INFO DAGScheduler: Submitting ShuffleMapStage 26 (MapPartitionsRDD[178] at count at <unknown>:0), which has no missing parents
26/08/14 00:32:00 INFO BlockManagerInfo: Removed broadcast_24_piece0 on spark-driver:40807 in memory (size: 5.9 KiB, free: 191.2 MiB)
26/08/14 00:32:00 INFO BlockManagerInfo: Removed broadcast_24_piece0 on 172.26.0.13:36721 in memory (size: 5.9 KiB, free: 412.6 MiB)
26/08/14 00:32:00 INFO MemoryStore: Block broadcast_25 stored as values in memory (estimated size 67.2 KiB, free 191.1 MiB)
26/08/14 00:32:00 INFO MemoryStore: Block broadcast_25_piece0 stored as bytes in memory (estimated size 25.6 KiB, free 191.1 MiB)
26/08/14 00:32:00 INFO BlockManagerInfo: Removed broadcast_23_piece0 on spark-driver:40807 in memory (size: 24.2 KiB, free: 191.2 MiB)
26/08/14 00:32:00 INFO BlockManagerInfo: Added broadcast_25_piece0 in memory on spark-driver:40807 (size: 25.6 KiB, free: 191.2 MiB)
26/08/14 00:32:00 INFO SparkContext: Created broadcast 25 from broadcast at DAGScheduler.scala:1585
26/08/14 00:32:00 INFO DAGScheduler: Submitting 6 missing tasks from ShuffleMapStage 26 (MapPartitionsRDD[178] at count at <unknown>:0) (first 15 tasks are for partitions Vector(0, 1, 2, 3, 4, 5))
26/08/14 00:32:00 INFO TaskSchedulerImpl: Adding task set 26.0 with 6 tasks resource profile 0
26/08/14 00:32:00 INFO BlockManagerInfo: Removed broadcast_23_piece0 on 172.26.0.13:36721 in memory (size: 24.2 KiB, free: 412.6 MiB)
26/08/14 00:32:00 INFO BlockManagerInfo: Removed broadcast_23_piece0 on 172.26.0.12:43985 in memory (size: 24.2 KiB, free: 412.6 MiB)
26/08/14 00:32:00 INFO TaskSetManager: Starting task 0.0 in stage 26.0 (TID 70) (172.26.0.12, executor 0, partition 0, PROCESS_LOCAL, 9921 bytes) 
26/08/14 00:32:00 INFO TaskSetManager: Starting task 2.0 in stage 26.0 (TID 71) (172.26.0.13, executor 1, partition 2, PROCESS_LOCAL, 9921 bytes) 
26/08/14 00:32:00 INFO TaskSetManager: Starting task 1.0 in stage 26.0 (TID 72) (172.26.0.12, executor 0, partition 1, PROCESS_LOCAL, 9921 bytes) 
26/08/14 00:32:00 INFO TaskSetManager: Starting task 3.0 in stage 26.0 (TID 73) (172.26.0.13, executor 1, partition 3, PROCESS_LOCAL, 9921 bytes) 
26/08/14 00:32:00 INFO TaskSetManager: Starting task 5.0 in stage 26.0 (TID 74) (172.26.0.12, executor 0, partition 5, PROCESS_LOCAL, 9921 bytes) 
26/08/14 00:32:00 INFO TaskSetManager: Starting task 4.0 in stage 26.0 (TID 75) (172.26.0.13, executor 1, partition 4, PROCESS_LOCAL, 9921 bytes) 
26/08/14 00:32:00 INFO BlockManagerInfo: Added broadcast_25_piece0 in memory on 172.26.0.13:36721 (size: 25.6 KiB, free: 412.6 MiB)
26/08/14 00:32:00 INFO BlockManagerInfo: Added broadcast_25_piece0 in memory on 172.26.0.12:43985 (size: 25.6 KiB, free: 412.6 MiB)
26/08/14 00:32:00 INFO TaskSetManager: Finished task 4.0 in stage 26.0 (TID 75) in 64 ms on 172.26.0.13 (executor 1) (1/6)
26/08/14 00:32:00 INFO TaskSetManager: Finished task 2.0 in stage 26.0 (TID 71) in 65 ms on 172.26.0.13 (executor 1) (2/6)
26/08/14 00:32:00 INFO TaskSetManager: Finished task 3.0 in stage 26.0 (TID 73) in 66 ms on 172.26.0.13 (executor 1) (3/6)
26/08/14 00:32:00 INFO TaskSetManager: Finished task 1.0 in stage 26.0 (TID 72) in 76 ms on 172.26.0.12 (executor 0) (4/6)
26/08/14 00:32:00 INFO TaskSetManager: Finished task 0.0 in stage 26.0 (TID 70) in 77 ms on 172.26.0.12 (executor 0) (5/6)
26/08/14 00:32:00 INFO TaskSetManager: Finished task 5.0 in stage 26.0 (TID 74) in 77 ms on 172.26.0.12 (executor 0) (6/6)
26/08/14 00:32:00 INFO TaskSchedulerImpl: Removed TaskSet 26.0, whose tasks have all completed, from pool 
26/08/14 00:32:00 INFO DAGScheduler: ShuffleMapStage 26 (count at <unknown>:0) finished in 0.085 s
26/08/14 00:32:00 INFO DAGScheduler: looking for newly runnable stages
26/08/14 00:32:00 INFO DAGScheduler: running: Set()
26/08/14 00:32:00 INFO DAGScheduler: waiting: Set(ResultStage 27)
26/08/14 00:32:00 INFO DAGScheduler: failed: Set()
26/08/14 00:32:00 INFO DAGScheduler: Submitting ResultStage 27 (MapPartitionsRDD[181] at count at <unknown>:0), which has no missing parents
26/08/14 00:32:00 INFO MemoryStore: Block broadcast_26 stored as values in memory (estimated size 12.5 KiB, free 191.1 MiB)
26/08/14 00:32:00 INFO MemoryStore: Block broadcast_26_piece0 stored as bytes in memory (estimated size 5.9 KiB, free 191.1 MiB)
26/08/14 00:32:00 INFO BlockManagerInfo: Added broadcast_26_piece0 in memory on spark-driver:40807 (size: 5.9 KiB, free: 191.2 MiB)
26/08/14 00:32:00 INFO SparkContext: Created broadcast 26 from broadcast at DAGScheduler.scala:1585
26/08/14 00:32:00 INFO DAGScheduler: Submitting 1 missing tasks from ResultStage 27 (MapPartitionsRDD[181] at count at <unknown>:0) (first 15 tasks are for partitions Vector(0))
26/08/14 00:32:00 INFO TaskSchedulerImpl: Adding task set 27.0 with 1 tasks resource profile 0
26/08/14 00:32:00 INFO TaskSetManager: Starting task 0.0 in stage 27.0 (TID 76) (172.26.0.12, executor 0, partition 0, NODE_LOCAL, 9003 bytes) 
26/08/14 00:32:00 INFO BlockManagerInfo: Added broadcast_26_piece0 in memory on 172.26.0.12:43985 (size: 5.9 KiB, free: 412.6 MiB)
26/08/14 00:32:00 INFO MapOutputTrackerMasterEndpoint: Asked to send map output locations for shuffle 12 to 172.26.0.12:56940
26/08/14 00:32:00 INFO TaskSetManager: Finished task 0.0 in stage 27.0 (TID 76) in 25 ms on 172.26.0.12 (executor 0) (1/1)
26/08/14 00:32:00 INFO TaskSchedulerImpl: Removed TaskSet 27.0, whose tasks have all completed, from pool 
26/08/14 00:32:00 INFO DAGScheduler: ResultStage 27 (count at <unknown>:0) finished in 0.028 s
26/08/14 00:32:00 INFO DAGScheduler: Job 14 is finished. Cancelling potential speculative or zombie tasks for this job
26/08/14 00:32:00 INFO TaskSchedulerImpl: Killing all running tasks in stage 27: Stage finished
26/08/14 00:32:00 INFO DAGScheduler: Job 14 finished: count at <unknown>:0, took 0.118810 s
26/08/14 00:32:00 INFO DefaultCachedBatchSerializer: Predicate isnotnull(kind#9499) generates partition filter: ((kind.count#9568 - kind.nullCount#9567) > 0)
26/08/14 00:32:00 INFO DefaultCachedBatchSerializer: Predicate (kind#9499 = stats) generates partition filter: ((kind.lowerBound#9566 <= stats) AND (stats <= kind.upperBound#9565))
26/08/14 00:32:00 INFO BlockManagerInfo: Removed broadcast_26_piece0 on spark-driver:40807 in memory (size: 5.9 KiB, free: 191.2 MiB)
26/08/14 00:32:00 INFO BlockManagerInfo: Removed broadcast_26_piece0 on 172.26.0.12:43985 in memory (size: 5.9 KiB, free: 412.6 MiB)
26/08/14 00:32:00 INFO BlockManagerInfo: Removed broadcast_25_piece0 on spark-driver:40807 in memory (size: 25.6 KiB, free: 191.2 MiB)
26/08/14 00:32:00 INFO SparkContext: Starting job: call at /opt/spark/python/lib/py4j-0.10.9.7-src.zip/py4j/clientserver.py:617
26/08/14 00:32:00 INFO DAGScheduler: Got job 15 (call at /opt/spark/python/lib/py4j-0.10.9.7-src.zip/py4j/clientserver.py:617) with 6 output partitions
26/08/14 00:32:00 INFO DAGScheduler: Final stage: ResultStage 28 (call at /opt/spark/python/lib/py4j-0.10.9.7-src.zip/py4j/clientserver.py:617)
26/08/14 00:32:00 INFO DAGScheduler: Parents of final stage: List()
26/08/14 00:32:00 INFO BlockManagerInfo: Removed broadcast_25_piece0 on 172.26.0.13:36721 in memory (size: 25.6 KiB, free: 412.6 MiB)
26/08/14 00:32:00 INFO BlockManagerInfo: Removed broadcast_25_piece0 on 172.26.0.12:43985 in memory (size: 25.6 KiB, free: 412.6 MiB)
26/08/14 00:32:00 INFO DAGScheduler: Missing parents: List()
26/08/14 00:32:00 INFO DAGScheduler: Submitting ResultStage 28 (MapPartitionsRDD[200] at call at /opt/spark/python/lib/py4j-0.10.9.7-src.zip/py4j/clientserver.py:617), which has no missing parents
26/08/14 00:32:00 INFO MemoryStore: Block broadcast_27 stored as values in memory (estimated size 90.0 KiB, free 191.1 MiB)
26/08/14 00:32:00 INFO MemoryStore: Block broadcast_27_piece0 stored as bytes in memory (estimated size 34.0 KiB, free 191.1 MiB)
26/08/14 00:32:00 INFO BlockManagerInfo: Added broadcast_27_piece0 in memory on spark-driver:40807 (size: 34.0 KiB, free: 191.2 MiB)
26/08/14 00:32:00 INFO SparkContext: Created broadcast 27 from broadcast at DAGScheduler.scala:1585
26/08/14 00:32:00 INFO DAGScheduler: Submitting 6 missing tasks from ResultStage 28 (MapPartitionsRDD[200] at call at /opt/spark/python/lib/py4j-0.10.9.7-src.zip/py4j/clientserver.py:617) (first 15 tasks are for partitions Vector(0, 1, 2, 3, 4, 5))
26/08/14 00:32:00 INFO TaskSchedulerImpl: Adding task set 28.0 with 6 tasks resource profile 0
26/08/14 00:32:00 INFO TaskSetManager: Starting task 2.0 in stage 28.0 (TID 77) (172.26.0.13, executor 1, partition 2, PROCESS_LOCAL, 9932 bytes) 
26/08/14 00:32:00 INFO TaskSetManager: Starting task 0.0 in stage 28.0 (TID 78) (172.26.0.12, executor 0, partition 0, PROCESS_LOCAL, 9932 bytes) 
26/08/14 00:32:00 INFO TaskSetManager: Starting task 3.0 in stage 28.0 (TID 79) (172.26.0.13, executor 1, partition 3, PROCESS_LOCAL, 9932 bytes) 
26/08/14 00:32:00 INFO TaskSetManager: Starting task 1.0 in stage 28.0 (TID 80) (172.26.0.12, executor 0, partition 1, PROCESS_LOCAL, 9932 bytes) 
26/08/14 00:32:00 INFO TaskSetManager: Starting task 4.0 in stage 28.0 (TID 81) (172.26.0.13, executor 1, partition 4, PROCESS_LOCAL, 9932 bytes) 
26/08/14 00:32:00 INFO TaskSetManager: Starting task 5.0 in stage 28.0 (TID 82) (172.26.0.12, executor 0, partition 5, PROCESS_LOCAL, 9932 bytes) 
26/08/14 00:32:00 INFO BlockManagerInfo: Added broadcast_27_piece0 in memory on 172.26.0.12:43985 (size: 34.0 KiB, free: 412.6 MiB)
26/08/14 00:32:00 INFO BlockManagerInfo: Added broadcast_27_piece0 in memory on 172.26.0.13:36721 (size: 34.0 KiB, free: 412.6 MiB)
26/08/14 00:32:02 INFO BlockManagerInfo: Added rdd_195_0 in memory on 172.26.0.12:43985 (size: 1808.0 B, free: 412.6 MiB)
26/08/14 00:32:02 INFO BlockManagerInfo: Added rdd_195_3 in memory on 172.26.0.13:36721 (size: 1808.0 B, free: 412.6 MiB)
26/08/14 00:32:02 INFO TaskSetManager: Finished task 3.0 in stage 28.0 (TID 79) in 1553 ms on 172.26.0.13 (executor 1) (1/6)
26/08/14 00:32:02 INFO TaskSetManager: Finished task 0.0 in stage 28.0 (TID 78) in 1561 ms on 172.26.0.12 (executor 0) (2/6)
26/08/14 00:32:02 INFO BlockManagerInfo: Added rdd_195_4 in memory on 172.26.0.13:36721 (size: 1808.0 B, free: 412.6 MiB)
26/08/14 00:32:02 INFO BlockManagerInfo: Added rdd_195_2 in memory on 172.26.0.13:36721 (size: 1808.0 B, free: 412.6 MiB)
26/08/14 00:32:02 INFO TaskSetManager: Finished task 4.0 in stage 28.0 (TID 81) in 1657 ms on 172.26.0.13 (executor 1) (3/6)
26/08/14 00:32:02 INFO BlockManagerInfo: Added rdd_195_5 in memory on 172.26.0.12:43985 (size: 1808.0 B, free: 412.6 MiB)
26/08/14 00:32:02 INFO BlockManagerInfo: Added rdd_195_1 in memory on 172.26.0.12:43985 (size: 1808.0 B, free: 412.6 MiB)
26/08/14 00:32:02 INFO TaskSetManager: Finished task 2.0 in stage 28.0 (TID 77) in 1676 ms on 172.26.0.13 (executor 1) (4/6)
26/08/14 00:32:02 INFO TaskSetManager: Finished task 5.0 in stage 28.0 (TID 82) in 1708 ms on 172.26.0.12 (executor 0) (5/6)
26/08/14 00:32:02 INFO TaskSetManager: Finished task 1.0 in stage 28.0 (TID 80) in 1709 ms on 172.26.0.12 (executor 0) (6/6)
26/08/14 00:32:02 INFO TaskSchedulerImpl: Removed TaskSet 28.0, whose tasks have all completed, from pool 
26/08/14 00:32:02 INFO DAGScheduler: ResultStage 28 (call at /opt/spark/python/lib/py4j-0.10.9.7-src.zip/py4j/clientserver.py:617) finished in 1.718 s
26/08/14 00:32:02 INFO DAGScheduler: Job 15 is finished. Cancelling potential speculative or zombie tasks for this job
26/08/14 00:32:02 INFO TaskSchedulerImpl: Killing all running tasks in stage 28: Stage finished
26/08/14 00:32:02 INFO DAGScheduler: Job 15 finished: call at /opt/spark/python/lib/py4j-0.10.9.7-src.zip/py4j/clientserver.py:617, took 1.724842 s
26/08/14 00:32:02 INFO DefaultCachedBatchSerializer: Predicate isnotnull(kind#9499) generates partition filter: ((kind.count#9651 - kind.nullCount#9650) > 0)
26/08/14 00:32:02 INFO DefaultCachedBatchSerializer: Predicate (kind#9499 = dlq) generates partition filter: ((kind.lowerBound#9649 <= dlq) AND (dlq <= kind.upperBound#9648))
26/08/14 00:32:02 INFO SparkContext: Starting job: count at <unknown>:0
26/08/14 00:32:02 INFO DAGScheduler: Registering RDD 205 (count at <unknown>:0) as input to shuffle 13
26/08/14 00:32:02 INFO DAGScheduler: Got job 16 (count at <unknown>:0) with 1 output partitions
26/08/14 00:32:02 INFO DAGScheduler: Final stage: ResultStage 30 (count at <unknown>:0)
26/08/14 00:32:02 INFO DAGScheduler: Parents of final stage: List(ShuffleMapStage 29)
26/08/14 00:32:02 INFO DAGScheduler: Missing parents: List(ShuffleMapStage 29)
26/08/14 00:32:02 INFO DAGScheduler: Submitting ShuffleMapStage 29 (MapPartitionsRDD[205] at count at <unknown>:0), which has no missing parents
26/08/14 00:32:03 INFO MemoryStore: Block broadcast_28 stored as values in memory (estimated size 92.2 KiB, free 191.0 MiB)
26/08/14 00:32:03 INFO MemoryStore: Block broadcast_28_piece0 stored as bytes in memory (estimated size 35.3 KiB, free 191.0 MiB)
26/08/14 00:32:03 INFO BlockManagerInfo: Added broadcast_28_piece0 in memory on spark-driver:40807 (size: 35.3 KiB, free: 191.1 MiB)
26/08/14 00:32:03 INFO SparkContext: Created broadcast 28 from broadcast at DAGScheduler.scala:1585
26/08/14 00:32:03 INFO DAGScheduler: Submitting 6 missing tasks from ShuffleMapStage 29 (MapPartitionsRDD[205] at count at <unknown>:0) (first 15 tasks are for partitions Vector(0, 1, 2, 3, 4, 5))
26/08/14 00:32:03 INFO TaskSchedulerImpl: Adding task set 29.0 with 6 tasks resource profile 0
26/08/14 00:32:03 INFO TaskSetManager: Starting task 2.0 in stage 29.0 (TID 83) (172.26.0.13, executor 1, partition 2, PROCESS_LOCAL, 9921 bytes) 
26/08/14 00:32:03 INFO TaskSetManager: Starting task 0.0 in stage 29.0 (TID 84) (172.26.0.12, executor 0, partition 0, PROCESS_LOCAL, 9921 bytes) 
26/08/14 00:32:03 INFO TaskSetManager: Starting task 3.0 in stage 29.0 (TID 85) (172.26.0.13, executor 1, partition 3, PROCESS_LOCAL, 9921 bytes) 
26/08/14 00:32:03 INFO TaskSetManager: Starting task 1.0 in stage 29.0 (TID 86) (172.26.0.12, executor 0, partition 1, PROCESS_LOCAL, 9921 bytes) 
26/08/14 00:32:03 INFO TaskSetManager: Starting task 4.0 in stage 29.0 (TID 87) (172.26.0.13, executor 1, partition 4, PROCESS_LOCAL, 9921 bytes) 
26/08/14 00:32:03 INFO TaskSetManager: Starting task 5.0 in stage 29.0 (TID 88) (172.26.0.12, executor 0, partition 5, PROCESS_LOCAL, 9921 bytes) 
26/08/14 00:32:03 INFO BlockManagerInfo: Added broadcast_28_piece0 in memory on 172.26.0.13:36721 (size: 35.3 KiB, free: 412.6 MiB)
26/08/14 00:32:03 INFO BlockManagerInfo: Added broadcast_28_piece0 in memory on 172.26.0.12:43985 (size: 35.3 KiB, free: 412.6 MiB)
26/08/14 00:32:03 INFO TaskSetManager: Finished task 0.0 in stage 29.0 (TID 84) in 160 ms on 172.26.0.12 (executor 0) (1/6)
26/08/14 00:32:03 INFO TaskSetManager: Finished task 1.0 in stage 29.0 (TID 86) in 167 ms on 172.26.0.12 (executor 0) (2/6)
26/08/14 00:32:03 INFO TaskSetManager: Finished task 5.0 in stage 29.0 (TID 88) in 166 ms on 172.26.0.12 (executor 0) (3/6)
26/08/14 00:32:03 INFO TaskSetManager: Finished task 3.0 in stage 29.0 (TID 85) in 187 ms on 172.26.0.13 (executor 1) (4/6)
26/08/14 00:32:03 INFO TaskSetManager: Finished task 4.0 in stage 29.0 (TID 87) in 187 ms on 172.26.0.13 (executor 1) (5/6)
26/08/14 00:32:03 INFO TaskSetManager: Finished task 2.0 in stage 29.0 (TID 83) in 192 ms on 172.26.0.13 (executor 1) (6/6)
26/08/14 00:32:03 INFO TaskSchedulerImpl: Removed TaskSet 29.0, whose tasks have all completed, from pool 
26/08/14 00:32:03 INFO DAGScheduler: ShuffleMapStage 29 (count at <unknown>:0) finished in 0.245 s
26/08/14 00:32:03 INFO DAGScheduler: looking for newly runnable stages
26/08/14 00:32:03 INFO DAGScheduler: running: Set()
26/08/14 00:32:03 INFO DAGScheduler: waiting: Set(ResultStage 30)
26/08/14 00:32:03 INFO DAGScheduler: failed: Set()
26/08/14 00:32:03 INFO DAGScheduler: Submitting ResultStage 30 (MapPartitionsRDD[208] at count at <unknown>:0), which has no missing parents
26/08/14 00:32:03 INFO MemoryStore: Block broadcast_29 stored as values in memory (estimated size 12.5 KiB, free 191.0 MiB)
26/08/14 00:32:03 INFO MemoryStore: Block broadcast_29_piece0 stored as bytes in memory (estimated size 5.9 KiB, free 190.9 MiB)
26/08/14 00:32:03 INFO BlockManagerInfo: Removed broadcast_27_piece0 on spark-driver:40807 in memory (size: 34.0 KiB, free: 191.2 MiB)
26/08/14 00:32:03 INFO BlockManagerInfo: Added broadcast_29_piece0 in memory on spark-driver:40807 (size: 5.9 KiB, free: 191.2 MiB)
26/08/14 00:32:03 INFO BlockManagerInfo: Removed broadcast_27_piece0 on 172.26.0.13:36721 in memory (size: 34.0 KiB, free: 412.6 MiB)
26/08/14 00:32:03 INFO SparkContext: Created broadcast 29 from broadcast at DAGScheduler.scala:1585
26/08/14 00:32:03 INFO DAGScheduler: Submitting 1 missing tasks from ResultStage 30 (MapPartitionsRDD[208] at count at <unknown>:0) (first 15 tasks are for partitions Vector(0))
26/08/14 00:32:03 INFO BlockManagerInfo: Removed broadcast_27_piece0 on 172.26.0.12:43985 in memory (size: 34.0 KiB, free: 412.6 MiB)
26/08/14 00:32:03 INFO TaskSchedulerImpl: Adding task set 30.0 with 1 tasks resource profile 0
26/08/14 00:32:03 INFO TaskSetManager: Starting task 0.0 in stage 30.0 (TID 89) (172.26.0.13, executor 1, partition 0, NODE_LOCAL, 9003 bytes) 
26/08/14 00:32:03 INFO BlockManagerInfo: Added broadcast_29_piece0 in memory on 172.26.0.13:36721 (size: 5.9 KiB, free: 412.6 MiB)
26/08/14 00:32:03 INFO MapOutputTrackerMasterEndpoint: Asked to send map output locations for shuffle 13 to 172.26.0.13:52190
26/08/14 00:32:03 INFO TaskSetManager: Finished task 0.0 in stage 30.0 (TID 89) in 88 ms on 172.26.0.13 (executor 1) (1/1)
26/08/14 00:32:03 INFO TaskSchedulerImpl: Removed TaskSet 30.0, whose tasks have all completed, from pool 
26/08/14 00:32:03 INFO DAGScheduler: ResultStage 30 (count at <unknown>:0) finished in 0.153 s
26/08/14 00:32:03 INFO DAGScheduler: Job 16 is finished. Cancelling potential speculative or zombie tasks for this job
26/08/14 00:32:03 INFO TaskSchedulerImpl: Killing all running tasks in stage 30: Stage finished
26/08/14 00:32:03 INFO DAGScheduler: Job 16 finished: count at <unknown>:0, took 0.422533 s
26/08/14 00:32:03 INFO MapPartitionsRDD: Removing RDD 195 from persistence list
26/08/14 00:32:03 INFO BlockManager: Removing RDD 195
26/08/14 00:32:03 INFO SparkContext: Starting job: call at /opt/spark/python/lib/py4j-0.10.9.7-src.zip/py4j/clientserver.py:617
26/08/14 00:32:03 INFO DAGScheduler: Registering RDD 213 (call at /opt/spark/python/lib/py4j-0.10.9.7-src.zip/py4j/clientserver.py:617) as input to shuffle 14
26/08/14 00:32:03 INFO DAGScheduler: Got job 17 (call at /opt/spark/python/lib/py4j-0.10.9.7-src.zip/py4j/clientserver.py:617) with 1 output partitions
26/08/14 00:32:03 INFO DAGScheduler: Final stage: ResultStage 32 (call at /opt/spark/python/lib/py4j-0.10.9.7-src.zip/py4j/clientserver.py:617)
26/08/14 00:32:03 INFO DAGScheduler: Parents of final stage: List(ShuffleMapStage 31)
26/08/14 00:32:03 INFO DAGScheduler: Missing parents: List(ShuffleMapStage 31)
26/08/14 00:32:03 INFO DAGScheduler: Submitting ShuffleMapStage 31 (MapPartitionsRDD[213] at call at /opt/spark/python/lib/py4j-0.10.9.7-src.zip/py4j/clientserver.py:617), which has no missing parents
26/08/14 00:32:03 INFO MemoryStore: Block broadcast_30 stored as values in memory (estimated size 66.1 KiB, free 191.0 MiB)
26/08/14 00:32:03 INFO MemoryStore: Block broadcast_30_piece0 stored as bytes in memory (estimated size 24.8 KiB, free 191.0 MiB)
26/08/14 00:32:03 INFO BlockManagerInfo: Added broadcast_30_piece0 in memory on spark-driver:40807 (size: 24.8 KiB, free: 191.1 MiB)
26/08/14 00:32:03 INFO SparkContext: Created broadcast 30 from broadcast at DAGScheduler.scala:1585
26/08/14 00:32:03 INFO DAGScheduler: Submitting 6 missing tasks from ShuffleMapStage 31 (MapPartitionsRDD[213] at call at /opt/spark/python/lib/py4j-0.10.9.7-src.zip/py4j/clientserver.py:617) (first 15 tasks are for partitions Vector(0, 1, 2, 3, 4, 5))
26/08/14 00:32:03 INFO TaskSchedulerImpl: Adding task set 31.0 with 6 tasks resource profile 0
26/08/14 00:32:03 INFO TaskSetManager: Starting task 0.0 in stage 31.0 (TID 90) (172.26.0.12, executor 0, partition 0, PROCESS_LOCAL, 9921 bytes) 
26/08/14 00:32:03 INFO TaskSetManager: Starting task 2.0 in stage 31.0 (TID 91) (172.26.0.13, executor 1, partition 2, PROCESS_LOCAL, 9921 bytes) 
26/08/14 00:32:03 INFO TaskSetManager: Starting task 1.0 in stage 31.0 (TID 92) (172.26.0.12, executor 0, partition 1, PROCESS_LOCAL, 9921 bytes) 
26/08/14 00:32:03 INFO TaskSetManager: Starting task 3.0 in stage 31.0 (TID 93) (172.26.0.13, executor 1, partition 3, PROCESS_LOCAL, 9921 bytes) 
26/08/14 00:32:03 INFO TaskSetManager: Starting task 5.0 in stage 31.0 (TID 94) (172.26.0.12, executor 0, partition 5, PROCESS_LOCAL, 9921 bytes) 
26/08/14 00:32:03 INFO TaskSetManager: Starting task 4.0 in stage 31.0 (TID 95) (172.26.0.13, executor 1, partition 4, PROCESS_LOCAL, 9921 bytes) 
26/08/14 00:32:03 INFO BlockManagerInfo: Added broadcast_30_piece0 in memory on 172.26.0.12:43985 (size: 24.8 KiB, free: 412.6 MiB)
26/08/14 00:32:03 INFO BlockManagerInfo: Added broadcast_30_piece0 in memory on 172.26.0.13:36721 (size: 24.8 KiB, free: 412.6 MiB)
26/08/14 00:32:03 INFO TaskSetManager: Finished task 1.0 in stage 31.0 (TID 92) in 97 ms on 172.26.0.12 (executor 0) (1/6)
26/08/14 00:32:03 INFO TaskSetManager: Finished task 2.0 in stage 31.0 (TID 91) in 109 ms on 172.26.0.13 (executor 1) (2/6)
26/08/14 00:32:03 INFO TaskSetManager: Finished task 3.0 in stage 31.0 (TID 93) in 111 ms on 172.26.0.13 (executor 1) (3/6)
26/08/14 00:32:03 INFO TaskSetManager: Finished task 5.0 in stage 31.0 (TID 94) in 132 ms on 172.26.0.12 (executor 0) (4/6)
26/08/14 00:32:03 INFO TaskSetManager: Finished task 4.0 in stage 31.0 (TID 95) in 132 ms on 172.26.0.13 (executor 1) (5/6)
26/08/14 00:32:03 INFO TaskSetManager: Finished task 0.0 in stage 31.0 (TID 90) in 140 ms on 172.26.0.12 (executor 0) (6/6)
26/08/14 00:32:03 INFO TaskSchedulerImpl: Removed TaskSet 31.0, whose tasks have all completed, from pool 
26/08/14 00:32:03 INFO DAGScheduler: ShuffleMapStage 31 (call at /opt/spark/python/lib/py4j-0.10.9.7-src.zip/py4j/clientserver.py:617) finished in 0.162 s
26/08/14 00:32:03 INFO DAGScheduler: looking for newly runnable stages
26/08/14 00:32:03 INFO DAGScheduler: running: Set()
26/08/14 00:32:03 INFO DAGScheduler: waiting: Set(ResultStage 32)
26/08/14 00:32:03 INFO DAGScheduler: failed: Set()
26/08/14 00:32:03 INFO DAGScheduler: Submitting ResultStage 32 (MapPartitionsRDD[216] at call at /opt/spark/python/lib/py4j-0.10.9.7-src.zip/py4j/clientserver.py:617), which has no missing parents
26/08/14 00:32:03 INFO MemoryStore: Block broadcast_31 stored as values in memory (estimated size 13.1 KiB, free 191.0 MiB)
26/08/14 00:32:03 INFO MemoryStore: Block broadcast_31_piece0 stored as bytes in memory (estimated size 6.1 KiB, free 191.0 MiB)
26/08/14 00:32:03 INFO BlockManagerInfo: Added broadcast_31_piece0 in memory on spark-driver:40807 (size: 6.1 KiB, free: 191.1 MiB)
26/08/14 00:32:03 INFO SparkContext: Created broadcast 31 from broadcast at DAGScheduler.scala:1585
26/08/14 00:32:03 INFO DAGScheduler: Submitting 1 missing tasks from ResultStage 32 (MapPartitionsRDD[216] at call at /opt/spark/python/lib/py4j-0.10.9.7-src.zip/py4j/clientserver.py:617) (first 15 tasks are for partitions Vector(0))
26/08/14 00:32:03 INFO TaskSchedulerImpl: Adding task set 32.0 with 1 tasks resource profile 0
26/08/14 00:32:03 INFO TaskSetManager: Starting task 0.0 in stage 32.0 (TID 96) (172.26.0.12, executor 0, partition 0, NODE_LOCAL, 9003 bytes) 
26/08/14 00:32:03 INFO BlockManagerInfo: Added broadcast_31_piece0 in memory on 172.26.0.12:43985 (size: 6.1 KiB, free: 412.6 MiB)
26/08/14 00:32:03 INFO MapOutputTrackerMasterEndpoint: Asked to send map output locations for shuffle 14 to 172.26.0.12:56940
26/08/14 00:32:03 INFO TaskSetManager: Finished task 0.0 in stage 32.0 (TID 96) in 98 ms on 172.26.0.12 (executor 0) (1/1)
26/08/14 00:32:03 INFO TaskSchedulerImpl: Removed TaskSet 32.0, whose tasks have all completed, from pool 
26/08/14 00:32:03 INFO DAGScheduler: ResultStage 32 (call at /opt/spark/python/lib/py4j-0.10.9.7-src.zip/py4j/clientserver.py:617) finished in 0.127 s
26/08/14 00:32:03 INFO DAGScheduler: Job 17 is finished. Cancelling potential speculative or zombie tasks for this job
26/08/14 00:32:03 INFO TaskSchedulerImpl: Killing all running tasks in stage 32: Stage finished
26/08/14 00:32:03 INFO DAGScheduler: Job 17 finished: call at /opt/spark/python/lib/py4j-0.10.9.7-src.zip/py4j/clientserver.py:617, took 0.357889 s
26/08/14 00:32:03 INFO MapPartitionsRDD: Removing RDD 157 from persistence list
26/08/14 00:32:03 INFO BlockManager: Removing RDD 157
26/08/14 00:32:03 INFO WatermarkTracker: Updating event-time watermark from 1786667394870 to 1786667400186 ms
26/08/14 00:32:04 INFO CheckpointFileManager: Writing atomically to file:/opt/checkpoints/trips/commits/3 using temp file file:/opt/checkpoints/trips/commits/.3.fb0594f7-ce6b-4850-b182-b4fd5ecc66ba.tmp
26/08/14 00:32:04 INFO CheckpointFileManager: Renamed temp file file:/opt/checkpoints/trips/commits/.3.fb0594f7-ce6b-4850-b182-b4fd5ecc66ba.tmp to file:/opt/checkpoints/trips/commits/3
26/08/14 00:32:04 INFO MicroBatchExecution: Streaming query made progress: {
  "id" : "9bde9f13-592f-4d70-b0dc-d7da66bf462a",
  "runId" : "047beccd-e00c-422a-ab02-7f7f311f8ed1",
  "name" : "trips-ingest-ab_ab_no_backoff_2",
  "timestamp" : "2026-08-14T00:32:00.218Z",
  "batchId" : 3,
  "numInputRows" : 4251,
  "inputRowsPerSecond" : 800.5649717514125,
  "processedRowsPerSecond" : 1104.155844155844,
  "durationMs" : {
    "addBatch" : 3728,
    "commitOffsets" : 72,
    "getBatch" : 0,
    "latestOffset" : 6,
    "queryPlanning" : 17,
    "triggerExecution" : 3850,
    "walCommit" : 22
  },
  "eventTime" : {
    "avg" : "2026-08-14T00:31:56.038Z",
    "max" : "2026-08-14T00:32:00.186Z",
    "min" : "2026-08-14T00:31:51.970Z",
    "watermark" : "2026-08-14T00:29:54.870Z"
  },
  "stateOperators" : [ ],
  "sources" : [ {
    "description" : "KafkaV2[Subscribe[trips.raw]]",
    "startOffset" : {
      "trips.raw" : {
        "2" : 289771,
        "5" : 287710,
        "4" : 289388,
        "1" : 288981,
        "3" : 289072,
        "0" : 289208
      }
    },
    "endOffset" : {
      "trips.raw" : {
        "2" : 290440,
        "5" : 288373,
        "4" : 290123,
        "1" : 289728,
        "3" : 289787,
        "0" : 289930
      }
    },
    "latestOffset" : {
      "trips.raw" : {
        "2" : 290440,
        "5" : 288373,
        "4" : 290123,
        "1" : 289728,
        "3" : 289787,
        "0" : 289930
      }
    },
    "numInputRows" : 4251,
    "inputRowsPerSecond" : 800.5649717514125,
    "processedRowsPerSecond" : 1104.155844155844,
    "metrics" : {
      "avgOffsetsBehindLatest" : "0.0",
      "maxOffsetsBehindLatest" : "0",
      "minOffsetsBehindLatest" : "0"
    }
  } ],
  "sink" : {
    "description" : "ForeachBatchSink",
    "numOutputRows" : -1
  }
}
26/08/14 00:32:04 INFO BlockManagerInfo: Removed broadcast_31_piece0 on spark-driver:40807 in memory (size: 6.1 KiB, free: 191.1 MiB)
26/08/14 00:32:04 INFO CheckpointFileManager: Writing atomically to file:/opt/checkpoints/trips/offsets/4 using temp file file:/opt/checkpoints/trips/offsets/.4.6f15e1c7-3946-4153-9877-9cba8e632837.tmp
26/08/14 00:32:04 INFO BlockManagerInfo: Removed broadcast_31_piece0 on 172.26.0.12:43985 in memory (size: 6.1 KiB, free: 413.9 MiB)
26/08/14 00:32:04 INFO BlockManagerInfo: Removed broadcast_30_piece0 on spark-driver:40807 in memory (size: 24.8 KiB, free: 191.2 MiB)
26/08/14 00:32:04 INFO BlockManagerInfo: Removed broadcast_30_piece0 on 172.26.0.13:36721 in memory (size: 24.8 KiB, free: 413.9 MiB)
26/08/14 00:32:04 INFO BlockManagerInfo: Removed broadcast_30_piece0 on 172.26.0.12:43985 in memory (size: 24.8 KiB, free: 413.9 MiB)
26/08/14 00:32:04 INFO CheckpointFileManager: Renamed temp file file:/opt/checkpoints/trips/offsets/.4.6f15e1c7-3946-4153-9877-9cba8e632837.tmp to file:/opt/checkpoints/trips/offsets/4
26/08/14 00:32:04 INFO MicroBatchExecution: Committed offsets for batch 4. Metadata OffsetSeqMetadata(1786667400186,1786667524093,Map(spark.sql.streaming.stateStore.providerClass -> org.apache.spark.sql.execution.streaming.state.HDFSBackedStateStoreProvider, spark.sql.streaming.join.stateFormatVersion -> 2, spark.sql.streaming.stateStore.compression.codec -> lz4, spark.sql.streaming.stateStore.rocksdb.formatVersion -> 5, spark.sql.streaming.statefulOperator.useStrictDistribution -> true, spark.sql.streaming.flatMapGroupsWithState.stateFormatVersion -> 2, spark.sql.streaming.multipleWatermarkPolicy -> min, spark.sql.streaming.aggregation.stateFormatVersion -> 2, spark.sql.shuffle.partitions -> 6))
26/08/14 00:32:04 INFO BlockManagerInfo: Removed broadcast_28_piece0 on 172.26.0.13:36721 in memory (size: 35.3 KiB, free: 413.9 MiB)
26/08/14 00:32:04 INFO BlockManagerInfo: Removed broadcast_28_piece0 on spark-driver:40807 in memory (size: 35.3 KiB, free: 191.2 MiB)
26/08/14 00:32:04 INFO BlockManagerInfo: Removed broadcast_28_piece0 on 172.26.0.12:43985 in memory (size: 35.3 KiB, free: 413.9 MiB)
26/08/14 00:32:04 INFO BlockManagerInfo: Removed broadcast_29_piece0 on 172.26.0.13:36721 in memory (size: 5.9 KiB, free: 413.9 MiB)
26/08/14 00:32:04 INFO BlockManagerInfo: Removed broadcast_29_piece0 on spark-driver:40807 in memory (size: 5.9 KiB, free: 191.2 MiB)
26/08/14 00:32:04 INFO KafkaOffsetReaderAdmin: Partitions added: Map()
26/08/14 00:32:04 INFO KafkaOffsetReaderAdmin: Partitions added: Map()
26/08/14 00:32:04 INFO KafkaOffsetReaderAdmin: Partitions added: Map()
26/08/14 00:32:04 INFO KafkaOffsetReaderAdmin: Partitions added: Map()
2026-08-14 00:32:04,234 INFO  [stream] Received command c on object id p0
26/08/14 00:32:04 INFO SparkContext: Starting job: count at <unknown>:0
26/08/14 00:32:04 INFO DAGScheduler: Registering RDD 231 (count at <unknown>:0) as input to shuffle 15
26/08/14 00:32:04 INFO DAGScheduler: Got job 18 (count at <unknown>:0) with 1 output partitions
26/08/14 00:32:04 INFO DAGScheduler: Final stage: ResultStage 34 (count at <unknown>:0)
26/08/14 00:32:04 INFO DAGScheduler: Parents of final stage: List(ShuffleMapStage 33)
26/08/14 00:32:04 INFO DAGScheduler: Missing parents: List(ShuffleMapStage 33)
26/08/14 00:32:04 INFO DAGScheduler: Submitting ShuffleMapStage 33 (MapPartitionsRDD[231] at count at <unknown>:0), which has no missing parents
26/08/14 00:32:04 INFO MemoryStore: Block broadcast_32 stored as values in memory (estimated size 64.6 KiB, free 191.1 MiB)
26/08/14 00:32:04 INFO MemoryStore: Block broadcast_32_piece0 stored as bytes in memory (estimated size 24.1 KiB, free 191.1 MiB)
26/08/14 00:32:04 INFO BlockManagerInfo: Added broadcast_32_piece0 in memory on spark-driver:40807 (size: 24.1 KiB, free: 191.2 MiB)
26/08/14 00:32:04 INFO SparkContext: Created broadcast 32 from broadcast at DAGScheduler.scala:1585
26/08/14 00:32:04 INFO DAGScheduler: Submitting 6 missing tasks from ShuffleMapStage 33 (MapPartitionsRDD[231] at count at <unknown>:0) (first 15 tasks are for partitions Vector(0, 1, 2, 3, 4, 5))
26/08/14 00:32:04 INFO TaskSchedulerImpl: Adding task set 33.0 with 6 tasks resource profile 0
26/08/14 00:32:04 INFO TaskSetManager: Starting task 2.0 in stage 33.0 (TID 97) (172.26.0.13, executor 1, partition 2, PROCESS_LOCAL, 9921 bytes) 
26/08/14 00:32:04 INFO TaskSetManager: Starting task 0.0 in stage 33.0 (TID 98) (172.26.0.12, executor 0, partition 0, PROCESS_LOCAL, 9921 bytes) 
26/08/14 00:32:04 INFO TaskSetManager: Starting task 3.0 in stage 33.0 (TID 99) (172.26.0.13, executor 1, partition 3, PROCESS_LOCAL, 9921 bytes) 
26/08/14 00:32:04 INFO TaskSetManager: Starting task 1.0 in stage 33.0 (TID 100) (172.26.0.12, executor 0, partition 1, PROCESS_LOCAL, 9921 bytes) 
26/08/14 00:32:04 INFO TaskSetManager: Starting task 4.0 in stage 33.0 (TID 101) (172.26.0.13, executor 1, partition 4, PROCESS_LOCAL, 9921 bytes) 
26/08/14 00:32:04 INFO TaskSetManager: Starting task 5.0 in stage 33.0 (TID 102) (172.26.0.12, executor 0, partition 5, PROCESS_LOCAL, 9921 bytes) 
26/08/14 00:32:04 INFO BlockManagerInfo: Added broadcast_32_piece0 in memory on 172.26.0.13:36721 (size: 24.1 KiB, free: 413.9 MiB)
26/08/14 00:32:04 INFO BlockManagerInfo: Added broadcast_32_piece0 in memory on 172.26.0.12:43985 (size: 24.1 KiB, free: 413.9 MiB)
26/08/14 00:32:04 INFO BlockManagerInfo: Added rdd_226_5 in memory on 172.26.0.12:43985 (size: 324.1 KiB, free: 413.6 MiB)
26/08/14 00:32:04 INFO BlockManagerInfo: Added rdd_226_0 in memory on 172.26.0.12:43985 (size: 314.7 KiB, free: 413.3 MiB)
26/08/14 00:32:04 INFO BlockManagerInfo: Added rdd_226_1 in memory on 172.26.0.12:43985 (size: 330.6 KiB, free: 413.0 MiB)
26/08/14 00:32:04 INFO TaskSetManager: Finished task 5.0 in stage 33.0 (TID 102) in 259 ms on 172.26.0.12 (executor 0) (1/6)
26/08/14 00:32:04 INFO TaskSetManager: Finished task 0.0 in stage 33.0 (TID 98) in 260 ms on 172.26.0.12 (executor 0) (2/6)
26/08/14 00:32:04 INFO BlockManagerInfo: Added rdd_226_2 in memory on 172.26.0.13:36721 (size: 293.4 KiB, free: 413.6 MiB)
26/08/14 00:32:04 INFO TaskSetManager: Finished task 1.0 in stage 33.0 (TID 100) in 268 ms on 172.26.0.12 (executor 0) (3/6)
26/08/14 00:32:04 INFO BlockManagerInfo: Added rdd_226_4 in memory on 172.26.0.13:36721 (size: 321.0 KiB, free: 413.3 MiB)
26/08/14 00:32:04 INFO BlockManagerInfo: Added rdd_226_3 in memory on 172.26.0.13:36721 (size: 331.4 KiB, free: 413.0 MiB)
26/08/14 00:32:04 INFO TaskSetManager: Finished task 2.0 in stage 33.0 (TID 97) in 290 ms on 172.26.0.13 (executor 1) (4/6)
26/08/14 00:32:04 INFO TaskSetManager: Finished task 3.0 in stage 33.0 (TID 99) in 297 ms on 172.26.0.13 (executor 1) (5/6)
26/08/14 00:32:04 INFO TaskSetManager: Finished task 4.0 in stage 33.0 (TID 101) in 297 ms on 172.26.0.13 (executor 1) (6/6)
26/08/14 00:32:04 INFO TaskSchedulerImpl: Removed TaskSet 33.0, whose tasks have all completed, from pool 
26/08/14 00:32:04 INFO DAGScheduler: ShuffleMapStage 33 (count at <unknown>:0) finished in 0.310 s
26/08/14 00:32:04 INFO DAGScheduler: looking for newly runnable stages
26/08/14 00:32:04 INFO DAGScheduler: running: Set()
26/08/14 00:32:04 INFO DAGScheduler: waiting: Set(ResultStage 34)
26/08/14 00:32:04 INFO DAGScheduler: failed: Set()
26/08/14 00:32:04 INFO DAGScheduler: Submitting ResultStage 34 (MapPartitionsRDD[234] at count at <unknown>:0), which has no missing parents
26/08/14 00:32:04 INFO MemoryStore: Block broadcast_33 stored as values in memory (estimated size 12.5 KiB, free 191.1 MiB)
26/08/14 00:32:04 INFO MemoryStore: Block broadcast_33_piece0 stored as bytes in memory (estimated size 5.9 KiB, free 191.1 MiB)
26/08/14 00:32:04 INFO BlockManagerInfo: Added broadcast_33_piece0 in memory on spark-driver:40807 (size: 5.9 KiB, free: 191.2 MiB)
26/08/14 00:32:04 INFO SparkContext: Created broadcast 33 from broadcast at DAGScheduler.scala:1585
26/08/14 00:32:04 INFO DAGScheduler: Submitting 1 missing tasks from ResultStage 34 (MapPartitionsRDD[234] at count at <unknown>:0) (first 15 tasks are for partitions Vector(0))
26/08/14 00:32:04 INFO TaskSchedulerImpl: Adding task set 34.0 with 1 tasks resource profile 0
26/08/14 00:32:04 INFO TaskSetManager: Starting task 0.0 in stage 34.0 (TID 103) (172.26.0.12, executor 0, partition 0, NODE_LOCAL, 9003 bytes) 
26/08/14 00:32:04 INFO BlockManagerInfo: Added broadcast_33_piece0 in memory on 172.26.0.12:43985 (size: 5.9 KiB, free: 412.9 MiB)
26/08/14 00:32:04 INFO MapOutputTrackerMasterEndpoint: Asked to send map output locations for shuffle 15 to 172.26.0.12:56940
26/08/14 00:32:04 INFO TaskSetManager: Finished task 0.0 in stage 34.0 (TID 103) in 81 ms on 172.26.0.12 (executor 0) (1/1)
26/08/14 00:32:04 INFO TaskSchedulerImpl: Removed TaskSet 34.0, whose tasks have all completed, from pool 
26/08/14 00:32:04 INFO DAGScheduler: ResultStage 34 (count at <unknown>:0) finished in 0.093 s
26/08/14 00:32:04 INFO DAGScheduler: Job 18 is finished. Cancelling potential speculative or zombie tasks for this job
26/08/14 00:32:04 INFO TaskSchedulerImpl: Killing all running tasks in stage 34: Stage finished
26/08/14 00:32:04 INFO DAGScheduler: Job 18 finished: count at <unknown>:0, took 0.416350 s
26/08/14 00:32:04 INFO SparkContext: Starting job: count at <unknown>:0
26/08/14 00:32:04 INFO DAGScheduler: Registering RDD 239 (count at <unknown>:0) as input to shuffle 16
26/08/14 00:32:04 INFO DAGScheduler: Got job 19 (count at <unknown>:0) with 1 output partitions
26/08/14 00:32:04 INFO DAGScheduler: Final stage: ResultStage 36 (count at <unknown>:0)
26/08/14 00:32:04 INFO DAGScheduler: Parents of final stage: List(ShuffleMapStage 35)
26/08/14 00:32:04 INFO DAGScheduler: Missing parents: List(ShuffleMapStage 35)
26/08/14 00:32:04 INFO DAGScheduler: Submitting ShuffleMapStage 35 (MapPartitionsRDD[239] at count at <unknown>:0), which has no missing parents
26/08/14 00:32:04 INFO MemoryStore: Block broadcast_34 stored as values in memory (estimated size 64.9 KiB, free 191.0 MiB)
26/08/14 00:32:04 INFO MemoryStore: Block broadcast_34_piece0 stored as bytes in memory (estimated size 24.2 KiB, free 191.0 MiB)
26/08/14 00:32:04 INFO BlockManagerInfo: Added broadcast_34_piece0 in memory on spark-driver:40807 (size: 24.2 KiB, free: 191.2 MiB)
26/08/14 00:32:04 INFO SparkContext: Created broadcast 34 from broadcast at DAGScheduler.scala:1585
26/08/14 00:32:04 INFO DAGScheduler: Submitting 6 missing tasks from ShuffleMapStage 35 (MapPartitionsRDD[239] at count at <unknown>:0) (first 15 tasks are for partitions Vector(0, 1, 2, 3, 4, 5))
26/08/14 00:32:04 INFO TaskSchedulerImpl: Adding task set 35.0 with 6 tasks resource profile 0
26/08/14 00:32:04 INFO TaskSetManager: Starting task 0.0 in stage 35.0 (TID 104) (172.26.0.12, executor 0, partition 0, PROCESS_LOCAL, 9921 bytes) 
26/08/14 00:32:04 INFO TaskSetManager: Starting task 2.0 in stage 35.0 (TID 105) (172.26.0.13, executor 1, partition 2, PROCESS_LOCAL, 9921 bytes) 
26/08/14 00:32:04 INFO TaskSetManager: Starting task 1.0 in stage 35.0 (TID 106) (172.26.0.12, executor 0, partition 1, PROCESS_LOCAL, 9921 bytes) 
26/08/14 00:32:04 INFO TaskSetManager: Starting task 3.0 in stage 35.0 (TID 107) (172.26.0.13, executor 1, partition 3, PROCESS_LOCAL, 9921 bytes) 
26/08/14 00:32:04 INFO TaskSetManager: Starting task 5.0 in stage 35.0 (TID 108) (172.26.0.12, executor 0, partition 5, PROCESS_LOCAL, 9921 bytes) 
26/08/14 00:32:04 INFO TaskSetManager: Starting task 4.0 in stage 35.0 (TID 109) (172.26.0.13, executor 1, partition 4, PROCESS_LOCAL, 9921 bytes) 
26/08/14 00:32:04 INFO BlockManagerInfo: Added broadcast_34_piece0 in memory on 172.26.0.12:43985 (size: 24.2 KiB, free: 412.9 MiB)
26/08/14 00:32:04 INFO BlockManagerInfo: Added broadcast_34_piece0 in memory on 172.26.0.13:36721 (size: 24.2 KiB, free: 413.0 MiB)
26/08/14 00:32:04 INFO TaskSetManager: Finished task 1.0 in stage 35.0 (TID 106) in 28 ms on 172.26.0.12 (executor 0) (1/6)
26/08/14 00:32:04 INFO TaskSetManager: Finished task 5.0 in stage 35.0 (TID 108) in 29 ms on 172.26.0.12 (executor 0) (2/6)
26/08/14 00:32:04 INFO TaskSetManager: Finished task 0.0 in stage 35.0 (TID 104) in 29 ms on 172.26.0.12 (executor 0) (3/6)
26/08/14 00:32:04 INFO TaskSetManager: Finished task 4.0 in stage 35.0 (TID 109) in 33 ms on 172.26.0.13 (executor 1) (4/6)
26/08/14 00:32:04 INFO TaskSetManager: Finished task 3.0 in stage 35.0 (TID 107) in 37 ms on 172.26.0.13 (executor 1) (5/6)
26/08/14 00:32:04 INFO TaskSetManager: Finished task 2.0 in stage 35.0 (TID 105) in 38 ms on 172.26.0.13 (executor 1) (6/6)
26/08/14 00:32:04 INFO TaskSchedulerImpl: Removed TaskSet 35.0, whose tasks have all completed, from pool 
26/08/14 00:32:04 INFO DAGScheduler: ShuffleMapStage 35 (count at <unknown>:0) finished in 0.045 s
26/08/14 00:32:04 INFO DAGScheduler: looking for newly runnable stages
26/08/14 00:32:04 INFO DAGScheduler: running: Set()
26/08/14 00:32:04 INFO DAGScheduler: waiting: Set(ResultStage 36)
26/08/14 00:32:04 INFO DAGScheduler: failed: Set()
26/08/14 00:32:04 INFO DAGScheduler: Submitting ResultStage 36 (MapPartitionsRDD[242] at count at <unknown>:0), which has no missing parents
26/08/14 00:32:04 INFO MemoryStore: Block broadcast_35 stored as values in memory (estimated size 12.5 KiB, free 191.0 MiB)
26/08/14 00:32:04 INFO MemoryStore: Block broadcast_35_piece0 stored as bytes in memory (estimated size 5.9 KiB, free 191.0 MiB)
26/08/14 00:32:04 INFO BlockManagerInfo: Added broadcast_35_piece0 in memory on spark-driver:40807 (size: 5.9 KiB, free: 191.2 MiB)
26/08/14 00:32:04 INFO SparkContext: Created broadcast 35 from broadcast at DAGScheduler.scala:1585
26/08/14 00:32:04 INFO DAGScheduler: Submitting 1 missing tasks from ResultStage 36 (MapPartitionsRDD[242] at count at <unknown>:0) (first 15 tasks are for partitions Vector(0))
26/08/14 00:32:04 INFO TaskSchedulerImpl: Adding task set 36.0 with 1 tasks resource profile 0
26/08/14 00:32:04 INFO TaskSetManager: Starting task 0.0 in stage 36.0 (TID 110) (172.26.0.13, executor 1, partition 0, NODE_LOCAL, 9003 bytes) 
26/08/14 00:32:04 INFO BlockManagerInfo: Added broadcast_35_piece0 in memory on 172.26.0.13:36721 (size: 5.9 KiB, free: 412.9 MiB)
26/08/14 00:32:04 INFO MapOutputTrackerMasterEndpoint: Asked to send map output locations for shuffle 16 to 172.26.0.13:52190
26/08/14 00:32:04 INFO TaskSetManager: Finished task 0.0 in stage 36.0 (TID 110) in 20 ms on 172.26.0.13 (executor 1) (1/1)
26/08/14 00:32:04 INFO TaskSchedulerImpl: Removed TaskSet 36.0, whose tasks have all completed, from pool 
26/08/14 00:32:04 INFO DAGScheduler: ResultStage 36 (count at <unknown>:0) finished in 0.023 s
26/08/14 00:32:04 INFO DAGScheduler: Job 19 is finished. Cancelling potential speculative or zombie tasks for this job
26/08/14 00:32:04 INFO TaskSchedulerImpl: Killing all running tasks in stage 36: Stage finished
26/08/14 00:32:04 INFO DAGScheduler: Job 19 finished: count at <unknown>:0, took 0.073470 s
26/08/14 00:32:04 INFO BlockManagerInfo: Removed broadcast_33_piece0 on spark-driver:40807 in memory (size: 5.9 KiB, free: 191.2 MiB)
26/08/14 00:32:04 INFO BlockManagerInfo: Removed broadcast_33_piece0 on 172.26.0.12:43985 in memory (size: 5.9 KiB, free: 412.9 MiB)
26/08/14 00:32:04 INFO BlockManagerInfo: Removed broadcast_32_piece0 on spark-driver:40807 in memory (size: 24.1 KiB, free: 191.2 MiB)
26/08/14 00:32:04 INFO BlockManagerInfo: Removed broadcast_32_piece0 on 172.26.0.13:36721 in memory (size: 24.1 KiB, free: 413.0 MiB)
26/08/14 00:32:04 INFO BlockManagerInfo: Removed broadcast_32_piece0 on 172.26.0.12:43985 in memory (size: 24.1 KiB, free: 413.0 MiB)
26/08/14 00:32:04 INFO BlockManagerInfo: Removed broadcast_35_piece0 on spark-driver:40807 in memory (size: 5.9 KiB, free: 191.2 MiB)
26/08/14 00:32:04 INFO BlockManagerInfo: Removed broadcast_35_piece0 on 172.26.0.13:36721 in memory (size: 5.9 KiB, free: 413.0 MiB)
26/08/14 00:32:04 INFO BlockManagerInfo: Removed broadcast_34_piece0 on spark-driver:40807 in memory (size: 24.2 KiB, free: 191.2 MiB)
26/08/14 00:32:04 INFO BlockManagerInfo: Removed broadcast_34_piece0 on 172.26.0.13:36721 in memory (size: 24.2 KiB, free: 413.0 MiB)
26/08/14 00:32:04 INFO BlockManagerInfo: Removed broadcast_34_piece0 on 172.26.0.12:43985 in memory (size: 24.2 KiB, free: 413.0 MiB)
26/08/14 00:32:04 INFO CodeGenerator: Code generated in 10.067458 ms
26/08/14 00:32:04 INFO DefaultCachedBatchSerializer: Predicate isnotnull(event_time#89-T120000ms) generates partition filter: ((event_time.count#12271 - event_time.nullCount#12270) > 0)
26/08/14 00:32:04 INFO DefaultCachedBatchSerializer: Predicate (event_time#89-T120000ms < 2026-08-14 00:30:00.186) generates partition filter: (event_time.lowerBound#12269 < 2026-08-14 00:30:00.186)
26/08/14 00:32:04 INFO SparkContext: Starting job: count at <unknown>:0
26/08/14 00:32:04 INFO DAGScheduler: Registering RDD 247 (count at <unknown>:0) as input to shuffle 17
26/08/14 00:32:04 INFO DAGScheduler: Got job 20 (count at <unknown>:0) with 1 output partitions
26/08/14 00:32:04 INFO DAGScheduler: Final stage: ResultStage 38 (count at <unknown>:0)
26/08/14 00:32:04 INFO DAGScheduler: Parents of final stage: List(ShuffleMapStage 37)
26/08/14 00:32:04 INFO DAGScheduler: Missing parents: List(ShuffleMapStage 37)
26/08/14 00:32:04 INFO DAGScheduler: Submitting ShuffleMapStage 37 (MapPartitionsRDD[247] at count at <unknown>:0), which has no missing parents
26/08/14 00:32:04 INFO MemoryStore: Block broadcast_36 stored as values in memory (estimated size 67.2 KiB, free 191.1 MiB)
26/08/14 00:32:04 INFO MemoryStore: Block broadcast_36_piece0 stored as bytes in memory (estimated size 25.6 KiB, free 191.1 MiB)
26/08/14 00:32:04 INFO BlockManagerInfo: Added broadcast_36_piece0 in memory on spark-driver:40807 (size: 25.6 KiB, free: 191.2 MiB)
26/08/14 00:32:04 INFO SparkContext: Created broadcast 36 from broadcast at DAGScheduler.scala:1585
26/08/14 00:32:04 INFO DAGScheduler: Submitting 6 missing tasks from ShuffleMapStage 37 (MapPartitionsRDD[247] at count at <unknown>:0) (first 15 tasks are for partitions Vector(0, 1, 2, 3, 4, 5))
26/08/14 00:32:04 INFO TaskSchedulerImpl: Adding task set 37.0 with 6 tasks resource profile 0
26/08/14 00:32:04 INFO TaskSetManager: Starting task 2.0 in stage 37.0 (TID 111) (172.26.0.13, executor 1, partition 2, PROCESS_LOCAL, 9921 bytes) 
26/08/14 00:32:04 INFO TaskSetManager: Starting task 0.0 in stage 37.0 (TID 112) (172.26.0.12, executor 0, partition 0, PROCESS_LOCAL, 9921 bytes) 
26/08/14 00:32:04 INFO TaskSetManager: Starting task 3.0 in stage 37.0 (TID 113) (172.26.0.13, executor 1, partition 3, PROCESS_LOCAL, 9921 bytes) 
26/08/14 00:32:04 INFO TaskSetManager: Starting task 1.0 in stage 37.0 (TID 114) (172.26.0.12, executor 0, partition 1, PROCESS_LOCAL, 9921 bytes) 
26/08/14 00:32:04 INFO TaskSetManager: Starting task 4.0 in stage 37.0 (TID 115) (172.26.0.13, executor 1, partition 4, PROCESS_LOCAL, 9921 bytes) 
26/08/14 00:32:04 INFO TaskSetManager: Starting task 5.0 in stage 37.0 (TID 116) (172.26.0.12, executor 0, partition 5, PROCESS_LOCAL, 9921 bytes) 
26/08/14 00:32:04 INFO BlockManagerInfo: Added broadcast_36_piece0 in memory on 172.26.0.12:43985 (size: 25.6 KiB, free: 413.0 MiB)
26/08/14 00:32:04 INFO BlockManagerInfo: Added broadcast_36_piece0 in memory on 172.26.0.13:36721 (size: 25.6 KiB, free: 413.0 MiB)
26/08/14 00:32:04 INFO TaskSetManager: Finished task 5.0 in stage 37.0 (TID 116) in 84 ms on 172.26.0.12 (executor 0) (1/6)
26/08/14 00:32:04 INFO TaskSetManager: Finished task 0.0 in stage 37.0 (TID 112) in 89 ms on 172.26.0.12 (executor 0) (2/6)
26/08/14 00:32:04 INFO TaskSetManager: Finished task 1.0 in stage 37.0 (TID 114) in 93 ms on 172.26.0.12 (executor 0) (3/6)
26/08/14 00:32:04 INFO TaskSetManager: Finished task 3.0 in stage 37.0 (TID 113) in 94 ms on 172.26.0.13 (executor 1) (4/6)
26/08/14 00:32:04 INFO TaskSetManager: Finished task 4.0 in stage 37.0 (TID 115) in 95 ms on 172.26.0.13 (executor 1) (5/6)
26/08/14 00:32:04 INFO TaskSetManager: Finished task 2.0 in stage 37.0 (TID 111) in 97 ms on 172.26.0.13 (executor 1) (6/6)
26/08/14 00:32:04 INFO TaskSchedulerImpl: Removed TaskSet 37.0, whose tasks have all completed, from pool 
26/08/14 00:32:04 INFO DAGScheduler: ShuffleMapStage 37 (count at <unknown>:0) finished in 0.105 s
26/08/14 00:32:04 INFO DAGScheduler: looking for newly runnable stages
26/08/14 00:32:04 INFO DAGScheduler: running: Set()
26/08/14 00:32:04 INFO DAGScheduler: waiting: Set(ResultStage 38)
26/08/14 00:32:04 INFO DAGScheduler: failed: Set()
26/08/14 00:32:04 INFO DAGScheduler: Submitting ResultStage 38 (MapPartitionsRDD[250] at count at <unknown>:0), which has no missing parents
26/08/14 00:32:04 INFO MemoryStore: Block broadcast_37 stored as values in memory (estimated size 12.5 KiB, free 191.1 MiB)
26/08/14 00:32:04 INFO MemoryStore: Block broadcast_37_piece0 stored as bytes in memory (estimated size 5.9 KiB, free 191.1 MiB)
26/08/14 00:32:04 INFO BlockManagerInfo: Added broadcast_37_piece0 in memory on spark-driver:40807 (size: 5.9 KiB, free: 191.2 MiB)
26/08/14 00:32:04 INFO SparkContext: Created broadcast 37 from broadcast at DAGScheduler.scala:1585
26/08/14 00:32:04 INFO DAGScheduler: Submitting 1 missing tasks from ResultStage 38 (MapPartitionsRDD[250] at count at <unknown>:0) (first 15 tasks are for partitions Vector(0))
26/08/14 00:32:04 INFO TaskSchedulerImpl: Adding task set 38.0 with 1 tasks resource profile 0
26/08/14 00:32:04 INFO TaskSetManager: Starting task 0.0 in stage 38.0 (TID 117) (172.26.0.13, executor 1, partition 0, NODE_LOCAL, 9003 bytes) 
26/08/14 00:32:05 INFO BlockManagerInfo: Added broadcast_37_piece0 in memory on 172.26.0.13:36721 (size: 5.9 KiB, free: 413.0 MiB)
26/08/14 00:32:05 INFO MapOutputTrackerMasterEndpoint: Asked to send map output locations for shuffle 17 to 172.26.0.13:52190
26/08/14 00:32:05 INFO TaskSetManager: Finished task 0.0 in stage 38.0 (TID 117) in 24 ms on 172.26.0.13 (executor 1) (1/1)
26/08/14 00:32:05 INFO TaskSchedulerImpl: Removed TaskSet 38.0, whose tasks have all completed, from pool 
26/08/14 00:32:05 INFO DAGScheduler: ResultStage 38 (count at <unknown>:0) finished in 0.028 s
26/08/14 00:32:05 INFO DAGScheduler: Job 20 is finished. Cancelling potential speculative or zombie tasks for this job
26/08/14 00:32:05 INFO TaskSchedulerImpl: Killing all running tasks in stage 38: Stage finished
26/08/14 00:32:05 INFO DAGScheduler: Job 20 finished: count at <unknown>:0, took 0.135499 s
26/08/14 00:32:05 INFO BlockManagerInfo: Removed broadcast_36_piece0 on 172.26.0.12:43985 in memory (size: 25.6 KiB, free: 413.0 MiB)
26/08/14 00:32:05 INFO BlockManagerInfo: Removed broadcast_36_piece0 on 172.26.0.13:36721 in memory (size: 25.6 KiB, free: 413.0 MiB)
26/08/14 00:32:05 INFO BlockManagerInfo: Removed broadcast_36_piece0 on spark-driver:40807 in memory (size: 25.6 KiB, free: 191.2 MiB)
26/08/14 00:32:05 INFO BlockManagerInfo: Removed broadcast_37_piece0 on spark-driver:40807 in memory (size: 5.9 KiB, free: 191.2 MiB)
26/08/14 00:32:05 INFO BlockManagerInfo: Removed broadcast_37_piece0 on 172.26.0.13:36721 in memory (size: 5.9 KiB, free: 413.0 MiB)
26/08/14 00:32:05 INFO DefaultCachedBatchSerializer: Predicate isnotnull(kind#12828) generates partition filter: ((kind.count#12897 - kind.nullCount#12896) > 0)
26/08/14 00:32:05 INFO DefaultCachedBatchSerializer: Predicate (kind#12828 = stats) generates partition filter: ((kind.lowerBound#12895 <= stats) AND (stats <= kind.upperBound#12894))
26/08/14 00:32:05 INFO SparkContext: Starting job: call at /opt/spark/python/lib/py4j-0.10.9.7-src.zip/py4j/clientserver.py:617
26/08/14 00:32:05 INFO DAGScheduler: Got job 21 (call at /opt/spark/python/lib/py4j-0.10.9.7-src.zip/py4j/clientserver.py:617) with 6 output partitions
26/08/14 00:32:05 INFO DAGScheduler: Final stage: ResultStage 39 (call at /opt/spark/python/lib/py4j-0.10.9.7-src.zip/py4j/clientserver.py:617)
26/08/14 00:32:05 INFO DAGScheduler: Parents of final stage: List()
26/08/14 00:32:05 INFO DAGScheduler: Missing parents: List()
26/08/14 00:32:05 INFO DAGScheduler: Submitting ResultStage 39 (MapPartitionsRDD[269] at call at /opt/spark/python/lib/py4j-0.10.9.7-src.zip/py4j/clientserver.py:617), which has no missing parents
26/08/14 00:32:05 INFO MemoryStore: Block broadcast_38 stored as values in memory (estimated size 90.0 KiB, free 191.1 MiB)
26/08/14 00:32:05 INFO MemoryStore: Block broadcast_38_piece0 stored as bytes in memory (estimated size 34.0 KiB, free 191.1 MiB)
26/08/14 00:32:05 INFO BlockManagerInfo: Added broadcast_38_piece0 in memory on spark-driver:40807 (size: 34.0 KiB, free: 191.2 MiB)
26/08/14 00:32:05 INFO SparkContext: Created broadcast 38 from broadcast at DAGScheduler.scala:1585
26/08/14 00:32:05 INFO DAGScheduler: Submitting 6 missing tasks from ResultStage 39 (MapPartitionsRDD[269] at call at /opt/spark/python/lib/py4j-0.10.9.7-src.zip/py4j/clientserver.py:617) (first 15 tasks are for partitions Vector(0, 1, 2, 3, 4, 5))
26/08/14 00:32:05 INFO TaskSchedulerImpl: Adding task set 39.0 with 6 tasks resource profile 0
26/08/14 00:32:05 INFO TaskSetManager: Starting task 2.0 in stage 39.0 (TID 118) (172.26.0.13, executor 1, partition 2, PROCESS_LOCAL, 9932 bytes) 
26/08/14 00:32:05 INFO TaskSetManager: Starting task 0.0 in stage 39.0 (TID 119) (172.26.0.12, executor 0, partition 0, PROCESS_LOCAL, 9932 bytes) 
26/08/14 00:32:05 INFO TaskSetManager: Starting task 3.0 in stage 39.0 (TID 120) (172.26.0.13, executor 1, partition 3, PROCESS_LOCAL, 9932 bytes) 
26/08/14 00:32:05 INFO TaskSetManager: Starting task 1.0 in stage 39.0 (TID 121) (172.26.0.12, executor 0, partition 1, PROCESS_LOCAL, 9932 bytes) 
26/08/14 00:32:05 INFO TaskSetManager: Starting task 4.0 in stage 39.0 (TID 122) (172.26.0.13, executor 1, partition 4, PROCESS_LOCAL, 9932 bytes) 
26/08/14 00:32:05 INFO TaskSetManager: Starting task 5.0 in stage 39.0 (TID 123) (172.26.0.12, executor 0, partition 5, PROCESS_LOCAL, 9932 bytes) 
26/08/14 00:32:05 INFO BlockManagerInfo: Added broadcast_38_piece0 in memory on 172.26.0.13:36721 (size: 34.0 KiB, free: 413.0 MiB)
26/08/14 00:32:05 INFO BlockManagerInfo: Added broadcast_38_piece0 in memory on 172.26.0.12:43985 (size: 34.0 KiB, free: 412.9 MiB)
26/08/14 00:32:06 INFO BlockManagerInfo: Added rdd_264_0 in memory on 172.26.0.12:43985 (size: 1808.0 B, free: 412.9 MiB)
26/08/14 00:32:06 INFO BlockManagerInfo: Added rdd_264_1 in memory on 172.26.0.12:43985 (size: 1808.0 B, free: 412.9 MiB)
26/08/14 00:32:06 INFO BlockManagerInfo: Added rdd_264_2 in memory on 172.26.0.13:36721 (size: 1808.0 B, free: 413.0 MiB)
26/08/14 00:32:06 INFO BlockManagerInfo: Added rdd_264_3 in memory on 172.26.0.13:36721 (size: 1808.0 B, free: 413.0 MiB)
26/08/14 00:32:06 INFO BlockManagerInfo: Added rdd_264_4 in memory on 172.26.0.13:36721 (size: 1808.0 B, free: 413.0 MiB)
26/08/14 00:32:06 INFO BlockManagerInfo: Added rdd_264_5 in memory on 172.26.0.12:43985 (size: 1808.0 B, free: 412.9 MiB)
26/08/14 00:32:07 INFO TaskSetManager: Finished task 1.0 in stage 39.0 (TID 121) in 1917 ms on 172.26.0.12 (executor 0) (1/6)
26/08/14 00:32:07 INFO TaskSetManager: Finished task 0.0 in stage 39.0 (TID 119) in 1919 ms on 172.26.0.12 (executor 0) (2/6)
26/08/14 00:32:07 INFO TaskSetManager: Finished task 5.0 in stage 39.0 (TID 123) in 1919 ms on 172.26.0.12 (executor 0) (3/6)
26/08/14 00:32:07 INFO TaskSetManager: Finished task 3.0 in stage 39.0 (TID 120) in 1938 ms on 172.26.0.13 (executor 1) (4/6)
26/08/14 00:32:07 INFO TaskSetManager: Finished task 2.0 in stage 39.0 (TID 118) in 1940 ms on 172.26.0.13 (executor 1) (5/6)
26/08/14 00:32:07 INFO TaskSetManager: Finished task 4.0 in stage 39.0 (TID 122) in 1943 ms on 172.26.0.13 (executor 1) (6/6)
26/08/14 00:32:07 INFO TaskSchedulerImpl: Removed TaskSet 39.0, whose tasks have all completed, from pool 
26/08/14 00:32:07 INFO DAGScheduler: ResultStage 39 (call at /opt/spark/python/lib/py4j-0.10.9.7-src.zip/py4j/clientserver.py:617) finished in 1.951 s
26/08/14 00:32:07 INFO DAGScheduler: Job 21 is finished. Cancelling potential speculative or zombie tasks for this job
26/08/14 00:32:07 INFO TaskSchedulerImpl: Killing all running tasks in stage 39: Stage finished
26/08/14 00:32:07 INFO DAGScheduler: Job 21 finished: call at /opt/spark/python/lib/py4j-0.10.9.7-src.zip/py4j/clientserver.py:617, took 1.960314 s
26/08/14 00:32:07 INFO DefaultCachedBatchSerializer: Predicate isnotnull(kind#12828) generates partition filter: ((kind.count#12980 - kind.nullCount#12979) > 0)
26/08/14 00:32:07 INFO DefaultCachedBatchSerializer: Predicate (kind#12828 = dlq) generates partition filter: ((kind.lowerBound#12978 <= dlq) AND (dlq <= kind.upperBound#12977))
26/08/14 00:32:07 INFO SparkContext: Starting job: count at <unknown>:0
26/08/14 00:32:07 INFO DAGScheduler: Registering RDD 274 (count at <unknown>:0) as input to shuffle 18
26/08/14 00:32:07 INFO DAGScheduler: Got job 22 (count at <unknown>:0) with 1 output partitions
26/08/14 00:32:07 INFO DAGScheduler: Final stage: ResultStage 41 (count at <unknown>:0)
26/08/14 00:32:07 INFO DAGScheduler: Parents of final stage: List(ShuffleMapStage 40)
26/08/14 00:32:07 INFO DAGScheduler: Missing parents: List(ShuffleMapStage 40)
26/08/14 00:32:07 INFO DAGScheduler: Submitting ShuffleMapStage 40 (MapPartitionsRDD[274] at count at <unknown>:0), which has no missing parents
26/08/14 00:32:07 INFO MemoryStore: Block broadcast_39 stored as values in memory (estimated size 92.2 KiB, free 191.0 MiB)
26/08/14 00:32:07 INFO BlockManagerInfo: Removed broadcast_38_piece0 on spark-driver:40807 in memory (size: 34.0 KiB, free: 191.2 MiB)
26/08/14 00:32:07 INFO MemoryStore: Block broadcast_39_piece0 stored as bytes in memory (estimated size 35.3 KiB, free 191.1 MiB)
26/08/14 00:32:07 INFO BlockManagerInfo: Added broadcast_39_piece0 in memory on spark-driver:40807 (size: 35.3 KiB, free: 191.2 MiB)
26/08/14 00:32:07 INFO BlockManagerInfo: Removed broadcast_38_piece0 on 172.26.0.12:43985 in memory (size: 34.0 KiB, free: 413.0 MiB)
26/08/14 00:32:07 INFO SparkContext: Created broadcast 39 from broadcast at DAGScheduler.scala:1585
26/08/14 00:32:07 INFO BlockManagerInfo: Removed broadcast_38_piece0 on 172.26.0.13:36721 in memory (size: 34.0 KiB, free: 413.0 MiB)
26/08/14 00:32:07 INFO DAGScheduler: Submitting 6 missing tasks from ShuffleMapStage 40 (MapPartitionsRDD[274] at count at <unknown>:0) (first 15 tasks are for partitions Vector(0, 1, 2, 3, 4, 5))
26/08/14 00:32:07 INFO TaskSchedulerImpl: Adding task set 40.0 with 6 tasks resource profile 0
26/08/14 00:32:07 INFO TaskSetManager: Starting task 2.0 in stage 40.0 (TID 124) (172.26.0.13, executor 1, partition 2, PROCESS_LOCAL, 9921 bytes) 
26/08/14 00:32:07 INFO TaskSetManager: Starting task 0.0 in stage 40.0 (TID 125) (172.26.0.12, executor 0, partition 0, PROCESS_LOCAL, 9921 bytes) 
26/08/14 00:32:07 INFO TaskSetManager: Starting task 3.0 in stage 40.0 (TID 126) (172.26.0.13, executor 1, partition 3, PROCESS_LOCAL, 9921 bytes) 
26/08/14 00:32:07 INFO TaskSetManager: Starting task 1.0 in stage 40.0 (TID 127) (172.26.0.12, executor 0, partition 1, PROCESS_LOCAL, 9921 bytes) 
26/08/14 00:32:07 INFO TaskSetManager: Starting task 4.0 in stage 40.0 (TID 128) (172.26.0.13, executor 1, partition 4, PROCESS_LOCAL, 9921 bytes) 
26/08/14 00:32:07 INFO TaskSetManager: Starting task 5.0 in stage 40.0 (TID 129) (172.26.0.12, executor 0, partition 5, PROCESS_LOCAL, 9921 bytes) 
26/08/14 00:32:07 INFO BlockManagerInfo: Added broadcast_39_piece0 in memory on 172.26.0.13:36721 (size: 35.3 KiB, free: 413.0 MiB)
26/08/14 00:32:07 INFO BlockManagerInfo: Added broadcast_39_piece0 in memory on 172.26.0.12:43985 (size: 35.3 KiB, free: 412.9 MiB)
26/08/14 00:32:07 INFO TaskSetManager: Finished task 3.0 in stage 40.0 (TID 126) in 102 ms on 172.26.0.13 (executor 1) (1/6)
26/08/14 00:32:07 INFO TaskSetManager: Finished task 4.0 in stage 40.0 (TID 128) in 117 ms on 172.26.0.13 (executor 1) (2/6)
26/08/14 00:32:07 INFO TaskSetManager: Finished task 2.0 in stage 40.0 (TID 124) in 139 ms on 172.26.0.13 (executor 1) (3/6)
26/08/14 00:32:07 INFO TaskSetManager: Finished task 5.0 in stage 40.0 (TID 129) in 177 ms on 172.26.0.12 (executor 0) (4/6)
26/08/14 00:32:07 INFO TaskSetManager: Finished task 0.0 in stage 40.0 (TID 125) in 184 ms on 172.26.0.12 (executor 0) (5/6)
26/08/14 00:32:07 INFO TaskSetManager: Finished task 1.0 in stage 40.0 (TID 127) in 189 ms on 172.26.0.12 (executor 0) (6/6)
26/08/14 00:32:07 INFO TaskSchedulerImpl: Removed TaskSet 40.0, whose tasks have all completed, from pool 
26/08/14 00:32:07 INFO DAGScheduler: ShuffleMapStage 40 (count at <unknown>:0) finished in 0.276 s
26/08/14 00:32:07 INFO DAGScheduler: looking for newly runnable stages
26/08/14 00:32:07 INFO DAGScheduler: running: Set()
26/08/14 00:32:07 INFO DAGScheduler: waiting: Set(ResultStage 41)
26/08/14 00:32:07 INFO DAGScheduler: failed: Set()
26/08/14 00:32:07 INFO DAGScheduler: Submitting ResultStage 41 (MapPartitionsRDD[277] at count at <unknown>:0), which has no missing parents
26/08/14 00:32:07 INFO MemoryStore: Block broadcast_40 stored as values in memory (estimated size 12.5 KiB, free 191.1 MiB)
26/08/14 00:32:07 INFO MemoryStore: Block broadcast_40_piece0 stored as bytes in memory (estimated size 5.9 KiB, free 191.1 MiB)
26/08/14 00:32:07 INFO BlockManagerInfo: Added broadcast_40_piece0 in memory on spark-driver:40807 (size: 5.9 KiB, free: 191.2 MiB)
26/08/14 00:32:07 INFO SparkContext: Created broadcast 40 from broadcast at DAGScheduler.scala:1585
26/08/14 00:32:07 INFO DAGScheduler: Submitting 1 missing tasks from ResultStage 41 (MapPartitionsRDD[277] at count at <unknown>:0) (first 15 tasks are for partitions Vector(0))
26/08/14 00:32:07 INFO TaskSchedulerImpl: Adding task set 41.0 with 1 tasks resource profile 0
26/08/14 00:32:07 INFO TaskSetManager: Starting task 0.0 in stage 41.0 (TID 130) (172.26.0.13, executor 1, partition 0, NODE_LOCAL, 9003 bytes) 
26/08/14 00:32:07 INFO BlockManagerInfo: Added broadcast_40_piece0 in memory on 172.26.0.13:36721 (size: 5.9 KiB, free: 413.0 MiB)
26/08/14 00:32:07 INFO MapOutputTrackerMasterEndpoint: Asked to send map output locations for shuffle 18 to 172.26.0.13:52190
26/08/14 00:32:07 INFO TaskSetManager: Finished task 0.0 in stage 41.0 (TID 130) in 53 ms on 172.26.0.13 (executor 1) (1/1)
26/08/14 00:32:07 INFO TaskSchedulerImpl: Removed TaskSet 41.0, whose tasks have all completed, from pool 
26/08/14 00:32:07 INFO DAGScheduler: ResultStage 41 (count at <unknown>:0) finished in 0.073 s
26/08/14 00:32:07 INFO DAGScheduler: Job 22 is finished. Cancelling potential speculative or zombie tasks for this job
26/08/14 00:32:07 INFO TaskSchedulerImpl: Killing all running tasks in stage 41: Stage finished
26/08/14 00:32:07 INFO DAGScheduler: Job 22 finished: count at <unknown>:0, took 0.357993 s
26/08/14 00:32:07 INFO MapPartitionsRDD: Removing RDD 264 from persistence list
26/08/14 00:32:07 INFO BlockManager: Removing RDD 264
26/08/14 00:32:07 INFO SparkContext: Starting job: call at /opt/spark/python/lib/py4j-0.10.9.7-src.zip/py4j/clientserver.py:617
26/08/14 00:32:07 INFO DAGScheduler: Registering RDD 282 (call at /opt/spark/python/lib/py4j-0.10.9.7-src.zip/py4j/clientserver.py:617) as input to shuffle 19
26/08/14 00:32:07 INFO DAGScheduler: Got job 23 (call at /opt/spark/python/lib/py4j-0.10.9.7-src.zip/py4j/clientserver.py:617) with 1 output partitions
26/08/14 00:32:07 INFO DAGScheduler: Final stage: ResultStage 43 (call at /opt/spark/python/lib/py4j-0.10.9.7-src.zip/py4j/clientserver.py:617)
26/08/14 00:32:07 INFO DAGScheduler: Parents of final stage: List(ShuffleMapStage 42)
26/08/14 00:32:07 INFO DAGScheduler: Missing parents: List(ShuffleMapStage 42)
26/08/14 00:32:07 INFO DAGScheduler: Submitting ShuffleMapStage 42 (MapPartitionsRDD[282] at call at /opt/spark/python/lib/py4j-0.10.9.7-src.zip/py4j/clientserver.py:617), which has no missing parents
26/08/14 00:32:07 INFO MemoryStore: Block broadcast_41 stored as values in memory (estimated size 66.1 KiB, free 191.0 MiB)
26/08/14 00:32:07 INFO MemoryStore: Block broadcast_41_piece0 stored as bytes in memory (estimated size 24.7 KiB, free 191.0 MiB)
26/08/14 00:32:07 INFO BlockManagerInfo: Added broadcast_41_piece0 in memory on spark-driver:40807 (size: 24.7 KiB, free: 191.1 MiB)
26/08/14 00:32:07 INFO SparkContext: Created broadcast 41 from broadcast at DAGScheduler.scala:1585
26/08/14 00:32:07 INFO DAGScheduler: Submitting 6 missing tasks from ShuffleMapStage 42 (MapPartitionsRDD[282] at call at /opt/spark/python/lib/py4j-0.10.9.7-src.zip/py4j/clientserver.py:617) (first 15 tasks are for partitions Vector(0, 1, 2, 3, 4, 5))
26/08/14 00:32:07 INFO TaskSchedulerImpl: Adding task set 42.0 with 6 tasks resource profile 0
26/08/14 00:32:07 INFO TaskSetManager: Starting task 2.0 in stage 42.0 (TID 131) (172.26.0.13, executor 1, partition 2, PROCESS_LOCAL, 9921 bytes) 
26/08/14 00:32:07 INFO TaskSetManager: Starting task 0.0 in stage 42.0 (TID 132) (172.26.0.12, executor 0, partition 0, PROCESS_LOCAL, 9921 bytes) 
26/08/14 00:32:07 INFO TaskSetManager: Starting task 3.0 in stage 42.0 (TID 133) (172.26.0.13, executor 1, partition 3, PROCESS_LOCAL, 9921 bytes) 
26/08/14 00:32:07 INFO TaskSetManager: Starting task 1.0 in stage 42.0 (TID 134) (172.26.0.12, executor 0, partition 1, PROCESS_LOCAL, 9921 bytes) 
26/08/14 00:32:07 INFO TaskSetManager: Starting task 4.0 in stage 42.0 (TID 135) (172.26.0.13, executor 1, partition 4, PROCESS_LOCAL, 9921 bytes) 
26/08/14 00:32:07 INFO TaskSetManager: Starting task 5.0 in stage 42.0 (TID 136) (172.26.0.12, executor 0, partition 5, PROCESS_LOCAL, 9921 bytes) 
26/08/14 00:32:07 INFO BlockManagerInfo: Added broadcast_41_piece0 in memory on 172.26.0.12:43985 (size: 24.7 KiB, free: 412.9 MiB)
26/08/14 00:32:07 INFO BlockManagerInfo: Added broadcast_41_piece0 in memory on 172.26.0.13:36721 (size: 24.7 KiB, free: 412.9 MiB)
26/08/14 00:32:07 INFO TaskSetManager: Finished task 1.0 in stage 42.0 (TID 134) in 46 ms on 172.26.0.12 (executor 0) (1/6)
26/08/14 00:32:07 INFO TaskSetManager: Finished task 5.0 in stage 42.0 (TID 136) in 64 ms on 172.26.0.12 (executor 0) (2/6)
26/08/14 00:32:07 INFO TaskSetManager: Finished task 3.0 in stage 42.0 (TID 133) in 70 ms on 172.26.0.13 (executor 1) (3/6)
26/08/14 00:32:07 INFO TaskSetManager: Finished task 4.0 in stage 42.0 (TID 135) in 71 ms on 172.26.0.13 (executor 1) (4/6)
26/08/14 00:32:07 INFO TaskSetManager: Finished task 2.0 in stage 42.0 (TID 131) in 71 ms on 172.26.0.13 (executor 1) (5/6)
26/08/14 00:32:07 INFO TaskSetManager: Finished task 0.0 in stage 42.0 (TID 132) in 75 ms on 172.26.0.12 (executor 0) (6/6)
26/08/14 00:32:07 INFO TaskSchedulerImpl: Removed TaskSet 42.0, whose tasks have all completed, from pool 
26/08/14 00:32:07 INFO DAGScheduler: ShuffleMapStage 42 (call at /opt/spark/python/lib/py4j-0.10.9.7-src.zip/py4j/clientserver.py:617) finished in 0.085 s
26/08/14 00:32:07 INFO DAGScheduler: looking for newly runnable stages
26/08/14 00:32:07 INFO DAGScheduler: running: Set()
26/08/14 00:32:07 INFO DAGScheduler: waiting: Set(ResultStage 43)
26/08/14 00:32:07 INFO DAGScheduler: failed: Set()
26/08/14 00:32:07 INFO DAGScheduler: Submitting ResultStage 43 (MapPartitionsRDD[285] at call at /opt/spark/python/lib/py4j-0.10.9.7-src.zip/py4j/clientserver.py:617), which has no missing parents
26/08/14 00:32:07 INFO MemoryStore: Block broadcast_42 stored as values in memory (estimated size 13.1 KiB, free 191.0 MiB)
26/08/14 00:32:07 INFO MemoryStore: Block broadcast_42_piece0 stored as bytes in memory (estimated size 6.2 KiB, free 191.0 MiB)
26/08/14 00:32:07 INFO BlockManagerInfo: Added broadcast_42_piece0 in memory on spark-driver:40807 (size: 6.2 KiB, free: 191.1 MiB)
26/08/14 00:32:07 INFO SparkContext: Created broadcast 42 from broadcast at DAGScheduler.scala:1585
26/08/14 00:32:07 INFO DAGScheduler: Submitting 1 missing tasks from ResultStage 43 (MapPartitionsRDD[285] at call at /opt/spark/python/lib/py4j-0.10.9.7-src.zip/py4j/clientserver.py:617) (first 15 tasks are for partitions Vector(0))
26/08/14 00:32:07 INFO TaskSchedulerImpl: Adding task set 43.0 with 1 tasks resource profile 0
26/08/14 00:32:07 INFO BlockManagerInfo: Removed broadcast_39_piece0 on spark-driver:40807 in memory (size: 35.3 KiB, free: 191.2 MiB)
26/08/14 00:32:07 INFO TaskSetManager: Starting task 0.0 in stage 43.0 (TID 137) (172.26.0.12, executor 0, partition 0, NODE_LOCAL, 9003 bytes) 
26/08/14 00:32:07 INFO BlockManagerInfo: Removed broadcast_39_piece0 on 172.26.0.13:36721 in memory (size: 35.3 KiB, free: 413.0 MiB)
26/08/14 00:32:07 INFO BlockManagerInfo: Removed broadcast_39_piece0 on 172.26.0.12:43985 in memory (size: 35.3 KiB, free: 413.0 MiB)
26/08/14 00:32:07 INFO BlockManagerInfo: Removed broadcast_40_piece0 on spark-driver:40807 in memory (size: 5.9 KiB, free: 191.2 MiB)
26/08/14 00:32:07 INFO BlockManagerInfo: Removed broadcast_40_piece0 on 172.26.0.13:36721 in memory (size: 5.9 KiB, free: 413.0 MiB)
26/08/14 00:32:07 INFO BlockManagerInfo: Added broadcast_42_piece0 in memory on 172.26.0.12:43985 (size: 6.2 KiB, free: 412.9 MiB)
26/08/14 00:32:07 INFO MapOutputTrackerMasterEndpoint: Asked to send map output locations for shuffle 19 to 172.26.0.12:56940
26/08/14 00:32:07 INFO TaskSetManager: Finished task 0.0 in stage 43.0 (TID 137) in 61 ms on 172.26.0.12 (executor 0) (1/1)
26/08/14 00:32:07 INFO TaskSchedulerImpl: Removed TaskSet 43.0, whose tasks have all completed, from pool 
26/08/14 00:32:07 INFO DAGScheduler: ResultStage 43 (call at /opt/spark/python/lib/py4j-0.10.9.7-src.zip/py4j/clientserver.py:617) finished in 0.088 s
26/08/14 00:32:07 INFO DAGScheduler: Job 23 is finished. Cancelling potential speculative or zombie tasks for this job
26/08/14 00:32:07 INFO TaskSchedulerImpl: Killing all running tasks in stage 43: Stage finished
26/08/14 00:32:07 INFO DAGScheduler: Job 23 finished: call at /opt/spark/python/lib/py4j-0.10.9.7-src.zip/py4j/clientserver.py:617, took 0.185207 s
26/08/14 00:32:07 INFO MapPartitionsRDD: Removing RDD 226 from persistence list
26/08/14 00:32:07 INFO BlockManager: Removing RDD 226
26/08/14 00:32:07 INFO WatermarkTracker: Updating event-time watermark from 1786667400186 to 1786667403970 ms
26/08/14 00:32:07 INFO CheckpointFileManager: Writing atomically to file:/opt/checkpoints/trips/commits/4 using temp file file:/opt/checkpoints/trips/commits/.4.ab4ada6f-85da-49e0-9848-2223281231e2.tmp
26/08/14 00:32:07 INFO CheckpointFileManager: Renamed temp file file:/opt/checkpoints/trips/commits/.4.ab4ada6f-85da-49e0-9848-2223281231e2.tmp to file:/opt/checkpoints/trips/commits/4
26/08/14 00:32:07 INFO MicroBatchExecution: Streaming query made progress: {
  "id" : "9bde9f13-592f-4d70-b0dc-d7da66bf462a",
  "runId" : "047beccd-e00c-422a-ab02-7f7f311f8ed1",
  "name" : "trips-ingest-ab_ab_no_backoff_2",
  "timestamp" : "2026-08-14T00:32:04.073Z",
  "batchId" : 4,
  "numInputRows" : 3085,
  "inputRowsPerSecond" : 800.2594033722438,
  "processedRowsPerSecond" : 795.513151108819,
  "durationMs" : {
    "addBatch" : 3686,
    "commitOffsets" : 69,
    "getBatch" : 0,
    "latestOffset" : 20,
    "queryPlanning" : 46,
    "triggerExecution" : 3878,
    "walCommit" : 45
  },
  "eventTime" : {
    "avg" : "2026-08-14T00:32:00.610Z",
    "max" : "2026-08-14T00:32:03.970Z",
    "min" : "2026-08-14T00:31:57.342Z",
    "watermark" : "2026-08-14T00:30:00.186Z"
  },
  "stateOperators" : [ ],
  "sources" : [ {
    "description" : "KafkaV2[Subscribe[trips.raw]]",
    "startOffset" : {
      "trips.raw" : {
        "2" : 290440,
        "5" : 288373,
        "4" : 290123,
        "1" : 289728,
        "3" : 289787,
        "0" : 289930
      }
    },
    "endOffset" : {
      "trips.raw" : {
        "2" : 290947,
        "5" : 288907,
        "4" : 290656,
        "1" : 290245,
        "3" : 290259,
        "0" : 290452
      }
    },
    "latestOffset" : {
      "trips.raw" : {
        "2" : 290947,
        "5" : 288907,
        "4" : 290656,
        "1" : 290245,
        "3" : 290259,
        "0" : 290452
      }
    },
    "numInputRows" : 3085,
    "inputRowsPerSecond" : 800.2594033722438,
    "processedRowsPerSecond" : 795.513151108819,
    "metrics" : {
      "avgOffsetsBehindLatest" : "0.0",
      "maxOffsetsBehindLatest" : "0",
      "minOffsetsBehindLatest" : "0"
    }
  } ],
  "sink" : {
    "description" : "ForeachBatchSink",
    "numOutputRows" : -1
  }
}
26/08/14 00:32:07 INFO CheckpointFileManager: Writing atomically to file:/opt/checkpoints/trips/offsets/5 using temp file file:/opt/checkpoints/trips/offsets/.5.bc07e737-bb8e-4fb0-998e-154e90d404f1.tmp
26/08/14 00:32:08 INFO CheckpointFileManager: Renamed temp file file:/opt/checkpoints/trips/offsets/.5.bc07e737-bb8e-4fb0-998e-154e90d404f1.tmp to file:/opt/checkpoints/trips/offsets/5
26/08/14 00:32:08 INFO MicroBatchExecution: Committed offsets for batch 5. Metadata OffsetSeqMetadata(1786667403970,1786667527972,Map(spark.sql.streaming.stateStore.providerClass -> org.apache.spark.sql.execution.streaming.state.HDFSBackedStateStoreProvider, spark.sql.streaming.join.stateFormatVersion -> 2, spark.sql.streaming.stateStore.compression.codec -> lz4, spark.sql.streaming.stateStore.rocksdb.formatVersion -> 5, spark.sql.streaming.statefulOperator.useStrictDistribution -> true, spark.sql.streaming.flatMapGroupsWithState.stateFormatVersion -> 2, spark.sql.streaming.multipleWatermarkPolicy -> min, spark.sql.streaming.aggregation.stateFormatVersion -> 2, spark.sql.shuffle.partitions -> 6))
26/08/14 00:32:08 INFO KafkaOffsetReaderAdmin: Partitions added: Map()
26/08/14 00:32:08 INFO KafkaOffsetReaderAdmin: Partitions added: Map()
26/08/14 00:32:08 INFO KafkaOffsetReaderAdmin: Partitions added: Map()
26/08/14 00:32:08 INFO KafkaOffsetReaderAdmin: Partitions added: Map()
2026-08-14 00:32:08,072 INFO  [stream] Received command c on object id p0
26/08/14 00:32:08 INFO BlockManagerInfo: Removed broadcast_41_piece0 on spark-driver:40807 in memory (size: 24.7 KiB, free: 191.2 MiB)
26/08/14 00:32:08 INFO SparkContext: Starting job: count at <unknown>:0
26/08/14 00:32:08 INFO BlockManagerInfo: Removed broadcast_41_piece0 on 172.26.0.12:43985 in memory (size: 24.7 KiB, free: 413.9 MiB)
26/08/14 00:32:08 INFO BlockManagerInfo: Removed broadcast_41_piece0 on 172.26.0.13:36721 in memory (size: 24.7 KiB, free: 413.9 MiB)
26/08/14 00:32:08 INFO DAGScheduler: Registering RDD 300 (count at <unknown>:0) as input to shuffle 20
26/08/14 00:32:08 INFO DAGScheduler: Got job 24 (count at <unknown>:0) with 1 output partitions
26/08/14 00:32:08 INFO DAGScheduler: Final stage: ResultStage 45 (count at <unknown>:0)
26/08/14 00:32:08 INFO DAGScheduler: Parents of final stage: List(ShuffleMapStage 44)
26/08/14 00:32:08 INFO DAGScheduler: Missing parents: List(ShuffleMapStage 44)
26/08/14 00:32:08 INFO DAGScheduler: Submitting ShuffleMapStage 44 (MapPartitionsRDD[300] at count at <unknown>:0), which has no missing parents
26/08/14 00:32:08 INFO BlockManagerInfo: Removed broadcast_42_piece0 on spark-driver:40807 in memory (size: 6.2 KiB, free: 191.2 MiB)
26/08/14 00:32:08 INFO BlockManagerInfo: Removed broadcast_42_piece0 on 172.26.0.12:43985 in memory (size: 6.2 KiB, free: 413.9 MiB)
26/08/14 00:32:08 INFO MemoryStore: Block broadcast_43 stored as values in memory (estimated size 64.6 KiB, free 191.1 MiB)
26/08/14 00:32:08 INFO MemoryStore: Block broadcast_43_piece0 stored as bytes in memory (estimated size 24.0 KiB, free 191.1 MiB)
26/08/14 00:32:08 INFO BlockManagerInfo: Added broadcast_43_piece0 in memory on spark-driver:40807 (size: 24.0 KiB, free: 191.2 MiB)
26/08/14 00:32:08 INFO SparkContext: Created broadcast 43 from broadcast at DAGScheduler.scala:1585
26/08/14 00:32:08 INFO DAGScheduler: Submitting 6 missing tasks from ShuffleMapStage 44 (MapPartitionsRDD[300] at count at <unknown>:0) (first 15 tasks are for partitions Vector(0, 1, 2, 3, 4, 5))
26/08/14 00:32:08 INFO TaskSchedulerImpl: Adding task set 44.0 with 6 tasks resource profile 0
26/08/14 00:32:08 INFO TaskSetManager: Starting task 2.0 in stage 44.0 (TID 138) (172.26.0.13, executor 1, partition 2, PROCESS_LOCAL, 9921 bytes) 
26/08/14 00:32:08 INFO TaskSetManager: Starting task 0.0 in stage 44.0 (TID 139) (172.26.0.12, executor 0, partition 0, PROCESS_LOCAL, 9921 bytes) 
26/08/14 00:32:08 INFO TaskSetManager: Starting task 3.0 in stage 44.0 (TID 140) (172.26.0.13, executor 1, partition 3, PROCESS_LOCAL, 9921 bytes) 
26/08/14 00:32:08 INFO TaskSetManager: Starting task 1.0 in stage 44.0 (TID 141) (172.26.0.12, executor 0, partition 1, PROCESS_LOCAL, 9921 bytes) 
26/08/14 00:32:08 INFO TaskSetManager: Starting task 4.0 in stage 44.0 (TID 142) (172.26.0.13, executor 1, partition 4, PROCESS_LOCAL, 9921 bytes) 
26/08/14 00:32:08 INFO TaskSetManager: Starting task 5.0 in stage 44.0 (TID 143) (172.26.0.12, executor 0, partition 5, PROCESS_LOCAL, 9921 bytes) 
26/08/14 00:32:08 INFO BlockManagerInfo: Added broadcast_43_piece0 in memory on 172.26.0.13:36721 (size: 24.0 KiB, free: 413.9 MiB)
26/08/14 00:32:08 INFO BlockManagerInfo: Added broadcast_43_piece0 in memory on 172.26.0.12:43985 (size: 24.0 KiB, free: 413.9 MiB)
26/08/14 00:32:08 INFO BlockManagerInfo: Added rdd_295_2 in memory on 172.26.0.13:36721 (size: 308.7 KiB, free: 413.6 MiB)
26/08/14 00:32:08 INFO BlockManagerInfo: Added rdd_295_3 in memory on 172.26.0.13:36721 (size: 315.9 KiB, free: 413.3 MiB)
26/08/14 00:32:08 INFO BlockManagerInfo: Added rdd_295_4 in memory on 172.26.0.13:36721 (size: 351.5 KiB, free: 412.9 MiB)
26/08/14 00:32:08 INFO TaskSetManager: Finished task 2.0 in stage 44.0 (TID 138) in 127 ms on 172.26.0.13 (executor 1) (1/6)
26/08/14 00:32:08 INFO TaskSetManager: Finished task 3.0 in stage 44.0 (TID 140) in 131 ms on 172.26.0.13 (executor 1) (2/6)
26/08/14 00:32:08 INFO TaskSetManager: Finished task 4.0 in stage 44.0 (TID 142) in 131 ms on 172.26.0.13 (executor 1) (3/6)
26/08/14 00:32:08 INFO BlockManagerInfo: Added rdd_295_0 in memory on 172.26.0.12:43985 (size: 320.9 KiB, free: 413.6 MiB)
26/08/14 00:32:08 INFO TaskSetManager: Finished task 0.0 in stage 44.0 (TID 139) in 180 ms on 172.26.0.12 (executor 0) (4/6)
26/08/14 00:32:08 INFO BlockManagerInfo: Added rdd_295_5 in memory on 172.26.0.12:43985 (size: 328.2 KiB, free: 413.3 MiB)
26/08/14 00:32:08 INFO BlockManagerInfo: Added rdd_295_1 in memory on 172.26.0.12:43985 (size: 309.4 KiB, free: 413.0 MiB)
26/08/14 00:32:08 INFO TaskSetManager: Finished task 1.0 in stage 44.0 (TID 141) in 192 ms on 172.26.0.12 (executor 0) (5/6)
26/08/14 00:32:08 INFO TaskSetManager: Finished task 5.0 in stage 44.0 (TID 143) in 193 ms on 172.26.0.12 (executor 0) (6/6)
26/08/14 00:32:08 INFO TaskSchedulerImpl: Removed TaskSet 44.0, whose tasks have all completed, from pool 
26/08/14 00:32:08 INFO DAGScheduler: ShuffleMapStage 44 (count at <unknown>:0) finished in 0.203 s
26/08/14 00:32:08 INFO DAGScheduler: looking for newly runnable stages
26/08/14 00:32:08 INFO DAGScheduler: running: Set()
26/08/14 00:32:08 INFO DAGScheduler: waiting: Set(ResultStage 45)
26/08/14 00:32:08 INFO DAGScheduler: failed: Set()
26/08/14 00:32:08 INFO DAGScheduler: Submitting ResultStage 45 (MapPartitionsRDD[303] at count at <unknown>:0), which has no missing parents
26/08/14 00:32:08 INFO MemoryStore: Block broadcast_44 stored as values in memory (estimated size 12.5 KiB, free 191.1 MiB)
26/08/14 00:32:08 INFO MemoryStore: Block broadcast_44_piece0 stored as bytes in memory (estimated size 5.9 KiB, free 191.1 MiB)
26/08/14 00:32:08 INFO BlockManagerInfo: Added broadcast_44_piece0 in memory on spark-driver:40807 (size: 5.9 KiB, free: 191.2 MiB)
26/08/14 00:32:08 INFO SparkContext: Created broadcast 44 from broadcast at DAGScheduler.scala:1585
26/08/14 00:32:08 INFO DAGScheduler: Submitting 1 missing tasks from ResultStage 45 (MapPartitionsRDD[303] at count at <unknown>:0) (first 15 tasks are for partitions Vector(0))
26/08/14 00:32:08 INFO TaskSchedulerImpl: Adding task set 45.0 with 1 tasks resource profile 0
26/08/14 00:32:08 INFO TaskSetManager: Starting task 0.0 in stage 45.0 (TID 144) (172.26.0.13, executor 1, partition 0, NODE_LOCAL, 9003 bytes) 
26/08/14 00:32:08 INFO BlockManagerInfo: Added broadcast_44_piece0 in memory on 172.26.0.13:36721 (size: 5.9 KiB, free: 412.9 MiB)
26/08/14 00:32:08 INFO MapOutputTrackerMasterEndpoint: Asked to send map output locations for shuffle 20 to 172.26.0.13:52190
26/08/14 00:32:08 INFO TaskSetManager: Finished task 0.0 in stage 45.0 (TID 144) in 28 ms on 172.26.0.13 (executor 1) (1/1)
26/08/14 00:32:08 INFO TaskSchedulerImpl: Removed TaskSet 45.0, whose tasks have all completed, from pool 
26/08/14 00:32:08 INFO DAGScheduler: ResultStage 45 (count at <unknown>:0) finished in 0.032 s
26/08/14 00:32:08 INFO DAGScheduler: Job 24 is finished. Cancelling potential speculative or zombie tasks for this job
26/08/14 00:32:08 INFO TaskSchedulerImpl: Killing all running tasks in stage 45: Stage finished
26/08/14 00:32:08 INFO DAGScheduler: Job 24 finished: count at <unknown>:0, took 0.249787 s
26/08/14 00:32:08 INFO SparkContext: Starting job: count at <unknown>:0
26/08/14 00:32:08 INFO DAGScheduler: Registering RDD 308 (count at <unknown>:0) as input to shuffle 21
26/08/14 00:32:08 INFO DAGScheduler: Got job 25 (count at <unknown>:0) with 1 output partitions
26/08/14 00:32:08 INFO DAGScheduler: Final stage: ResultStage 47 (count at <unknown>:0)
26/08/14 00:32:08 INFO DAGScheduler: Parents of final stage: List(ShuffleMapStage 46)
26/08/14 00:32:08 INFO DAGScheduler: Missing parents: List(ShuffleMapStage 46)
26/08/14 00:32:08 INFO DAGScheduler: Submitting ShuffleMapStage 46 (MapPartitionsRDD[308] at count at <unknown>:0), which has no missing parents
26/08/14 00:32:08 INFO MemoryStore: Block broadcast_45 stored as values in memory (estimated size 64.9 KiB, free 191.0 MiB)
26/08/14 00:32:08 INFO MemoryStore: Block broadcast_45_piece0 stored as bytes in memory (estimated size 24.2 KiB, free 191.0 MiB)
26/08/14 00:32:08 INFO BlockManagerInfo: Added broadcast_45_piece0 in memory on spark-driver:40807 (size: 24.2 KiB, free: 191.2 MiB)
26/08/14 00:32:08 INFO SparkContext: Created broadcast 45 from broadcast at DAGScheduler.scala:1585
26/08/14 00:32:08 INFO DAGScheduler: Submitting 6 missing tasks from ShuffleMapStage 46 (MapPartitionsRDD[308] at count at <unknown>:0) (first 15 tasks are for partitions Vector(0, 1, 2, 3, 4, 5))
26/08/14 00:32:08 INFO TaskSchedulerImpl: Adding task set 46.0 with 6 tasks resource profile 0
26/08/14 00:32:08 INFO TaskSetManager: Starting task 0.0 in stage 46.0 (TID 145) (172.26.0.12, executor 0, partition 0, PROCESS_LOCAL, 9921 bytes) 
26/08/14 00:32:08 INFO TaskSetManager: Starting task 2.0 in stage 46.0 (TID 146) (172.26.0.13, executor 1, partition 2, PROCESS_LOCAL, 9921 bytes) 
26/08/14 00:32:08 INFO TaskSetManager: Starting task 1.0 in stage 46.0 (TID 147) (172.26.0.12, executor 0, partition 1, PROCESS_LOCAL, 9921 bytes) 
26/08/14 00:32:08 INFO TaskSetManager: Starting task 3.0 in stage 46.0 (TID 148) (172.26.0.13, executor 1, partition 3, PROCESS_LOCAL, 9921 bytes) 
26/08/14 00:32:08 INFO TaskSetManager: Starting task 5.0 in stage 46.0 (TID 149) (172.26.0.12, executor 0, partition 5, PROCESS_LOCAL, 9921 bytes) 
26/08/14 00:32:08 INFO TaskSetManager: Starting task 4.0 in stage 46.0 (TID 150) (172.26.0.13, executor 1, partition 4, PROCESS_LOCAL, 9921 bytes) 
26/08/14 00:32:08 INFO BlockManagerInfo: Added broadcast_45_piece0 in memory on 172.26.0.13:36721 (size: 24.2 KiB, free: 412.9 MiB)
26/08/14 00:32:08 INFO BlockManagerInfo: Added broadcast_45_piece0 in memory on 172.26.0.12:43985 (size: 24.2 KiB, free: 412.9 MiB)
26/08/14 00:32:08 INFO TaskSetManager: Finished task 1.0 in stage 46.0 (TID 147) in 25 ms on 172.26.0.12 (executor 0) (1/6)
26/08/14 00:32:08 INFO TaskSetManager: Finished task 0.0 in stage 46.0 (TID 145) in 26 ms on 172.26.0.12 (executor 0) (2/6)
26/08/14 00:32:08 INFO TaskSetManager: Finished task 5.0 in stage 46.0 (TID 149) in 26 ms on 172.26.0.12 (executor 0) (3/6)
26/08/14 00:32:08 INFO TaskSetManager: Finished task 4.0 in stage 46.0 (TID 150) in 32 ms on 172.26.0.13 (executor 1) (4/6)
26/08/14 00:32:08 INFO TaskSetManager: Finished task 3.0 in stage 46.0 (TID 148) in 32 ms on 172.26.0.13 (executor 1) (5/6)
26/08/14 00:32:08 INFO TaskSetManager: Finished task 2.0 in stage 46.0 (TID 146) in 32 ms on 172.26.0.13 (executor 1) (6/6)
26/08/14 00:32:08 INFO TaskSchedulerImpl: Removed TaskSet 46.0, whose tasks have all completed, from pool 
26/08/14 00:32:08 INFO DAGScheduler: ShuffleMapStage 46 (count at <unknown>:0) finished in 0.044 s
26/08/14 00:32:08 INFO DAGScheduler: looking for newly runnable stages
26/08/14 00:32:08 INFO DAGScheduler: running: Set()
26/08/14 00:32:08 INFO DAGScheduler: waiting: Set(ResultStage 47)
26/08/14 00:32:08 INFO DAGScheduler: failed: Set()
26/08/14 00:32:08 INFO DAGScheduler: Submitting ResultStage 47 (MapPartitionsRDD[311] at count at <unknown>:0), which has no missing parents
26/08/14 00:32:08 INFO BlockManagerInfo: Removed broadcast_43_piece0 on spark-driver:40807 in memory (size: 24.0 KiB, free: 191.2 MiB)
26/08/14 00:32:08 INFO MemoryStore: Block broadcast_46 stored as values in memory (estimated size 12.5 KiB, free 191.1 MiB)
26/08/14 00:32:08 INFO MemoryStore: Block broadcast_46_piece0 stored as bytes in memory (estimated size 5.9 KiB, free 191.1 MiB)
26/08/14 00:32:08 INFO BlockManagerInfo: Added broadcast_46_piece0 in memory on spark-driver:40807 (size: 5.9 KiB, free: 191.2 MiB)
26/08/14 00:32:08 INFO SparkContext: Created broadcast 46 from broadcast at DAGScheduler.scala:1585
26/08/14 00:32:08 INFO DAGScheduler: Submitting 1 missing tasks from ResultStage 47 (MapPartitionsRDD[311] at count at <unknown>:0) (first 15 tasks are for partitions Vector(0))
26/08/14 00:32:08 INFO TaskSchedulerImpl: Adding task set 47.0 with 1 tasks resource profile 0
26/08/14 00:32:08 INFO BlockManagerInfo: Removed broadcast_43_piece0 on 172.26.0.13:36721 in memory (size: 24.0 KiB, free: 412.9 MiB)
26/08/14 00:32:08 INFO BlockManagerInfo: Removed broadcast_43_piece0 on 172.26.0.12:43985 in memory (size: 24.0 KiB, free: 413.0 MiB)
26/08/14 00:32:08 INFO TaskSetManager: Starting task 0.0 in stage 47.0 (TID 151) (172.26.0.13, executor 1, partition 0, NODE_LOCAL, 9003 bytes) 
26/08/14 00:32:08 INFO BlockManagerInfo: Removed broadcast_44_piece0 on spark-driver:40807 in memory (size: 5.9 KiB, free: 191.2 MiB)
26/08/14 00:32:08 INFO BlockManagerInfo: Removed broadcast_44_piece0 on 172.26.0.13:36721 in memory (size: 5.9 KiB, free: 412.9 MiB)
26/08/14 00:32:08 INFO BlockManagerInfo: Added broadcast_46_piece0 in memory on 172.26.0.13:36721 (size: 5.9 KiB, free: 412.9 MiB)
26/08/14 00:32:08 INFO MapOutputTrackerMasterEndpoint: Asked to send map output locations for shuffle 21 to 172.26.0.13:52190
26/08/14 00:32:08 INFO TaskSetManager: Finished task 0.0 in stage 47.0 (TID 151) in 39 ms on 172.26.0.13 (executor 1) (1/1)
26/08/14 00:32:08 INFO TaskSchedulerImpl: Removed TaskSet 47.0, whose tasks have all completed, from pool 
26/08/14 00:32:08 INFO DAGScheduler: ResultStage 47 (count at <unknown>:0) finished in 0.044 s
26/08/14 00:32:08 INFO DAGScheduler: Job 25 is finished. Cancelling potential speculative or zombie tasks for this job
26/08/14 00:32:08 INFO TaskSchedulerImpl: Killing all running tasks in stage 47: Stage finished
26/08/14 00:32:08 INFO DAGScheduler: Job 25 finished: count at <unknown>:0, took 0.091218 s
26/08/14 00:32:08 INFO CodeGenerator: Code generated in 19.805625 ms
26/08/14 00:32:08 INFO DefaultCachedBatchSerializer: Predicate isnotnull(event_time#89-T120000ms) generates partition filter: ((event_time.count#15600 - event_time.nullCount#15599) > 0)
26/08/14 00:32:08 INFO DefaultCachedBatchSerializer: Predicate (event_time#89-T120000ms < 2026-08-14 00:30:03.97) generates partition filter: (event_time.lowerBound#15598 < 2026-08-14 00:30:03.97)
26/08/14 00:32:08 INFO SparkContext: Starting job: count at <unknown>:0
26/08/14 00:32:08 INFO DAGScheduler: Registering RDD 316 (count at <unknown>:0) as input to shuffle 22
26/08/14 00:32:08 INFO DAGScheduler: Got job 26 (count at <unknown>:0) with 1 output partitions
26/08/14 00:32:08 INFO DAGScheduler: Final stage: ResultStage 49 (count at <unknown>:0)
26/08/14 00:32:08 INFO DAGScheduler: Parents of final stage: List(ShuffleMapStage 48)
26/08/14 00:32:08 INFO DAGScheduler: Missing parents: List(ShuffleMapStage 48)
26/08/14 00:32:08 INFO DAGScheduler: Submitting ShuffleMapStage 48 (MapPartitionsRDD[316] at count at <unknown>:0), which has no missing parents
26/08/14 00:32:08 INFO MemoryStore: Block broadcast_47 stored as values in memory (estimated size 67.2 KiB, free 191.0 MiB)
26/08/14 00:32:08 INFO MemoryStore: Block broadcast_47_piece0 stored as bytes in memory (estimated size 25.6 KiB, free 191.0 MiB)
26/08/14 00:32:08 INFO BlockManagerInfo: Added broadcast_47_piece0 in memory on spark-driver:40807 (size: 25.6 KiB, free: 191.2 MiB)
26/08/14 00:32:08 INFO SparkContext: Created broadcast 47 from broadcast at DAGScheduler.scala:1585
26/08/14 00:32:08 INFO DAGScheduler: Submitting 6 missing tasks from ShuffleMapStage 48 (MapPartitionsRDD[316] at count at <unknown>:0) (first 15 tasks are for partitions Vector(0, 1, 2, 3, 4, 5))
26/08/14 00:32:08 INFO TaskSchedulerImpl: Adding task set 48.0 with 6 tasks resource profile 0
26/08/14 00:32:08 INFO TaskSetManager: Starting task 2.0 in stage 48.0 (TID 152) (172.26.0.13, executor 1, partition 2, PROCESS_LOCAL, 9921 bytes) 
26/08/14 00:32:08 INFO TaskSetManager: Starting task 0.0 in stage 48.0 (TID 153) (172.26.0.12, executor 0, partition 0, PROCESS_LOCAL, 9921 bytes) 
26/08/14 00:32:08 INFO TaskSetManager: Starting task 3.0 in stage 48.0 (TID 154) (172.26.0.13, executor 1, partition 3, PROCESS_LOCAL, 9921 bytes) 
26/08/14 00:32:08 INFO TaskSetManager: Starting task 1.0 in stage 48.0 (TID 155) (172.26.0.12, executor 0, partition 1, PROCESS_LOCAL, 9921 bytes) 
26/08/14 00:32:08 INFO TaskSetManager: Starting task 4.0 in stage 48.0 (TID 156) (172.26.0.13, executor 1, partition 4, PROCESS_LOCAL, 9921 bytes) 
26/08/14 00:32:08 INFO TaskSetManager: Starting task 5.0 in stage 48.0 (TID 157) (172.26.0.12, executor 0, partition 5, PROCESS_LOCAL, 9921 bytes) 
26/08/14 00:32:08 INFO BlockManagerInfo: Added broadcast_47_piece0 in memory on 172.26.0.12:43985 (size: 25.6 KiB, free: 412.9 MiB)
26/08/14 00:32:08 INFO BlockManagerInfo: Added broadcast_47_piece0 in memory on 172.26.0.13:36721 (size: 25.6 KiB, free: 412.9 MiB)
26/08/14 00:32:08 INFO TaskSetManager: Finished task 0.0 in stage 48.0 (TID 153) in 66 ms on 172.26.0.12 (executor 0) (1/6)
26/08/14 00:32:08 INFO TaskSetManager: Finished task 1.0 in stage 48.0 (TID 155) in 67 ms on 172.26.0.12 (executor 0) (2/6)
26/08/14 00:32:08 INFO TaskSetManager: Finished task 3.0 in stage 48.0 (TID 154) in 68 ms on 172.26.0.13 (executor 1) (3/6)
26/08/14 00:32:08 INFO TaskSetManager: Finished task 4.0 in stage 48.0 (TID 156) in 67 ms on 172.26.0.13 (executor 1) (4/6)
26/08/14 00:32:08 INFO TaskSetManager: Finished task 2.0 in stage 48.0 (TID 152) in 69 ms on 172.26.0.13 (executor 1) (5/6)
26/08/14 00:32:08 INFO TaskSetManager: Finished task 5.0 in stage 48.0 (TID 157) in 68 ms on 172.26.0.12 (executor 0) (6/6)
26/08/14 00:32:08 INFO TaskSchedulerImpl: Removed TaskSet 48.0, whose tasks have all completed, from pool 
26/08/14 00:32:08 INFO DAGScheduler: ShuffleMapStage 48 (count at <unknown>:0) finished in 0.076 s
26/08/14 00:32:08 INFO DAGScheduler: looking for newly runnable stages
26/08/14 00:32:08 INFO DAGScheduler: running: Set()
26/08/14 00:32:08 INFO DAGScheduler: waiting: Set(ResultStage 49)
26/08/14 00:32:08 INFO DAGScheduler: failed: Set()
26/08/14 00:32:08 INFO DAGScheduler: Submitting ResultStage 49 (MapPartitionsRDD[319] at count at <unknown>:0), which has no missing parents
26/08/14 00:32:08 INFO MemoryStore: Block broadcast_48 stored as values in memory (estimated size 12.5 KiB, free 191.0 MiB)
26/08/14 00:32:08 INFO MemoryStore: Block broadcast_48_piece0 stored as bytes in memory (estimated size 5.9 KiB, free 191.0 MiB)
26/08/14 00:32:08 INFO BlockManagerInfo: Added broadcast_48_piece0 in memory on spark-driver:40807 (size: 5.9 KiB, free: 191.2 MiB)
26/08/14 00:32:08 INFO SparkContext: Created broadcast 48 from broadcast at DAGScheduler.scala:1585
26/08/14 00:32:08 INFO DAGScheduler: Submitting 1 missing tasks from ResultStage 49 (MapPartitionsRDD[319] at count at <unknown>:0) (first 15 tasks are for partitions Vector(0))
26/08/14 00:32:08 INFO TaskSchedulerImpl: Adding task set 49.0 with 1 tasks resource profile 0
26/08/14 00:32:08 INFO TaskSetManager: Starting task 0.0 in stage 49.0 (TID 158) (172.26.0.13, executor 1, partition 0, NODE_LOCAL, 9003 bytes) 
26/08/14 00:32:08 INFO BlockManagerInfo: Added broadcast_48_piece0 in memory on 172.26.0.13:36721 (size: 5.9 KiB, free: 412.9 MiB)
26/08/14 00:32:08 INFO MapOutputTrackerMasterEndpoint: Asked to send map output locations for shuffle 22 to 172.26.0.13:52190
26/08/14 00:32:08 INFO BlockManagerInfo: Removed broadcast_46_piece0 on spark-driver:40807 in memory (size: 5.9 KiB, free: 191.2 MiB)
26/08/14 00:32:08 INFO BlockManagerInfo: Removed broadcast_46_piece0 on 172.26.0.13:36721 in memory (size: 5.9 KiB, free: 412.9 MiB)
26/08/14 00:32:08 INFO BlockManagerInfo: Removed broadcast_47_piece0 on spark-driver:40807 in memory (size: 25.6 KiB, free: 191.2 MiB)
26/08/14 00:32:08 INFO BlockManagerInfo: Removed broadcast_47_piece0 on 172.26.0.13:36721 in memory (size: 25.6 KiB, free: 412.9 MiB)
26/08/14 00:32:08 INFO BlockManagerInfo: Removed broadcast_47_piece0 on 172.26.0.12:43985 in memory (size: 25.6 KiB, free: 413.0 MiB)
26/08/14 00:32:08 INFO TaskSetManager: Finished task 0.0 in stage 49.0 (TID 158) in 29 ms on 172.26.0.13 (executor 1) (1/1)
26/08/14 00:32:08 INFO BlockManagerInfo: Removed broadcast_45_piece0 on spark-driver:40807 in memory (size: 24.2 KiB, free: 191.2 MiB)
26/08/14 00:32:08 INFO TaskSchedulerImpl: Removed TaskSet 49.0, whose tasks have all completed, from pool 
26/08/14 00:32:08 INFO DAGScheduler: ResultStage 49 (count at <unknown>:0) finished in 0.036 s
26/08/14 00:32:08 INFO DAGScheduler: Job 26 is finished. Cancelling potential speculative or zombie tasks for this job
26/08/14 00:32:08 INFO TaskSchedulerImpl: Killing all running tasks in stage 49: Stage finished
26/08/14 00:32:08 INFO DAGScheduler: Job 26 finished: count at <unknown>:0, took 0.119563 s
26/08/14 00:32:08 INFO BlockManagerInfo: Removed broadcast_45_piece0 on 172.26.0.12:43985 in memory (size: 24.2 KiB, free: 413.0 MiB)
26/08/14 00:32:08 INFO BlockManagerInfo: Removed broadcast_45_piece0 on 172.26.0.13:36721 in memory (size: 24.2 KiB, free: 413.0 MiB)
26/08/14 00:32:08 INFO DefaultCachedBatchSerializer: Predicate isnotnull(kind#16157) generates partition filter: ((kind.count#16226 - kind.nullCount#16225) > 0)
26/08/14 00:32:08 INFO DefaultCachedBatchSerializer: Predicate (kind#16157 = stats) generates partition filter: ((kind.lowerBound#16224 <= stats) AND (stats <= kind.upperBound#16223))
26/08/14 00:32:08 INFO SparkContext: Starting job: call at /opt/spark/python/lib/py4j-0.10.9.7-src.zip/py4j/clientserver.py:617
26/08/14 00:32:08 INFO DAGScheduler: Got job 27 (call at /opt/spark/python/lib/py4j-0.10.9.7-src.zip/py4j/clientserver.py:617) with 6 output partitions
26/08/14 00:32:08 INFO DAGScheduler: Final stage: ResultStage 50 (call at /opt/spark/python/lib/py4j-0.10.9.7-src.zip/py4j/clientserver.py:617)
26/08/14 00:32:08 INFO DAGScheduler: Parents of final stage: List()
26/08/14 00:32:08 INFO DAGScheduler: Missing parents: List()
26/08/14 00:32:08 INFO DAGScheduler: Submitting ResultStage 50 (MapPartitionsRDD[338] at call at /opt/spark/python/lib/py4j-0.10.9.7-src.zip/py4j/clientserver.py:617), which has no missing parents
26/08/14 00:32:08 INFO MemoryStore: Block broadcast_49 stored as values in memory (estimated size 90.0 KiB, free 191.1 MiB)
26/08/14 00:32:08 INFO MemoryStore: Block broadcast_49_piece0 stored as bytes in memory (estimated size 34.0 KiB, free 191.1 MiB)
26/08/14 00:32:08 INFO BlockManagerInfo: Added broadcast_49_piece0 in memory on spark-driver:40807 (size: 34.0 KiB, free: 191.2 MiB)
26/08/14 00:32:08 INFO SparkContext: Created broadcast 49 from broadcast at DAGScheduler.scala:1585
26/08/14 00:32:08 INFO DAGScheduler: Submitting 6 missing tasks from ResultStage 50 (MapPartitionsRDD[338] at call at /opt/spark/python/lib/py4j-0.10.9.7-src.zip/py4j/clientserver.py:617) (first 15 tasks are for partitions Vector(0, 1, 2, 3, 4, 5))
26/08/14 00:32:08 INFO TaskSchedulerImpl: Adding task set 50.0 with 6 tasks resource profile 0
26/08/14 00:32:08 INFO TaskSetManager: Starting task 0.0 in stage 50.0 (TID 159) (172.26.0.12, executor 0, partition 0, PROCESS_LOCAL, 9932 bytes) 
26/08/14 00:32:08 INFO TaskSetManager: Starting task 2.0 in stage 50.0 (TID 160) (172.26.0.13, executor 1, partition 2, PROCESS_LOCAL, 9932 bytes) 
26/08/14 00:32:08 INFO TaskSetManager: Starting task 1.0 in stage 50.0 (TID 161) (172.26.0.12, executor 0, partition 1, PROCESS_LOCAL, 9932 bytes) 
26/08/14 00:32:08 INFO TaskSetManager: Starting task 3.0 in stage 50.0 (TID 162) (172.26.0.13, executor 1, partition 3, PROCESS_LOCAL, 9932 bytes) 
26/08/14 00:32:08 INFO TaskSetManager: Starting task 5.0 in stage 50.0 (TID 163) (172.26.0.12, executor 0, partition 5, PROCESS_LOCAL, 9932 bytes) 
26/08/14 00:32:08 INFO TaskSetManager: Starting task 4.0 in stage 50.0 (TID 164) (172.26.0.13, executor 1, partition 4, PROCESS_LOCAL, 9932 bytes) 
26/08/14 00:32:08 INFO BlockManagerInfo: Added broadcast_49_piece0 in memory on 172.26.0.13:36721 (size: 34.0 KiB, free: 412.9 MiB)
26/08/14 00:32:08 INFO BlockManagerInfo: Added broadcast_49_piece0 in memory on 172.26.0.12:43985 (size: 34.0 KiB, free: 413.0 MiB)
26/08/14 00:32:10 INFO BlockManagerInfo: Added rdd_333_1 in memory on 172.26.0.12:43985 (size: 1808.0 B, free: 413.0 MiB)
26/08/14 00:32:10 INFO BlockManagerInfo: Added rdd_333_5 in memory on 172.26.0.12:43985 (size: 1808.0 B, free: 413.0 MiB)
26/08/14 00:32:10 INFO BlockManagerInfo: Added rdd_333_0 in memory on 172.26.0.12:43985 (size: 1808.0 B, free: 413.0 MiB)
26/08/14 00:32:10 INFO TaskSetManager: Finished task 1.0 in stage 50.0 (TID 161) in 1381 ms on 172.26.0.12 (executor 0) (1/6)
26/08/14 00:32:10 INFO TaskSetManager: Finished task 0.0 in stage 50.0 (TID 159) in 1410 ms on 172.26.0.12 (executor 0) (2/6)
26/08/14 00:32:10 INFO TaskSetManager: Finished task 5.0 in stage 50.0 (TID 163) in 1411 ms on 172.26.0.12 (executor 0) (3/6)
26/08/14 00:32:10 INFO BlockManagerInfo: Added rdd_333_2 in memory on 172.26.0.13:36721 (size: 1808.0 B, free: 412.9 MiB)
26/08/14 00:32:10 INFO BlockManagerInfo: Added rdd_333_3 in memory on 172.26.0.13:36721 (size: 1808.0 B, free: 412.9 MiB)
26/08/14 00:32:10 INFO TaskSetManager: Finished task 2.0 in stage 50.0 (TID 160) in 1462 ms on 172.26.0.13 (executor 1) (4/6)
26/08/14 00:32:10 INFO TaskSetManager: Finished task 3.0 in stage 50.0 (TID 162) in 1463 ms on 172.26.0.13 (executor 1) (5/6)
26/08/14 00:32:10 INFO BlockManagerInfo: Added rdd_333_4 in memory on 172.26.0.13:36721 (size: 1808.0 B, free: 412.9 MiB)
26/08/14 00:32:10 INFO TaskSetManager: Finished task 4.0 in stage 50.0 (TID 164) in 1482 ms on 172.26.0.13 (executor 1) (6/6)
26/08/14 00:32:10 INFO TaskSchedulerImpl: Removed TaskSet 50.0, whose tasks have all completed, from pool 
26/08/14 00:32:10 INFO DAGScheduler: ResultStage 50 (call at /opt/spark/python/lib/py4j-0.10.9.7-src.zip/py4j/clientserver.py:617) finished in 1.489 s
26/08/14 00:32:10 INFO DAGScheduler: Job 27 is finished. Cancelling potential speculative or zombie tasks for this job
26/08/14 00:32:10 INFO TaskSchedulerImpl: Killing all running tasks in stage 50: Stage finished
26/08/14 00:32:10 INFO DAGScheduler: Job 27 finished: call at /opt/spark/python/lib/py4j-0.10.9.7-src.zip/py4j/clientserver.py:617, took 1.494351 s
26/08/14 00:32:10 INFO DefaultCachedBatchSerializer: Predicate isnotnull(kind#16157) generates partition filter: ((kind.count#16309 - kind.nullCount#16308) > 0)
26/08/14 00:32:10 INFO DefaultCachedBatchSerializer: Predicate (kind#16157 = dlq) generates partition filter: ((kind.lowerBound#16307 <= dlq) AND (dlq <= kind.upperBound#16306))
26/08/14 00:32:10 INFO BlockManagerInfo: Removed broadcast_48_piece0 on spark-driver:40807 in memory (size: 5.9 KiB, free: 191.2 MiB)
26/08/14 00:32:10 INFO SparkContext: Starting job: count at <unknown>:0
26/08/14 00:32:10 INFO DAGScheduler: Registering RDD 343 (count at <unknown>:0) as input to shuffle 23
26/08/14 00:32:10 INFO DAGScheduler: Got job 28 (count at <unknown>:0) with 1 output partitions
26/08/14 00:32:10 INFO DAGScheduler: Final stage: ResultStage 52 (count at <unknown>:0)
26/08/14 00:32:10 INFO DAGScheduler: Parents of final stage: List(ShuffleMapStage 51)
26/08/14 00:32:10 INFO DAGScheduler: Missing parents: List(ShuffleMapStage 51)
26/08/14 00:32:10 INFO DAGScheduler: Submitting ShuffleMapStage 51 (MapPartitionsRDD[343] at count at <unknown>:0), which has no missing parents
26/08/14 00:32:10 INFO BlockManagerInfo: Removed broadcast_48_piece0 on 172.26.0.13:36721 in memory (size: 5.9 KiB, free: 412.9 MiB)
26/08/14 00:32:10 INFO BlockManagerInfo: Removed broadcast_49_piece0 on 172.26.0.13:36721 in memory (size: 34.0 KiB, free: 413.0 MiB)
26/08/14 00:32:10 INFO BlockManagerInfo: Removed broadcast_49_piece0 on 172.26.0.12:43985 in memory (size: 34.0 KiB, free: 413.0 MiB)
26/08/14 00:32:10 INFO BlockManagerInfo: Removed broadcast_49_piece0 on spark-driver:40807 in memory (size: 34.0 KiB, free: 191.2 MiB)
26/08/14 00:32:10 INFO MemoryStore: Block broadcast_50 stored as values in memory (estimated size 92.2 KiB, free 191.0 MiB)
26/08/14 00:32:10 INFO MemoryStore: Block broadcast_50_piece0 stored as bytes in memory (estimated size 35.3 KiB, free 191.1 MiB)
26/08/14 00:32:10 INFO BlockManagerInfo: Added broadcast_50_piece0 in memory on spark-driver:40807 (size: 35.3 KiB, free: 191.2 MiB)
26/08/14 00:32:10 INFO SparkContext: Created broadcast 50 from broadcast at DAGScheduler.scala:1585
26/08/14 00:32:10 INFO DAGScheduler: Submitting 6 missing tasks from ShuffleMapStage 51 (MapPartitionsRDD[343] at count at <unknown>:0) (first 15 tasks are for partitions Vector(0, 1, 2, 3, 4, 5))
26/08/14 00:32:10 INFO TaskSchedulerImpl: Adding task set 51.0 with 6 tasks resource profile 0
26/08/14 00:32:10 INFO TaskSetManager: Starting task 2.0 in stage 51.0 (TID 165) (172.26.0.13, executor 1, partition 2, PROCESS_LOCAL, 9921 bytes) 
26/08/14 00:32:10 INFO TaskSetManager: Starting task 0.0 in stage 51.0 (TID 166) (172.26.0.12, executor 0, partition 0, PROCESS_LOCAL, 9921 bytes) 
26/08/14 00:32:10 INFO TaskSetManager: Starting task 3.0 in stage 51.0 (TID 167) (172.26.0.13, executor 1, partition 3, PROCESS_LOCAL, 9921 bytes) 
26/08/14 00:32:10 INFO TaskSetManager: Starting task 1.0 in stage 51.0 (TID 168) (172.26.0.12, executor 0, partition 1, PROCESS_LOCAL, 9921 bytes) 
26/08/14 00:32:10 INFO TaskSetManager: Starting task 4.0 in stage 51.0 (TID 169) (172.26.0.13, executor 1, partition 4, PROCESS_LOCAL, 9921 bytes) 
26/08/14 00:32:10 INFO TaskSetManager: Starting task 5.0 in stage 51.0 (TID 170) (172.26.0.12, executor 0, partition 5, PROCESS_LOCAL, 9921 bytes) 
26/08/14 00:32:10 INFO BlockManagerInfo: Added broadcast_50_piece0 in memory on 172.26.0.13:36721 (size: 35.3 KiB, free: 412.9 MiB)
26/08/14 00:32:10 INFO BlockManagerInfo: Added broadcast_50_piece0 in memory on 172.26.0.12:43985 (size: 35.3 KiB, free: 412.9 MiB)
26/08/14 00:32:10 INFO TaskSetManager: Finished task 2.0 in stage 51.0 (TID 165) in 78 ms on 172.26.0.13 (executor 1) (1/6)
26/08/14 00:32:10 INFO TaskSetManager: Finished task 3.0 in stage 51.0 (TID 167) in 78 ms on 172.26.0.13 (executor 1) (2/6)
26/08/14 00:32:10 INFO TaskSetManager: Finished task 4.0 in stage 51.0 (TID 169) in 78 ms on 172.26.0.13 (executor 1) (3/6)
26/08/14 00:32:10 INFO TaskSetManager: Finished task 5.0 in stage 51.0 (TID 170) in 97 ms on 172.26.0.12 (executor 0) (4/6)
26/08/14 00:32:10 INFO TaskSetManager: Finished task 0.0 in stage 51.0 (TID 166) in 98 ms on 172.26.0.12 (executor 0) (5/6)
26/08/14 00:32:10 INFO TaskSetManager: Finished task 1.0 in stage 51.0 (TID 168) in 98 ms on 172.26.0.12 (executor 0) (6/6)
26/08/14 00:32:10 INFO TaskSchedulerImpl: Removed TaskSet 51.0, whose tasks have all completed, from pool 
26/08/14 00:32:10 INFO DAGScheduler: ShuffleMapStage 51 (count at <unknown>:0) finished in 0.135 s
26/08/14 00:32:10 INFO DAGScheduler: looking for newly runnable stages
26/08/14 00:32:10 INFO DAGScheduler: running: Set()
26/08/14 00:32:10 INFO DAGScheduler: waiting: Set(ResultStage 52)
26/08/14 00:32:10 INFO DAGScheduler: failed: Set()
26/08/14 00:32:10 INFO DAGScheduler: Submitting ResultStage 52 (MapPartitionsRDD[346] at count at <unknown>:0), which has no missing parents
26/08/14 00:32:10 INFO MemoryStore: Block broadcast_51 stored as values in memory (estimated size 12.5 KiB, free 191.1 MiB)
26/08/14 00:32:10 INFO MemoryStore: Block broadcast_51_piece0 stored as bytes in memory (estimated size 5.9 KiB, free 191.1 MiB)
26/08/14 00:32:10 INFO BlockManagerInfo: Added broadcast_51_piece0 in memory on spark-driver:40807 (size: 5.9 KiB, free: 191.2 MiB)
26/08/14 00:32:10 INFO SparkContext: Created broadcast 51 from broadcast at DAGScheduler.scala:1585
26/08/14 00:32:10 INFO DAGScheduler: Submitting 1 missing tasks from ResultStage 52 (MapPartitionsRDD[346] at count at <unknown>:0) (first 15 tasks are for partitions Vector(0))
26/08/14 00:32:10 INFO TaskSchedulerImpl: Adding task set 52.0 with 1 tasks resource profile 0
26/08/14 00:32:10 INFO TaskSetManager: Starting task 0.0 in stage 52.0 (TID 171) (172.26.0.12, executor 0, partition 0, NODE_LOCAL, 9003 bytes) 
26/08/14 00:32:10 INFO BlockManagerInfo: Added broadcast_51_piece0 in memory on 172.26.0.12:43985 (size: 5.9 KiB, free: 412.9 MiB)
26/08/14 00:32:10 INFO MapOutputTrackerMasterEndpoint: Asked to send map output locations for shuffle 23 to 172.26.0.12:56940
26/08/14 00:32:10 INFO TaskSetManager: Finished task 0.0 in stage 52.0 (TID 171) in 32 ms on 172.26.0.12 (executor 0) (1/1)
26/08/14 00:32:10 INFO TaskSchedulerImpl: Removed TaskSet 52.0, whose tasks have all completed, from pool 
26/08/14 00:32:10 INFO DAGScheduler: ResultStage 52 (count at <unknown>:0) finished in 0.040 s
26/08/14 00:32:10 INFO DAGScheduler: Job 28 is finished. Cancelling potential speculative or zombie tasks for this job
26/08/14 00:32:10 INFO TaskSchedulerImpl: Killing all running tasks in stage 52: Stage finished
26/08/14 00:32:10 INFO DAGScheduler: Job 28 finished: count at <unknown>:0, took 0.188144 s
26/08/14 00:32:10 INFO MapPartitionsRDD: Removing RDD 333 from persistence list
26/08/14 00:32:10 INFO BlockManager: Removing RDD 333
26/08/14 00:32:10 INFO SparkContext: Starting job: call at /opt/spark/python/lib/py4j-0.10.9.7-src.zip/py4j/clientserver.py:617
26/08/14 00:32:10 INFO DAGScheduler: Registering RDD 351 (call at /opt/spark/python/lib/py4j-0.10.9.7-src.zip/py4j/clientserver.py:617) as input to shuffle 24
26/08/14 00:32:10 INFO DAGScheduler: Got job 29 (call at /opt/spark/python/lib/py4j-0.10.9.7-src.zip/py4j/clientserver.py:617) with 1 output partitions
26/08/14 00:32:10 INFO DAGScheduler: Final stage: ResultStage 54 (call at /opt/spark/python/lib/py4j-0.10.9.7-src.zip/py4j/clientserver.py:617)
26/08/14 00:32:10 INFO DAGScheduler: Parents of final stage: List(ShuffleMapStage 53)
26/08/14 00:32:10 INFO DAGScheduler: Missing parents: List(ShuffleMapStage 53)
26/08/14 00:32:10 INFO DAGScheduler: Submitting ShuffleMapStage 53 (MapPartitionsRDD[351] at call at /opt/spark/python/lib/py4j-0.10.9.7-src.zip/py4j/clientserver.py:617), which has no missing parents
26/08/14 00:32:10 INFO MemoryStore: Block broadcast_52 stored as values in memory (estimated size 66.1 KiB, free 191.0 MiB)
26/08/14 00:32:10 INFO MemoryStore: Block broadcast_52_piece0 stored as bytes in memory (estimated size 24.7 KiB, free 191.0 MiB)
26/08/14 00:32:10 INFO BlockManagerInfo: Added broadcast_52_piece0 in memory on spark-driver:40807 (size: 24.7 KiB, free: 191.1 MiB)
26/08/14 00:32:10 INFO SparkContext: Created broadcast 52 from broadcast at DAGScheduler.scala:1585
26/08/14 00:32:10 INFO DAGScheduler: Submitting 6 missing tasks from ShuffleMapStage 53 (MapPartitionsRDD[351] at call at /opt/spark/python/lib/py4j-0.10.9.7-src.zip/py4j/clientserver.py:617) (first 15 tasks are for partitions Vector(0, 1, 2, 3, 4, 5))
26/08/14 00:32:10 INFO TaskSchedulerImpl: Adding task set 53.0 with 6 tasks resource profile 0
26/08/14 00:32:10 INFO TaskSetManager: Starting task 0.0 in stage 53.0 (TID 172) (172.26.0.12, executor 0, partition 0, PROCESS_LOCAL, 9921 bytes) 
26/08/14 00:32:10 INFO TaskSetManager: Starting task 2.0 in stage 53.0 (TID 173) (172.26.0.13, executor 1, partition 2, PROCESS_LOCAL, 9921 bytes) 
26/08/14 00:32:10 INFO TaskSetManager: Starting task 1.0 in stage 53.0 (TID 174) (172.26.0.12, executor 0, partition 1, PROCESS_LOCAL, 9921 bytes) 
26/08/14 00:32:10 INFO TaskSetManager: Starting task 3.0 in stage 53.0 (TID 175) (172.26.0.13, executor 1, partition 3, PROCESS_LOCAL, 9921 bytes) 
26/08/14 00:32:10 INFO TaskSetManager: Starting task 5.0 in stage 53.0 (TID 176) (172.26.0.12, executor 0, partition 5, PROCESS_LOCAL, 9921 bytes) 
26/08/14 00:32:10 INFO TaskSetManager: Starting task 4.0 in stage 53.0 (TID 177) (172.26.0.13, executor 1, partition 4, PROCESS_LOCAL, 9921 bytes) 
26/08/14 00:32:10 INFO BlockManagerInfo: Removed broadcast_50_piece0 on spark-driver:40807 in memory (size: 35.3 KiB, free: 191.2 MiB)
26/08/14 00:32:10 INFO BlockManagerInfo: Removed broadcast_50_piece0 on 172.26.0.12:43985 in memory (size: 35.3 KiB, free: 413.0 MiB)
26/08/14 00:32:10 INFO BlockManagerInfo: Removed broadcast_50_piece0 on 172.26.0.13:36721 in memory (size: 35.3 KiB, free: 413.0 MiB)
26/08/14 00:32:10 INFO BlockManagerInfo: Added broadcast_52_piece0 in memory on 172.26.0.12:43985 (size: 24.7 KiB, free: 413.0 MiB)
26/08/14 00:32:10 INFO BlockManagerInfo: Removed broadcast_51_piece0 on spark-driver:40807 in memory (size: 5.9 KiB, free: 191.2 MiB)
26/08/14 00:32:10 INFO BlockManagerInfo: Added broadcast_52_piece0 in memory on 172.26.0.13:36721 (size: 24.7 KiB, free: 412.9 MiB)
26/08/14 00:32:10 INFO BlockManagerInfo: Removed broadcast_51_piece0 on 172.26.0.12:43985 in memory (size: 5.9 KiB, free: 413.0 MiB)
26/08/14 00:32:10 INFO TaskSetManager: Finished task 5.0 in stage 53.0 (TID 176) in 55 ms on 172.26.0.12 (executor 0) (1/6)
26/08/14 00:32:10 INFO TaskSetManager: Finished task 0.0 in stage 53.0 (TID 172) in 60 ms on 172.26.0.12 (executor 0) (2/6)
26/08/14 00:32:10 INFO TaskSetManager: Finished task 1.0 in stage 53.0 (TID 174) in 60 ms on 172.26.0.12 (executor 0) (3/6)
26/08/14 00:32:10 INFO TaskSetManager: Finished task 3.0 in stage 53.0 (TID 175) in 71 ms on 172.26.0.13 (executor 1) (4/6)
26/08/14 00:32:10 INFO TaskSetManager: Finished task 2.0 in stage 53.0 (TID 173) in 72 ms on 172.26.0.13 (executor 1) (5/6)
26/08/14 00:32:10 INFO TaskSetManager: Finished task 4.0 in stage 53.0 (TID 177) in 74 ms on 172.26.0.13 (executor 1) (6/6)
26/08/14 00:32:10 INFO TaskSchedulerImpl: Removed TaskSet 53.0, whose tasks have all completed, from pool 
26/08/14 00:32:10 INFO DAGScheduler: ShuffleMapStage 53 (call at /opt/spark/python/lib/py4j-0.10.9.7-src.zip/py4j/clientserver.py:617) finished in 0.079 s
26/08/14 00:32:10 INFO DAGScheduler: looking for newly runnable stages
26/08/14 00:32:10 INFO DAGScheduler: running: Set()
26/08/14 00:32:10 INFO DAGScheduler: waiting: Set(ResultStage 54)
26/08/14 00:32:10 INFO DAGScheduler: failed: Set()
26/08/14 00:32:10 INFO DAGScheduler: Submitting ResultStage 54 (MapPartitionsRDD[354] at call at /opt/spark/python/lib/py4j-0.10.9.7-src.zip/py4j/clientserver.py:617), which has no missing parents
26/08/14 00:32:10 INFO MemoryStore: Block broadcast_53 stored as values in memory (estimated size 13.1 KiB, free 191.1 MiB)
26/08/14 00:32:10 INFO MemoryStore: Block broadcast_53_piece0 stored as bytes in memory (estimated size 6.1 KiB, free 191.1 MiB)
26/08/14 00:32:10 INFO BlockManagerInfo: Added broadcast_53_piece0 in memory on spark-driver:40807 (size: 6.1 KiB, free: 191.2 MiB)
26/08/14 00:32:10 INFO SparkContext: Created broadcast 53 from broadcast at DAGScheduler.scala:1585
26/08/14 00:32:10 INFO DAGScheduler: Submitting 1 missing tasks from ResultStage 54 (MapPartitionsRDD[354] at call at /opt/spark/python/lib/py4j-0.10.9.7-src.zip/py4j/clientserver.py:617) (first 15 tasks are for partitions Vector(0))
26/08/14 00:32:10 INFO TaskSchedulerImpl: Adding task set 54.0 with 1 tasks resource profile 0
26/08/14 00:32:10 INFO TaskSetManager: Starting task 0.0 in stage 54.0 (TID 178) (172.26.0.13, executor 1, partition 0, NODE_LOCAL, 9003 bytes) 
26/08/14 00:32:10 INFO BlockManagerInfo: Added broadcast_53_piece0 in memory on 172.26.0.13:36721 (size: 6.1 KiB, free: 412.9 MiB)
26/08/14 00:32:10 INFO MapOutputTrackerMasterEndpoint: Asked to send map output locations for shuffle 24 to 172.26.0.13:52190
26/08/14 00:32:10 INFO TaskSetManager: Finished task 0.0 in stage 54.0 (TID 178) in 47 ms on 172.26.0.13 (executor 1) (1/1)
26/08/14 00:32:10 INFO TaskSchedulerImpl: Removed TaskSet 54.0, whose tasks have all completed, from pool 
26/08/14 00:32:10 INFO DAGScheduler: ResultStage 54 (call at /opt/spark/python/lib/py4j-0.10.9.7-src.zip/py4j/clientserver.py:617) finished in 0.051 s
26/08/14 00:32:10 INFO DAGScheduler: Job 29 is finished. Cancelling potential speculative or zombie tasks for this job
26/08/14 00:32:10 INFO TaskSchedulerImpl: Killing all running tasks in stage 54: Stage finished
26/08/14 00:32:10 INFO DAGScheduler: Job 29 finished: call at /opt/spark/python/lib/py4j-0.10.9.7-src.zip/py4j/clientserver.py:617, took 0.134666 s
26/08/14 00:32:10 INFO MapPartitionsRDD: Removing RDD 295 from persistence list
26/08/14 00:32:10 INFO BlockManager: Removing RDD 295
26/08/14 00:32:10 INFO WatermarkTracker: Updating event-time watermark from 1786667403970 to 1786667407902 ms
26/08/14 00:32:10 INFO CheckpointFileManager: Writing atomically to file:/opt/checkpoints/trips/commits/5 using temp file file:/opt/checkpoints/trips/commits/.5.73f7067b-7b1c-4944-8ce3-da322b52dfc6.tmp
26/08/14 00:32:10 INFO CheckpointFileManager: Renamed temp file file:/opt/checkpoints/trips/commits/.5.73f7067b-7b1c-4944-8ce3-da322b52dfc6.tmp to file:/opt/checkpoints/trips/commits/5
26/08/14 00:32:10 INFO MicroBatchExecution: Streaming query made progress: {
  "id" : "9bde9f13-592f-4d70-b0dc-d7da66bf462a",
  "runId" : "047beccd-e00c-422a-ab02-7f7f311f8ed1",
  "name" : "trips-ingest-ab_ab_no_backoff_2",
  "timestamp" : "2026-08-14T00:32:07.960Z",
  "batchId" : 5,
  "numInputRows" : 3117,
  "inputRowsPerSecond" : 801.9037818368922,
  "processedRowsPerSecond" : 1086.8200836820083,
  "durationMs" : {
    "addBatch" : 2739,
    "commitOffsets" : 50,
    "getBatch" : 0,
    "latestOffset" : 11,
    "queryPlanning" : 28,
    "triggerExecution" : 2868,
    "walCommit" : 36
  },
  "eventTime" : {
    "avg" : "2026-08-14T00:32:04.520Z",
    "max" : "2026-08-14T00:32:07.902Z",
    "min" : "2026-08-14T00:32:01.117Z",
    "watermark" : "2026-08-14T00:30:03.970Z"
  },
  "stateOperators" : [ ],
  "sources" : [ {
    "description" : "KafkaV2[Subscribe[trips.raw]]",
    "startOffset" : {
      "trips.raw" : {
        "2" : 290947,
        "5" : 288907,
        "4" : 290656,
        "1" : 290245,
        "3" : 290259,
        "0" : 290452
      }
    },
    "endOffset" : {
      "trips.raw" : {
        "2" : 291464,
        "5" : 289416,
        "4" : 291154,
        "1" : 290812,
        "3" : 290756,
        "0" : 290981
      }
    },
    "latestOffset" : {
      "trips.raw" : {
        "2" : 291464,
        "5" : 289416,
        "4" : 291154,
        "1" : 290812,
        "3" : 290756,
        "0" : 290981
      }
    },
    "numInputRows" : 3117,
    "inputRowsPerSecond" : 801.9037818368922,
    "processedRowsPerSecond" : 1086.8200836820083,
    "metrics" : {
      "avgOffsetsBehindLatest" : "0.0",
      "maxOffsetsBehindLatest" : "0",
      "minOffsetsBehindLatest" : "0"
    }
  } ],
  "sink" : {
    "description" : "ForeachBatchSink",
    "numOutputRows" : -1
  }
}
26/08/14 00:32:10 INFO CheckpointFileManager: Writing atomically to file:/opt/checkpoints/trips/offsets/6 using temp file file:/opt/checkpoints/trips/offsets/.6.56aa1cc0-91c8-4bdd-a3fc-f7b764819d74.tmp
26/08/14 00:32:10 INFO CheckpointFileManager: Renamed temp file file:/opt/checkpoints/trips/offsets/.6.56aa1cc0-91c8-4bdd-a3fc-f7b764819d74.tmp to file:/opt/checkpoints/trips/offsets/6
26/08/14 00:32:10 INFO MicroBatchExecution: Committed offsets for batch 6. Metadata OffsetSeqMetadata(1786667407902,1786667530847,Map(spark.sql.streaming.stateStore.providerClass -> org.apache.spark.sql.execution.streaming.state.HDFSBackedStateStoreProvider, spark.sql.streaming.join.stateFormatVersion -> 2, spark.sql.streaming.stateStore.compression.codec -> lz4, spark.sql.streaming.stateStore.rocksdb.formatVersion -> 5, spark.sql.streaming.statefulOperator.useStrictDistribution -> true, spark.sql.streaming.flatMapGroupsWithState.stateFormatVersion -> 2, spark.sql.streaming.multipleWatermarkPolicy -> min, spark.sql.streaming.aggregation.stateFormatVersion -> 2, spark.sql.shuffle.partitions -> 6))
26/08/14 00:32:10 INFO KafkaOffsetReaderAdmin: Partitions added: Map()
26/08/14 00:32:10 INFO KafkaOffsetReaderAdmin: Partitions added: Map()
26/08/14 00:32:10 INFO KafkaOffsetReaderAdmin: Partitions added: Map()
26/08/14 00:32:10 INFO KafkaOffsetReaderAdmin: Partitions added: Map()
2026-08-14 00:32:10,898 INFO  [stream] Received command c on object id p0
26/08/14 00:32:10 INFO BlockManagerInfo: Removed broadcast_52_piece0 on spark-driver:40807 in memory (size: 24.7 KiB, free: 191.2 MiB)
26/08/14 00:32:10 INFO BlockManagerInfo: Removed broadcast_52_piece0 on 172.26.0.12:43985 in memory (size: 24.7 KiB, free: 413.9 MiB)
26/08/14 00:32:10 INFO BlockManagerInfo: Removed broadcast_52_piece0 on 172.26.0.13:36721 in memory (size: 24.7 KiB, free: 413.9 MiB)
26/08/14 00:32:10 INFO SparkContext: Starting job: count at <unknown>:0
26/08/14 00:32:10 INFO DAGScheduler: Registering RDD 369 (count at <unknown>:0) as input to shuffle 25
26/08/14 00:32:10 INFO DAGScheduler: Got job 30 (count at <unknown>:0) with 1 output partitions
26/08/14 00:32:10 INFO DAGScheduler: Final stage: ResultStage 56 (count at <unknown>:0)
26/08/14 00:32:10 INFO DAGScheduler: Parents of final stage: List(ShuffleMapStage 55)
26/08/14 00:32:10 INFO DAGScheduler: Missing parents: List(ShuffleMapStage 55)
26/08/14 00:32:10 INFO BlockManagerInfo: Removed broadcast_53_piece0 on spark-driver:40807 in memory (size: 6.1 KiB, free: 191.2 MiB)
26/08/14 00:32:10 INFO DAGScheduler: Submitting ShuffleMapStage 55 (MapPartitionsRDD[369] at count at <unknown>:0), which has no missing parents
26/08/14 00:32:10 INFO BlockManagerInfo: Removed broadcast_53_piece0 on 172.26.0.13:36721 in memory (size: 6.1 KiB, free: 413.9 MiB)
26/08/14 00:32:10 INFO MemoryStore: Block broadcast_54 stored as values in memory (estimated size 64.6 KiB, free 191.1 MiB)
26/08/14 00:32:10 INFO MemoryStore: Block broadcast_54_piece0 stored as bytes in memory (estimated size 24.1 KiB, free 191.1 MiB)
26/08/14 00:32:10 INFO BlockManagerInfo: Added broadcast_54_piece0 in memory on spark-driver:40807 (size: 24.1 KiB, free: 191.2 MiB)
26/08/14 00:32:10 INFO SparkContext: Created broadcast 54 from broadcast at DAGScheduler.scala:1585
26/08/14 00:32:10 INFO DAGScheduler: Submitting 6 missing tasks from ShuffleMapStage 55 (MapPartitionsRDD[369] at count at <unknown>:0) (first 15 tasks are for partitions Vector(0, 1, 2, 3, 4, 5))
26/08/14 00:32:10 INFO TaskSchedulerImpl: Adding task set 55.0 with 6 tasks resource profile 0
26/08/14 00:32:10 INFO TaskSetManager: Starting task 0.0 in stage 55.0 (TID 179) (172.26.0.12, executor 0, partition 0, PROCESS_LOCAL, 9921 bytes) 
26/08/14 00:32:10 INFO TaskSetManager: Starting task 2.0 in stage 55.0 (TID 180) (172.26.0.13, executor 1, partition 2, PROCESS_LOCAL, 9921 bytes) 
26/08/14 00:32:10 INFO TaskSetManager: Starting task 1.0 in stage 55.0 (TID 181) (172.26.0.12, executor 0, partition 1, PROCESS_LOCAL, 9921 bytes) 
26/08/14 00:32:10 INFO TaskSetManager: Starting task 3.0 in stage 55.0 (TID 182) (172.26.0.13, executor 1, partition 3, PROCESS_LOCAL, 9921 bytes) 
26/08/14 00:32:10 INFO TaskSetManager: Starting task 5.0 in stage 55.0 (TID 183) (172.26.0.12, executor 0, partition 5, PROCESS_LOCAL, 9921 bytes) 
26/08/14 00:32:10 INFO TaskSetManager: Starting task 4.0 in stage 55.0 (TID 184) (172.26.0.13, executor 1, partition 4, PROCESS_LOCAL, 9921 bytes) 
26/08/14 00:32:10 INFO BlockManagerInfo: Added broadcast_54_piece0 in memory on 172.26.0.13:36721 (size: 24.1 KiB, free: 413.9 MiB)
26/08/14 00:32:10 INFO BlockManagerInfo: Added broadcast_54_piece0 in memory on 172.26.0.12:43985 (size: 24.1 KiB, free: 413.9 MiB)
26/08/14 00:32:11 INFO BlockManagerInfo: Added rdd_364_0 in memory on 172.26.0.12:43985 (size: 248.2 KiB, free: 413.7 MiB)
26/08/14 00:32:11 INFO BlockManagerInfo: Added rdd_364_5 in memory on 172.26.0.12:43985 (size: 253.1 KiB, free: 413.4 MiB)
26/08/14 00:32:11 INFO BlockManagerInfo: Added rdd_364_3 in memory on 172.26.0.13:36721 (size: 236.6 KiB, free: 413.7 MiB)
26/08/14 00:32:11 INFO TaskSetManager: Finished task 3.0 in stage 55.0 (TID 182) in 129 ms on 172.26.0.13 (executor 1) (1/6)
26/08/14 00:32:11 INFO BlockManagerInfo: Added rdd_364_1 in memory on 172.26.0.12:43985 (size: 242.1 KiB, free: 413.2 MiB)
26/08/14 00:32:11 INFO BlockManagerInfo: Added rdd_364_4 in memory on 172.26.0.13:36721 (size: 218.4 KiB, free: 413.5 MiB)
26/08/14 00:32:11 INFO TaskSetManager: Finished task 5.0 in stage 55.0 (TID 183) in 139 ms on 172.26.0.12 (executor 0) (2/6)
26/08/14 00:32:11 INFO TaskSetManager: Finished task 0.0 in stage 55.0 (TID 179) in 141 ms on 172.26.0.12 (executor 0) (3/6)
26/08/14 00:32:11 INFO BlockManagerInfo: Added rdd_364_2 in memory on 172.26.0.13:36721 (size: 234.8 KiB, free: 413.2 MiB)
26/08/14 00:32:11 INFO TaskSetManager: Finished task 1.0 in stage 55.0 (TID 181) in 143 ms on 172.26.0.12 (executor 0) (4/6)
26/08/14 00:32:11 INFO TaskSetManager: Finished task 4.0 in stage 55.0 (TID 184) in 147 ms on 172.26.0.13 (executor 1) (5/6)
26/08/14 00:32:11 INFO TaskSetManager: Finished task 2.0 in stage 55.0 (TID 180) in 153 ms on 172.26.0.13 (executor 1) (6/6)
26/08/14 00:32:11 INFO TaskSchedulerImpl: Removed TaskSet 55.0, whose tasks have all completed, from pool 
26/08/14 00:32:11 INFO DAGScheduler: ShuffleMapStage 55 (count at <unknown>:0) finished in 0.159 s
26/08/14 00:32:11 INFO DAGScheduler: looking for newly runnable stages
26/08/14 00:32:11 INFO DAGScheduler: running: Set()
26/08/14 00:32:11 INFO DAGScheduler: waiting: Set(ResultStage 56)
26/08/14 00:32:11 INFO DAGScheduler: failed: Set()
26/08/14 00:32:11 INFO DAGScheduler: Submitting ResultStage 56 (MapPartitionsRDD[372] at count at <unknown>:0), which has no missing parents
26/08/14 00:32:11 INFO MemoryStore: Block broadcast_55 stored as values in memory (estimated size 12.5 KiB, free 191.1 MiB)
26/08/14 00:32:11 INFO MemoryStore: Block broadcast_55_piece0 stored as bytes in memory (estimated size 5.9 KiB, free 191.1 MiB)
26/08/14 00:32:11 INFO BlockManagerInfo: Added broadcast_55_piece0 in memory on spark-driver:40807 (size: 5.9 KiB, free: 191.2 MiB)
26/08/14 00:32:11 INFO SparkContext: Created broadcast 55 from broadcast at DAGScheduler.scala:1585
26/08/14 00:32:11 INFO DAGScheduler: Submitting 1 missing tasks from ResultStage 56 (MapPartitionsRDD[372] at count at <unknown>:0) (first 15 tasks are for partitions Vector(0))
26/08/14 00:32:11 INFO TaskSchedulerImpl: Adding task set 56.0 with 1 tasks resource profile 0
26/08/14 00:32:11 INFO TaskSetManager: Starting task 0.0 in stage 56.0 (TID 185) (172.26.0.12, executor 0, partition 0, NODE_LOCAL, 9003 bytes) 
26/08/14 00:32:11 INFO BlockManagerInfo: Added broadcast_55_piece0 in memory on 172.26.0.12:43985 (size: 5.9 KiB, free: 413.2 MiB)
26/08/14 00:32:11 INFO MapOutputTrackerMasterEndpoint: Asked to send map output locations for shuffle 25 to 172.26.0.12:56940
26/08/14 00:32:11 INFO TaskSetManager: Finished task 0.0 in stage 56.0 (TID 185) in 27 ms on 172.26.0.12 (executor 0) (1/1)
26/08/14 00:32:11 INFO TaskSchedulerImpl: Removed TaskSet 56.0, whose tasks have all completed, from pool 
26/08/14 00:32:11 INFO DAGScheduler: ResultStage 56 (count at <unknown>:0) finished in 0.031 s
26/08/14 00:32:11 INFO DAGScheduler: Job 30 is finished. Cancelling potential speculative or zombie tasks for this job
26/08/14 00:32:11 INFO TaskSchedulerImpl: Killing all running tasks in stage 56: Stage finished
26/08/14 00:32:11 INFO DAGScheduler: Job 30 finished: count at <unknown>:0, took 0.196321 s
26/08/14 00:32:11 INFO SparkContext: Starting job: count at <unknown>:0
26/08/14 00:32:11 INFO DAGScheduler: Registering RDD 377 (count at <unknown>:0) as input to shuffle 26
26/08/14 00:32:11 INFO DAGScheduler: Got job 31 (count at <unknown>:0) with 1 output partitions
26/08/14 00:32:11 INFO DAGScheduler: Final stage: ResultStage 58 (count at <unknown>:0)
26/08/14 00:32:11 INFO DAGScheduler: Parents of final stage: List(ShuffleMapStage 57)
26/08/14 00:32:11 INFO DAGScheduler: Missing parents: List(ShuffleMapStage 57)
26/08/14 00:32:11 INFO DAGScheduler: Submitting ShuffleMapStage 57 (MapPartitionsRDD[377] at count at <unknown>:0), which has no missing parents
26/08/14 00:32:11 INFO MemoryStore: Block broadcast_56 stored as values in memory (estimated size 64.9 KiB, free 191.0 MiB)
26/08/14 00:32:11 INFO MemoryStore: Block broadcast_56_piece0 stored as bytes in memory (estimated size 24.2 KiB, free 191.0 MiB)
26/08/14 00:32:11 INFO BlockManagerInfo: Added broadcast_56_piece0 in memory on spark-driver:40807 (size: 24.2 KiB, free: 191.2 MiB)
26/08/14 00:32:11 INFO SparkContext: Created broadcast 56 from broadcast at DAGScheduler.scala:1585
26/08/14 00:32:11 INFO DAGScheduler: Submitting 6 missing tasks from ShuffleMapStage 57 (MapPartitionsRDD[377] at count at <unknown>:0) (first 15 tasks are for partitions Vector(0, 1, 2, 3, 4, 5))
26/08/14 00:32:11 INFO TaskSchedulerImpl: Adding task set 57.0 with 6 tasks resource profile 0
26/08/14 00:32:11 INFO TaskSetManager: Starting task 0.0 in stage 57.0 (TID 186) (172.26.0.12, executor 0, partition 0, PROCESS_LOCAL, 9921 bytes) 
26/08/14 00:32:11 INFO TaskSetManager: Starting task 2.0 in stage 57.0 (TID 187) (172.26.0.13, executor 1, partition 2, PROCESS_LOCAL, 9921 bytes) 
26/08/14 00:32:11 INFO TaskSetManager: Starting task 1.0 in stage 57.0 (TID 188) (172.26.0.12, executor 0, partition 1, PROCESS_LOCAL, 9921 bytes) 
26/08/14 00:32:11 INFO TaskSetManager: Starting task 3.0 in stage 57.0 (TID 189) (172.26.0.13, executor 1, partition 3, PROCESS_LOCAL, 9921 bytes) 
26/08/14 00:32:11 INFO TaskSetManager: Starting task 5.0 in stage 57.0 (TID 190) (172.26.0.12, executor 0, partition 5, PROCESS_LOCAL, 9921 bytes) 
26/08/14 00:32:11 INFO TaskSetManager: Starting task 4.0 in stage 57.0 (TID 191) (172.26.0.13, executor 1, partition 4, PROCESS_LOCAL, 9921 bytes) 
26/08/14 00:32:11 INFO BlockManagerInfo: Removed broadcast_55_piece0 on spark-driver:40807 in memory (size: 5.9 KiB, free: 191.2 MiB)
26/08/14 00:32:11 INFO BlockManagerInfo: Removed broadcast_55_piece0 on 172.26.0.12:43985 in memory (size: 5.9 KiB, free: 413.2 MiB)
26/08/14 00:32:11 INFO BlockManagerInfo: Removed broadcast_54_piece0 on spark-driver:40807 in memory (size: 24.1 KiB, free: 191.2 MiB)
26/08/14 00:32:11 INFO BlockManagerInfo: Removed broadcast_54_piece0 on 172.26.0.12:43985 in memory (size: 24.1 KiB, free: 413.2 MiB)
26/08/14 00:32:11 INFO BlockManagerInfo: Added broadcast_56_piece0 in memory on 172.26.0.12:43985 (size: 24.2 KiB, free: 413.2 MiB)
26/08/14 00:32:11 INFO BlockManagerInfo: Removed broadcast_54_piece0 on 172.26.0.13:36721 in memory (size: 24.1 KiB, free: 413.3 MiB)
26/08/14 00:32:11 INFO BlockManagerInfo: Added broadcast_56_piece0 in memory on 172.26.0.13:36721 (size: 24.2 KiB, free: 413.2 MiB)
26/08/14 00:32:11 INFO TaskSetManager: Finished task 5.0 in stage 57.0 (TID 190) in 19 ms on 172.26.0.12 (executor 0) (1/6)
26/08/14 00:32:11 INFO TaskSetManager: Finished task 1.0 in stage 57.0 (TID 188) in 21 ms on 172.26.0.12 (executor 0) (2/6)
26/08/14 00:32:11 INFO TaskSetManager: Finished task 0.0 in stage 57.0 (TID 186) in 22 ms on 172.26.0.12 (executor 0) (3/6)
26/08/14 00:32:11 INFO TaskSetManager: Finished task 4.0 in stage 57.0 (TID 191) in 25 ms on 172.26.0.13 (executor 1) (4/6)
26/08/14 00:32:11 INFO TaskSetManager: Finished task 2.0 in stage 57.0 (TID 187) in 34 ms on 172.26.0.13 (executor 1) (5/6)
26/08/14 00:32:11 INFO TaskSetManager: Finished task 3.0 in stage 57.0 (TID 189) in 36 ms on 172.26.0.13 (executor 1) (6/6)
26/08/14 00:32:11 INFO TaskSchedulerImpl: Removed TaskSet 57.0, whose tasks have all completed, from pool 
26/08/14 00:32:11 INFO DAGScheduler: ShuffleMapStage 57 (count at <unknown>:0) finished in 0.048 s
26/08/14 00:32:11 INFO DAGScheduler: looking for newly runnable stages
26/08/14 00:32:11 INFO DAGScheduler: running: Set()
26/08/14 00:32:11 INFO DAGScheduler: waiting: Set(ResultStage 58)
26/08/14 00:32:11 INFO DAGScheduler: failed: Set()
26/08/14 00:32:11 INFO DAGScheduler: Submitting ResultStage 58 (MapPartitionsRDD[380] at count at <unknown>:0), which has no missing parents
26/08/14 00:32:11 INFO MemoryStore: Block broadcast_57 stored as values in memory (estimated size 12.5 KiB, free 191.1 MiB)
26/08/14 00:32:11 INFO MemoryStore: Block broadcast_57_piece0 stored as bytes in memory (estimated size 5.9 KiB, free 191.1 MiB)
26/08/14 00:32:11 INFO BlockManagerInfo: Added broadcast_57_piece0 in memory on spark-driver:40807 (size: 5.9 KiB, free: 191.2 MiB)
26/08/14 00:32:11 INFO SparkContext: Created broadcast 57 from broadcast at DAGScheduler.scala:1585
26/08/14 00:32:11 INFO DAGScheduler: Submitting 1 missing tasks from ResultStage 58 (MapPartitionsRDD[380] at count at <unknown>:0) (first 15 tasks are for partitions Vector(0))
26/08/14 00:32:11 INFO TaskSchedulerImpl: Adding task set 58.0 with 1 tasks resource profile 0
26/08/14 00:32:11 INFO TaskSetManager: Starting task 0.0 in stage 58.0 (TID 192) (172.26.0.13, executor 1, partition 0, NODE_LOCAL, 9003 bytes) 
26/08/14 00:32:11 INFO BlockManagerInfo: Added broadcast_57_piece0 in memory on 172.26.0.13:36721 (size: 5.9 KiB, free: 413.2 MiB)
26/08/14 00:32:11 INFO MapOutputTrackerMasterEndpoint: Asked to send map output locations for shuffle 26 to 172.26.0.13:52190
26/08/14 00:32:11 INFO TaskSetManager: Finished task 0.0 in stage 58.0 (TID 192) in 19 ms on 172.26.0.13 (executor 1) (1/1)
26/08/14 00:32:11 INFO TaskSchedulerImpl: Removed TaskSet 58.0, whose tasks have all completed, from pool 
26/08/14 00:32:11 INFO DAGScheduler: ResultStage 58 (count at <unknown>:0) finished in 0.023 s
26/08/14 00:32:11 INFO DAGScheduler: Job 31 is finished. Cancelling potential speculative or zombie tasks for this job
26/08/14 00:32:11 INFO TaskSchedulerImpl: Killing all running tasks in stage 58: Stage finished
26/08/14 00:32:11 INFO DAGScheduler: Job 31 finished: count at <unknown>:0, took 0.074450 s
26/08/14 00:32:11 INFO CodeGenerator: Code generated in 12.271667 ms
26/08/14 00:32:11 INFO DefaultCachedBatchSerializer: Predicate isnotnull(event_time#89-T120000ms) generates partition filter: ((event_time.count#18929 - event_time.nullCount#18928) > 0)
26/08/14 00:32:11 INFO DefaultCachedBatchSerializer: Predicate (event_time#89-T120000ms < 2026-08-14 00:30:07.902) generates partition filter: (event_time.lowerBound#18927 < 2026-08-14 00:30:07.902)
26/08/14 00:32:11 INFO SparkContext: Starting job: count at <unknown>:0
26/08/14 00:32:11 INFO DAGScheduler: Registering RDD 385 (count at <unknown>:0) as input to shuffle 27
26/08/14 00:32:11 INFO DAGScheduler: Got job 32 (count at <unknown>:0) with 1 output partitions
26/08/14 00:32:11 INFO DAGScheduler: Final stage: ResultStage 60 (count at <unknown>:0)
26/08/14 00:32:11 INFO DAGScheduler: Parents of final stage: List(ShuffleMapStage 59)
26/08/14 00:32:11 INFO DAGScheduler: Missing parents: List(ShuffleMapStage 59)
26/08/14 00:32:11 INFO DAGScheduler: Submitting ShuffleMapStage 59 (MapPartitionsRDD[385] at count at <unknown>:0), which has no missing parents
26/08/14 00:32:11 INFO MemoryStore: Block broadcast_58 stored as values in memory (estimated size 67.2 KiB, free 191.0 MiB)
26/08/14 00:32:11 INFO MemoryStore: Block broadcast_58_piece0 stored as bytes in memory (estimated size 25.6 KiB, free 191.0 MiB)
26/08/14 00:32:11 INFO BlockManagerInfo: Added broadcast_58_piece0 in memory on spark-driver:40807 (size: 25.6 KiB, free: 191.2 MiB)
26/08/14 00:32:11 INFO SparkContext: Created broadcast 58 from broadcast at DAGScheduler.scala:1585
26/08/14 00:32:11 INFO DAGScheduler: Submitting 6 missing tasks from ShuffleMapStage 59 (MapPartitionsRDD[385] at count at <unknown>:0) (first 15 tasks are for partitions Vector(0, 1, 2, 3, 4, 5))
26/08/14 00:32:11 INFO TaskSchedulerImpl: Adding task set 59.0 with 6 tasks resource profile 0
26/08/14 00:32:11 INFO TaskSetManager: Starting task 0.0 in stage 59.0 (TID 193) (172.26.0.12, executor 0, partition 0, PROCESS_LOCAL, 9921 bytes) 
26/08/14 00:32:11 INFO TaskSetManager: Starting task 2.0 in stage 59.0 (TID 194) (172.26.0.13, executor 1, partition 2, PROCESS_LOCAL, 9921 bytes) 
26/08/14 00:32:11 INFO TaskSetManager: Starting task 1.0 in stage 59.0 (TID 195) (172.26.0.12, executor 0, partition 1, PROCESS_LOCAL, 9921 bytes) 
26/08/14 00:32:11 INFO TaskSetManager: Starting task 3.0 in stage 59.0 (TID 196) (172.26.0.13, executor 1, partition 3, PROCESS_LOCAL, 9921 bytes) 
26/08/14 00:32:11 INFO TaskSetManager: Starting task 5.0 in stage 59.0 (TID 197) (172.26.0.12, executor 0, partition 5, PROCESS_LOCAL, 9921 bytes) 
26/08/14 00:32:11 INFO TaskSetManager: Starting task 4.0 in stage 59.0 (TID 198) (172.26.0.13, executor 1, partition 4, PROCESS_LOCAL, 9921 bytes) 
26/08/14 00:32:11 INFO BlockManagerInfo: Added broadcast_58_piece0 in memory on 172.26.0.12:43985 (size: 25.6 KiB, free: 413.2 MiB)
26/08/14 00:32:11 INFO BlockManagerInfo: Added broadcast_58_piece0 in memory on 172.26.0.13:36721 (size: 25.6 KiB, free: 413.2 MiB)
26/08/14 00:32:11 INFO TaskSetManager: Finished task 3.0 in stage 59.0 (TID 196) in 33 ms on 172.26.0.13 (executor 1) (1/6)
26/08/14 00:32:11 INFO TaskSetManager: Finished task 2.0 in stage 59.0 (TID 194) in 33 ms on 172.26.0.13 (executor 1) (2/6)
26/08/14 00:32:11 INFO TaskSetManager: Finished task 4.0 in stage 59.0 (TID 198) in 35 ms on 172.26.0.13 (executor 1) (3/6)
26/08/14 00:32:11 INFO TaskSetManager: Finished task 5.0 in stage 59.0 (TID 197) in 40 ms on 172.26.0.12 (executor 0) (4/6)
26/08/14 00:32:11 INFO TaskSetManager: Finished task 1.0 in stage 59.0 (TID 195) in 40 ms on 172.26.0.12 (executor 0) (5/6)
26/08/14 00:32:11 INFO TaskSetManager: Finished task 0.0 in stage 59.0 (TID 193) in 40 ms on 172.26.0.12 (executor 0) (6/6)
26/08/14 00:32:11 INFO TaskSchedulerImpl: Removed TaskSet 59.0, whose tasks have all completed, from pool 
26/08/14 00:32:11 INFO DAGScheduler: ShuffleMapStage 59 (count at <unknown>:0) finished in 0.046 s
26/08/14 00:32:11 INFO DAGScheduler: looking for newly runnable stages
26/08/14 00:32:11 INFO DAGScheduler: running: Set()
26/08/14 00:32:11 INFO DAGScheduler: waiting: Set(ResultStage 60)
26/08/14 00:32:11 INFO DAGScheduler: failed: Set()
26/08/14 00:32:11 INFO DAGScheduler: Submitting ResultStage 60 (MapPartitionsRDD[388] at count at <unknown>:0), which has no missing parents
26/08/14 00:32:11 INFO MemoryStore: Block broadcast_59 stored as values in memory (estimated size 12.5 KiB, free 191.0 MiB)
26/08/14 00:32:11 INFO MemoryStore: Block broadcast_59_piece0 stored as bytes in memory (estimated size 5.9 KiB, free 191.0 MiB)
26/08/14 00:32:11 INFO BlockManagerInfo: Added broadcast_59_piece0 in memory on spark-driver:40807 (size: 5.9 KiB, free: 191.2 MiB)
26/08/14 00:32:11 INFO SparkContext: Created broadcast 59 from broadcast at DAGScheduler.scala:1585
26/08/14 00:32:11 INFO DAGScheduler: Submitting 1 missing tasks from ResultStage 60 (MapPartitionsRDD[388] at count at <unknown>:0) (first 15 tasks are for partitions Vector(0))
26/08/14 00:32:11 INFO TaskSchedulerImpl: Adding task set 60.0 with 1 tasks resource profile 0
26/08/14 00:32:11 INFO BlockManagerInfo: Removed broadcast_57_piece0 on spark-driver:40807 in memory (size: 5.9 KiB, free: 191.2 MiB)
26/08/14 00:32:11 INFO TaskSetManager: Starting task 0.0 in stage 60.0 (TID 199) (172.26.0.12, executor 0, partition 0, NODE_LOCAL, 9003 bytes) 
26/08/14 00:32:11 INFO BlockManagerInfo: Removed broadcast_57_piece0 on 172.26.0.13:36721 in memory (size: 5.9 KiB, free: 413.2 MiB)
26/08/14 00:32:11 INFO BlockManagerInfo: Removed broadcast_56_piece0 on spark-driver:40807 in memory (size: 24.2 KiB, free: 191.2 MiB)
26/08/14 00:32:11 INFO BlockManagerInfo: Removed broadcast_56_piece0 on 172.26.0.12:43985 in memory (size: 24.2 KiB, free: 413.2 MiB)
26/08/14 00:32:11 INFO BlockManagerInfo: Removed broadcast_56_piece0 on 172.26.0.13:36721 in memory (size: 24.2 KiB, free: 413.2 MiB)
26/08/14 00:32:11 INFO BlockManagerInfo: Added broadcast_59_piece0 in memory on 172.26.0.12:43985 (size: 5.9 KiB, free: 413.2 MiB)
26/08/14 00:32:11 INFO MapOutputTrackerMasterEndpoint: Asked to send map output locations for shuffle 27 to 172.26.0.12:56940
26/08/14 00:32:11 INFO TaskSetManager: Finished task 0.0 in stage 60.0 (TID 199) in 16 ms on 172.26.0.12 (executor 0) (1/1)
26/08/14 00:32:11 INFO TaskSchedulerImpl: Removed TaskSet 60.0, whose tasks have all completed, from pool 
26/08/14 00:32:11 INFO DAGScheduler: ResultStage 60 (count at <unknown>:0) finished in 0.026 s
26/08/14 00:32:11 INFO DAGScheduler: Job 32 is finished. Cancelling potential speculative or zombie tasks for this job
26/08/14 00:32:11 INFO TaskSchedulerImpl: Killing all running tasks in stage 60: Stage finished
26/08/14 00:32:11 INFO DAGScheduler: Job 32 finished: count at <unknown>:0, took 0.077893 s
26/08/14 00:32:11 INFO DefaultCachedBatchSerializer: Predicate isnotnull(kind#19486) generates partition filter: ((kind.count#19555 - kind.nullCount#19554) > 0)
26/08/14 00:32:11 INFO DefaultCachedBatchSerializer: Predicate (kind#19486 = stats) generates partition filter: ((kind.lowerBound#19553 <= stats) AND (stats <= kind.upperBound#19552))
26/08/14 00:32:11 INFO SparkContext: Starting job: call at /opt/spark/python/lib/py4j-0.10.9.7-src.zip/py4j/clientserver.py:617
26/08/14 00:32:11 INFO DAGScheduler: Got job 33 (call at /opt/spark/python/lib/py4j-0.10.9.7-src.zip/py4j/clientserver.py:617) with 6 output partitions
26/08/14 00:32:11 INFO DAGScheduler: Final stage: ResultStage 61 (call at /opt/spark/python/lib/py4j-0.10.9.7-src.zip/py4j/clientserver.py:617)
26/08/14 00:32:11 INFO DAGScheduler: Parents of final stage: List()
26/08/14 00:32:11 INFO DAGScheduler: Missing parents: List()
26/08/14 00:32:11 INFO DAGScheduler: Submitting ResultStage 61 (MapPartitionsRDD[407] at call at /opt/spark/python/lib/py4j-0.10.9.7-src.zip/py4j/clientserver.py:617), which has no missing parents
26/08/14 00:32:11 INFO MemoryStore: Block broadcast_60 stored as values in memory (estimated size 90.0 KiB, free 191.0 MiB)
26/08/14 00:32:11 INFO MemoryStore: Block broadcast_60_piece0 stored as bytes in memory (estimated size 34.0 KiB, free 191.0 MiB)
26/08/14 00:32:11 INFO BlockManagerInfo: Added broadcast_60_piece0 in memory on spark-driver:40807 (size: 34.0 KiB, free: 191.1 MiB)
26/08/14 00:32:11 INFO SparkContext: Created broadcast 60 from broadcast at DAGScheduler.scala:1585
26/08/14 00:32:11 INFO DAGScheduler: Submitting 6 missing tasks from ResultStage 61 (MapPartitionsRDD[407] at call at /opt/spark/python/lib/py4j-0.10.9.7-src.zip/py4j/clientserver.py:617) (first 15 tasks are for partitions Vector(0, 1, 2, 3, 4, 5))
26/08/14 00:32:11 INFO TaskSchedulerImpl: Adding task set 61.0 with 6 tasks resource profile 0
26/08/14 00:32:11 INFO TaskSetManager: Starting task 0.0 in stage 61.0 (TID 200) (172.26.0.12, executor 0, partition 0, PROCESS_LOCAL, 9932 bytes) 
26/08/14 00:32:11 INFO TaskSetManager: Starting task 2.0 in stage 61.0 (TID 201) (172.26.0.13, executor 1, partition 2, PROCESS_LOCAL, 9932 bytes) 
26/08/14 00:32:11 INFO TaskSetManager: Starting task 1.0 in stage 61.0 (TID 202) (172.26.0.12, executor 0, partition 1, PROCESS_LOCAL, 9932 bytes) 
26/08/14 00:32:11 INFO TaskSetManager: Starting task 3.0 in stage 61.0 (TID 203) (172.26.0.13, executor 1, partition 3, PROCESS_LOCAL, 9932 bytes) 
26/08/14 00:32:11 INFO TaskSetManager: Starting task 5.0 in stage 61.0 (TID 204) (172.26.0.12, executor 0, partition 5, PROCESS_LOCAL, 9932 bytes) 
26/08/14 00:32:11 INFO TaskSetManager: Starting task 4.0 in stage 61.0 (TID 205) (172.26.0.13, executor 1, partition 4, PROCESS_LOCAL, 9932 bytes) 
26/08/14 00:32:11 INFO BlockManagerInfo: Added broadcast_60_piece0 in memory on 172.26.0.13:36721 (size: 34.0 KiB, free: 413.2 MiB)
26/08/14 00:32:11 INFO BlockManagerInfo: Added broadcast_60_piece0 in memory on 172.26.0.12:43985 (size: 34.0 KiB, free: 413.1 MiB)
26/08/14 00:32:12 INFO BlockManagerInfo: Added rdd_402_0 in memory on 172.26.0.12:43985 (size: 1808.0 B, free: 413.1 MiB)
26/08/14 00:32:12 INFO BlockManagerInfo: Added rdd_402_4 in memory on 172.26.0.13:36721 (size: 1808.0 B, free: 413.2 MiB)
26/08/14 00:32:12 INFO BlockManagerInfo: Added rdd_402_3 in memory on 172.26.0.13:36721 (size: 1808.0 B, free: 413.2 MiB)
26/08/14 00:32:12 INFO BlockManagerInfo: Added rdd_402_2 in memory on 172.26.0.13:36721 (size: 1808.0 B, free: 413.2 MiB)
26/08/14 00:32:12 INFO BlockManagerInfo: Added rdd_402_1 in memory on 172.26.0.12:43985 (size: 1792.0 B, free: 413.1 MiB)
26/08/14 00:32:12 INFO BlockManagerInfo: Added rdd_402_5 in memory on 172.26.0.12:43985 (size: 1808.0 B, free: 413.1 MiB)
26/08/14 00:32:12 INFO TaskSetManager: Finished task 5.0 in stage 61.0 (TID 204) in 1119 ms on 172.26.0.12 (executor 0) (1/6)
26/08/14 00:32:12 INFO TaskSetManager: Finished task 1.0 in stage 61.0 (TID 202) in 1122 ms on 172.26.0.12 (executor 0) (2/6)
26/08/14 00:32:12 INFO TaskSetManager: Finished task 4.0 in stage 61.0 (TID 205) in 1128 ms on 172.26.0.13 (executor 1) (3/6)
26/08/14 00:32:12 INFO TaskSetManager: Finished task 3.0 in stage 61.0 (TID 203) in 1129 ms on 172.26.0.13 (executor 1) (4/6)
26/08/14 00:32:12 INFO TaskSetManager: Finished task 0.0 in stage 61.0 (TID 200) in 1131 ms on 172.26.0.12 (executor 0) (5/6)
26/08/14 00:32:12 INFO TaskSetManager: Finished task 2.0 in stage 61.0 (TID 201) in 1133 ms on 172.26.0.13 (executor 1) (6/6)
26/08/14 00:32:12 INFO TaskSchedulerImpl: Removed TaskSet 61.0, whose tasks have all completed, from pool 
26/08/14 00:32:12 INFO DAGScheduler: ResultStage 61 (call at /opt/spark/python/lib/py4j-0.10.9.7-src.zip/py4j/clientserver.py:617) finished in 1.142 s
26/08/14 00:32:12 INFO DAGScheduler: Job 33 is finished. Cancelling potential speculative or zombie tasks for this job
26/08/14 00:32:12 INFO TaskSchedulerImpl: Killing all running tasks in stage 61: Stage finished
26/08/14 00:32:12 INFO DAGScheduler: Job 33 finished: call at /opt/spark/python/lib/py4j-0.10.9.7-src.zip/py4j/clientserver.py:617, took 1.148424 s
26/08/14 00:32:12 INFO BlockManagerInfo: Removed broadcast_59_piece0 on spark-driver:40807 in memory (size: 5.9 KiB, free: 191.2 MiB)
26/08/14 00:32:12 INFO BlockManagerInfo: Removed broadcast_59_piece0 on 172.26.0.12:43985 in memory (size: 5.9 KiB, free: 413.1 MiB)
26/08/14 00:32:12 INFO BlockManagerInfo: Removed broadcast_58_piece0 on spark-driver:40807 in memory (size: 25.6 KiB, free: 191.2 MiB)
26/08/14 00:32:12 INFO BlockManagerInfo: Removed broadcast_58_piece0 on 172.26.0.12:43985 in memory (size: 25.6 KiB, free: 413.2 MiB)
26/08/14 00:32:12 INFO BlockManagerInfo: Removed broadcast_58_piece0 on 172.26.0.13:36721 in memory (size: 25.6 KiB, free: 413.2 MiB)
26/08/14 00:32:12 INFO BlockManagerInfo: Removed broadcast_60_piece0 on spark-driver:40807 in memory (size: 34.0 KiB, free: 191.2 MiB)
26/08/14 00:32:12 INFO BlockManagerInfo: Removed broadcast_60_piece0 on 172.26.0.12:43985 in memory (size: 34.0 KiB, free: 413.2 MiB)
26/08/14 00:32:12 INFO BlockManagerInfo: Removed broadcast_60_piece0 on 172.26.0.13:36721 in memory (size: 34.0 KiB, free: 413.2 MiB)
26/08/14 00:32:12 INFO DefaultCachedBatchSerializer: Predicate isnotnull(kind#19486) generates partition filter: ((kind.count#19638 - kind.nullCount#19637) > 0)
26/08/14 00:32:12 INFO DefaultCachedBatchSerializer: Predicate (kind#19486 = dlq) generates partition filter: ((kind.lowerBound#19636 <= dlq) AND (dlq <= kind.upperBound#19635))
26/08/14 00:32:12 INFO SparkContext: Starting job: count at <unknown>:0
26/08/14 00:32:12 INFO DAGScheduler: Registering RDD 412 (count at <unknown>:0) as input to shuffle 28
26/08/14 00:32:12 INFO DAGScheduler: Got job 34 (count at <unknown>:0) with 1 output partitions
26/08/14 00:32:12 INFO DAGScheduler: Final stage: ResultStage 63 (count at <unknown>:0)
26/08/14 00:32:12 INFO DAGScheduler: Parents of final stage: List(ShuffleMapStage 62)
26/08/14 00:32:12 INFO DAGScheduler: Missing parents: List(ShuffleMapStage 62)
26/08/14 00:32:12 INFO DAGScheduler: Submitting ShuffleMapStage 62 (MapPartitionsRDD[412] at count at <unknown>:0), which has no missing parents
26/08/14 00:32:12 INFO MemoryStore: Block broadcast_61 stored as values in memory (estimated size 92.2 KiB, free 191.1 MiB)
26/08/14 00:32:12 INFO MemoryStore: Block broadcast_61_piece0 stored as bytes in memory (estimated size 35.3 KiB, free 191.1 MiB)
26/08/14 00:32:12 INFO BlockManagerInfo: Added broadcast_61_piece0 in memory on spark-driver:40807 (size: 35.3 KiB, free: 191.2 MiB)
26/08/14 00:32:12 INFO SparkContext: Created broadcast 61 from broadcast at DAGScheduler.scala:1585
26/08/14 00:32:12 INFO DAGScheduler: Submitting 6 missing tasks from ShuffleMapStage 62 (MapPartitionsRDD[412] at count at <unknown>:0) (first 15 tasks are for partitions Vector(0, 1, 2, 3, 4, 5))
26/08/14 00:32:12 INFO TaskSchedulerImpl: Adding task set 62.0 with 6 tasks resource profile 0
26/08/14 00:32:12 INFO TaskSetManager: Starting task 2.0 in stage 62.0 (TID 206) (172.26.0.13, executor 1, partition 2, PROCESS_LOCAL, 9921 bytes) 
26/08/14 00:32:12 INFO TaskSetManager: Starting task 0.0 in stage 62.0 (TID 207) (172.26.0.12, executor 0, partition 0, PROCESS_LOCAL, 9921 bytes) 
26/08/14 00:32:12 INFO TaskSetManager: Starting task 3.0 in stage 62.0 (TID 208) (172.26.0.13, executor 1, partition 3, PROCESS_LOCAL, 9921 bytes) 
26/08/14 00:32:12 INFO TaskSetManager: Starting task 1.0 in stage 62.0 (TID 209) (172.26.0.12, executor 0, partition 1, PROCESS_LOCAL, 9921 bytes) 
26/08/14 00:32:12 INFO TaskSetManager: Starting task 4.0 in stage 62.0 (TID 210) (172.26.0.13, executor 1, partition 4, PROCESS_LOCAL, 9921 bytes) 
26/08/14 00:32:12 INFO TaskSetManager: Starting task 5.0 in stage 62.0 (TID 211) (172.26.0.12, executor 0, partition 5, PROCESS_LOCAL, 9921 bytes) 
26/08/14 00:32:12 INFO BlockManagerInfo: Added broadcast_61_piece0 in memory on 172.26.0.12:43985 (size: 35.3 KiB, free: 413.2 MiB)
26/08/14 00:32:12 INFO BlockManagerInfo: Added broadcast_61_piece0 in memory on 172.26.0.13:36721 (size: 35.3 KiB, free: 413.2 MiB)
26/08/14 00:32:12 INFO TaskSetManager: Finished task 3.0 in stage 62.0 (TID 208) in 57 ms on 172.26.0.13 (executor 1) (1/6)
26/08/14 00:32:12 INFO TaskSetManager: Finished task 2.0 in stage 62.0 (TID 206) in 58 ms on 172.26.0.13 (executor 1) (2/6)
26/08/14 00:32:12 INFO TaskSetManager: Finished task 4.0 in stage 62.0 (TID 210) in 59 ms on 172.26.0.13 (executor 1) (3/6)
26/08/14 00:32:12 INFO TaskSetManager: Finished task 5.0 in stage 62.0 (TID 211) in 75 ms on 172.26.0.12 (executor 0) (4/6)
26/08/14 00:32:12 INFO TaskSetManager: Finished task 1.0 in stage 62.0 (TID 209) in 76 ms on 172.26.0.12 (executor 0) (5/6)
26/08/14 00:32:12 INFO TaskSetManager: Finished task 0.0 in stage 62.0 (TID 207) in 77 ms on 172.26.0.12 (executor 0) (6/6)
26/08/14 00:32:12 INFO TaskSchedulerImpl: Removed TaskSet 62.0, whose tasks have all completed, from pool 
26/08/14 00:32:12 INFO DAGScheduler: ShuffleMapStage 62 (count at <unknown>:0) finished in 0.091 s
26/08/14 00:32:12 INFO DAGScheduler: looking for newly runnable stages
26/08/14 00:32:12 INFO DAGScheduler: running: Set()
26/08/14 00:32:12 INFO DAGScheduler: waiting: Set(ResultStage 63)
26/08/14 00:32:12 INFO DAGScheduler: failed: Set()
26/08/14 00:32:12 INFO DAGScheduler: Submitting ResultStage 63 (MapPartitionsRDD[415] at count at <unknown>:0), which has no missing parents
26/08/14 00:32:12 INFO MemoryStore: Block broadcast_62 stored as values in memory (estimated size 12.5 KiB, free 191.1 MiB)
26/08/14 00:32:12 INFO MemoryStore: Block broadcast_62_piece0 stored as bytes in memory (estimated size 5.9 KiB, free 191.1 MiB)
26/08/14 00:32:12 INFO BlockManagerInfo: Added broadcast_62_piece0 in memory on spark-driver:40807 (size: 5.9 KiB, free: 191.2 MiB)
26/08/14 00:32:12 INFO SparkContext: Created broadcast 62 from broadcast at DAGScheduler.scala:1585
26/08/14 00:32:12 INFO DAGScheduler: Submitting 1 missing tasks from ResultStage 63 (MapPartitionsRDD[415] at count at <unknown>:0) (first 15 tasks are for partitions Vector(0))
26/08/14 00:32:12 INFO TaskSchedulerImpl: Adding task set 63.0 with 1 tasks resource profile 0
26/08/14 00:32:12 INFO TaskSetManager: Starting task 0.0 in stage 63.0 (TID 212) (172.26.0.13, executor 1, partition 0, NODE_LOCAL, 9003 bytes) 
26/08/14 00:32:12 INFO BlockManagerInfo: Added broadcast_62_piece0 in memory on 172.26.0.13:36721 (size: 5.9 KiB, free: 413.2 MiB)
26/08/14 00:32:12 INFO MapOutputTrackerMasterEndpoint: Asked to send map output locations for shuffle 28 to 172.26.0.13:52190
26/08/14 00:32:12 INFO TaskSetManager: Finished task 0.0 in stage 63.0 (TID 212) in 38 ms on 172.26.0.13 (executor 1) (1/1)
26/08/14 00:32:12 INFO TaskSchedulerImpl: Removed TaskSet 63.0, whose tasks have all completed, from pool 
26/08/14 00:32:12 INFO DAGScheduler: ResultStage 63 (count at <unknown>:0) finished in 0.057 s
26/08/14 00:32:12 INFO DAGScheduler: Job 34 is finished. Cancelling potential speculative or zombie tasks for this job
26/08/14 00:32:12 INFO TaskSchedulerImpl: Killing all running tasks in stage 63: Stage finished
26/08/14 00:32:12 INFO DAGScheduler: Job 34 finished: count at <unknown>:0, took 0.152958 s
26/08/14 00:32:12 INFO MapPartitionsRDD: Removing RDD 402 from persistence list
26/08/14 00:32:12 INFO BlockManager: Removing RDD 402
26/08/14 00:32:12 INFO SparkContext: Starting job: call at /opt/spark/python/lib/py4j-0.10.9.7-src.zip/py4j/clientserver.py:617
26/08/14 00:32:12 INFO DAGScheduler: Registering RDD 420 (call at /opt/spark/python/lib/py4j-0.10.9.7-src.zip/py4j/clientserver.py:617) as input to shuffle 29
26/08/14 00:32:12 INFO DAGScheduler: Got job 35 (call at /opt/spark/python/lib/py4j-0.10.9.7-src.zip/py4j/clientserver.py:617) with 1 output partitions
26/08/14 00:32:12 INFO DAGScheduler: Final stage: ResultStage 65 (call at /opt/spark/python/lib/py4j-0.10.9.7-src.zip/py4j/clientserver.py:617)
26/08/14 00:32:12 INFO DAGScheduler: Parents of final stage: List(ShuffleMapStage 64)
26/08/14 00:32:12 INFO DAGScheduler: Missing parents: List(ShuffleMapStage 64)
26/08/14 00:32:12 INFO DAGScheduler: Submitting ShuffleMapStage 64 (MapPartitionsRDD[420] at call at /opt/spark/python/lib/py4j-0.10.9.7-src.zip/py4j/clientserver.py:617), which has no missing parents
26/08/14 00:32:12 INFO MemoryStore: Block broadcast_63 stored as values in memory (estimated size 66.1 KiB, free 191.0 MiB)
26/08/14 00:32:12 INFO MemoryStore: Block broadcast_63_piece0 stored as bytes in memory (estimated size 24.8 KiB, free 191.0 MiB)
26/08/14 00:32:12 INFO BlockManagerInfo: Added broadcast_63_piece0 in memory on spark-driver:40807 (size: 24.8 KiB, free: 191.1 MiB)
26/08/14 00:32:12 INFO BlockManagerInfo: Removed broadcast_61_piece0 on spark-driver:40807 in memory (size: 35.3 KiB, free: 191.2 MiB)
26/08/14 00:32:12 INFO SparkContext: Created broadcast 63 from broadcast at DAGScheduler.scala:1585
26/08/14 00:32:12 INFO DAGScheduler: Submitting 6 missing tasks from ShuffleMapStage 64 (MapPartitionsRDD[420] at call at /opt/spark/python/lib/py4j-0.10.9.7-src.zip/py4j/clientserver.py:617) (first 15 tasks are for partitions Vector(0, 1, 2, 3, 4, 5))
26/08/14 00:32:12 INFO TaskSchedulerImpl: Adding task set 64.0 with 6 tasks resource profile 0
26/08/14 00:32:12 INFO BlockManagerInfo: Removed broadcast_61_piece0 on 172.26.0.12:43985 in memory (size: 35.3 KiB, free: 413.2 MiB)
26/08/14 00:32:12 INFO TaskSetManager: Starting task 0.0 in stage 64.0 (TID 213) (172.26.0.12, executor 0, partition 0, PROCESS_LOCAL, 9921 bytes) 
26/08/14 00:32:12 INFO TaskSetManager: Starting task 2.0 in stage 64.0 (TID 214) (172.26.0.13, executor 1, partition 2, PROCESS_LOCAL, 9921 bytes) 
26/08/14 00:32:12 INFO TaskSetManager: Starting task 1.0 in stage 64.0 (TID 215) (172.26.0.12, executor 0, partition 1, PROCESS_LOCAL, 9921 bytes) 
26/08/14 00:32:12 INFO TaskSetManager: Starting task 3.0 in stage 64.0 (TID 216) (172.26.0.13, executor 1, partition 3, PROCESS_LOCAL, 9921 bytes) 
26/08/14 00:32:12 INFO TaskSetManager: Starting task 5.0 in stage 64.0 (TID 217) (172.26.0.12, executor 0, partition 5, PROCESS_LOCAL, 9921 bytes) 
26/08/14 00:32:12 INFO TaskSetManager: Starting task 4.0 in stage 64.0 (TID 218) (172.26.0.13, executor 1, partition 4, PROCESS_LOCAL, 9921 bytes) 
26/08/14 00:32:12 INFO BlockManagerInfo: Removed broadcast_61_piece0 on 172.26.0.13:36721 in memory (size: 35.3 KiB, free: 413.2 MiB)
26/08/14 00:32:12 INFO BlockManagerInfo: Removed broadcast_62_piece0 on spark-driver:40807 in memory (size: 5.9 KiB, free: 191.2 MiB)
26/08/14 00:32:12 INFO BlockManagerInfo: Removed broadcast_62_piece0 on 172.26.0.13:36721 in memory (size: 5.9 KiB, free: 413.3 MiB)
26/08/14 00:32:12 INFO BlockManagerInfo: Added broadcast_63_piece0 in memory on 172.26.0.13:36721 (size: 24.8 KiB, free: 413.2 MiB)
26/08/14 00:32:12 INFO BlockManagerInfo: Added broadcast_63_piece0 in memory on 172.26.0.12:43985 (size: 24.8 KiB, free: 413.2 MiB)
26/08/14 00:32:13 INFO TaskSetManager: Finished task 2.0 in stage 64.0 (TID 214) in 55 ms on 172.26.0.13 (executor 1) (1/6)
26/08/14 00:32:13 INFO TaskSetManager: Finished task 4.0 in stage 64.0 (TID 218) in 55 ms on 172.26.0.13 (executor 1) (2/6)
26/08/14 00:32:13 INFO TaskSetManager: Finished task 3.0 in stage 64.0 (TID 216) in 56 ms on 172.26.0.13 (executor 1) (3/6)
26/08/14 00:32:13 INFO TaskSetManager: Finished task 0.0 in stage 64.0 (TID 213) in 67 ms on 172.26.0.12 (executor 0) (4/6)
26/08/14 00:32:13 INFO TaskSetManager: Finished task 5.0 in stage 64.0 (TID 217) in 68 ms on 172.26.0.12 (executor 0) (5/6)
26/08/14 00:32:13 INFO TaskSetManager: Finished task 1.0 in stage 64.0 (TID 215) in 78 ms on 172.26.0.12 (executor 0) (6/6)
26/08/14 00:32:13 INFO TaskSchedulerImpl: Removed TaskSet 64.0, whose tasks have all completed, from pool 
26/08/14 00:32:13 INFO DAGScheduler: ShuffleMapStage 64 (call at /opt/spark/python/lib/py4j-0.10.9.7-src.zip/py4j/clientserver.py:617) finished in 0.104 s
26/08/14 00:32:13 INFO DAGScheduler: looking for newly runnable stages
26/08/14 00:32:13 INFO DAGScheduler: running: Set()
26/08/14 00:32:13 INFO DAGScheduler: waiting: Set(ResultStage 65)
26/08/14 00:32:13 INFO DAGScheduler: failed: Set()
26/08/14 00:32:13 INFO DAGScheduler: Submitting ResultStage 65 (MapPartitionsRDD[423] at call at /opt/spark/python/lib/py4j-0.10.9.7-src.zip/py4j/clientserver.py:617), which has no missing parents
26/08/14 00:32:13 INFO MemoryStore: Block broadcast_64 stored as values in memory (estimated size 13.1 KiB, free 191.1 MiB)
26/08/14 00:32:13 INFO MemoryStore: Block broadcast_64_piece0 stored as bytes in memory (estimated size 6.1 KiB, free 191.1 MiB)
26/08/14 00:32:13 INFO BlockManagerInfo: Added broadcast_64_piece0 in memory on spark-driver:40807 (size: 6.1 KiB, free: 191.2 MiB)
26/08/14 00:32:13 INFO SparkContext: Created broadcast 64 from broadcast at DAGScheduler.scala:1585
26/08/14 00:32:13 INFO DAGScheduler: Submitting 1 missing tasks from ResultStage 65 (MapPartitionsRDD[423] at call at /opt/spark/python/lib/py4j-0.10.9.7-src.zip/py4j/clientserver.py:617) (first 15 tasks are for partitions Vector(0))
26/08/14 00:32:13 INFO TaskSchedulerImpl: Adding task set 65.0 with 1 tasks resource profile 0
26/08/14 00:32:13 INFO TaskSetManager: Starting task 0.0 in stage 65.0 (TID 219) (172.26.0.12, executor 0, partition 0, NODE_LOCAL, 9003 bytes) 
26/08/14 00:32:13 INFO BlockManagerInfo: Added broadcast_64_piece0 in memory on 172.26.0.12:43985 (size: 6.1 KiB, free: 413.2 MiB)
26/08/14 00:32:13 INFO MapOutputTrackerMasterEndpoint: Asked to send map output locations for shuffle 29 to 172.26.0.12:56940
26/08/14 00:32:13 INFO TaskSetManager: Finished task 0.0 in stage 65.0 (TID 219) in 118 ms on 172.26.0.12 (executor 0) (1/1)
26/08/14 00:32:13 INFO TaskSchedulerImpl: Removed TaskSet 65.0, whose tasks have all completed, from pool 
26/08/14 00:32:13 INFO DAGScheduler: ResultStage 65 (call at /opt/spark/python/lib/py4j-0.10.9.7-src.zip/py4j/clientserver.py:617) finished in 0.136 s
26/08/14 00:32:13 INFO DAGScheduler: Job 35 is finished. Cancelling potential speculative or zombie tasks for this job
26/08/14 00:32:13 INFO TaskSchedulerImpl: Killing all running tasks in stage 65: Stage finished
26/08/14 00:32:13 INFO DAGScheduler: Job 35 finished: call at /opt/spark/python/lib/py4j-0.10.9.7-src.zip/py4j/clientserver.py:617, took 0.253110 s
26/08/14 00:32:13 INFO MapPartitionsRDD: Removing RDD 364 from persistence list
26/08/14 00:32:13 INFO BlockManager: Removing RDD 364
26/08/14 00:32:13 INFO WatermarkTracker: Updating event-time watermark from 1786667407902 to 1786667410712 ms
26/08/14 00:32:13 INFO CheckpointFileManager: Writing atomically to file:/opt/checkpoints/trips/commits/6 using temp file file:/opt/checkpoints/trips/commits/.6.0d3f7266-1621-47e9-9d55-4d3e0295008c.tmp
26/08/14 00:32:13 INFO CheckpointFileManager: Renamed temp file file:/opt/checkpoints/trips/commits/.6.0d3f7266-1621-47e9-9d55-4d3e0295008c.tmp to file:/opt/checkpoints/trips/commits/6
26/08/14 00:32:13 INFO MicroBatchExecution: Streaming query made progress: {
  "id" : "9bde9f13-592f-4d70-b0dc-d7da66bf462a",
  "runId" : "047beccd-e00c-422a-ab02-7f7f311f8ed1",
  "name" : "trips-ingest-ab_ab_no_backoff_2",
  "timestamp" : "2026-08-14T00:32:10.830Z",
  "batchId" : 6,
  "numInputRows" : 2296,
  "inputRowsPerSecond" : 800.0,
  "processedRowsPerSecond" : 930.685042561816,
  "durationMs" : {
    "addBatch" : 2313,
    "commitOffsets" : 107,
    "getBatch" : 0,
    "latestOffset" : 17,
    "queryPlanning" : 13,
    "triggerExecution" : 2467,
    "walCommit" : 13
  },
  "eventTime" : {
    "avg" : "2026-08-14T00:32:07.894Z",
    "max" : "2026-08-14T00:32:10.712Z",
    "min" : "2026-08-14T00:32:04.984Z",
    "watermark" : "2026-08-14T00:30:07.902Z"
  },
  "stateOperators" : [ ],
  "sources" : [ {
    "description" : "KafkaV2[Subscribe[trips.raw]]",
    "startOffset" : {
      "trips.raw" : {
        "2" : 291464,
        "5" : 289416,
        "4" : 291154,
        "1" : 290812,
        "3" : 290756,
        "0" : 290981
      }
    },
    "endOffset" : {
      "trips.raw" : {
        "2" : 291862,
        "5" : 289795,
        "4" : 291542,
        "1" : 291161,
        "3" : 291132,
        "0" : 291387
      }
    },
    "latestOffset" : {
      "trips.raw" : {
        "2" : 291862,
        "5" : 289795,
        "4" : 291542,
        "1" : 291161,
        "3" : 291132,
        "0" : 291387
      }
    },
    "numInputRows" : 2296,
    "inputRowsPerSecond" : 800.0,
    "processedRowsPerSecond" : 930.685042561816,
    "metrics" : {
      "avgOffsetsBehindLatest" : "0.0",
      "maxOffsetsBehindLatest" : "0",
      "minOffsetsBehindLatest" : "0"
    }
  } ],
  "sink" : {
    "description" : "ForeachBatchSink",
    "numOutputRows" : -1
  }
}
26/08/14 00:32:13 INFO CheckpointFileManager: Writing atomically to file:/opt/checkpoints/trips/offsets/7 using temp file file:/opt/checkpoints/trips/offsets/.7.4917ba0e-296e-4ffc-802f-a0a166176af6.tmp
26/08/14 00:32:13 INFO CheckpointFileManager: Renamed temp file file:/opt/checkpoints/trips/offsets/.7.4917ba0e-296e-4ffc-802f-a0a166176af6.tmp to file:/opt/checkpoints/trips/offsets/7
26/08/14 00:32:13 INFO MicroBatchExecution: Committed offsets for batch 7. Metadata OffsetSeqMetadata(1786667410712,1786667533317,Map(spark.sql.streaming.stateStore.providerClass -> org.apache.spark.sql.execution.streaming.state.HDFSBackedStateStoreProvider, spark.sql.streaming.join.stateFormatVersion -> 2, spark.sql.streaming.stateStore.compression.codec -> lz4, spark.sql.streaming.stateStore.rocksdb.formatVersion -> 5, spark.sql.streaming.statefulOperator.useStrictDistribution -> true, spark.sql.streaming.flatMapGroupsWithState.stateFormatVersion -> 2, spark.sql.streaming.multipleWatermarkPolicy -> min, spark.sql.streaming.aggregation.stateFormatVersion -> 2, spark.sql.shuffle.partitions -> 6))
26/08/14 00:32:13 INFO KafkaOffsetReaderAdmin: Partitions added: Map()
26/08/14 00:32:13 INFO KafkaOffsetReaderAdmin: Partitions added: Map()
26/08/14 00:32:13 INFO KafkaOffsetReaderAdmin: Partitions added: Map()
26/08/14 00:32:13 INFO KafkaOffsetReaderAdmin: Partitions added: Map()
2026-08-14 00:32:13,452 INFO  [stream] Received command c on object id p0
26/08/14 00:32:13 INFO BlockManagerInfo: Removed broadcast_64_piece0 on spark-driver:40807 in memory (size: 6.1 KiB, free: 191.2 MiB)
26/08/14 00:32:13 INFO BlockManagerInfo: Removed broadcast_64_piece0 on 172.26.0.12:43985 in memory (size: 6.1 KiB, free: 413.9 MiB)
26/08/14 00:32:13 INFO BlockManagerInfo: Removed broadcast_63_piece0 on spark-driver:40807 in memory (size: 24.8 KiB, free: 191.2 MiB)
26/08/14 00:32:13 INFO BlockManagerInfo: Removed broadcast_63_piece0 on 172.26.0.12:43985 in memory (size: 24.8 KiB, free: 413.9 MiB)
26/08/14 00:32:13 INFO BlockManagerInfo: Removed broadcast_63_piece0 on 172.26.0.13:36721 in memory (size: 24.8 KiB, free: 413.9 MiB)
26/08/14 00:32:13 INFO SparkContext: Starting job: count at <unknown>:0
26/08/14 00:32:13 INFO DAGScheduler: Registering RDD 438 (count at <unknown>:0) as input to shuffle 30
26/08/14 00:32:13 INFO DAGScheduler: Got job 36 (count at <unknown>:0) with 1 output partitions
26/08/14 00:32:13 INFO DAGScheduler: Final stage: ResultStage 67 (count at <unknown>:0)
26/08/14 00:32:13 INFO DAGScheduler: Parents of final stage: List(ShuffleMapStage 66)
26/08/14 00:32:13 INFO DAGScheduler: Missing parents: List(ShuffleMapStage 66)
26/08/14 00:32:13 INFO DAGScheduler: Submitting ShuffleMapStage 66 (MapPartitionsRDD[438] at count at <unknown>:0), which has no missing parents
26/08/14 00:32:13 INFO MemoryStore: Block broadcast_65 stored as values in memory (estimated size 64.6 KiB, free 191.1 MiB)
26/08/14 00:32:13 INFO MemoryStore: Block broadcast_65_piece0 stored as bytes in memory (estimated size 24.1 KiB, free 191.1 MiB)
26/08/14 00:32:13 INFO BlockManagerInfo: Added broadcast_65_piece0 in memory on spark-driver:40807 (size: 24.1 KiB, free: 191.2 MiB)
26/08/14 00:32:13 INFO SparkContext: Created broadcast 65 from broadcast at DAGScheduler.scala:1585
26/08/14 00:32:13 INFO DAGScheduler: Submitting 6 missing tasks from ShuffleMapStage 66 (MapPartitionsRDD[438] at count at <unknown>:0) (first 15 tasks are for partitions Vector(0, 1, 2, 3, 4, 5))
26/08/14 00:32:13 INFO TaskSchedulerImpl: Adding task set 66.0 with 6 tasks resource profile 0
26/08/14 00:32:13 INFO TaskSetManager: Starting task 0.0 in stage 66.0 (TID 220) (172.26.0.12, executor 0, partition 0, PROCESS_LOCAL, 9921 bytes) 
26/08/14 00:32:13 INFO TaskSetManager: Starting task 2.0 in stage 66.0 (TID 221) (172.26.0.13, executor 1, partition 2, PROCESS_LOCAL, 9921 bytes) 
26/08/14 00:32:13 INFO TaskSetManager: Starting task 1.0 in stage 66.0 (TID 222) (172.26.0.12, executor 0, partition 1, PROCESS_LOCAL, 9921 bytes) 
26/08/14 00:32:13 INFO TaskSetManager: Starting task 3.0 in stage 66.0 (TID 223) (172.26.0.13, executor 1, partition 3, PROCESS_LOCAL, 9921 bytes) 
26/08/14 00:32:13 INFO TaskSetManager: Starting task 5.0 in stage 66.0 (TID 224) (172.26.0.12, executor 0, partition 5, PROCESS_LOCAL, 9921 bytes) 
26/08/14 00:32:13 INFO TaskSetManager: Starting task 4.0 in stage 66.0 (TID 225) (172.26.0.13, executor 1, partition 4, PROCESS_LOCAL, 9921 bytes) 
26/08/14 00:32:13 INFO BlockManagerInfo: Added broadcast_65_piece0 in memory on 172.26.0.13:36721 (size: 24.1 KiB, free: 413.9 MiB)
26/08/14 00:32:13 INFO BlockManagerInfo: Added broadcast_65_piece0 in memory on 172.26.0.12:43985 (size: 24.1 KiB, free: 413.9 MiB)
26/08/14 00:32:13 INFO BlockManagerInfo: Added rdd_433_3 in memory on 172.26.0.13:36721 (size: 199.3 KiB, free: 413.7 MiB)
26/08/14 00:32:13 INFO BlockManagerInfo: Added rdd_433_4 in memory on 172.26.0.13:36721 (size: 201.3 KiB, free: 413.5 MiB)
26/08/14 00:32:13 INFO BlockManagerInfo: Added rdd_433_5 in memory on 172.26.0.12:43985 (size: 203.1 KiB, free: 413.7 MiB)
26/08/14 00:32:13 INFO TaskSetManager: Finished task 5.0 in stage 66.0 (TID 224) in 286 ms on 172.26.0.12 (executor 0) (1/6)
26/08/14 00:32:13 INFO TaskSetManager: Finished task 4.0 in stage 66.0 (TID 225) in 289 ms on 172.26.0.13 (executor 1) (2/6)
26/08/14 00:32:13 INFO TaskSetManager: Finished task 3.0 in stage 66.0 (TID 223) in 291 ms on 172.26.0.13 (executor 1) (3/6)
26/08/14 00:32:13 INFO BlockManagerInfo: Added rdd_433_0 in memory on 172.26.0.12:43985 (size: 214.1 KiB, free: 413.5 MiB)
26/08/14 00:32:13 INFO BlockManagerInfo: Added rdd_433_2 in memory on 172.26.0.13:36721 (size: 203.7 KiB, free: 413.3 MiB)
26/08/14 00:32:13 INFO BlockManagerInfo: Added rdd_433_1 in memory on 172.26.0.12:43985 (size: 216.4 KiB, free: 413.3 MiB)
26/08/14 00:32:13 INFO TaskSetManager: Finished task 0.0 in stage 66.0 (TID 220) in 304 ms on 172.26.0.12 (executor 0) (4/6)
26/08/14 00:32:13 INFO TaskSetManager: Finished task 2.0 in stage 66.0 (TID 221) in 316 ms on 172.26.0.13 (executor 1) (5/6)
26/08/14 00:32:13 INFO TaskSetManager: Finished task 1.0 in stage 66.0 (TID 222) in 316 ms on 172.26.0.12 (executor 0) (6/6)
26/08/14 00:32:13 INFO TaskSchedulerImpl: Removed TaskSet 66.0, whose tasks have all completed, from pool 
26/08/14 00:32:13 INFO DAGScheduler: ShuffleMapStage 66 (count at <unknown>:0) finished in 0.324 s
26/08/14 00:32:13 INFO DAGScheduler: looking for newly runnable stages
26/08/14 00:32:13 INFO DAGScheduler: running: Set()
26/08/14 00:32:13 INFO DAGScheduler: waiting: Set(ResultStage 67)
26/08/14 00:32:13 INFO DAGScheduler: failed: Set()
26/08/14 00:32:13 INFO DAGScheduler: Submitting ResultStage 67 (MapPartitionsRDD[441] at count at <unknown>:0), which has no missing parents
26/08/14 00:32:13 INFO MemoryStore: Block broadcast_66 stored as values in memory (estimated size 12.5 KiB, free 191.1 MiB)
26/08/14 00:32:13 INFO MemoryStore: Block broadcast_66_piece0 stored as bytes in memory (estimated size 5.9 KiB, free 191.1 MiB)
26/08/14 00:32:13 INFO BlockManagerInfo: Added broadcast_66_piece0 in memory on spark-driver:40807 (size: 5.9 KiB, free: 191.2 MiB)
26/08/14 00:32:13 INFO SparkContext: Created broadcast 66 from broadcast at DAGScheduler.scala:1585
26/08/14 00:32:13 INFO DAGScheduler: Submitting 1 missing tasks from ResultStage 67 (MapPartitionsRDD[441] at count at <unknown>:0) (first 15 tasks are for partitions Vector(0))
26/08/14 00:32:13 INFO TaskSchedulerImpl: Adding task set 67.0 with 1 tasks resource profile 0
26/08/14 00:32:13 INFO TaskSetManager: Starting task 0.0 in stage 67.0 (TID 226) (172.26.0.13, executor 1, partition 0, NODE_LOCAL, 9003 bytes) 
26/08/14 00:32:13 INFO BlockManagerInfo: Added broadcast_66_piece0 in memory on 172.26.0.13:36721 (size: 5.9 KiB, free: 413.3 MiB)
26/08/14 00:32:13 INFO MapOutputTrackerMasterEndpoint: Asked to send map output locations for shuffle 30 to 172.26.0.13:52190
26/08/14 00:32:13 INFO TaskSetManager: Finished task 0.0 in stage 67.0 (TID 226) in 25 ms on 172.26.0.13 (executor 1) (1/1)
26/08/14 00:32:13 INFO TaskSchedulerImpl: Removed TaskSet 67.0, whose tasks have all completed, from pool 
26/08/14 00:32:13 INFO DAGScheduler: ResultStage 67 (count at <unknown>:0) finished in 0.039 s
26/08/14 00:32:13 INFO DAGScheduler: Job 36 is finished. Cancelling potential speculative or zombie tasks for this job
26/08/14 00:32:13 INFO TaskSchedulerImpl: Killing all running tasks in stage 67: Stage finished
26/08/14 00:32:13 INFO DAGScheduler: Job 36 finished: count at <unknown>:0, took 0.374442 s
26/08/14 00:32:13 INFO SparkContext: Starting job: count at <unknown>:0
26/08/14 00:32:13 INFO DAGScheduler: Registering RDD 446 (count at <unknown>:0) as input to shuffle 31
26/08/14 00:32:13 INFO DAGScheduler: Got job 37 (count at <unknown>:0) with 1 output partitions
26/08/14 00:32:13 INFO DAGScheduler: Final stage: ResultStage 69 (count at <unknown>:0)
26/08/14 00:32:13 INFO DAGScheduler: Parents of final stage: List(ShuffleMapStage 68)
26/08/14 00:32:13 INFO DAGScheduler: Missing parents: List(ShuffleMapStage 68)
26/08/14 00:32:13 INFO DAGScheduler: Submitting ShuffleMapStage 68 (MapPartitionsRDD[446] at count at <unknown>:0), which has no missing parents
26/08/14 00:32:14 INFO MemoryStore: Block broadcast_67 stored as values in memory (estimated size 64.9 KiB, free 191.0 MiB)
26/08/14 00:32:14 INFO MemoryStore: Block broadcast_67_piece0 stored as bytes in memory (estimated size 24.2 KiB, free 191.0 MiB)
26/08/14 00:32:14 INFO BlockManagerInfo: Added broadcast_67_piece0 in memory on spark-driver:40807 (size: 24.2 KiB, free: 191.2 MiB)
26/08/14 00:32:14 INFO BlockManagerInfo: Removed broadcast_66_piece0 on spark-driver:40807 in memory (size: 5.9 KiB, free: 191.2 MiB)
26/08/14 00:32:14 INFO SparkContext: Created broadcast 67 from broadcast at DAGScheduler.scala:1585
26/08/14 00:32:14 INFO DAGScheduler: Submitting 6 missing tasks from ShuffleMapStage 68 (MapPartitionsRDD[446] at count at <unknown>:0) (first 15 tasks are for partitions Vector(0, 1, 2, 3, 4, 5))
26/08/14 00:32:14 INFO TaskSchedulerImpl: Adding task set 68.0 with 6 tasks resource profile 0
26/08/14 00:32:14 INFO BlockManagerInfo: Removed broadcast_66_piece0 on 172.26.0.13:36721 in memory (size: 5.9 KiB, free: 413.3 MiB)
26/08/14 00:32:14 INFO TaskSetManager: Starting task 0.0 in stage 68.0 (TID 227) (172.26.0.12, executor 0, partition 0, PROCESS_LOCAL, 9921 bytes) 
26/08/14 00:32:14 INFO TaskSetManager: Starting task 2.0 in stage 68.0 (TID 228) (172.26.0.13, executor 1, partition 2, PROCESS_LOCAL, 9921 bytes) 
26/08/14 00:32:14 INFO TaskSetManager: Starting task 1.0 in stage 68.0 (TID 229) (172.26.0.12, executor 0, partition 1, PROCESS_LOCAL, 9921 bytes) 
26/08/14 00:32:14 INFO TaskSetManager: Starting task 3.0 in stage 68.0 (TID 230) (172.26.0.13, executor 1, partition 3, PROCESS_LOCAL, 9921 bytes) 
26/08/14 00:32:14 INFO TaskSetManager: Starting task 5.0 in stage 68.0 (TID 231) (172.26.0.12, executor 0, partition 5, PROCESS_LOCAL, 9921 bytes) 
26/08/14 00:32:14 INFO TaskSetManager: Starting task 4.0 in stage 68.0 (TID 232) (172.26.0.13, executor 1, partition 4, PROCESS_LOCAL, 9921 bytes) 
26/08/14 00:32:14 INFO BlockManagerInfo: Removed broadcast_65_piece0 on 172.26.0.12:43985 in memory (size: 24.1 KiB, free: 413.3 MiB)
26/08/14 00:32:14 INFO BlockManagerInfo: Removed broadcast_65_piece0 on spark-driver:40807 in memory (size: 24.1 KiB, free: 191.2 MiB)
26/08/14 00:32:14 INFO BlockManagerInfo: Removed broadcast_65_piece0 on 172.26.0.13:36721 in memory (size: 24.1 KiB, free: 413.3 MiB)
26/08/14 00:32:14 INFO BlockManagerInfo: Added broadcast_67_piece0 in memory on 172.26.0.13:36721 (size: 24.2 KiB, free: 413.3 MiB)
26/08/14 00:32:14 INFO BlockManagerInfo: Added broadcast_67_piece0 in memory on 172.26.0.12:43985 (size: 24.2 KiB, free: 413.3 MiB)
26/08/14 00:32:14 INFO TaskSetManager: Finished task 2.0 in stage 68.0 (TID 228) in 52 ms on 172.26.0.13 (executor 1) (1/6)
26/08/14 00:32:14 INFO TaskSetManager: Finished task 3.0 in stage 68.0 (TID 230) in 52 ms on 172.26.0.13 (executor 1) (2/6)
26/08/14 00:32:14 INFO TaskSetManager: Finished task 4.0 in stage 68.0 (TID 232) in 53 ms on 172.26.0.13 (executor 1) (3/6)
26/08/14 00:32:14 INFO TaskSetManager: Finished task 1.0 in stage 68.0 (TID 229) in 69 ms on 172.26.0.12 (executor 0) (4/6)
26/08/14 00:32:14 INFO TaskSetManager: Finished task 0.0 in stage 68.0 (TID 227) in 70 ms on 172.26.0.12 (executor 0) (5/6)
26/08/14 00:32:14 INFO TaskSetManager: Finished task 5.0 in stage 68.0 (TID 231) in 69 ms on 172.26.0.12 (executor 0) (6/6)
26/08/14 00:32:14 INFO TaskSchedulerImpl: Removed TaskSet 68.0, whose tasks have all completed, from pool 
26/08/14 00:32:14 INFO DAGScheduler: ShuffleMapStage 68 (count at <unknown>:0) finished in 0.126 s
26/08/14 00:32:14 INFO DAGScheduler: looking for newly runnable stages
26/08/14 00:32:14 INFO DAGScheduler: running: Set()
26/08/14 00:32:14 INFO DAGScheduler: waiting: Set(ResultStage 69)
26/08/14 00:32:14 INFO DAGScheduler: failed: Set()
26/08/14 00:32:14 INFO DAGScheduler: Submitting ResultStage 69 (MapPartitionsRDD[449] at count at <unknown>:0), which has no missing parents
26/08/14 00:32:14 INFO MemoryStore: Block broadcast_68 stored as values in memory (estimated size 12.5 KiB, free 191.1 MiB)
26/08/14 00:32:14 INFO MemoryStore: Block broadcast_68_piece0 stored as bytes in memory (estimated size 5.9 KiB, free 191.1 MiB)
26/08/14 00:32:14 INFO BlockManagerInfo: Added broadcast_68_piece0 in memory on spark-driver:40807 (size: 5.9 KiB, free: 191.2 MiB)
26/08/14 00:32:14 INFO SparkContext: Created broadcast 68 from broadcast at DAGScheduler.scala:1585
26/08/14 00:32:14 INFO DAGScheduler: Submitting 1 missing tasks from ResultStage 69 (MapPartitionsRDD[449] at count at <unknown>:0) (first 15 tasks are for partitions Vector(0))
26/08/14 00:32:14 INFO TaskSchedulerImpl: Adding task set 69.0 with 1 tasks resource profile 0
26/08/14 00:32:14 INFO TaskSetManager: Starting task 0.0 in stage 69.0 (TID 233) (172.26.0.12, executor 0, partition 0, NODE_LOCAL, 9003 bytes) 
26/08/14 00:32:14 INFO BlockManagerInfo: Added broadcast_68_piece0 in memory on 172.26.0.12:43985 (size: 5.9 KiB, free: 413.3 MiB)
26/08/14 00:32:14 INFO MapOutputTrackerMasterEndpoint: Asked to send map output locations for shuffle 31 to 172.26.0.12:56940
26/08/14 00:32:14 INFO TaskSetManager: Finished task 0.0 in stage 69.0 (TID 233) in 17 ms on 172.26.0.12 (executor 0) (1/1)
26/08/14 00:32:14 INFO TaskSchedulerImpl: Removed TaskSet 69.0, whose tasks have all completed, from pool 
26/08/14 00:32:14 INFO DAGScheduler: ResultStage 69 (count at <unknown>:0) finished in 0.023 s
26/08/14 00:32:14 INFO DAGScheduler: Job 37 is finished. Cancelling potential speculative or zombie tasks for this job
26/08/14 00:32:14 INFO TaskSchedulerImpl: Killing all running tasks in stage 69: Stage finished
26/08/14 00:32:14 INFO DAGScheduler: Job 37 finished: count at <unknown>:0, took 0.153942 s
26/08/14 00:32:14 INFO CodeGenerator: Code generated in 7.81175 ms
26/08/14 00:32:14 INFO DefaultCachedBatchSerializer: Predicate isnotnull(event_time#89-T120000ms) generates partition filter: ((event_time.count#22258 - event_time.nullCount#22257) > 0)
26/08/14 00:32:14 INFO DefaultCachedBatchSerializer: Predicate (event_time#89-T120000ms < 2026-08-14 00:30:10.712) generates partition filter: (event_time.lowerBound#22256 < 2026-08-14 00:30:10.712)
26/08/14 00:32:14 INFO SparkContext: Starting job: count at <unknown>:0
26/08/14 00:32:14 INFO DAGScheduler: Registering RDD 454 (count at <unknown>:0) as input to shuffle 32
26/08/14 00:32:14 INFO DAGScheduler: Got job 38 (count at <unknown>:0) with 1 output partitions
26/08/14 00:32:14 INFO DAGScheduler: Final stage: ResultStage 71 (count at <unknown>:0)
26/08/14 00:32:14 INFO DAGScheduler: Parents of final stage: List(ShuffleMapStage 70)
26/08/14 00:32:14 INFO DAGScheduler: Missing parents: List(ShuffleMapStage 70)
26/08/14 00:32:14 INFO DAGScheduler: Submitting ShuffleMapStage 70 (MapPartitionsRDD[454] at count at <unknown>:0), which has no missing parents
26/08/14 00:32:14 INFO MemoryStore: Block broadcast_69 stored as values in memory (estimated size 67.2 KiB, free 191.0 MiB)
26/08/14 00:32:14 INFO MemoryStore: Block broadcast_69_piece0 stored as bytes in memory (estimated size 25.6 KiB, free 191.0 MiB)
26/08/14 00:32:14 INFO BlockManagerInfo: Added broadcast_69_piece0 in memory on spark-driver:40807 (size: 25.6 KiB, free: 191.2 MiB)
26/08/14 00:32:14 INFO SparkContext: Created broadcast 69 from broadcast at DAGScheduler.scala:1585
26/08/14 00:32:14 INFO DAGScheduler: Submitting 6 missing tasks from ShuffleMapStage 70 (MapPartitionsRDD[454] at count at <unknown>:0) (first 15 tasks are for partitions Vector(0, 1, 2, 3, 4, 5))
26/08/14 00:32:14 INFO TaskSchedulerImpl: Adding task set 70.0 with 6 tasks resource profile 0
26/08/14 00:32:14 INFO TaskSetManager: Starting task 0.0 in stage 70.0 (TID 234) (172.26.0.12, executor 0, partition 0, PROCESS_LOCAL, 9921 bytes) 
26/08/14 00:32:14 INFO TaskSetManager: Starting task 2.0 in stage 70.0 (TID 235) (172.26.0.13, executor 1, partition 2, PROCESS_LOCAL, 9921 bytes) 
26/08/14 00:32:14 INFO TaskSetManager: Starting task 1.0 in stage 70.0 (TID 236) (172.26.0.12, executor 0, partition 1, PROCESS_LOCAL, 9921 bytes) 
26/08/14 00:32:14 INFO TaskSetManager: Starting task 3.0 in stage 70.0 (TID 237) (172.26.0.13, executor 1, partition 3, PROCESS_LOCAL, 9921 bytes) 
26/08/14 00:32:14 INFO TaskSetManager: Starting task 5.0 in stage 70.0 (TID 238) (172.26.0.12, executor 0, partition 5, PROCESS_LOCAL, 9921 bytes) 
26/08/14 00:32:14 INFO TaskSetManager: Starting task 4.0 in stage 70.0 (TID 239) (172.26.0.13, executor 1, partition 4, PROCESS_LOCAL, 9921 bytes) 
26/08/14 00:32:14 INFO BlockManagerInfo: Removed broadcast_67_piece0 on spark-driver:40807 in memory (size: 24.2 KiB, free: 191.2 MiB)
26/08/14 00:32:14 INFO BlockManagerInfo: Removed broadcast_67_piece0 on 172.26.0.13:36721 in memory (size: 24.2 KiB, free: 413.3 MiB)
26/08/14 00:32:14 INFO BlockManagerInfo: Removed broadcast_67_piece0 on 172.26.0.12:43985 in memory (size: 24.2 KiB, free: 413.3 MiB)
26/08/14 00:32:14 INFO BlockManagerInfo: Added broadcast_69_piece0 in memory on 172.26.0.13:36721 (size: 25.6 KiB, free: 413.3 MiB)
26/08/14 00:32:14 INFO BlockManagerInfo: Removed broadcast_68_piece0 on spark-driver:40807 in memory (size: 5.9 KiB, free: 191.2 MiB)
26/08/14 00:32:14 INFO BlockManagerInfo: Added broadcast_69_piece0 in memory on 172.26.0.12:43985 (size: 25.6 KiB, free: 413.3 MiB)
26/08/14 00:32:14 INFO BlockManagerInfo: Removed broadcast_68_piece0 on 172.26.0.12:43985 in memory (size: 5.9 KiB, free: 413.3 MiB)
26/08/14 00:32:14 INFO TaskSetManager: Finished task 1.0 in stage 70.0 (TID 236) in 56 ms on 172.26.0.12 (executor 0) (1/6)
26/08/14 00:32:14 INFO TaskSetManager: Finished task 0.0 in stage 70.0 (TID 234) in 56 ms on 172.26.0.12 (executor 0) (2/6)
26/08/14 00:32:14 INFO TaskSetManager: Finished task 5.0 in stage 70.0 (TID 238) in 59 ms on 172.26.0.12 (executor 0) (3/6)
26/08/14 00:32:14 INFO TaskSetManager: Finished task 2.0 in stage 70.0 (TID 235) in 59 ms on 172.26.0.13 (executor 1) (4/6)
26/08/14 00:32:14 INFO TaskSetManager: Finished task 3.0 in stage 70.0 (TID 237) in 61 ms on 172.26.0.13 (executor 1) (5/6)
26/08/14 00:32:14 INFO TaskSetManager: Finished task 4.0 in stage 70.0 (TID 239) in 61 ms on 172.26.0.13 (executor 1) (6/6)
26/08/14 00:32:14 INFO TaskSchedulerImpl: Removed TaskSet 70.0, whose tasks have all completed, from pool 
26/08/14 00:32:14 INFO DAGScheduler: ShuffleMapStage 70 (count at <unknown>:0) finished in 0.068 s
26/08/14 00:32:14 INFO DAGScheduler: looking for newly runnable stages
26/08/14 00:32:14 INFO DAGScheduler: running: Set()
26/08/14 00:32:14 INFO DAGScheduler: waiting: Set(ResultStage 71)
26/08/14 00:32:14 INFO DAGScheduler: failed: Set()
26/08/14 00:32:14 INFO DAGScheduler: Submitting ResultStage 71 (MapPartitionsRDD[457] at count at <unknown>:0), which has no missing parents
26/08/14 00:32:14 INFO MemoryStore: Block broadcast_70 stored as values in memory (estimated size 12.5 KiB, free 191.1 MiB)
26/08/14 00:32:14 INFO MemoryStore: Block broadcast_70_piece0 stored as bytes in memory (estimated size 5.9 KiB, free 191.1 MiB)
26/08/14 00:32:14 INFO BlockManagerInfo: Added broadcast_70_piece0 in memory on spark-driver:40807 (size: 5.9 KiB, free: 191.2 MiB)
26/08/14 00:32:14 INFO SparkContext: Created broadcast 70 from broadcast at DAGScheduler.scala:1585
26/08/14 00:32:14 INFO DAGScheduler: Submitting 1 missing tasks from ResultStage 71 (MapPartitionsRDD[457] at count at <unknown>:0) (first 15 tasks are for partitions Vector(0))
26/08/14 00:32:14 INFO TaskSchedulerImpl: Adding task set 71.0 with 1 tasks resource profile 0
26/08/14 00:32:14 INFO TaskSetManager: Starting task 0.0 in stage 71.0 (TID 240) (172.26.0.12, executor 0, partition 0, NODE_LOCAL, 9003 bytes) 
26/08/14 00:32:14 INFO BlockManagerInfo: Added broadcast_70_piece0 in memory on 172.26.0.12:43985 (size: 5.9 KiB, free: 413.3 MiB)
26/08/14 00:32:14 INFO MapOutputTrackerMasterEndpoint: Asked to send map output locations for shuffle 32 to 172.26.0.12:56940
26/08/14 00:32:14 INFO TaskSetManager: Finished task 0.0 in stage 71.0 (TID 240) in 22 ms on 172.26.0.12 (executor 0) (1/1)
26/08/14 00:32:14 INFO TaskSchedulerImpl: Removed TaskSet 71.0, whose tasks have all completed, from pool 
26/08/14 00:32:14 INFO DAGScheduler: ResultStage 71 (count at <unknown>:0) finished in 0.028 s
26/08/14 00:32:14 INFO DAGScheduler: Job 38 is finished. Cancelling potential speculative or zombie tasks for this job
26/08/14 00:32:14 INFO TaskSchedulerImpl: Killing all running tasks in stage 71: Stage finished
26/08/14 00:32:14 INFO DAGScheduler: Job 38 finished: count at <unknown>:0, took 0.099711 s
26/08/14 00:32:14 INFO DefaultCachedBatchSerializer: Predicate isnotnull(kind#22815) generates partition filter: ((kind.count#22884 - kind.nullCount#22883) > 0)
26/08/14 00:32:14 INFO DefaultCachedBatchSerializer: Predicate (kind#22815 = stats) generates partition filter: ((kind.lowerBound#22882 <= stats) AND (stats <= kind.upperBound#22881))
26/08/14 00:32:14 INFO SparkContext: Starting job: call at /opt/spark/python/lib/py4j-0.10.9.7-src.zip/py4j/clientserver.py:617
26/08/14 00:32:14 INFO DAGScheduler: Got job 39 (call at /opt/spark/python/lib/py4j-0.10.9.7-src.zip/py4j/clientserver.py:617) with 6 output partitions
26/08/14 00:32:14 INFO DAGScheduler: Final stage: ResultStage 72 (call at /opt/spark/python/lib/py4j-0.10.9.7-src.zip/py4j/clientserver.py:617)
26/08/14 00:32:14 INFO DAGScheduler: Parents of final stage: List()
26/08/14 00:32:14 INFO DAGScheduler: Missing parents: List()
26/08/14 00:32:14 INFO DAGScheduler: Submitting ResultStage 72 (MapPartitionsRDD[476] at call at /opt/spark/python/lib/py4j-0.10.9.7-src.zip/py4j/clientserver.py:617), which has no missing parents
26/08/14 00:32:14 INFO MemoryStore: Block broadcast_71 stored as values in memory (estimated size 90.0 KiB, free 191.0 MiB)
26/08/14 00:32:14 INFO MemoryStore: Block broadcast_71_piece0 stored as bytes in memory (estimated size 34.0 KiB, free 191.0 MiB)
26/08/14 00:32:14 INFO BlockManagerInfo: Added broadcast_71_piece0 in memory on spark-driver:40807 (size: 34.0 KiB, free: 191.1 MiB)
26/08/14 00:32:14 INFO SparkContext: Created broadcast 71 from broadcast at DAGScheduler.scala:1585
26/08/14 00:32:14 INFO DAGScheduler: Submitting 6 missing tasks from ResultStage 72 (MapPartitionsRDD[476] at call at /opt/spark/python/lib/py4j-0.10.9.7-src.zip/py4j/clientserver.py:617) (first 15 tasks are for partitions Vector(0, 1, 2, 3, 4, 5))
26/08/14 00:32:14 INFO TaskSchedulerImpl: Adding task set 72.0 with 6 tasks resource profile 0
26/08/14 00:32:14 INFO TaskSetManager: Starting task 2.0 in stage 72.0 (TID 241) (172.26.0.13, executor 1, partition 2, PROCESS_LOCAL, 9932 bytes) 
26/08/14 00:32:14 INFO TaskSetManager: Starting task 0.0 in stage 72.0 (TID 242) (172.26.0.12, executor 0, partition 0, PROCESS_LOCAL, 9932 bytes) 
26/08/14 00:32:14 INFO TaskSetManager: Starting task 3.0 in stage 72.0 (TID 243) (172.26.0.13, executor 1, partition 3, PROCESS_LOCAL, 9932 bytes) 
26/08/14 00:32:14 INFO TaskSetManager: Starting task 1.0 in stage 72.0 (TID 244) (172.26.0.12, executor 0, partition 1, PROCESS_LOCAL, 9932 bytes) 
26/08/14 00:32:14 INFO TaskSetManager: Starting task 4.0 in stage 72.0 (TID 245) (172.26.0.13, executor 1, partition 4, PROCESS_LOCAL, 9932 bytes) 
26/08/14 00:32:14 INFO TaskSetManager: Starting task 5.0 in stage 72.0 (TID 246) (172.26.0.12, executor 0, partition 5, PROCESS_LOCAL, 9932 bytes) 
26/08/14 00:32:14 INFO BlockManagerInfo: Added broadcast_71_piece0 in memory on 172.26.0.12:43985 (size: 34.0 KiB, free: 413.2 MiB)
26/08/14 00:32:14 INFO BlockManagerInfo: Added broadcast_71_piece0 in memory on 172.26.0.13:36721 (size: 34.0 KiB, free: 413.3 MiB)
26/08/14 00:32:20 INFO BlockManagerInfo: Removed broadcast_70_piece0 on spark-driver:40807 in memory (size: 5.9 KiB, free: 191.2 MiB)
26/08/14 00:32:20 INFO BlockManagerInfo: Removed broadcast_70_piece0 on 172.26.0.12:43985 in memory (size: 5.9 KiB, free: 413.2 MiB)
26/08/14 00:32:20 INFO BlockManagerInfo: Removed broadcast_69_piece0 on spark-driver:40807 in memory (size: 25.6 KiB, free: 191.2 MiB)
26/08/14 00:32:20 INFO BlockManagerInfo: Removed broadcast_69_piece0 on 172.26.0.12:43985 in memory (size: 25.6 KiB, free: 413.3 MiB)
26/08/14 00:32:20 INFO BlockManagerInfo: Removed broadcast_69_piece0 on 172.26.0.13:36721 in memory (size: 25.6 KiB, free: 413.3 MiB)
26/08/14 00:33:01 INFO BlockManagerInfo: Added rdd_471_3 in memory on 172.26.0.13:36721 (size: 7.5 KiB, free: 413.3 MiB)
26/08/14 00:33:01 INFO BlockManagerInfo: Added rdd_471_1 in memory on 172.26.0.12:43985 (size: 7.5 KiB, free: 413.3 MiB)
26/08/14 00:33:01 INFO TaskSetManager: Finished task 3.0 in stage 72.0 (TID 243) in 47365 ms on 172.26.0.13 (executor 1) (1/6)
26/08/14 00:33:01 INFO TaskSetManager: Finished task 1.0 in stage 72.0 (TID 244) in 47383 ms on 172.26.0.12 (executor 0) (2/6)
26/08/14 00:33:01 INFO BlockManagerInfo: Added rdd_471_5 in memory on 172.26.0.12:43985 (size: 8.6 KiB, free: 413.3 MiB)
26/08/14 00:33:02 INFO TaskSetManager: Finished task 5.0 in stage 72.0 (TID 246) in 47681 ms on 172.26.0.12 (executor 0) (3/6)
26/08/14 00:33:02 INFO BlockManagerInfo: Added rdd_471_4 in memory on 172.26.0.13:36721 (size: 8.6 KiB, free: 413.3 MiB)
26/08/14 00:33:02 INFO TaskSetManager: Finished task 4.0 in stage 72.0 (TID 245) in 47723 ms on 172.26.0.13 (executor 1) (4/6)
26/08/14 00:33:02 INFO BlockManagerInfo: Added rdd_471_2 in memory on 172.26.0.13:36721 (size: 7.4 KiB, free: 413.3 MiB)
26/08/14 00:33:02 INFO TaskSetManager: Finished task 2.0 in stage 72.0 (TID 241) in 47821 ms on 172.26.0.13 (executor 1) (5/6)
26/08/14 00:33:02 INFO BlockManagerInfo: Added rdd_471_0 in memory on 172.26.0.12:43985 (size: 8.6 KiB, free: 413.2 MiB)
26/08/14 00:33:02 INFO TaskSetManager: Finished task 0.0 in stage 72.0 (TID 242) in 47915 ms on 172.26.0.12 (executor 0) (6/6)
26/08/14 00:33:02 INFO TaskSchedulerImpl: Removed TaskSet 72.0, whose tasks have all completed, from pool 
26/08/14 00:33:02 INFO DAGScheduler: ResultStage 72 (call at /opt/spark/python/lib/py4j-0.10.9.7-src.zip/py4j/clientserver.py:617) finished in 47.918 s
26/08/14 00:33:02 INFO DAGScheduler: Job 39 is finished. Cancelling potential speculative or zombie tasks for this job
26/08/14 00:33:02 INFO TaskSchedulerImpl: Killing all running tasks in stage 72: Stage finished
26/08/14 00:33:02 INFO DAGScheduler: Job 39 finished: call at /opt/spark/python/lib/py4j-0.10.9.7-src.zip/py4j/clientserver.py:617, took 47.920300 s
26/08/14 00:33:02 INFO DefaultCachedBatchSerializer: Predicate isnotnull(kind#22815) generates partition filter: ((kind.count#22967 - kind.nullCount#22966) > 0)
26/08/14 00:33:02 INFO DefaultCachedBatchSerializer: Predicate (kind#22815 = dlq) generates partition filter: ((kind.lowerBound#22965 <= dlq) AND (dlq <= kind.upperBound#22964))
26/08/14 00:33:02 INFO SparkContext: Starting job: count at <unknown>:0
26/08/14 00:33:02 INFO DAGScheduler: Registering RDD 481 (count at <unknown>:0) as input to shuffle 33
26/08/14 00:33:02 INFO DAGScheduler: Got job 40 (count at <unknown>:0) with 1 output partitions
26/08/14 00:33:02 INFO DAGScheduler: Final stage: ResultStage 74 (count at <unknown>:0)
26/08/14 00:33:02 INFO DAGScheduler: Parents of final stage: List(ShuffleMapStage 73)
26/08/14 00:33:02 INFO DAGScheduler: Missing parents: List(ShuffleMapStage 73)
26/08/14 00:33:02 INFO DAGScheduler: Submitting ShuffleMapStage 73 (MapPartitionsRDD[481] at count at <unknown>:0), which has no missing parents
26/08/14 00:33:02 INFO MemoryStore: Block broadcast_72 stored as values in memory (estimated size 92.2 KiB, free 191.0 MiB)
26/08/14 00:33:02 INFO MemoryStore: Block broadcast_72_piece0 stored as bytes in memory (estimated size 35.3 KiB, free 191.0 MiB)
26/08/14 00:33:02 INFO BlockManagerInfo: Added broadcast_72_piece0 in memory on spark-driver:40807 (size: 35.3 KiB, free: 191.1 MiB)
26/08/14 00:33:02 INFO SparkContext: Created broadcast 72 from broadcast at DAGScheduler.scala:1585
26/08/14 00:33:02 INFO DAGScheduler: Submitting 6 missing tasks from ShuffleMapStage 73 (MapPartitionsRDD[481] at count at <unknown>:0) (first 15 tasks are for partitions Vector(0, 1, 2, 3, 4, 5))
26/08/14 00:33:02 INFO TaskSchedulerImpl: Adding task set 73.0 with 6 tasks resource profile 0
26/08/14 00:33:02 INFO TaskSetManager: Starting task 0.0 in stage 73.0 (TID 247) (172.26.0.12, executor 0, partition 0, PROCESS_LOCAL, 9921 bytes) 
26/08/14 00:33:02 INFO TaskSetManager: Starting task 2.0 in stage 73.0 (TID 248) (172.26.0.13, executor 1, partition 2, PROCESS_LOCAL, 9921 bytes) 
26/08/14 00:33:02 INFO TaskSetManager: Starting task 1.0 in stage 73.0 (TID 249) (172.26.0.12, executor 0, partition 1, PROCESS_LOCAL, 9921 bytes) 
26/08/14 00:33:02 INFO TaskSetManager: Starting task 3.0 in stage 73.0 (TID 250) (172.26.0.13, executor 1, partition 3, PROCESS_LOCAL, 9921 bytes) 
26/08/14 00:33:02 INFO TaskSetManager: Starting task 5.0 in stage 73.0 (TID 251) (172.26.0.12, executor 0, partition 5, PROCESS_LOCAL, 9921 bytes) 
26/08/14 00:33:02 INFO TaskSetManager: Starting task 4.0 in stage 73.0 (TID 252) (172.26.0.13, executor 1, partition 4, PROCESS_LOCAL, 9921 bytes) 
26/08/14 00:33:02 INFO BlockManagerInfo: Added broadcast_72_piece0 in memory on 172.26.0.12:43985 (size: 35.3 KiB, free: 413.2 MiB)
26/08/14 00:33:02 INFO BlockManagerInfo: Added broadcast_72_piece0 in memory on 172.26.0.13:36721 (size: 35.3 KiB, free: 413.2 MiB)
26/08/14 00:33:02 INFO TaskSetManager: Finished task 3.0 in stage 73.0 (TID 250) in 85 ms on 172.26.0.13 (executor 1) (1/6)
26/08/14 00:33:02 INFO TaskSetManager: Finished task 2.0 in stage 73.0 (TID 248) in 87 ms on 172.26.0.13 (executor 1) (2/6)
26/08/14 00:33:02 INFO TaskSetManager: Finished task 1.0 in stage 73.0 (TID 249) in 93 ms on 172.26.0.12 (executor 0) (3/6)
26/08/14 00:33:02 INFO TaskSetManager: Finished task 5.0 in stage 73.0 (TID 251) in 94 ms on 172.26.0.12 (executor 0) (4/6)
26/08/14 00:33:02 INFO TaskSetManager: Finished task 4.0 in stage 73.0 (TID 252) in 93 ms on 172.26.0.13 (executor 1) (5/6)
26/08/14 00:33:02 INFO TaskSetManager: Finished task 0.0 in stage 73.0 (TID 247) in 97 ms on 172.26.0.12 (executor 0) (6/6)
26/08/14 00:33:02 INFO TaskSchedulerImpl: Removed TaskSet 73.0, whose tasks have all completed, from pool 
26/08/14 00:33:02 INFO DAGScheduler: ShuffleMapStage 73 (count at <unknown>:0) finished in 0.123 s
26/08/14 00:33:02 INFO DAGScheduler: looking for newly runnable stages
26/08/14 00:33:02 INFO DAGScheduler: running: Set()
26/08/14 00:33:02 INFO DAGScheduler: waiting: Set(ResultStage 74)
26/08/14 00:33:02 INFO DAGScheduler: failed: Set()
26/08/14 00:33:02 INFO DAGScheduler: Submitting ResultStage 74 (MapPartitionsRDD[484] at count at <unknown>:0), which has no missing parents
26/08/14 00:33:02 INFO MemoryStore: Block broadcast_73 stored as values in memory (estimated size 12.5 KiB, free 191.0 MiB)
26/08/14 00:33:02 INFO MemoryStore: Block broadcast_73_piece0 stored as bytes in memory (estimated size 5.9 KiB, free 190.9 MiB)
26/08/14 00:33:02 INFO BlockManagerInfo: Added broadcast_73_piece0 in memory on spark-driver:40807 (size: 5.9 KiB, free: 191.1 MiB)
26/08/14 00:33:02 INFO SparkContext: Created broadcast 73 from broadcast at DAGScheduler.scala:1585
26/08/14 00:33:02 INFO DAGScheduler: Submitting 1 missing tasks from ResultStage 74 (MapPartitionsRDD[484] at count at <unknown>:0) (first 15 tasks are for partitions Vector(0))
26/08/14 00:33:02 INFO TaskSchedulerImpl: Adding task set 74.0 with 1 tasks resource profile 0
26/08/14 00:33:02 INFO TaskSetManager: Starting task 0.0 in stage 74.0 (TID 253) (172.26.0.13, executor 1, partition 0, NODE_LOCAL, 9003 bytes) 
26/08/14 00:33:02 INFO BlockManagerInfo: Added broadcast_73_piece0 in memory on 172.26.0.13:36721 (size: 5.9 KiB, free: 413.2 MiB)
26/08/14 00:33:02 INFO MapOutputTrackerMasterEndpoint: Asked to send map output locations for shuffle 33 to 172.26.0.13:52190
26/08/14 00:33:02 INFO TaskSetManager: Finished task 0.0 in stage 74.0 (TID 253) in 55 ms on 172.26.0.13 (executor 1) (1/1)
26/08/14 00:33:02 INFO TaskSchedulerImpl: Removed TaskSet 74.0, whose tasks have all completed, from pool 
26/08/14 00:33:02 INFO DAGScheduler: ResultStage 74 (count at <unknown>:0) finished in 0.068 s
26/08/14 00:33:02 INFO DAGScheduler: Job 40 is finished. Cancelling potential speculative or zombie tasks for this job
26/08/14 00:33:02 INFO TaskSchedulerImpl: Killing all running tasks in stage 74: Stage finished
26/08/14 00:33:02 INFO DAGScheduler: Job 40 finished: count at <unknown>:0, took 0.197363 s
26/08/14 00:33:02 INFO BlockManagerInfo: Removed broadcast_71_piece0 on spark-driver:40807 in memory (size: 34.0 KiB, free: 191.2 MiB)
26/08/14 00:33:02 INFO BlockManagerInfo: Removed broadcast_71_piece0 on 172.26.0.13:36721 in memory (size: 34.0 KiB, free: 413.3 MiB)
26/08/14 00:33:02 INFO BlockManagerInfo: Removed broadcast_71_piece0 on 172.26.0.12:43985 in memory (size: 34.0 KiB, free: 413.2 MiB)
26/08/14 00:33:02 INFO BlockManagerInfo: Removed broadcast_73_piece0 on spark-driver:40807 in memory (size: 5.9 KiB, free: 191.2 MiB)
26/08/14 00:33:02 INFO BlockManagerInfo: Removed broadcast_73_piece0 on 172.26.0.13:36721 in memory (size: 5.9 KiB, free: 413.3 MiB)
26/08/14 00:33:02 INFO CodeGenerator: Code generated in 28.883292 ms
26/08/14 00:33:02 INFO BlockManagerInfo: Removed broadcast_72_piece0 on spark-driver:40807 in memory (size: 35.3 KiB, free: 191.2 MiB)
26/08/14 00:33:02 INFO DefaultCachedBatchSerializer: Predicate isnotnull(kind#22815) generates partition filter: ((kind.count#23033 - kind.nullCount#23032) > 0)
26/08/14 00:33:02 INFO DefaultCachedBatchSerializer: Predicate (kind#22815 = dlq) generates partition filter: ((kind.lowerBound#23031 <= dlq) AND (dlq <= kind.upperBound#23030))
26/08/14 00:33:02 INFO BlockManagerInfo: Removed broadcast_72_piece0 on 172.26.0.12:43985 in memory (size: 35.3 KiB, free: 413.3 MiB)
26/08/14 00:33:02 INFO BlockManagerInfo: Removed broadcast_72_piece0 on 172.26.0.13:36721 in memory (size: 35.3 KiB, free: 413.3 MiB)
26/08/14 00:33:02 INFO SparkContext: Starting job: save at <unknown>:0
26/08/14 00:33:02 INFO DAGScheduler: Got job 41 (save at <unknown>:0) with 6 output partitions
26/08/14 00:33:02 INFO DAGScheduler: Final stage: ResultStage 75 (save at <unknown>:0)
26/08/14 00:33:02 INFO DAGScheduler: Parents of final stage: List()
26/08/14 00:33:02 INFO DAGScheduler: Missing parents: List()
26/08/14 00:33:02 INFO DAGScheduler: Submitting ResultStage 75 (SQLExecutionRDD[489] at save at <unknown>:0), which has no missing parents
26/08/14 00:33:02 INFO MemoryStore: Block broadcast_74 stored as values in memory (estimated size 90.7 KiB, free 191.1 MiB)
26/08/14 00:33:02 INFO MemoryStore: Block broadcast_74_piece0 stored as bytes in memory (estimated size 34.2 KiB, free 191.1 MiB)
26/08/14 00:33:02 INFO BlockManagerInfo: Added broadcast_74_piece0 in memory on spark-driver:40807 (size: 34.2 KiB, free: 191.2 MiB)
26/08/14 00:33:02 INFO SparkContext: Created broadcast 74 from broadcast at DAGScheduler.scala:1585
26/08/14 00:33:02 INFO DAGScheduler: Submitting 6 missing tasks from ResultStage 75 (SQLExecutionRDD[489] at save at <unknown>:0) (first 15 tasks are for partitions Vector(0, 1, 2, 3, 4, 5))
26/08/14 00:33:02 INFO TaskSchedulerImpl: Adding task set 75.0 with 6 tasks resource profile 0
26/08/14 00:33:02 INFO TaskSetManager: Starting task 0.0 in stage 75.0 (TID 254) (172.26.0.12, executor 0, partition 0, PROCESS_LOCAL, 9932 bytes) 
26/08/14 00:33:02 INFO TaskSetManager: Starting task 2.0 in stage 75.0 (TID 255) (172.26.0.13, executor 1, partition 2, PROCESS_LOCAL, 9932 bytes) 
26/08/14 00:33:02 INFO TaskSetManager: Starting task 1.0 in stage 75.0 (TID 256) (172.26.0.12, executor 0, partition 1, PROCESS_LOCAL, 9932 bytes) 
26/08/14 00:33:02 INFO TaskSetManager: Starting task 3.0 in stage 75.0 (TID 257) (172.26.0.13, executor 1, partition 3, PROCESS_LOCAL, 9932 bytes) 
26/08/14 00:33:02 INFO TaskSetManager: Starting task 5.0 in stage 75.0 (TID 258) (172.26.0.12, executor 0, partition 5, PROCESS_LOCAL, 9932 bytes) 
26/08/14 00:33:02 INFO TaskSetManager: Starting task 4.0 in stage 75.0 (TID 259) (172.26.0.13, executor 1, partition 4, PROCESS_LOCAL, 9932 bytes) 
26/08/14 00:33:02 INFO BlockManagerInfo: Added broadcast_74_piece0 in memory on 172.26.0.12:43985 (size: 34.2 KiB, free: 413.2 MiB)
26/08/14 00:33:02 INFO BlockManagerInfo: Added broadcast_74_piece0 in memory on 172.26.0.13:36721 (size: 34.2 KiB, free: 413.3 MiB)
26/08/14 00:33:02 INFO TaskSetManager: Finished task 4.0 in stage 75.0 (TID 259) in 272 ms on 172.26.0.13 (executor 1) (1/6)
26/08/14 00:33:02 INFO TaskSetManager: Finished task 2.0 in stage 75.0 (TID 255) in 275 ms on 172.26.0.13 (executor 1) (2/6)
26/08/14 00:33:02 INFO TaskSetManager: Finished task 3.0 in stage 75.0 (TID 257) in 274 ms on 172.26.0.13 (executor 1) (3/6)
26/08/14 00:33:02 INFO TaskSetManager: Finished task 1.0 in stage 75.0 (TID 256) in 281 ms on 172.26.0.12 (executor 0) (4/6)
26/08/14 00:33:02 INFO TaskSetManager: Finished task 0.0 in stage 75.0 (TID 254) in 283 ms on 172.26.0.12 (executor 0) (5/6)
26/08/14 00:33:02 INFO TaskSetManager: Finished task 5.0 in stage 75.0 (TID 258) in 281 ms on 172.26.0.12 (executor 0) (6/6)
26/08/14 00:33:02 INFO TaskSchedulerImpl: Removed TaskSet 75.0, whose tasks have all completed, from pool 
26/08/14 00:33:02 INFO DAGScheduler: ResultStage 75 (save at <unknown>:0) finished in 0.290 s
26/08/14 00:33:02 INFO DAGScheduler: Job 41 is finished. Cancelling potential speculative or zombie tasks for this job
26/08/14 00:33:02 INFO TaskSchedulerImpl: Killing all running tasks in stage 75: Stage finished
26/08/14 00:33:02 INFO DAGScheduler: Job 41 finished: save at <unknown>:0, took 0.292171 s
26/08/14 00:33:02 INFO MapPartitionsRDD: Removing RDD 471 from persistence list
26/08/14 00:33:02 INFO BlockManager: Removing RDD 471
26/08/14 00:33:03 INFO SparkContext: Starting job: call at /opt/spark/python/lib/py4j-0.10.9.7-src.zip/py4j/clientserver.py:617
26/08/14 00:33:03 INFO DAGScheduler: Registering RDD 494 (call at /opt/spark/python/lib/py4j-0.10.9.7-src.zip/py4j/clientserver.py:617) as input to shuffle 34
26/08/14 00:33:03 INFO DAGScheduler: Got job 42 (call at /opt/spark/python/lib/py4j-0.10.9.7-src.zip/py4j/clientserver.py:617) with 1 output partitions
26/08/14 00:33:03 INFO DAGScheduler: Final stage: ResultStage 77 (call at /opt/spark/python/lib/py4j-0.10.9.7-src.zip/py4j/clientserver.py:617)
26/08/14 00:33:03 INFO DAGScheduler: Parents of final stage: List(ShuffleMapStage 76)
26/08/14 00:33:03 INFO DAGScheduler: Missing parents: List(ShuffleMapStage 76)
26/08/14 00:33:03 INFO DAGScheduler: Submitting ShuffleMapStage 76 (MapPartitionsRDD[494] at call at /opt/spark/python/lib/py4j-0.10.9.7-src.zip/py4j/clientserver.py:617), which has no missing parents
26/08/14 00:33:03 INFO MemoryStore: Block broadcast_75 stored as values in memory (estimated size 66.1 KiB, free 191.0 MiB)
26/08/14 00:33:03 INFO MemoryStore: Block broadcast_75_piece0 stored as bytes in memory (estimated size 24.8 KiB, free 191.0 MiB)
26/08/14 00:33:03 INFO BlockManagerInfo: Added broadcast_75_piece0 in memory on spark-driver:40807 (size: 24.8 KiB, free: 191.2 MiB)
26/08/14 00:33:03 INFO SparkContext: Created broadcast 75 from broadcast at DAGScheduler.scala:1585
26/08/14 00:33:03 INFO DAGScheduler: Submitting 6 missing tasks from ShuffleMapStage 76 (MapPartitionsRDD[494] at call at /opt/spark/python/lib/py4j-0.10.9.7-src.zip/py4j/clientserver.py:617) (first 15 tasks are for partitions Vector(0, 1, 2, 3, 4, 5))
26/08/14 00:33:03 INFO TaskSchedulerImpl: Adding task set 76.0 with 6 tasks resource profile 0
26/08/14 00:33:03 INFO TaskSetManager: Starting task 2.0 in stage 76.0 (TID 260) (172.26.0.13, executor 1, partition 2, PROCESS_LOCAL, 9921 bytes) 
26/08/14 00:33:03 INFO TaskSetManager: Starting task 0.0 in stage 76.0 (TID 261) (172.26.0.12, executor 0, partition 0, PROCESS_LOCAL, 9921 bytes) 
26/08/14 00:33:03 INFO TaskSetManager: Starting task 3.0 in stage 76.0 (TID 262) (172.26.0.13, executor 1, partition 3, PROCESS_LOCAL, 9921 bytes) 
26/08/14 00:33:03 INFO TaskSetManager: Starting task 1.0 in stage 76.0 (TID 263) (172.26.0.12, executor 0, partition 1, PROCESS_LOCAL, 9921 bytes) 
26/08/14 00:33:03 INFO TaskSetManager: Starting task 4.0 in stage 76.0 (TID 264) (172.26.0.13, executor 1, partition 4, PROCESS_LOCAL, 9921 bytes) 
26/08/14 00:33:03 INFO TaskSetManager: Starting task 5.0 in stage 76.0 (TID 265) (172.26.0.12, executor 0, partition 5, PROCESS_LOCAL, 9921 bytes) 
26/08/14 00:33:03 INFO BlockManagerInfo: Added broadcast_75_piece0 in memory on 172.26.0.13:36721 (size: 24.8 KiB, free: 413.3 MiB)
26/08/14 00:33:03 INFO BlockManagerInfo: Added broadcast_75_piece0 in memory on 172.26.0.12:43985 (size: 24.8 KiB, free: 413.2 MiB)
26/08/14 00:33:03 INFO TaskSetManager: Finished task 1.0 in stage 76.0 (TID 263) in 40 ms on 172.26.0.12 (executor 0) (1/6)
26/08/14 00:33:03 INFO TaskSetManager: Finished task 0.0 in stage 76.0 (TID 261) in 42 ms on 172.26.0.12 (executor 0) (2/6)
26/08/14 00:33:03 INFO TaskSetManager: Finished task 5.0 in stage 76.0 (TID 265) in 44 ms on 172.26.0.12 (executor 0) (3/6)
26/08/14 00:33:03 INFO TaskSetManager: Finished task 3.0 in stage 76.0 (TID 262) in 44 ms on 172.26.0.13 (executor 1) (4/6)
26/08/14 00:33:03 INFO TaskSetManager: Finished task 4.0 in stage 76.0 (TID 264) in 56 ms on 172.26.0.13 (executor 1) (5/6)
26/08/14 00:33:03 INFO TaskSetManager: Finished task 2.0 in stage 76.0 (TID 260) in 59 ms on 172.26.0.13 (executor 1) (6/6)
26/08/14 00:33:03 INFO TaskSchedulerImpl: Removed TaskSet 76.0, whose tasks have all completed, from pool 
26/08/14 00:33:03 INFO DAGScheduler: ShuffleMapStage 76 (call at /opt/spark/python/lib/py4j-0.10.9.7-src.zip/py4j/clientserver.py:617) finished in 0.069 s
26/08/14 00:33:03 INFO DAGScheduler: looking for newly runnable stages
26/08/14 00:33:03 INFO DAGScheduler: running: Set()
26/08/14 00:33:03 INFO DAGScheduler: waiting: Set(ResultStage 77)
26/08/14 00:33:03 INFO DAGScheduler: failed: Set()
26/08/14 00:33:03 INFO DAGScheduler: Submitting ResultStage 77 (MapPartitionsRDD[497] at call at /opt/spark/python/lib/py4j-0.10.9.7-src.zip/py4j/clientserver.py:617), which has no missing parents
26/08/14 00:33:03 INFO MemoryStore: Block broadcast_76 stored as values in memory (estimated size 13.1 KiB, free 191.0 MiB)
26/08/14 00:33:03 INFO MemoryStore: Block broadcast_76_piece0 stored as bytes in memory (estimated size 6.1 KiB, free 191.0 MiB)
26/08/14 00:33:03 INFO BlockManagerInfo: Added broadcast_76_piece0 in memory on spark-driver:40807 (size: 6.1 KiB, free: 191.1 MiB)
26/08/14 00:33:03 INFO BlockManagerInfo: Removed broadcast_74_piece0 on spark-driver:40807 in memory (size: 34.2 KiB, free: 191.2 MiB)
26/08/14 00:33:03 INFO BlockManagerInfo: Removed broadcast_74_piece0 on 172.26.0.13:36721 in memory (size: 34.2 KiB, free: 413.3 MiB)
26/08/14 00:33:03 INFO SparkContext: Created broadcast 76 from broadcast at DAGScheduler.scala:1585
26/08/14 00:33:03 INFO BlockManagerInfo: Removed broadcast_74_piece0 on 172.26.0.12:43985 in memory (size: 34.2 KiB, free: 413.3 MiB)
26/08/14 00:33:03 INFO DAGScheduler: Submitting 1 missing tasks from ResultStage 77 (MapPartitionsRDD[497] at call at /opt/spark/python/lib/py4j-0.10.9.7-src.zip/py4j/clientserver.py:617) (first 15 tasks are for partitions Vector(0))
26/08/14 00:33:03 INFO TaskSchedulerImpl: Adding task set 77.0 with 1 tasks resource profile 0
26/08/14 00:33:03 INFO TaskSetManager: Starting task 0.0 in stage 77.0 (TID 266) (172.26.0.12, executor 0, partition 0, NODE_LOCAL, 9003 bytes) 
26/08/14 00:33:03 INFO BlockManagerInfo: Added broadcast_76_piece0 in memory on 172.26.0.12:43985 (size: 6.1 KiB, free: 413.3 MiB)
26/08/14 00:33:03 INFO MapOutputTrackerMasterEndpoint: Asked to send map output locations for shuffle 34 to 172.26.0.12:56940
26/08/14 00:33:03 INFO TaskSetManager: Finished task 0.0 in stage 77.0 (TID 266) in 71 ms on 172.26.0.12 (executor 0) (1/1)
26/08/14 00:33:03 INFO TaskSchedulerImpl: Removed TaskSet 77.0, whose tasks have all completed, from pool 
26/08/14 00:33:03 INFO DAGScheduler: ResultStage 77 (call at /opt/spark/python/lib/py4j-0.10.9.7-src.zip/py4j/clientserver.py:617) finished in 0.100 s
26/08/14 00:33:03 INFO DAGScheduler: Job 42 is finished. Cancelling potential speculative or zombie tasks for this job
26/08/14 00:33:03 INFO TaskSchedulerImpl: Killing all running tasks in stage 77: Stage finished
26/08/14 00:33:03 INFO DAGScheduler: Job 42 finished: call at /opt/spark/python/lib/py4j-0.10.9.7-src.zip/py4j/clientserver.py:617, took 0.174378 s
2026-08-14 00:33:03,236 INFO  [stream] batch=7 in=1976 written=5901 late=0 dlq=27 49.76s (40 rows/s)
26/08/14 00:33:03 INFO MapPartitionsRDD: Removing RDD 433 from persistence list
26/08/14 00:33:03 INFO BlockManager: Removing RDD 433
26/08/14 00:33:03 INFO WatermarkTracker: Updating event-time watermark from 1786667410712 to 1786667413190 ms
26/08/14 00:33:03 INFO CheckpointFileManager: Writing atomically to file:/opt/checkpoints/trips/commits/7 using temp file file:/opt/checkpoints/trips/commits/.7.23d9b566-53a7-41a7-ba4e-96ea7c70fb5b.tmp
26/08/14 00:33:03 INFO CheckpointFileManager: Renamed temp file file:/opt/checkpoints/trips/commits/.7.23d9b566-53a7-41a7-ba4e-96ea7c70fb5b.tmp to file:/opt/checkpoints/trips/commits/7
26/08/14 00:33:03 INFO MicroBatchExecution: Streaming query made progress: {
  "id" : "9bde9f13-592f-4d70-b0dc-d7da66bf462a",
  "runId" : "047beccd-e00c-422a-ab02-7f7f311f8ed1",
  "name" : "trips-ingest-ab_ab_no_backoff_2",
  "timestamp" : "2026-08-14T00:32:13.302Z",
  "batchId" : 7,
  "numInputRows" : 1976,
  "inputRowsPerSecond" : 799.3527508090615,
  "processedRowsPerSecond" : 39.517628942263464,
  "durationMs" : {
    "addBatch" : 49847,
    "commitOffsets" : 62,
    "getBatch" : 2,
    "latestOffset" : 14,
    "queryPlanning" : 30,
    "triggerExecution" : 50003,
    "walCommit" : 42
  },
  "eventTime" : {
    "avg" : "2026-08-14T00:32:10.574Z",
    "max" : "2026-08-14T00:32:13.190Z",
    "min" : "2026-08-14T00:32:07.898Z",
    "watermark" : "2026-08-14T00:30:10.712Z"
  },
  "stateOperators" : [ ],
  "sources" : [ {
    "description" : "KafkaV2[Subscribe[trips.raw]]",
    "startOffset" : {
      "trips.raw" : {
        "2" : 291862,
        "5" : 289795,
        "4" : 291542,
        "1" : 291161,
        "3" : 291132,
        "0" : 291387
      }
    },
    "endOffset" : {
      "trips.raw" : {
        "2" : 292204,
        "5" : 290113,
        "4" : 291888,
        "1" : 291482,
        "3" : 291457,
        "0" : 291711
      }
    },
    "latestOffset" : {
      "trips.raw" : {
        "2" : 292204,
        "5" : 290113,
        "4" : 291888,
        "1" : 291482,
        "3" : 291457,
        "0" : 291711
      }
    },
    "numInputRows" : 1976,
    "inputRowsPerSecond" : 799.3527508090615,
    "processedRowsPerSecond" : 39.517628942263464,
    "metrics" : {
      "avgOffsetsBehindLatest" : "0.0",
      "maxOffsetsBehindLatest" : "0",
      "minOffsetsBehindLatest" : "0"
    }
  } ],
  "sink" : {
    "description" : "ForeachBatchSink",
    "numOutputRows" : -1
  }
}
26/08/14 00:33:03 INFO CheckpointFileManager: Writing atomically to file:/opt/checkpoints/trips/offsets/8 using temp file file:/opt/checkpoints/trips/offsets/.8.ab43803d-8f3b-428d-8e4b-7b600bd3548b.tmp
26/08/14 00:33:03 INFO CheckpointFileManager: Renamed temp file file:/opt/checkpoints/trips/offsets/.8.ab43803d-8f3b-428d-8e4b-7b600bd3548b.tmp to file:/opt/checkpoints/trips/offsets/8
26/08/14 00:33:03 INFO MicroBatchExecution: Committed offsets for batch 8. Metadata OffsetSeqMetadata(1786667413190,1786667583326,Map(spark.sql.streaming.stateStore.providerClass -> org.apache.spark.sql.execution.streaming.state.HDFSBackedStateStoreProvider, spark.sql.streaming.join.stateFormatVersion -> 2, spark.sql.streaming.stateStore.compression.codec -> lz4, spark.sql.streaming.stateStore.rocksdb.formatVersion -> 5, spark.sql.streaming.statefulOperator.useStrictDistribution -> true, spark.sql.streaming.flatMapGroupsWithState.stateFormatVersion -> 2, spark.sql.streaming.multipleWatermarkPolicy -> min, spark.sql.streaming.aggregation.stateFormatVersion -> 2, spark.sql.shuffle.partitions -> 6))
26/08/14 00:33:03 INFO KafkaOffsetReaderAdmin: Partitions added: Map()
26/08/14 00:33:03 INFO KafkaOffsetReaderAdmin: Partitions added: Map()
26/08/14 00:33:03 INFO KafkaOffsetReaderAdmin: Partitions added: Map()
26/08/14 00:33:03 INFO KafkaOffsetReaderAdmin: Partitions added: Map()
2026-08-14 00:33:03,420 INFO  [stream] Received command c on object id p0
26/08/14 00:33:03 INFO SparkContext: Starting job: count at <unknown>:0
26/08/14 00:33:03 INFO DAGScheduler: Registering RDD 512 (count at <unknown>:0) as input to shuffle 35
26/08/14 00:33:03 INFO DAGScheduler: Got job 43 (count at <unknown>:0) with 1 output partitions
26/08/14 00:33:03 INFO DAGScheduler: Final stage: ResultStage 79 (count at <unknown>:0)
26/08/14 00:33:03 INFO DAGScheduler: Parents of final stage: List(ShuffleMapStage 78)
26/08/14 00:33:03 INFO DAGScheduler: Missing parents: List(ShuffleMapStage 78)
26/08/14 00:33:03 INFO DAGScheduler: Submitting ShuffleMapStage 78 (MapPartitionsRDD[512] at count at <unknown>:0), which has no missing parents
26/08/14 00:33:03 INFO BlockManagerInfo: Removed broadcast_75_piece0 on spark-driver:40807 in memory (size: 24.8 KiB, free: 191.2 MiB)
26/08/14 00:33:03 INFO MemoryStore: Block broadcast_77 stored as values in memory (estimated size 64.6 KiB, free 191.1 MiB)
26/08/14 00:33:03 INFO BlockManagerInfo: Removed broadcast_75_piece0 on 172.26.0.12:43985 in memory (size: 24.8 KiB, free: 413.9 MiB)
26/08/14 00:33:03 INFO MemoryStore: Block broadcast_77_piece0 stored as bytes in memory (estimated size 24.1 KiB, free 191.1 MiB)
26/08/14 00:33:03 INFO BlockManagerInfo: Added broadcast_77_piece0 in memory on spark-driver:40807 (size: 24.1 KiB, free: 191.2 MiB)
26/08/14 00:33:03 INFO BlockManagerInfo: Removed broadcast_75_piece0 on 172.26.0.13:36721 in memory (size: 24.8 KiB, free: 413.9 MiB)
26/08/14 00:33:03 INFO SparkContext: Created broadcast 77 from broadcast at DAGScheduler.scala:1585
26/08/14 00:33:03 INFO DAGScheduler: Submitting 6 missing tasks from ShuffleMapStage 78 (MapPartitionsRDD[512] at count at <unknown>:0) (first 15 tasks are for partitions Vector(0, 1, 2, 3, 4, 5))
26/08/14 00:33:03 INFO TaskSchedulerImpl: Adding task set 78.0 with 6 tasks resource profile 0
26/08/14 00:33:03 INFO TaskSetManager: Starting task 0.0 in stage 78.0 (TID 267) (172.26.0.12, executor 0, partition 0, PROCESS_LOCAL, 9921 bytes) 
26/08/14 00:33:03 INFO TaskSetManager: Starting task 2.0 in stage 78.0 (TID 268) (172.26.0.13, executor 1, partition 2, PROCESS_LOCAL, 9921 bytes) 
26/08/14 00:33:03 INFO TaskSetManager: Starting task 1.0 in stage 78.0 (TID 269) (172.26.0.12, executor 0, partition 1, PROCESS_LOCAL, 9921 bytes) 
26/08/14 00:33:03 INFO TaskSetManager: Starting task 3.0 in stage 78.0 (TID 270) (172.26.0.13, executor 1, partition 3, PROCESS_LOCAL, 9921 bytes) 
26/08/14 00:33:03 INFO TaskSetManager: Starting task 5.0 in stage 78.0 (TID 271) (172.26.0.12, executor 0, partition 5, PROCESS_LOCAL, 9921 bytes) 
26/08/14 00:33:03 INFO TaskSetManager: Starting task 4.0 in stage 78.0 (TID 272) (172.26.0.13, executor 1, partition 4, PROCESS_LOCAL, 9921 bytes) 
26/08/14 00:33:03 INFO BlockManagerInfo: Removed broadcast_76_piece0 on spark-driver:40807 in memory (size: 6.1 KiB, free: 191.2 MiB)
26/08/14 00:33:03 INFO BlockManagerInfo: Removed broadcast_76_piece0 on 172.26.0.12:43985 in memory (size: 6.1 KiB, free: 413.9 MiB)
26/08/14 00:33:03 INFO BlockManagerInfo: Added broadcast_77_piece0 in memory on 172.26.0.12:43985 (size: 24.1 KiB, free: 413.9 MiB)
26/08/14 00:33:03 INFO BlockManagerInfo: Added broadcast_77_piece0 in memory on 172.26.0.13:36721 (size: 24.1 KiB, free: 413.9 MiB)
26/08/14 00:33:04 INFO BlockManagerInfo: Added rdd_507_5 in memory on 172.26.0.12:43985 (size: 4.0 MiB, free: 409.9 MiB)
26/08/14 00:33:04 INFO BlockManagerInfo: Added rdd_507_2 in memory on 172.26.0.13:36721 (size: 3.9 MiB, free: 410.0 MiB)
26/08/14 00:33:04 INFO BlockManagerInfo: Added rdd_507_4 in memory on 172.26.0.13:36721 (size: 4.0 MiB, free: 406.0 MiB)
26/08/14 00:33:04 INFO TaskSetManager: Finished task 5.0 in stage 78.0 (TID 271) in 1135 ms on 172.26.0.12 (executor 0) (1/6)
26/08/14 00:33:04 INFO BlockManagerInfo: Added rdd_507_3 in memory on 172.26.0.13:36721 (size: 4.0 MiB, free: 402.0 MiB)
26/08/14 00:33:04 INFO TaskSetManager: Finished task 4.0 in stage 78.0 (TID 272) in 1143 ms on 172.26.0.13 (executor 1) (2/6)
26/08/14 00:33:04 INFO TaskSetManager: Finished task 2.0 in stage 78.0 (TID 268) in 1144 ms on 172.26.0.13 (executor 1) (3/6)
26/08/14 00:33:04 INFO TaskSetManager: Finished task 3.0 in stage 78.0 (TID 270) in 1150 ms on 172.26.0.13 (executor 1) (4/6)
26/08/14 00:33:04 INFO BlockManagerInfo: Added rdd_507_0 in memory on 172.26.0.12:43985 (size: 3.9 MiB, free: 406.0 MiB)
26/08/14 00:33:04 INFO TaskSetManager: Finished task 0.0 in stage 78.0 (TID 267) in 1171 ms on 172.26.0.12 (executor 0) (5/6)
26/08/14 00:33:04 INFO BlockManagerInfo: Added rdd_507_1 in memory on 172.26.0.12:43985 (size: 4.0 MiB, free: 402.0 MiB)
26/08/14 00:33:04 INFO TaskSetManager: Finished task 1.0 in stage 78.0 (TID 269) in 1185 ms on 172.26.0.12 (executor 0) (6/6)
26/08/14 00:33:04 INFO TaskSchedulerImpl: Removed TaskSet 78.0, whose tasks have all completed, from pool 
26/08/14 00:33:04 INFO DAGScheduler: ShuffleMapStage 78 (count at <unknown>:0) finished in 1.205 s
26/08/14 00:33:04 INFO DAGScheduler: looking for newly runnable stages
26/08/14 00:33:04 INFO DAGScheduler: running: Set()
26/08/14 00:33:04 INFO DAGScheduler: waiting: Set(ResultStage 79)
26/08/14 00:33:04 INFO DAGScheduler: failed: Set()
26/08/14 00:33:04 INFO DAGScheduler: Submitting ResultStage 79 (MapPartitionsRDD[515] at count at <unknown>:0), which has no missing parents
26/08/14 00:33:04 INFO MemoryStore: Block broadcast_78 stored as values in memory (estimated size 12.5 KiB, free 191.1 MiB)
26/08/14 00:33:04 INFO MemoryStore: Block broadcast_78_piece0 stored as bytes in memory (estimated size 5.9 KiB, free 191.1 MiB)
26/08/14 00:33:04 INFO BlockManagerInfo: Added broadcast_78_piece0 in memory on spark-driver:40807 (size: 5.9 KiB, free: 191.2 MiB)
26/08/14 00:33:04 INFO SparkContext: Created broadcast 78 from broadcast at DAGScheduler.scala:1585
26/08/14 00:33:04 INFO DAGScheduler: Submitting 1 missing tasks from ResultStage 79 (MapPartitionsRDD[515] at count at <unknown>:0) (first 15 tasks are for partitions Vector(0))
26/08/14 00:33:04 INFO TaskSchedulerImpl: Adding task set 79.0 with 1 tasks resource profile 0
26/08/14 00:33:04 INFO TaskSetManager: Starting task 0.0 in stage 79.0 (TID 273) (172.26.0.13, executor 1, partition 0, NODE_LOCAL, 9003 bytes) 
26/08/14 00:33:04 INFO BlockManagerInfo: Added broadcast_78_piece0 in memory on 172.26.0.13:36721 (size: 5.9 KiB, free: 402.0 MiB)
26/08/14 00:33:04 INFO MapOutputTrackerMasterEndpoint: Asked to send map output locations for shuffle 35 to 172.26.0.13:52190
26/08/14 00:33:04 INFO TaskSetManager: Finished task 0.0 in stage 79.0 (TID 273) in 19 ms on 172.26.0.13 (executor 1) (1/1)
26/08/14 00:33:04 INFO TaskSchedulerImpl: Removed TaskSet 79.0, whose tasks have all completed, from pool 
26/08/14 00:33:04 INFO DAGScheduler: ResultStage 79 (count at <unknown>:0) finished in 0.028 s
26/08/14 00:33:04 INFO DAGScheduler: Job 43 is finished. Cancelling potential speculative or zombie tasks for this job
26/08/14 00:33:04 INFO TaskSchedulerImpl: Killing all running tasks in stage 79: Stage finished
26/08/14 00:33:04 INFO DAGScheduler: Job 43 finished: count at <unknown>:0, took 1.241654 s
26/08/14 00:33:04 INFO SparkContext: Starting job: count at <unknown>:0
26/08/14 00:33:04 INFO DAGScheduler: Registering RDD 520 (count at <unknown>:0) as input to shuffle 36
26/08/14 00:33:04 INFO DAGScheduler: Got job 44 (count at <unknown>:0) with 1 output partitions
26/08/14 00:33:04 INFO DAGScheduler: Final stage: ResultStage 81 (count at <unknown>:0)
26/08/14 00:33:04 INFO DAGScheduler: Parents of final stage: List(ShuffleMapStage 80)
26/08/14 00:33:04 INFO DAGScheduler: Missing parents: List(ShuffleMapStage 80)
26/08/14 00:33:04 INFO DAGScheduler: Submitting ShuffleMapStage 80 (MapPartitionsRDD[520] at count at <unknown>:0), which has no missing parents
26/08/14 00:33:04 INFO MemoryStore: Block broadcast_79 stored as values in memory (estimated size 64.9 KiB, free 191.0 MiB)
26/08/14 00:33:04 INFO MemoryStore: Block broadcast_79_piece0 stored as bytes in memory (estimated size 24.2 KiB, free 191.0 MiB)
26/08/14 00:33:04 INFO BlockManagerInfo: Added broadcast_79_piece0 in memory on spark-driver:40807 (size: 24.2 KiB, free: 191.2 MiB)
26/08/14 00:33:04 INFO SparkContext: Created broadcast 79 from broadcast at DAGScheduler.scala:1585
26/08/14 00:33:04 INFO DAGScheduler: Submitting 6 missing tasks from ShuffleMapStage 80 (MapPartitionsRDD[520] at count at <unknown>:0) (first 15 tasks are for partitions Vector(0, 1, 2, 3, 4, 5))
26/08/14 00:33:04 INFO TaskSchedulerImpl: Adding task set 80.0 with 6 tasks resource profile 0
26/08/14 00:33:04 INFO TaskSetManager: Starting task 2.0 in stage 80.0 (TID 274) (172.26.0.13, executor 1, partition 2, PROCESS_LOCAL, 9921 bytes) 
26/08/14 00:33:04 INFO TaskSetManager: Starting task 0.0 in stage 80.0 (TID 275) (172.26.0.12, executor 0, partition 0, PROCESS_LOCAL, 9921 bytes) 
26/08/14 00:33:04 INFO TaskSetManager: Starting task 3.0 in stage 80.0 (TID 276) (172.26.0.13, executor 1, partition 3, PROCESS_LOCAL, 9921 bytes) 
26/08/14 00:33:04 INFO TaskSetManager: Starting task 1.0 in stage 80.0 (TID 277) (172.26.0.12, executor 0, partition 1, PROCESS_LOCAL, 9921 bytes) 
26/08/14 00:33:04 INFO TaskSetManager: Starting task 4.0 in stage 80.0 (TID 278) (172.26.0.13, executor 1, partition 4, PROCESS_LOCAL, 9921 bytes) 
26/08/14 00:33:04 INFO TaskSetManager: Starting task 5.0 in stage 80.0 (TID 279) (172.26.0.12, executor 0, partition 5, PROCESS_LOCAL, 9921 bytes) 
26/08/14 00:33:04 INFO BlockManagerInfo: Added broadcast_79_piece0 in memory on 172.26.0.13:36721 (size: 24.2 KiB, free: 402.0 MiB)
26/08/14 00:33:04 INFO BlockManagerInfo: Added broadcast_79_piece0 in memory on 172.26.0.12:43985 (size: 24.2 KiB, free: 402.0 MiB)
26/08/14 00:33:04 INFO TaskSetManager: Finished task 4.0 in stage 80.0 (TID 278) in 15 ms on 172.26.0.13 (executor 1) (1/6)
26/08/14 00:33:04 INFO TaskSetManager: Finished task 3.0 in stage 80.0 (TID 276) in 15 ms on 172.26.0.13 (executor 1) (2/6)
26/08/14 00:33:04 INFO TaskSetManager: Finished task 2.0 in stage 80.0 (TID 274) in 16 ms on 172.26.0.13 (executor 1) (3/6)
26/08/14 00:33:04 INFO TaskSetManager: Finished task 0.0 in stage 80.0 (TID 275) in 19 ms on 172.26.0.12 (executor 0) (4/6)
26/08/14 00:33:04 INFO TaskSetManager: Finished task 1.0 in stage 80.0 (TID 277) in 32 ms on 172.26.0.12 (executor 0) (5/6)
26/08/14 00:33:04 INFO TaskSetManager: Finished task 5.0 in stage 80.0 (TID 279) in 32 ms on 172.26.0.12 (executor 0) (6/6)
26/08/14 00:33:04 INFO TaskSchedulerImpl: Removed TaskSet 80.0, whose tasks have all completed, from pool 
26/08/14 00:33:04 INFO DAGScheduler: ShuffleMapStage 80 (count at <unknown>:0) finished in 0.038 s
26/08/14 00:33:04 INFO DAGScheduler: looking for newly runnable stages
26/08/14 00:33:04 INFO DAGScheduler: running: Set()
26/08/14 00:33:04 INFO DAGScheduler: waiting: Set(ResultStage 81)
26/08/14 00:33:04 INFO DAGScheduler: failed: Set()
26/08/14 00:33:04 INFO DAGScheduler: Submitting ResultStage 81 (MapPartitionsRDD[523] at count at <unknown>:0), which has no missing parents
26/08/14 00:33:04 INFO MemoryStore: Block broadcast_80 stored as values in memory (estimated size 12.5 KiB, free 191.0 MiB)
26/08/14 00:33:04 INFO BlockManagerInfo: Removed broadcast_78_piece0 on spark-driver:40807 in memory (size: 5.9 KiB, free: 191.2 MiB)
26/08/14 00:33:04 INFO BlockManagerInfo: Removed broadcast_78_piece0 on 172.26.0.13:36721 in memory (size: 5.9 KiB, free: 402.0 MiB)
26/08/14 00:33:04 INFO MemoryStore: Block broadcast_80_piece0 stored as bytes in memory (estimated size 5.9 KiB, free 191.0 MiB)
26/08/14 00:33:04 INFO BlockManagerInfo: Added broadcast_80_piece0 in memory on spark-driver:40807 (size: 5.9 KiB, free: 191.2 MiB)
26/08/14 00:33:04 INFO SparkContext: Created broadcast 80 from broadcast at DAGScheduler.scala:1585
26/08/14 00:33:04 INFO DAGScheduler: Submitting 1 missing tasks from ResultStage 81 (MapPartitionsRDD[523] at count at <unknown>:0) (first 15 tasks are for partitions Vector(0))
26/08/14 00:33:04 INFO TaskSchedulerImpl: Adding task set 81.0 with 1 tasks resource profile 0
26/08/14 00:33:04 INFO BlockManagerInfo: Removed broadcast_77_piece0 on spark-driver:40807 in memory (size: 24.1 KiB, free: 191.2 MiB)
26/08/14 00:33:04 INFO TaskSetManager: Starting task 0.0 in stage 81.0 (TID 280) (172.26.0.12, executor 0, partition 0, NODE_LOCAL, 9003 bytes) 
26/08/14 00:33:04 INFO BlockManagerInfo: Removed broadcast_77_piece0 on 172.26.0.12:43985 in memory (size: 24.1 KiB, free: 402.0 MiB)
26/08/14 00:33:04 INFO BlockManagerInfo: Removed broadcast_77_piece0 on 172.26.0.13:36721 in memory (size: 24.1 KiB, free: 402.0 MiB)
26/08/14 00:33:04 INFO BlockManagerInfo: Added broadcast_80_piece0 in memory on 172.26.0.12:43985 (size: 5.9 KiB, free: 402.0 MiB)
26/08/14 00:33:04 INFO MapOutputTrackerMasterEndpoint: Asked to send map output locations for shuffle 36 to 172.26.0.12:56940
26/08/14 00:33:04 INFO TaskSetManager: Finished task 0.0 in stage 81.0 (TID 280) in 19 ms on 172.26.0.12 (executor 0) (1/1)
26/08/14 00:33:04 INFO TaskSchedulerImpl: Removed TaskSet 81.0, whose tasks have all completed, from pool 
26/08/14 00:33:04 INFO DAGScheduler: ResultStage 81 (count at <unknown>:0) finished in 0.031 s
26/08/14 00:33:04 INFO DAGScheduler: Job 44 is finished. Cancelling potential speculative or zombie tasks for this job
26/08/14 00:33:04 INFO TaskSchedulerImpl: Killing all running tasks in stage 81: Stage finished
26/08/14 00:33:04 INFO DAGScheduler: Job 44 finished: count at <unknown>:0, took 0.073183 s
26/08/14 00:33:04 INFO CodeGenerator: Code generated in 11.168792 ms
26/08/14 00:33:04 INFO DefaultCachedBatchSerializer: Predicate isnotnull(event_time#89-T120000ms) generates partition filter: ((event_time.count#25653 - event_time.nullCount#25652) > 0)
26/08/14 00:33:04 INFO DefaultCachedBatchSerializer: Predicate (event_time#89-T120000ms < 2026-08-14 00:30:13.19) generates partition filter: (event_time.lowerBound#25651 < 2026-08-14 00:30:13.19)
26/08/14 00:33:04 INFO SparkContext: Starting job: count at <unknown>:0
26/08/14 00:33:04 INFO DAGScheduler: Registering RDD 528 (count at <unknown>:0) as input to shuffle 37
26/08/14 00:33:04 INFO DAGScheduler: Got job 45 (count at <unknown>:0) with 1 output partitions
26/08/14 00:33:04 INFO DAGScheduler: Final stage: ResultStage 83 (count at <unknown>:0)
26/08/14 00:33:04 INFO DAGScheduler: Parents of final stage: List(ShuffleMapStage 82)
26/08/14 00:33:04 INFO DAGScheduler: Missing parents: List(ShuffleMapStage 82)
26/08/14 00:33:04 INFO DAGScheduler: Submitting ShuffleMapStage 82 (MapPartitionsRDD[528] at count at <unknown>:0), which has no missing parents
26/08/14 00:33:04 INFO MemoryStore: Block broadcast_81 stored as values in memory (estimated size 67.2 KiB, free 191.0 MiB)
26/08/14 00:33:04 INFO MemoryStore: Block broadcast_81_piece0 stored as bytes in memory (estimated size 25.6 KiB, free 191.0 MiB)
26/08/14 00:33:04 INFO BlockManagerInfo: Added broadcast_81_piece0 in memory on spark-driver:40807 (size: 25.6 KiB, free: 191.2 MiB)
26/08/14 00:33:04 INFO SparkContext: Created broadcast 81 from broadcast at DAGScheduler.scala:1585
26/08/14 00:33:04 INFO DAGScheduler: Submitting 6 missing tasks from ShuffleMapStage 82 (MapPartitionsRDD[528] at count at <unknown>:0) (first 15 tasks are for partitions Vector(0, 1, 2, 3, 4, 5))
26/08/14 00:33:04 INFO TaskSchedulerImpl: Adding task set 82.0 with 6 tasks resource profile 0
26/08/14 00:33:04 INFO TaskSetManager: Starting task 0.0 in stage 82.0 (TID 281) (172.26.0.12, executor 0, partition 0, PROCESS_LOCAL, 9921 bytes) 
26/08/14 00:33:04 INFO TaskSetManager: Starting task 2.0 in stage 82.0 (TID 282) (172.26.0.13, executor 1, partition 2, PROCESS_LOCAL, 9921 bytes) 
26/08/14 00:33:04 INFO TaskSetManager: Starting task 1.0 in stage 82.0 (TID 283) (172.26.0.12, executor 0, partition 1, PROCESS_LOCAL, 9921 bytes) 
26/08/14 00:33:04 INFO TaskSetManager: Starting task 3.0 in stage 82.0 (TID 284) (172.26.0.13, executor 1, partition 3, PROCESS_LOCAL, 9921 bytes) 
26/08/14 00:33:04 INFO TaskSetManager: Starting task 5.0 in stage 82.0 (TID 285) (172.26.0.12, executor 0, partition 5, PROCESS_LOCAL, 9921 bytes) 
26/08/14 00:33:04 INFO TaskSetManager: Starting task 4.0 in stage 82.0 (TID 286) (172.26.0.13, executor 1, partition 4, PROCESS_LOCAL, 9921 bytes) 
26/08/14 00:33:04 INFO BlockManagerInfo: Added broadcast_81_piece0 in memory on 172.26.0.13:36721 (size: 25.6 KiB, free: 402.0 MiB)
26/08/14 00:33:04 INFO BlockManagerInfo: Added broadcast_81_piece0 in memory on 172.26.0.12:43985 (size: 25.6 KiB, free: 402.0 MiB)
26/08/14 00:33:04 INFO TaskSetManager: Finished task 5.0 in stage 82.0 (TID 285) in 47 ms on 172.26.0.12 (executor 0) (1/6)
26/08/14 00:33:04 INFO TaskSetManager: Finished task 0.0 in stage 82.0 (TID 281) in 49 ms on 172.26.0.12 (executor 0) (2/6)
26/08/14 00:33:04 INFO TaskSetManager: Finished task 1.0 in stage 82.0 (TID 283) in 49 ms on 172.26.0.12 (executor 0) (3/6)
26/08/14 00:33:04 INFO TaskSetManager: Finished task 2.0 in stage 82.0 (TID 282) in 55 ms on 172.26.0.13 (executor 1) (4/6)
26/08/14 00:33:04 INFO TaskSetManager: Finished task 3.0 in stage 82.0 (TID 284) in 54 ms on 172.26.0.13 (executor 1) (5/6)
26/08/14 00:33:04 INFO TaskSetManager: Finished task 4.0 in stage 82.0 (TID 286) in 54 ms on 172.26.0.13 (executor 1) (6/6)
26/08/14 00:33:04 INFO TaskSchedulerImpl: Removed TaskSet 82.0, whose tasks have all completed, from pool 
26/08/14 00:33:04 INFO DAGScheduler: ShuffleMapStage 82 (count at <unknown>:0) finished in 0.063 s
26/08/14 00:33:04 INFO DAGScheduler: looking for newly runnable stages
26/08/14 00:33:04 INFO DAGScheduler: running: Set()
26/08/14 00:33:04 INFO DAGScheduler: waiting: Set(ResultStage 83)
26/08/14 00:33:04 INFO DAGScheduler: failed: Set()
26/08/14 00:33:04 INFO DAGScheduler: Submitting ResultStage 83 (MapPartitionsRDD[531] at count at <unknown>:0), which has no missing parents
26/08/14 00:33:04 INFO MemoryStore: Block broadcast_82 stored as values in memory (estimated size 12.5 KiB, free 191.0 MiB)
26/08/14 00:33:04 INFO MemoryStore: Block broadcast_82_piece0 stored as bytes in memory (estimated size 5.9 KiB, free 191.0 MiB)
26/08/14 00:33:04 INFO BlockManagerInfo: Added broadcast_82_piece0 in memory on spark-driver:40807 (size: 5.9 KiB, free: 191.2 MiB)
26/08/14 00:33:04 INFO SparkContext: Created broadcast 82 from broadcast at DAGScheduler.scala:1585
26/08/14 00:33:04 INFO DAGScheduler: Submitting 1 missing tasks from ResultStage 83 (MapPartitionsRDD[531] at count at <unknown>:0) (first 15 tasks are for partitions Vector(0))
26/08/14 00:33:04 INFO TaskSchedulerImpl: Adding task set 83.0 with 1 tasks resource profile 0
26/08/14 00:33:04 INFO TaskSetManager: Starting task 0.0 in stage 83.0 (TID 287) (172.26.0.13, executor 1, partition 0, NODE_LOCAL, 9003 bytes) 
26/08/14 00:33:04 INFO BlockManagerInfo: Added broadcast_82_piece0 in memory on 172.26.0.13:36721 (size: 5.9 KiB, free: 402.0 MiB)
26/08/14 00:33:04 INFO MapOutputTrackerMasterEndpoint: Asked to send map output locations for shuffle 37 to 172.26.0.13:52190
26/08/14 00:33:04 INFO BlockManagerInfo: Removed broadcast_80_piece0 on spark-driver:40807 in memory (size: 5.9 KiB, free: 191.2 MiB)
26/08/14 00:33:04 INFO BlockManagerInfo: Removed broadcast_80_piece0 on 172.26.0.12:43985 in memory (size: 5.9 KiB, free: 402.0 MiB)
26/08/14 00:33:04 INFO BlockManagerInfo: Removed broadcast_81_piece0 on spark-driver:40807 in memory (size: 25.6 KiB, free: 191.2 MiB)
26/08/14 00:33:04 INFO BlockManagerInfo: Removed broadcast_81_piece0 on 172.26.0.13:36721 in memory (size: 25.6 KiB, free: 402.0 MiB)
26/08/14 00:33:04 INFO BlockManagerInfo: Removed broadcast_81_piece0 on 172.26.0.12:43985 in memory (size: 25.6 KiB, free: 402.0 MiB)
26/08/14 00:33:04 INFO TaskSetManager: Finished task 0.0 in stage 83.0 (TID 287) in 22 ms on 172.26.0.13 (executor 1) (1/1)
26/08/14 00:33:04 INFO TaskSchedulerImpl: Removed TaskSet 83.0, whose tasks have all completed, from pool 
26/08/14 00:33:04 INFO DAGScheduler: ResultStage 83 (count at <unknown>:0) finished in 0.025 s
26/08/14 00:33:04 INFO DAGScheduler: Job 45 is finished. Cancelling potential speculative or zombie tasks for this job
26/08/14 00:33:04 INFO TaskSchedulerImpl: Killing all running tasks in stage 83: Stage finished
26/08/14 00:33:04 INFO DAGScheduler: Job 45 finished: count at <unknown>:0, took 0.091849 s
26/08/14 00:33:04 INFO BlockManagerInfo: Removed broadcast_79_piece0 on spark-driver:40807 in memory (size: 24.2 KiB, free: 191.2 MiB)
26/08/14 00:33:04 INFO BlockManagerInfo: Removed broadcast_79_piece0 on 172.26.0.12:43985 in memory (size: 24.2 KiB, free: 402.0 MiB)
26/08/14 00:33:05 INFO BlockManagerInfo: Removed broadcast_79_piece0 on 172.26.0.13:36721 in memory (size: 24.2 KiB, free: 402.0 MiB)
26/08/14 00:33:05 INFO DefaultCachedBatchSerializer: Predicate isnotnull(kind#26210) generates partition filter: ((kind.count#26279 - kind.nullCount#26278) > 0)
26/08/14 00:33:05 INFO DefaultCachedBatchSerializer: Predicate (kind#26210 = stats) generates partition filter: ((kind.lowerBound#26277 <= stats) AND (stats <= kind.upperBound#26276))
26/08/14 00:33:05 INFO SparkContext: Starting job: call at /opt/spark/python/lib/py4j-0.10.9.7-src.zip/py4j/clientserver.py:617
26/08/14 00:33:05 INFO DAGScheduler: Got job 46 (call at /opt/spark/python/lib/py4j-0.10.9.7-src.zip/py4j/clientserver.py:617) with 6 output partitions
26/08/14 00:33:05 INFO DAGScheduler: Final stage: ResultStage 84 (call at /opt/spark/python/lib/py4j-0.10.9.7-src.zip/py4j/clientserver.py:617)
26/08/14 00:33:05 INFO DAGScheduler: Parents of final stage: List()
26/08/14 00:33:05 INFO DAGScheduler: Missing parents: List()
26/08/14 00:33:05 INFO DAGScheduler: Submitting ResultStage 84 (MapPartitionsRDD[550] at call at /opt/spark/python/lib/py4j-0.10.9.7-src.zip/py4j/clientserver.py:617), which has no missing parents
26/08/14 00:33:05 INFO MemoryStore: Block broadcast_83 stored as values in memory (estimated size 90.0 KiB, free 191.1 MiB)
26/08/14 00:33:05 INFO MemoryStore: Block broadcast_83_piece0 stored as bytes in memory (estimated size 34.0 KiB, free 191.1 MiB)
26/08/14 00:33:05 INFO BlockManagerInfo: Added broadcast_83_piece0 in memory on spark-driver:40807 (size: 34.0 KiB, free: 191.2 MiB)
26/08/14 00:33:05 INFO SparkContext: Created broadcast 83 from broadcast at DAGScheduler.scala:1585
26/08/14 00:33:05 INFO DAGScheduler: Submitting 6 missing tasks from ResultStage 84 (MapPartitionsRDD[550] at call at /opt/spark/python/lib/py4j-0.10.9.7-src.zip/py4j/clientserver.py:617) (first 15 tasks are for partitions Vector(0, 1, 2, 3, 4, 5))
26/08/14 00:33:05 INFO TaskSchedulerImpl: Adding task set 84.0 with 6 tasks resource profile 0
26/08/14 00:33:05 INFO TaskSetManager: Starting task 2.0 in stage 84.0 (TID 288) (172.26.0.13, executor 1, partition 2, PROCESS_LOCAL, 9932 bytes) 
26/08/14 00:33:05 INFO TaskSetManager: Starting task 0.0 in stage 84.0 (TID 289) (172.26.0.12, executor 0, partition 0, PROCESS_LOCAL, 9932 bytes) 
26/08/14 00:33:05 INFO TaskSetManager: Starting task 3.0 in stage 84.0 (TID 290) (172.26.0.13, executor 1, partition 3, PROCESS_LOCAL, 9932 bytes) 
26/08/14 00:33:05 INFO TaskSetManager: Starting task 1.0 in stage 84.0 (TID 291) (172.26.0.12, executor 0, partition 1, PROCESS_LOCAL, 9932 bytes) 
26/08/14 00:33:05 INFO TaskSetManager: Starting task 4.0 in stage 84.0 (TID 292) (172.26.0.13, executor 1, partition 4, PROCESS_LOCAL, 9932 bytes) 
26/08/14 00:33:05 INFO TaskSetManager: Starting task 5.0 in stage 84.0 (TID 293) (172.26.0.12, executor 0, partition 5, PROCESS_LOCAL, 9932 bytes) 
26/08/14 00:33:05 INFO BlockManagerInfo: Added broadcast_83_piece0 in memory on 172.26.0.12:43985 (size: 34.0 KiB, free: 402.0 MiB)
26/08/14 00:33:05 INFO BlockManagerInfo: Added broadcast_83_piece0 in memory on 172.26.0.13:36721 (size: 34.0 KiB, free: 402.0 MiB)
26/08/14 00:33:30 INFO BlockManagerInfo: Added rdd_545_5 in memory on 172.26.0.12:43985 (size: 1816.0 B, free: 402.0 MiB)
26/08/14 00:33:30 INFO TaskSetManager: Finished task 5.0 in stage 84.0 (TID 293) in 25446 ms on 172.26.0.12 (executor 0) (1/6)
26/08/14 00:33:30 INFO BlockManagerInfo: Added rdd_545_0 in memory on 172.26.0.12:43985 (size: 1832.0 B, free: 402.0 MiB)
26/08/14 00:33:30 INFO TaskSetManager: Finished task 0.0 in stage 84.0 (TID 289) in 25612 ms on 172.26.0.12 (executor 0) (2/6)
26/08/14 00:33:30 INFO BlockManagerInfo: Added rdd_545_4 in memory on 172.26.0.13:36721 (size: 1832.0 B, free: 402.0 MiB)
26/08/14 00:33:30 INFO BlockManagerInfo: Added rdd_545_2 in memory on 172.26.0.13:36721 (size: 1832.0 B, free: 402.0 MiB)
26/08/14 00:33:30 INFO BlockManagerInfo: Added rdd_545_3 in memory on 172.26.0.13:36721 (size: 1832.0 B, free: 402.0 MiB)
26/08/14 00:33:30 INFO TaskSetManager: Finished task 2.0 in stage 84.0 (TID 288) in 25772 ms on 172.26.0.13 (executor 1) (3/6)
26/08/14 00:33:30 INFO TaskSetManager: Finished task 4.0 in stage 84.0 (TID 292) in 25787 ms on 172.26.0.13 (executor 1) (4/6)
26/08/14 00:33:30 INFO TaskSetManager: Finished task 3.0 in stage 84.0 (TID 290) in 25800 ms on 172.26.0.13 (executor 1) (5/6)
26/08/14 00:33:30 INFO BlockManagerInfo: Added rdd_545_1 in memory on 172.26.0.12:43985 (size: 1832.0 B, free: 402.0 MiB)
26/08/14 00:33:30 INFO TaskSetManager: Finished task 1.0 in stage 84.0 (TID 291) in 25883 ms on 172.26.0.12 (executor 0) (6/6)
26/08/14 00:33:30 INFO TaskSchedulerImpl: Removed TaskSet 84.0, whose tasks have all completed, from pool 
26/08/14 00:33:30 INFO DAGScheduler: ResultStage 84 (call at /opt/spark/python/lib/py4j-0.10.9.7-src.zip/py4j/clientserver.py:617) finished in 25.891 s
26/08/14 00:33:30 INFO DAGScheduler: Job 46 is finished. Cancelling potential speculative or zombie tasks for this job
26/08/14 00:33:30 INFO TaskSchedulerImpl: Killing all running tasks in stage 84: Stage finished
26/08/14 00:33:30 INFO DAGScheduler: Job 46 finished: call at /opt/spark/python/lib/py4j-0.10.9.7-src.zip/py4j/clientserver.py:617, took 25.900896 s
26/08/14 00:33:31 INFO DefaultCachedBatchSerializer: Predicate isnotnull(kind#26210) generates partition filter: ((kind.count#26362 - kind.nullCount#26361) > 0)
26/08/14 00:33:31 INFO DefaultCachedBatchSerializer: Predicate (kind#26210 = dlq) generates partition filter: ((kind.lowerBound#26360 <= dlq) AND (dlq <= kind.upperBound#26359))
26/08/14 00:33:31 INFO BlockManagerInfo: Removed broadcast_83_piece0 on spark-driver:40807 in memory (size: 34.0 KiB, free: 191.2 MiB)
26/08/14 00:33:31 INFO BlockManagerInfo: Removed broadcast_83_piece0 on 172.26.0.13:36721 in memory (size: 34.0 KiB, free: 402.0 MiB)
26/08/14 00:33:31 INFO BlockManagerInfo: Removed broadcast_83_piece0 on 172.26.0.12:43985 in memory (size: 34.0 KiB, free: 402.0 MiB)
26/08/14 00:33:31 INFO SparkContext: Starting job: count at <unknown>:0
26/08/14 00:33:31 INFO DAGScheduler: Registering RDD 555 (count at <unknown>:0) as input to shuffle 38
26/08/14 00:33:31 INFO DAGScheduler: Got job 47 (count at <unknown>:0) with 1 output partitions
26/08/14 00:33:31 INFO DAGScheduler: Final stage: ResultStage 86 (count at <unknown>:0)
26/08/14 00:33:31 INFO DAGScheduler: Parents of final stage: List(ShuffleMapStage 85)
26/08/14 00:33:31 INFO DAGScheduler: Missing parents: List(ShuffleMapStage 85)
26/08/14 00:33:31 INFO BlockManagerInfo: Removed broadcast_82_piece0 on spark-driver:40807 in memory (size: 5.9 KiB, free: 191.2 MiB)
26/08/14 00:33:31 INFO DAGScheduler: Submitting ShuffleMapStage 85 (MapPartitionsRDD[555] at count at <unknown>:0), which has no missing parents
26/08/14 00:33:31 INFO BlockManagerInfo: Removed broadcast_82_piece0 on 172.26.0.13:36721 in memory (size: 5.9 KiB, free: 402.0 MiB)
26/08/14 00:33:31 INFO MemoryStore: Block broadcast_84 stored as values in memory (estimated size 92.2 KiB, free 191.1 MiB)
26/08/14 00:33:31 INFO MemoryStore: Block broadcast_84_piece0 stored as bytes in memory (estimated size 35.3 KiB, free 191.1 MiB)
26/08/14 00:33:31 INFO BlockManagerInfo: Added broadcast_84_piece0 in memory on spark-driver:40807 (size: 35.3 KiB, free: 191.2 MiB)
26/08/14 00:33:31 INFO SparkContext: Created broadcast 84 from broadcast at DAGScheduler.scala:1585
26/08/14 00:33:31 INFO DAGScheduler: Submitting 6 missing tasks from ShuffleMapStage 85 (MapPartitionsRDD[555] at count at <unknown>:0) (first 15 tasks are for partitions Vector(0, 1, 2, 3, 4, 5))
26/08/14 00:33:31 INFO TaskSchedulerImpl: Adding task set 85.0 with 6 tasks resource profile 0
26/08/14 00:33:31 INFO TaskSetManager: Starting task 2.0 in stage 85.0 (TID 294) (172.26.0.13, executor 1, partition 2, PROCESS_LOCAL, 9921 bytes) 
26/08/14 00:33:31 INFO TaskSetManager: Starting task 0.0 in stage 85.0 (TID 295) (172.26.0.12, executor 0, partition 0, PROCESS_LOCAL, 9921 bytes) 
26/08/14 00:33:31 INFO TaskSetManager: Starting task 3.0 in stage 85.0 (TID 296) (172.26.0.13, executor 1, partition 3, PROCESS_LOCAL, 9921 bytes) 
26/08/14 00:33:31 INFO TaskSetManager: Starting task 1.0 in stage 85.0 (TID 297) (172.26.0.12, executor 0, partition 1, PROCESS_LOCAL, 9921 bytes) 
26/08/14 00:33:31 INFO TaskSetManager: Starting task 4.0 in stage 85.0 (TID 298) (172.26.0.13, executor 1, partition 4, PROCESS_LOCAL, 9921 bytes) 
26/08/14 00:33:31 INFO TaskSetManager: Starting task 5.0 in stage 85.0 (TID 299) (172.26.0.12, executor 0, partition 5, PROCESS_LOCAL, 9921 bytes) 
26/08/14 00:33:31 INFO BlockManagerInfo: Added broadcast_84_piece0 in memory on 172.26.0.13:36721 (size: 35.3 KiB, free: 402.0 MiB)
26/08/14 00:33:31 INFO BlockManagerInfo: Added broadcast_84_piece0 in memory on 172.26.0.12:43985 (size: 35.3 KiB, free: 402.0 MiB)
26/08/14 00:33:31 INFO TaskSetManager: Finished task 0.0 in stage 85.0 (TID 295) in 83 ms on 172.26.0.12 (executor 0) (1/6)
26/08/14 00:33:31 INFO TaskSetManager: Finished task 1.0 in stage 85.0 (TID 297) in 82 ms on 172.26.0.12 (executor 0) (2/6)
26/08/14 00:33:31 INFO TaskSetManager: Finished task 5.0 in stage 85.0 (TID 299) in 89 ms on 172.26.0.12 (executor 0) (3/6)
26/08/14 00:33:31 INFO TaskSetManager: Finished task 2.0 in stage 85.0 (TID 294) in 368 ms on 172.26.0.13 (executor 1) (4/6)
26/08/14 00:33:31 INFO TaskSetManager: Finished task 4.0 in stage 85.0 (TID 298) in 364 ms on 172.26.0.13 (executor 1) (5/6)
26/08/14 00:33:31 INFO TaskSetManager: Finished task 3.0 in stage 85.0 (TID 296) in 368 ms on 172.26.0.13 (executor 1) (6/6)
26/08/14 00:33:31 INFO TaskSchedulerImpl: Removed TaskSet 85.0, whose tasks have all completed, from pool 
26/08/14 00:33:31 INFO DAGScheduler: ShuffleMapStage 85 (count at <unknown>:0) finished in 0.407 s
26/08/14 00:33:31 INFO DAGScheduler: looking for newly runnable stages
26/08/14 00:33:31 INFO DAGScheduler: running: Set()
26/08/14 00:33:31 INFO DAGScheduler: waiting: Set(ResultStage 86)
26/08/14 00:33:31 INFO DAGScheduler: failed: Set()
26/08/14 00:33:31 INFO DAGScheduler: Submitting ResultStage 86 (MapPartitionsRDD[558] at count at <unknown>:0), which has no missing parents
26/08/14 00:33:31 INFO MemoryStore: Block broadcast_85 stored as values in memory (estimated size 12.5 KiB, free 191.1 MiB)
26/08/14 00:33:31 INFO MemoryStore: Block broadcast_85_piece0 stored as bytes in memory (estimated size 5.9 KiB, free 191.1 MiB)
26/08/14 00:33:31 INFO BlockManagerInfo: Added broadcast_85_piece0 in memory on spark-driver:40807 (size: 5.9 KiB, free: 191.2 MiB)
26/08/14 00:33:31 INFO SparkContext: Created broadcast 85 from broadcast at DAGScheduler.scala:1585
26/08/14 00:33:31 INFO DAGScheduler: Submitting 1 missing tasks from ResultStage 86 (MapPartitionsRDD[558] at count at <unknown>:0) (first 15 tasks are for partitions Vector(0))
26/08/14 00:33:31 INFO TaskSchedulerImpl: Adding task set 86.0 with 1 tasks resource profile 0
26/08/14 00:33:31 INFO TaskSetManager: Starting task 0.0 in stage 86.0 (TID 300) (172.26.0.12, executor 0, partition 0, NODE_LOCAL, 9003 bytes) 
26/08/14 00:33:31 INFO BlockManagerInfo: Added broadcast_85_piece0 in memory on 172.26.0.12:43985 (size: 5.9 KiB, free: 402.0 MiB)
26/08/14 00:33:31 INFO MapOutputTrackerMasterEndpoint: Asked to send map output locations for shuffle 38 to 172.26.0.12:56940
26/08/14 00:33:31 INFO TaskSetManager: Finished task 0.0 in stage 86.0 (TID 300) in 33 ms on 172.26.0.12 (executor 0) (1/1)
26/08/14 00:33:31 INFO TaskSchedulerImpl: Removed TaskSet 86.0, whose tasks have all completed, from pool 
26/08/14 00:33:31 INFO DAGScheduler: ResultStage 86 (count at <unknown>:0) finished in 0.042 s
26/08/14 00:33:31 INFO DAGScheduler: Job 47 is finished. Cancelling potential speculative or zombie tasks for this job
26/08/14 00:33:31 INFO TaskSchedulerImpl: Killing all running tasks in stage 86: Stage finished
26/08/14 00:33:31 INFO DAGScheduler: Job 47 finished: count at <unknown>:0, took 0.462492 s
26/08/14 00:33:31 INFO MapPartitionsRDD: Removing RDD 545 from persistence list
26/08/14 00:33:31 INFO BlockManager: Removing RDD 545
26/08/14 00:33:31 INFO SparkContext: Starting job: call at /opt/spark/python/lib/py4j-0.10.9.7-src.zip/py4j/clientserver.py:617
26/08/14 00:33:31 INFO DAGScheduler: Registering RDD 563 (call at /opt/spark/python/lib/py4j-0.10.9.7-src.zip/py4j/clientserver.py:617) as input to shuffle 39
26/08/14 00:33:31 INFO DAGScheduler: Got job 48 (call at /opt/spark/python/lib/py4j-0.10.9.7-src.zip/py4j/clientserver.py:617) with 1 output partitions
26/08/14 00:33:31 INFO DAGScheduler: Final stage: ResultStage 88 (call at /opt/spark/python/lib/py4j-0.10.9.7-src.zip/py4j/clientserver.py:617)
26/08/14 00:33:31 INFO DAGScheduler: Parents of final stage: List(ShuffleMapStage 87)
26/08/14 00:33:31 INFO DAGScheduler: Missing parents: List(ShuffleMapStage 87)
26/08/14 00:33:31 INFO DAGScheduler: Submitting ShuffleMapStage 87 (MapPartitionsRDD[563] at call at /opt/spark/python/lib/py4j-0.10.9.7-src.zip/py4j/clientserver.py:617), which has no missing parents
26/08/14 00:33:31 INFO MemoryStore: Block broadcast_86 stored as values in memory (estimated size 66.1 KiB, free 191.0 MiB)
26/08/14 00:33:31 INFO MemoryStore: Block broadcast_86_piece0 stored as bytes in memory (estimated size 24.8 KiB, free 191.0 MiB)
26/08/14 00:33:31 INFO BlockManagerInfo: Added broadcast_86_piece0 in memory on spark-driver:40807 (size: 24.8 KiB, free: 191.1 MiB)
26/08/14 00:33:31 INFO BlockManagerInfo: Removed broadcast_85_piece0 on spark-driver:40807 in memory (size: 5.9 KiB, free: 191.2 MiB)
26/08/14 00:33:31 INFO SparkContext: Created broadcast 86 from broadcast at DAGScheduler.scala:1585
26/08/14 00:33:31 INFO DAGScheduler: Submitting 6 missing tasks from ShuffleMapStage 87 (MapPartitionsRDD[563] at call at /opt/spark/python/lib/py4j-0.10.9.7-src.zip/py4j/clientserver.py:617) (first 15 tasks are for partitions Vector(0, 1, 2, 3, 4, 5))
26/08/14 00:33:31 INFO TaskSchedulerImpl: Adding task set 87.0 with 6 tasks resource profile 0
26/08/14 00:33:31 INFO TaskSetManager: Starting task 2.0 in stage 87.0 (TID 301) (172.26.0.13, executor 1, partition 2, PROCESS_LOCAL, 9921 bytes) 
26/08/14 00:33:31 INFO TaskSetManager: Starting task 0.0 in stage 87.0 (TID 302) (172.26.0.12, executor 0, partition 0, PROCESS_LOCAL, 9921 bytes) 
26/08/14 00:33:31 INFO TaskSetManager: Starting task 3.0 in stage 87.0 (TID 303) (172.26.0.13, executor 1, partition 3, PROCESS_LOCAL, 9921 bytes) 
26/08/14 00:33:31 INFO TaskSetManager: Starting task 1.0 in stage 87.0 (TID 304) (172.26.0.12, executor 0, partition 1, PROCESS_LOCAL, 9921 bytes) 
26/08/14 00:33:31 INFO TaskSetManager: Starting task 4.0 in stage 87.0 (TID 305) (172.26.0.13, executor 1, partition 4, PROCESS_LOCAL, 9921 bytes) 
26/08/14 00:33:31 INFO TaskSetManager: Starting task 5.0 in stage 87.0 (TID 306) (172.26.0.12, executor 0, partition 5, PROCESS_LOCAL, 9921 bytes) 
26/08/14 00:33:31 INFO BlockManagerInfo: Removed broadcast_85_piece0 on 172.26.0.12:43985 in memory (size: 5.9 KiB, free: 402.0 MiB)
26/08/14 00:33:31 INFO BlockManagerInfo: Removed broadcast_84_piece0 on spark-driver:40807 in memory (size: 35.3 KiB, free: 191.2 MiB)
26/08/14 00:33:31 INFO BlockManagerInfo: Added broadcast_86_piece0 in memory on 172.26.0.13:36721 (size: 24.8 KiB, free: 402.0 MiB)
26/08/14 00:33:31 INFO BlockManagerInfo: Removed broadcast_84_piece0 on 172.26.0.13:36721 in memory (size: 35.3 KiB, free: 402.0 MiB)
26/08/14 00:33:31 INFO BlockManagerInfo: Added broadcast_86_piece0 in memory on 172.26.0.12:43985 (size: 24.8 KiB, free: 402.0 MiB)
26/08/14 00:33:31 INFO BlockManagerInfo: Removed broadcast_84_piece0 on 172.26.0.12:43985 in memory (size: 35.3 KiB, free: 402.0 MiB)
26/08/14 00:33:31 INFO TaskSetManager: Finished task 4.0 in stage 87.0 (TID 305) in 35 ms on 172.26.0.13 (executor 1) (1/6)
26/08/14 00:33:31 INFO TaskSetManager: Finished task 3.0 in stage 87.0 (TID 303) in 35 ms on 172.26.0.13 (executor 1) (2/6)
26/08/14 00:33:31 INFO TaskSetManager: Finished task 0.0 in stage 87.0 (TID 302) in 44 ms on 172.26.0.12 (executor 0) (3/6)
26/08/14 00:33:31 INFO TaskSetManager: Finished task 1.0 in stage 87.0 (TID 304) in 43 ms on 172.26.0.12 (executor 0) (4/6)
26/08/14 00:33:31 INFO TaskSetManager: Finished task 2.0 in stage 87.0 (TID 301) in 45 ms on 172.26.0.13 (executor 1) (5/6)
26/08/14 00:33:31 INFO TaskSetManager: Finished task 5.0 in stage 87.0 (TID 306) in 47 ms on 172.26.0.12 (executor 0) (6/6)
26/08/14 00:33:31 INFO TaskSchedulerImpl: Removed TaskSet 87.0, whose tasks have all completed, from pool 
26/08/14 00:33:31 INFO DAGScheduler: ShuffleMapStage 87 (call at /opt/spark/python/lib/py4j-0.10.9.7-src.zip/py4j/clientserver.py:617) finished in 0.070 s
26/08/14 00:33:31 INFO DAGScheduler: looking for newly runnable stages
26/08/14 00:33:31 INFO DAGScheduler: running: Set()
26/08/14 00:33:31 INFO DAGScheduler: waiting: Set(ResultStage 88)
26/08/14 00:33:31 INFO DAGScheduler: failed: Set()
26/08/14 00:33:31 INFO DAGScheduler: Submitting ResultStage 88 (MapPartitionsRDD[566] at call at /opt/spark/python/lib/py4j-0.10.9.7-src.zip/py4j/clientserver.py:617), which has no missing parents
26/08/14 00:33:31 INFO MemoryStore: Block broadcast_87 stored as values in memory (estimated size 13.1 KiB, free 191.1 MiB)
26/08/14 00:33:31 INFO MemoryStore: Block broadcast_87_piece0 stored as bytes in memory (estimated size 6.1 KiB, free 191.1 MiB)
26/08/14 00:33:31 INFO BlockManagerInfo: Added broadcast_87_piece0 in memory on spark-driver:40807 (size: 6.1 KiB, free: 191.2 MiB)
26/08/14 00:33:31 INFO SparkContext: Created broadcast 87 from broadcast at DAGScheduler.scala:1585
26/08/14 00:33:31 INFO DAGScheduler: Submitting 1 missing tasks from ResultStage 88 (MapPartitionsRDD[566] at call at /opt/spark/python/lib/py4j-0.10.9.7-src.zip/py4j/clientserver.py:617) (first 15 tasks are for partitions Vector(0))
26/08/14 00:33:31 INFO TaskSchedulerImpl: Adding task set 88.0 with 1 tasks resource profile 0
26/08/14 00:33:31 INFO TaskSetManager: Starting task 0.0 in stage 88.0 (TID 307) (172.26.0.13, executor 1, partition 0, NODE_LOCAL, 9003 bytes) 
26/08/14 00:33:31 INFO BlockManagerInfo: Added broadcast_87_piece0 in memory on 172.26.0.13:36721 (size: 6.1 KiB, free: 402.0 MiB)
26/08/14 00:33:31 INFO MapOutputTrackerMasterEndpoint: Asked to send map output locations for shuffle 39 to 172.26.0.13:52190
26/08/14 00:33:31 INFO TaskSetManager: Finished task 0.0 in stage 88.0 (TID 307) in 32 ms on 172.26.0.13 (executor 1) (1/1)
26/08/14 00:33:31 INFO TaskSchedulerImpl: Removed TaskSet 88.0, whose tasks have all completed, from pool 
26/08/14 00:33:31 INFO DAGScheduler: ResultStage 88 (call at /opt/spark/python/lib/py4j-0.10.9.7-src.zip/py4j/clientserver.py:617) finished in 0.038 s
26/08/14 00:33:31 INFO DAGScheduler: Job 48 is finished. Cancelling potential speculative or zombie tasks for this job
26/08/14 00:33:31 INFO TaskSchedulerImpl: Killing all running tasks in stage 88: Stage finished
26/08/14 00:33:31 INFO DAGScheduler: Job 48 finished: call at /opt/spark/python/lib/py4j-0.10.9.7-src.zip/py4j/clientserver.py:617, took 0.114158 s
26/08/14 00:33:31 INFO MapPartitionsRDD: Removing RDD 507 from persistence list
26/08/14 00:33:31 INFO BlockManager: Removing RDD 507
26/08/14 00:33:31 INFO WatermarkTracker: Updating event-time watermark from 1786667413190 to 1786667463219 ms
26/08/14 00:33:31 INFO CheckpointFileManager: Writing atomically to file:/opt/checkpoints/trips/commits/8 using temp file file:/opt/checkpoints/trips/commits/.8.286bfc50-5e5b-4bda-b7f1-509b6a03f160.tmp
26/08/14 00:33:31 INFO CheckpointFileManager: Renamed temp file file:/opt/checkpoints/trips/commits/.8.286bfc50-5e5b-4bda-b7f1-509b6a03f160.tmp to file:/opt/checkpoints/trips/commits/8
26/08/14 00:33:31 INFO MicroBatchExecution: Streaming query made progress: {
  "id" : "9bde9f13-592f-4d70-b0dc-d7da66bf462a",
  "runId" : "047beccd-e00c-422a-ab02-7f7f311f8ed1",
  "name" : "trips-ingest-ab_ab_no_backoff_2",
  "timestamp" : "2026-08-14T00:33:03.310Z",
  "batchId" : 8,
  "numInputRows" : 39998,
  "inputRowsPerSecond" : 799.8320268756999,
  "processedRowsPerSecond" : 1400.8826001681143,
  "durationMs" : {
    "addBatch" : 28431,
    "commitOffsets" : 48,
    "getBatch" : 0,
    "latestOffset" : 16,
    "queryPlanning" : 14,
    "triggerExecution" : 28552,
    "walCommit" : 40
  },
  "eventTime" : {
    "avg" : "2026-08-14T00:32:36.798Z",
    "max" : "2026-08-14T00:33:03.219Z",
    "min" : "2026-08-14T00:32:10.356Z",
    "watermark" : "2026-08-14T00:30:13.190Z"
  },
  "stateOperators" : [ ],
  "sources" : [ {
    "description" : "KafkaV2[Subscribe[trips.raw]]",
    "startOffset" : {
      "trips.raw" : {
        "2" : 292204,
        "5" : 290113,
        "4" : 291888,
        "1" : 291482,
        "3" : 291457,
        "0" : 291711
      }
    },
    "endOffset" : {
      "trips.raw" : {
        "2" : 298787,
        "5" : 296826,
        "4" : 298655,
        "1" : 298135,
        "3" : 298074,
        "0" : 298376
      }
    },
    "latestOffset" : {
      "trips.raw" : {
        "2" : 298787,
        "5" : 296826,
        "4" : 298655,
        "1" : 298135,
        "3" : 298074,
        "0" : 298376
      }
    },
    "numInputRows" : 39998,
    "inputRowsPerSecond" : 799.8320268756999,
    "processedRowsPerSecond" : 1400.8826001681143,
    "metrics" : {
      "avgOffsetsBehindLatest" : "0.0",
      "maxOffsetsBehindLatest" : "0",
      "minOffsetsBehindLatest" : "0"
    }
  } ],
  "sink" : {
    "description" : "ForeachBatchSink",
    "numOutputRows" : -1
  }
}
26/08/14 00:33:31 INFO CheckpointFileManager: Writing atomically to file:/opt/checkpoints/trips/offsets/9 using temp file file:/opt/checkpoints/trips/offsets/.9.d5cef1c4-4188-41de-9095-31dd5b9c5383.tmp
26/08/14 00:33:31 INFO CheckpointFileManager: Renamed temp file file:/opt/checkpoints/trips/offsets/.9.d5cef1c4-4188-41de-9095-31dd5b9c5383.tmp to file:/opt/checkpoints/trips/offsets/9
26/08/14 00:33:31 INFO MicroBatchExecution: Committed offsets for batch 9. Metadata OffsetSeqMetadata(1786667463219,1786667611875,Map(spark.sql.streaming.stateStore.providerClass -> org.apache.spark.sql.execution.streaming.state.HDFSBackedStateStoreProvider, spark.sql.streaming.join.stateFormatVersion -> 2, spark.sql.streaming.stateStore.compression.codec -> lz4, spark.sql.streaming.stateStore.rocksdb.formatVersion -> 5, spark.sql.streaming.statefulOperator.useStrictDistribution -> true, spark.sql.streaming.flatMapGroupsWithState.stateFormatVersion -> 2, spark.sql.streaming.multipleWatermarkPolicy -> min, spark.sql.streaming.aggregation.stateFormatVersion -> 2, spark.sql.shuffle.partitions -> 6))
26/08/14 00:33:31 INFO KafkaOffsetReaderAdmin: Partitions added: Map()
26/08/14 00:33:31 INFO KafkaOffsetReaderAdmin: Partitions added: Map()
26/08/14 00:33:31 INFO KafkaOffsetReaderAdmin: Partitions added: Map()
26/08/14 00:33:31 INFO KafkaOffsetReaderAdmin: Partitions added: Map()
2026-08-14 00:33:31,945 INFO  [stream] Received command c on object id p0
26/08/14 00:33:31 INFO BlockManagerInfo: Removed broadcast_86_piece0 on spark-driver:40807 in memory (size: 24.8 KiB, free: 191.2 MiB)
26/08/14 00:33:31 INFO BlockManagerInfo: Removed broadcast_86_piece0 on 172.26.0.13:36721 in memory (size: 24.8 KiB, free: 413.9 MiB)
26/08/14 00:33:31 INFO BlockManagerInfo: Removed broadcast_86_piece0 on 172.26.0.12:43985 in memory (size: 24.8 KiB, free: 413.9 MiB)
26/08/14 00:33:31 INFO BlockManagerInfo: Removed broadcast_87_piece0 on spark-driver:40807 in memory (size: 6.1 KiB, free: 191.2 MiB)
26/08/14 00:33:31 INFO BlockManagerInfo: Removed broadcast_87_piece0 on 172.26.0.13:36721 in memory (size: 6.1 KiB, free: 413.9 MiB)
26/08/14 00:33:31 INFO SparkContext: Starting job: count at <unknown>:0
26/08/14 00:33:31 INFO DAGScheduler: Registering RDD 581 (count at <unknown>:0) as input to shuffle 40
26/08/14 00:33:31 INFO DAGScheduler: Got job 49 (count at <unknown>:0) with 1 output partitions
26/08/14 00:33:31 INFO DAGScheduler: Final stage: ResultStage 90 (count at <unknown>:0)
26/08/14 00:33:31 INFO DAGScheduler: Parents of final stage: List(ShuffleMapStage 89)
26/08/14 00:33:31 INFO DAGScheduler: Missing parents: List(ShuffleMapStage 89)
26/08/14 00:33:31 INFO DAGScheduler: Submitting ShuffleMapStage 89 (MapPartitionsRDD[581] at count at <unknown>:0), which has no missing parents
26/08/14 00:33:31 INFO MemoryStore: Block broadcast_88 stored as values in memory (estimated size 64.6 KiB, free 191.1 MiB)
26/08/14 00:33:31 INFO MemoryStore: Block broadcast_88_piece0 stored as bytes in memory (estimated size 24.1 KiB, free 191.1 MiB)
26/08/14 00:33:31 INFO BlockManagerInfo: Added broadcast_88_piece0 in memory on spark-driver:40807 (size: 24.1 KiB, free: 191.2 MiB)
26/08/14 00:33:31 INFO SparkContext: Created broadcast 88 from broadcast at DAGScheduler.scala:1585
26/08/14 00:33:31 INFO DAGScheduler: Submitting 6 missing tasks from ShuffleMapStage 89 (MapPartitionsRDD[581] at count at <unknown>:0) (first 15 tasks are for partitions Vector(0, 1, 2, 3, 4, 5))
26/08/14 00:33:31 INFO TaskSchedulerImpl: Adding task set 89.0 with 6 tasks resource profile 0
26/08/14 00:33:31 INFO TaskSetManager: Starting task 2.0 in stage 89.0 (TID 308) (172.26.0.13, executor 1, partition 2, PROCESS_LOCAL, 9921 bytes) 
26/08/14 00:33:31 INFO TaskSetManager: Starting task 0.0 in stage 89.0 (TID 309) (172.26.0.12, executor 0, partition 0, PROCESS_LOCAL, 9921 bytes) 
26/08/14 00:33:31 INFO TaskSetManager: Starting task 3.0 in stage 89.0 (TID 310) (172.26.0.13, executor 1, partition 3, PROCESS_LOCAL, 9921 bytes) 
26/08/14 00:33:31 INFO TaskSetManager: Starting task 1.0 in stage 89.0 (TID 311) (172.26.0.12, executor 0, partition 1, PROCESS_LOCAL, 9921 bytes) 
26/08/14 00:33:31 INFO TaskSetManager: Starting task 4.0 in stage 89.0 (TID 312) (172.26.0.13, executor 1, partition 4, PROCESS_LOCAL, 9921 bytes) 
26/08/14 00:33:31 INFO TaskSetManager: Starting task 5.0 in stage 89.0 (TID 313) (172.26.0.12, executor 0, partition 5, PROCESS_LOCAL, 9921 bytes) 
26/08/14 00:33:32 INFO BlockManagerInfo: Added broadcast_88_piece0 in memory on 172.26.0.13:36721 (size: 24.1 KiB, free: 413.9 MiB)
26/08/14 00:33:32 INFO BlockManagerInfo: Added broadcast_88_piece0 in memory on 172.26.0.12:43985 (size: 24.1 KiB, free: 413.9 MiB)
26/08/14 00:33:32 INFO BlockManagerInfo: Added rdd_576_4 in memory on 172.26.0.13:36721 (size: 370.9 KiB, free: 413.5 MiB)
26/08/14 00:33:32 INFO BlockManagerInfo: Added rdd_576_3 in memory on 172.26.0.13:36721 (size: 383.1 KiB, free: 413.2 MiB)
26/08/14 00:33:32 INFO BlockManagerInfo: Added rdd_576_2 in memory on 172.26.0.13:36721 (size: 399.1 KiB, free: 412.8 MiB)
26/08/14 00:33:32 INFO TaskSetManager: Finished task 4.0 in stage 89.0 (TID 312) in 640 ms on 172.26.0.13 (executor 1) (1/6)
26/08/14 00:33:32 INFO TaskSetManager: Finished task 2.0 in stage 89.0 (TID 308) in 641 ms on 172.26.0.13 (executor 1) (2/6)
26/08/14 00:33:32 INFO TaskSetManager: Finished task 3.0 in stage 89.0 (TID 310) in 642 ms on 172.26.0.13 (executor 1) (3/6)
26/08/14 00:33:32 INFO BlockManagerInfo: Added rdd_576_0 in memory on 172.26.0.12:43985 (size: 365.9 KiB, free: 413.5 MiB)
26/08/14 00:33:32 INFO BlockManagerInfo: Added rdd_576_1 in memory on 172.26.0.12:43985 (size: 387.1 KiB, free: 413.2 MiB)
26/08/14 00:33:32 INFO BlockManagerInfo: Added rdd_576_5 in memory on 172.26.0.12:43985 (size: 379.6 KiB, free: 412.8 MiB)
26/08/14 00:33:32 INFO TaskSetManager: Finished task 1.0 in stage 89.0 (TID 311) in 653 ms on 172.26.0.12 (executor 0) (4/6)
26/08/14 00:33:32 INFO TaskSetManager: Finished task 5.0 in stage 89.0 (TID 313) in 654 ms on 172.26.0.12 (executor 0) (5/6)
26/08/14 00:33:32 INFO TaskSetManager: Finished task 0.0 in stage 89.0 (TID 309) in 654 ms on 172.26.0.12 (executor 0) (6/6)
26/08/14 00:33:32 INFO TaskSchedulerImpl: Removed TaskSet 89.0, whose tasks have all completed, from pool 
26/08/14 00:33:32 INFO DAGScheduler: ShuffleMapStage 89 (count at <unknown>:0) finished in 0.660 s
26/08/14 00:33:32 INFO DAGScheduler: looking for newly runnable stages
26/08/14 00:33:32 INFO DAGScheduler: running: Set()
26/08/14 00:33:32 INFO DAGScheduler: waiting: Set(ResultStage 90)
26/08/14 00:33:32 INFO DAGScheduler: failed: Set()
26/08/14 00:33:32 INFO DAGScheduler: Submitting ResultStage 90 (MapPartitionsRDD[584] at count at <unknown>:0), which has no missing parents
26/08/14 00:33:32 INFO MemoryStore: Block broadcast_89 stored as values in memory (estimated size 12.5 KiB, free 191.1 MiB)
26/08/14 00:33:32 INFO MemoryStore: Block broadcast_89_piece0 stored as bytes in memory (estimated size 5.9 KiB, free 191.1 MiB)
26/08/14 00:33:32 INFO BlockManagerInfo: Added broadcast_89_piece0 in memory on spark-driver:40807 (size: 5.9 KiB, free: 191.2 MiB)
26/08/14 00:33:32 INFO SparkContext: Created broadcast 89 from broadcast at DAGScheduler.scala:1585
26/08/14 00:33:32 INFO DAGScheduler: Submitting 1 missing tasks from ResultStage 90 (MapPartitionsRDD[584] at count at <unknown>:0) (first 15 tasks are for partitions Vector(0))
26/08/14 00:33:32 INFO TaskSchedulerImpl: Adding task set 90.0 with 1 tasks resource profile 0
26/08/14 00:33:32 INFO TaskSetManager: Starting task 0.0 in stage 90.0 (TID 314) (172.26.0.12, executor 0, partition 0, NODE_LOCAL, 9003 bytes) 
26/08/14 00:33:32 INFO BlockManagerInfo: Added broadcast_89_piece0 in memory on 172.26.0.12:43985 (size: 5.9 KiB, free: 412.8 MiB)
26/08/14 00:33:32 INFO MapOutputTrackerMasterEndpoint: Asked to send map output locations for shuffle 40 to 172.26.0.12:56940
26/08/14 00:33:32 INFO TaskSetManager: Finished task 0.0 in stage 90.0 (TID 314) in 31 ms on 172.26.0.12 (executor 0) (1/1)
26/08/14 00:33:32 INFO TaskSchedulerImpl: Removed TaskSet 90.0, whose tasks have all completed, from pool 
26/08/14 00:33:32 INFO DAGScheduler: ResultStage 90 (count at <unknown>:0) finished in 0.037 s
26/08/14 00:33:32 INFO DAGScheduler: Job 49 is finished. Cancelling potential speculative or zombie tasks for this job
26/08/14 00:33:32 INFO TaskSchedulerImpl: Killing all running tasks in stage 90: Stage finished
26/08/14 00:33:32 INFO DAGScheduler: Job 49 finished: count at <unknown>:0, took 0.701228 s
26/08/14 00:33:32 INFO SparkContext: Starting job: count at <unknown>:0
26/08/14 00:33:32 INFO DAGScheduler: Registering RDD 589 (count at <unknown>:0) as input to shuffle 41
26/08/14 00:33:32 INFO DAGScheduler: Got job 50 (count at <unknown>:0) with 1 output partitions
26/08/14 00:33:32 INFO DAGScheduler: Final stage: ResultStage 92 (count at <unknown>:0)
26/08/14 00:33:32 INFO DAGScheduler: Parents of final stage: List(ShuffleMapStage 91)
26/08/14 00:33:32 INFO BlockManagerInfo: Removed broadcast_88_piece0 on spark-driver:40807 in memory (size: 24.1 KiB, free: 191.2 MiB)
26/08/14 00:33:32 INFO DAGScheduler: Missing parents: List(ShuffleMapStage 91)
26/08/14 00:33:32 INFO DAGScheduler: Submitting ShuffleMapStage 91 (MapPartitionsRDD[589] at count at <unknown>:0), which has no missing parents
26/08/14 00:33:32 INFO BlockManagerInfo: Removed broadcast_88_piece0 on 172.26.0.12:43985 in memory (size: 24.1 KiB, free: 412.8 MiB)
26/08/14 00:33:32 INFO BlockManagerInfo: Removed broadcast_88_piece0 on 172.26.0.13:36721 in memory (size: 24.1 KiB, free: 412.8 MiB)
26/08/14 00:33:32 INFO MemoryStore: Block broadcast_90 stored as values in memory (estimated size 64.9 KiB, free 191.1 MiB)
26/08/14 00:33:32 INFO MemoryStore: Block broadcast_90_piece0 stored as bytes in memory (estimated size 24.2 KiB, free 191.1 MiB)
26/08/14 00:33:32 INFO BlockManagerInfo: Added broadcast_90_piece0 in memory on spark-driver:40807 (size: 24.2 KiB, free: 191.2 MiB)
26/08/14 00:33:32 INFO SparkContext: Created broadcast 90 from broadcast at DAGScheduler.scala:1585
26/08/14 00:33:32 INFO DAGScheduler: Submitting 6 missing tasks from ShuffleMapStage 91 (MapPartitionsRDD[589] at count at <unknown>:0) (first 15 tasks are for partitions Vector(0, 1, 2, 3, 4, 5))
26/08/14 00:33:32 INFO TaskSchedulerImpl: Adding task set 91.0 with 6 tasks resource profile 0
26/08/14 00:33:32 INFO BlockManagerInfo: Removed broadcast_89_piece0 on spark-driver:40807 in memory (size: 5.9 KiB, free: 191.2 MiB)
26/08/14 00:33:32 INFO TaskSetManager: Starting task 0.0 in stage 91.0 (TID 315) (172.26.0.12, executor 0, partition 0, PROCESS_LOCAL, 9921 bytes) 
26/08/14 00:33:32 INFO TaskSetManager: Starting task 2.0 in stage 91.0 (TID 316) (172.26.0.13, executor 1, partition 2, PROCESS_LOCAL, 9921 bytes) 
26/08/14 00:33:32 INFO TaskSetManager: Starting task 1.0 in stage 91.0 (TID 317) (172.26.0.12, executor 0, partition 1, PROCESS_LOCAL, 9921 bytes) 
26/08/14 00:33:32 INFO TaskSetManager: Starting task 3.0 in stage 91.0 (TID 318) (172.26.0.13, executor 1, partition 3, PROCESS_LOCAL, 9921 bytes) 
26/08/14 00:33:32 INFO TaskSetManager: Starting task 5.0 in stage 91.0 (TID 319) (172.26.0.12, executor 0, partition 5, PROCESS_LOCAL, 9921 bytes) 
26/08/14 00:33:32 INFO TaskSetManager: Starting task 4.0 in stage 91.0 (TID 320) (172.26.0.13, executor 1, partition 4, PROCESS_LOCAL, 9921 bytes) 
26/08/14 00:33:32 INFO BlockManagerInfo: Removed broadcast_89_piece0 on 172.26.0.12:43985 in memory (size: 5.9 KiB, free: 412.8 MiB)
26/08/14 00:33:32 INFO BlockManagerInfo: Added broadcast_90_piece0 in memory on 172.26.0.12:43985 (size: 24.2 KiB, free: 412.8 MiB)
26/08/14 00:33:32 INFO BlockManagerInfo: Added broadcast_90_piece0 in memory on 172.26.0.13:36721 (size: 24.2 KiB, free: 412.8 MiB)
26/08/14 00:33:32 INFO TaskSetManager: Finished task 2.0 in stage 91.0 (TID 316) in 34 ms on 172.26.0.13 (executor 1) (1/6)
26/08/14 00:33:32 INFO TaskSetManager: Finished task 3.0 in stage 91.0 (TID 318) in 35 ms on 172.26.0.13 (executor 1) (2/6)
26/08/14 00:33:32 INFO TaskSetManager: Finished task 4.0 in stage 91.0 (TID 320) in 35 ms on 172.26.0.13 (executor 1) (3/6)
26/08/14 00:33:32 INFO TaskSetManager: Finished task 1.0 in stage 91.0 (TID 317) in 37 ms on 172.26.0.12 (executor 0) (4/6)
26/08/14 00:33:32 INFO TaskSetManager: Finished task 5.0 in stage 91.0 (TID 319) in 38 ms on 172.26.0.12 (executor 0) (5/6)
26/08/14 00:33:32 INFO TaskSetManager: Finished task 0.0 in stage 91.0 (TID 315) in 42 ms on 172.26.0.12 (executor 0) (6/6)
26/08/14 00:33:32 INFO TaskSchedulerImpl: Removed TaskSet 91.0, whose tasks have all completed, from pool 
26/08/14 00:33:32 INFO DAGScheduler: ShuffleMapStage 91 (count at <unknown>:0) finished in 0.049 s
26/08/14 00:33:32 INFO DAGScheduler: looking for newly runnable stages
26/08/14 00:33:32 INFO DAGScheduler: running: Set()
26/08/14 00:33:32 INFO DAGScheduler: waiting: Set(ResultStage 92)
26/08/14 00:33:32 INFO DAGScheduler: failed: Set()
26/08/14 00:33:32 INFO DAGScheduler: Submitting ResultStage 92 (MapPartitionsRDD[592] at count at <unknown>:0), which has no missing parents
26/08/14 00:33:32 INFO MemoryStore: Block broadcast_91 stored as values in memory (estimated size 12.5 KiB, free 191.1 MiB)
26/08/14 00:33:32 INFO MemoryStore: Block broadcast_91_piece0 stored as bytes in memory (estimated size 5.9 KiB, free 191.1 MiB)
26/08/14 00:33:32 INFO BlockManagerInfo: Added broadcast_91_piece0 in memory on spark-driver:40807 (size: 5.9 KiB, free: 191.2 MiB)
26/08/14 00:33:32 INFO SparkContext: Created broadcast 91 from broadcast at DAGScheduler.scala:1585
26/08/14 00:33:32 INFO DAGScheduler: Submitting 1 missing tasks from ResultStage 92 (MapPartitionsRDD[592] at count at <unknown>:0) (first 15 tasks are for partitions Vector(0))
26/08/14 00:33:32 INFO TaskSchedulerImpl: Adding task set 92.0 with 1 tasks resource profile 0
26/08/14 00:33:32 INFO TaskSetManager: Starting task 0.0 in stage 92.0 (TID 321) (172.26.0.13, executor 1, partition 0, NODE_LOCAL, 9003 bytes) 
26/08/14 00:33:32 INFO BlockManagerInfo: Added broadcast_91_piece0 in memory on 172.26.0.13:36721 (size: 5.9 KiB, free: 412.8 MiB)
26/08/14 00:33:32 INFO MapOutputTrackerMasterEndpoint: Asked to send map output locations for shuffle 41 to 172.26.0.13:52190
26/08/14 00:33:32 INFO TaskSetManager: Finished task 0.0 in stage 92.0 (TID 321) in 20 ms on 172.26.0.13 (executor 1) (1/1)
26/08/14 00:33:32 INFO TaskSchedulerImpl: Removed TaskSet 92.0, whose tasks have all completed, from pool 
26/08/14 00:33:32 INFO DAGScheduler: ResultStage 92 (count at <unknown>:0) finished in 0.024 s
26/08/14 00:33:32 INFO DAGScheduler: Job 50 is finished. Cancelling potential speculative or zombie tasks for this job
26/08/14 00:33:32 INFO TaskSchedulerImpl: Killing all running tasks in stage 92: Stage finished
26/08/14 00:33:32 INFO DAGScheduler: Job 50 finished: count at <unknown>:0, took 0.077325 s
26/08/14 00:33:32 INFO CodeGenerator: Code generated in 8.799125 ms
26/08/14 00:33:32 INFO DefaultCachedBatchSerializer: Predicate isnotnull(event_time#89-T120000ms) generates partition filter: ((event_time.count#28982 - event_time.nullCount#28981) > 0)
26/08/14 00:33:32 INFO DefaultCachedBatchSerializer: Predicate (event_time#89-T120000ms < 2026-08-14 00:31:03.219) generates partition filter: (event_time.lowerBound#28980 < 2026-08-14 00:31:03.219)
26/08/14 00:33:32 INFO SparkContext: Starting job: count at <unknown>:0
26/08/14 00:33:32 INFO DAGScheduler: Registering RDD 597 (count at <unknown>:0) as input to shuffle 42
26/08/14 00:33:32 INFO DAGScheduler: Got job 51 (count at <unknown>:0) with 1 output partitions
26/08/14 00:33:32 INFO DAGScheduler: Final stage: ResultStage 94 (count at <unknown>:0)
26/08/14 00:33:32 INFO DAGScheduler: Parents of final stage: List(ShuffleMapStage 93)
26/08/14 00:33:32 INFO DAGScheduler: Missing parents: List(ShuffleMapStage 93)
26/08/14 00:33:32 INFO DAGScheduler: Submitting ShuffleMapStage 93 (MapPartitionsRDD[597] at count at <unknown>:0), which has no missing parents
26/08/14 00:33:32 INFO MemoryStore: Block broadcast_92 stored as values in memory (estimated size 67.2 KiB, free 191.0 MiB)
26/08/14 00:33:32 INFO MemoryStore: Block broadcast_92_piece0 stored as bytes in memory (estimated size 25.6 KiB, free 191.0 MiB)
26/08/14 00:33:32 INFO BlockManagerInfo: Added broadcast_92_piece0 in memory on spark-driver:40807 (size: 25.6 KiB, free: 191.2 MiB)
26/08/14 00:33:32 INFO SparkContext: Created broadcast 92 from broadcast at DAGScheduler.scala:1585
26/08/14 00:33:32 INFO DAGScheduler: Submitting 6 missing tasks from ShuffleMapStage 93 (MapPartitionsRDD[597] at count at <unknown>:0) (first 15 tasks are for partitions Vector(0, 1, 2, 3, 4, 5))
26/08/14 00:33:32 INFO TaskSchedulerImpl: Adding task set 93.0 with 6 tasks resource profile 0
26/08/14 00:33:32 INFO TaskSetManager: Starting task 0.0 in stage 93.0 (TID 322) (172.26.0.12, executor 0, partition 0, PROCESS_LOCAL, 9921 bytes) 
26/08/14 00:33:32 INFO TaskSetManager: Starting task 2.0 in stage 93.0 (TID 323) (172.26.0.13, executor 1, partition 2, PROCESS_LOCAL, 9921 bytes) 
26/08/14 00:33:32 INFO TaskSetManager: Starting task 1.0 in stage 93.0 (TID 324) (172.26.0.12, executor 0, partition 1, PROCESS_LOCAL, 9921 bytes) 
26/08/14 00:33:32 INFO TaskSetManager: Starting task 3.0 in stage 93.0 (TID 325) (172.26.0.13, executor 1, partition 3, PROCESS_LOCAL, 9921 bytes) 
26/08/14 00:33:32 INFO TaskSetManager: Starting task 5.0 in stage 93.0 (TID 326) (172.26.0.12, executor 0, partition 5, PROCESS_LOCAL, 9921 bytes) 
26/08/14 00:33:32 INFO TaskSetManager: Starting task 4.0 in stage 93.0 (TID 327) (172.26.0.13, executor 1, partition 4, PROCESS_LOCAL, 9921 bytes) 
26/08/14 00:33:32 INFO BlockManagerInfo: Removed broadcast_90_piece0 on spark-driver:40807 in memory (size: 24.2 KiB, free: 191.2 MiB)
26/08/14 00:33:32 INFO BlockManagerInfo: Removed broadcast_90_piece0 on 172.26.0.12:43985 in memory (size: 24.2 KiB, free: 412.8 MiB)
26/08/14 00:33:32 INFO BlockManagerInfo: Removed broadcast_90_piece0 on 172.26.0.13:36721 in memory (size: 24.2 KiB, free: 412.8 MiB)
26/08/14 00:33:32 INFO BlockManagerInfo: Added broadcast_92_piece0 in memory on 172.26.0.12:43985 (size: 25.6 KiB, free: 412.8 MiB)
26/08/14 00:33:32 INFO BlockManagerInfo: Removed broadcast_91_piece0 on spark-driver:40807 in memory (size: 5.9 KiB, free: 191.2 MiB)
26/08/14 00:33:32 INFO BlockManagerInfo: Added broadcast_92_piece0 in memory on 172.26.0.13:36721 (size: 25.6 KiB, free: 412.8 MiB)
26/08/14 00:33:32 INFO BlockManagerInfo: Removed broadcast_91_piece0 on 172.26.0.13:36721 in memory (size: 5.9 KiB, free: 412.8 MiB)
26/08/14 00:33:32 INFO TaskSetManager: Finished task 2.0 in stage 93.0 (TID 323) in 50 ms on 172.26.0.13 (executor 1) (1/6)
26/08/14 00:33:32 INFO TaskSetManager: Finished task 4.0 in stage 93.0 (TID 327) in 50 ms on 172.26.0.13 (executor 1) (2/6)
26/08/14 00:33:32 INFO TaskSetManager: Finished task 0.0 in stage 93.0 (TID 322) in 51 ms on 172.26.0.12 (executor 0) (3/6)
26/08/14 00:33:32 INFO TaskSetManager: Finished task 3.0 in stage 93.0 (TID 325) in 53 ms on 172.26.0.13 (executor 1) (4/6)
26/08/14 00:33:32 INFO TaskSetManager: Finished task 5.0 in stage 93.0 (TID 326) in 53 ms on 172.26.0.12 (executor 0) (5/6)
26/08/14 00:33:32 INFO TaskSetManager: Finished task 1.0 in stage 93.0 (TID 324) in 57 ms on 172.26.0.12 (executor 0) (6/6)
26/08/14 00:33:32 INFO TaskSchedulerImpl: Removed TaskSet 93.0, whose tasks have all completed, from pool 
26/08/14 00:33:32 INFO DAGScheduler: ShuffleMapStage 93 (count at <unknown>:0) finished in 0.063 s
26/08/14 00:33:32 INFO DAGScheduler: looking for newly runnable stages
26/08/14 00:33:32 INFO DAGScheduler: running: Set()
26/08/14 00:33:32 INFO DAGScheduler: waiting: Set(ResultStage 94)
26/08/14 00:33:32 INFO DAGScheduler: failed: Set()
26/08/14 00:33:32 INFO DAGScheduler: Submitting ResultStage 94 (MapPartitionsRDD[600] at count at <unknown>:0), which has no missing parents
26/08/14 00:33:32 INFO MemoryStore: Block broadcast_93 stored as values in memory (estimated size 12.5 KiB, free 191.1 MiB)
26/08/14 00:33:32 INFO MemoryStore: Block broadcast_93_piece0 stored as bytes in memory (estimated size 5.9 KiB, free 191.1 MiB)
26/08/14 00:33:32 INFO BlockManagerInfo: Added broadcast_93_piece0 in memory on spark-driver:40807 (size: 5.9 KiB, free: 191.2 MiB)
26/08/14 00:33:32 INFO SparkContext: Created broadcast 93 from broadcast at DAGScheduler.scala:1585
26/08/14 00:33:32 INFO DAGScheduler: Submitting 1 missing tasks from ResultStage 94 (MapPartitionsRDD[600] at count at <unknown>:0) (first 15 tasks are for partitions Vector(0))
26/08/14 00:33:32 INFO TaskSchedulerImpl: Adding task set 94.0 with 1 tasks resource profile 0
26/08/14 00:33:32 INFO TaskSetManager: Starting task 0.0 in stage 94.0 (TID 328) (172.26.0.13, executor 1, partition 0, NODE_LOCAL, 9003 bytes) 
26/08/14 00:33:32 INFO BlockManagerInfo: Added broadcast_93_piece0 in memory on 172.26.0.13:36721 (size: 5.9 KiB, free: 412.8 MiB)
26/08/14 00:33:32 INFO MapOutputTrackerMasterEndpoint: Asked to send map output locations for shuffle 42 to 172.26.0.13:52190
26/08/14 00:33:32 INFO TaskSetManager: Finished task 0.0 in stage 94.0 (TID 328) in 19 ms on 172.26.0.13 (executor 1) (1/1)
26/08/14 00:33:32 INFO TaskSchedulerImpl: Removed TaskSet 94.0, whose tasks have all completed, from pool 
26/08/14 00:33:32 INFO DAGScheduler: ResultStage 94 (count at <unknown>:0) finished in 0.024 s
26/08/14 00:33:32 INFO DAGScheduler: Job 51 is finished. Cancelling potential speculative or zombie tasks for this job
26/08/14 00:33:32 INFO TaskSchedulerImpl: Killing all running tasks in stage 94: Stage finished
26/08/14 00:33:32 INFO DAGScheduler: Job 51 finished: count at <unknown>:0, took 0.089162 s
26/08/14 00:33:32 INFO DefaultCachedBatchSerializer: Predicate isnotnull(kind#29539) generates partition filter: ((kind.count#29608 - kind.nullCount#29607) > 0)
26/08/14 00:33:32 INFO DefaultCachedBatchSerializer: Predicate (kind#29539 = stats) generates partition filter: ((kind.lowerBound#29606 <= stats) AND (stats <= kind.upperBound#29605))
26/08/14 00:33:32 INFO SparkContext: Starting job: call at /opt/spark/python/lib/py4j-0.10.9.7-src.zip/py4j/clientserver.py:617
26/08/14 00:33:32 INFO DAGScheduler: Got job 52 (call at /opt/spark/python/lib/py4j-0.10.9.7-src.zip/py4j/clientserver.py:617) with 6 output partitions
26/08/14 00:33:32 INFO DAGScheduler: Final stage: ResultStage 95 (call at /opt/spark/python/lib/py4j-0.10.9.7-src.zip/py4j/clientserver.py:617)
26/08/14 00:33:32 INFO DAGScheduler: Parents of final stage: List()
26/08/14 00:33:32 INFO DAGScheduler: Missing parents: List()
26/08/14 00:33:32 INFO DAGScheduler: Submitting ResultStage 95 (MapPartitionsRDD[619] at call at /opt/spark/python/lib/py4j-0.10.9.7-src.zip/py4j/clientserver.py:617), which has no missing parents
26/08/14 00:33:32 INFO MemoryStore: Block broadcast_94 stored as values in memory (estimated size 90.0 KiB, free 191.0 MiB)
26/08/14 00:33:32 INFO MemoryStore: Block broadcast_94_piece0 stored as bytes in memory (estimated size 34.0 KiB, free 191.0 MiB)
26/08/14 00:33:32 INFO BlockManagerInfo: Added broadcast_94_piece0 in memory on spark-driver:40807 (size: 34.0 KiB, free: 191.1 MiB)
26/08/14 00:33:32 INFO SparkContext: Created broadcast 94 from broadcast at DAGScheduler.scala:1585
26/08/14 00:33:32 INFO DAGScheduler: Submitting 6 missing tasks from ResultStage 95 (MapPartitionsRDD[619] at call at /opt/spark/python/lib/py4j-0.10.9.7-src.zip/py4j/clientserver.py:617) (first 15 tasks are for partitions Vector(0, 1, 2, 3, 4, 5))
26/08/14 00:33:32 INFO TaskSchedulerImpl: Adding task set 95.0 with 6 tasks resource profile 0
26/08/14 00:33:32 INFO TaskSetManager: Starting task 0.0 in stage 95.0 (TID 329) (172.26.0.12, executor 0, partition 0, PROCESS_LOCAL, 9932 bytes) 
26/08/14 00:33:32 INFO TaskSetManager: Starting task 2.0 in stage 95.0 (TID 330) (172.26.0.13, executor 1, partition 2, PROCESS_LOCAL, 9932 bytes) 
26/08/14 00:33:32 INFO TaskSetManager: Starting task 1.0 in stage 95.0 (TID 331) (172.26.0.12, executor 0, partition 1, PROCESS_LOCAL, 9932 bytes) 
26/08/14 00:33:32 INFO TaskSetManager: Starting task 3.0 in stage 95.0 (TID 332) (172.26.0.13, executor 1, partition 3, PROCESS_LOCAL, 9932 bytes) 
26/08/14 00:33:32 INFO TaskSetManager: Starting task 5.0 in stage 95.0 (TID 333) (172.26.0.12, executor 0, partition 5, PROCESS_LOCAL, 9932 bytes) 
26/08/14 00:33:32 INFO TaskSetManager: Starting task 4.0 in stage 95.0 (TID 334) (172.26.0.13, executor 1, partition 4, PROCESS_LOCAL, 9932 bytes) 
26/08/14 00:33:32 INFO BlockManagerInfo: Added broadcast_94_piece0 in memory on 172.26.0.12:43985 (size: 34.0 KiB, free: 412.8 MiB)
26/08/14 00:33:32 INFO BlockManagerInfo: Added broadcast_94_piece0 in memory on 172.26.0.13:36721 (size: 34.0 KiB, free: 412.7 MiB)
26/08/14 00:33:35 INFO BlockManagerInfo: Added rdd_614_5 in memory on 172.26.0.12:43985 (size: 1808.0 B, free: 412.8 MiB)
26/08/14 00:33:35 INFO BlockManagerInfo: Added rdd_614_0 in memory on 172.26.0.12:43985 (size: 1808.0 B, free: 412.8 MiB)
26/08/14 00:33:35 INFO TaskSetManager: Finished task 5.0 in stage 95.0 (TID 333) in 2468 ms on 172.26.0.12 (executor 0) (1/6)
26/08/14 00:33:35 INFO BlockManagerInfo: Removed broadcast_92_piece0 on spark-driver:40807 in memory (size: 25.6 KiB, free: 191.2 MiB)
26/08/14 00:33:35 INFO BlockManagerInfo: Removed broadcast_92_piece0 on 172.26.0.12:43985 in memory (size: 25.6 KiB, free: 412.8 MiB)
26/08/14 00:33:35 INFO TaskSetManager: Finished task 0.0 in stage 95.0 (TID 329) in 2492 ms on 172.26.0.12 (executor 0) (2/6)
26/08/14 00:33:35 INFO BlockManagerInfo: Added rdd_614_3 in memory on 172.26.0.13:36721 (size: 1808.0 B, free: 412.7 MiB)
26/08/14 00:33:35 INFO BlockManagerInfo: Added rdd_614_4 in memory on 172.26.0.13:36721 (size: 1808.0 B, free: 412.7 MiB)
26/08/14 00:33:35 INFO BlockManagerInfo: Added rdd_614_1 in memory on 172.26.0.12:43985 (size: 1808.0 B, free: 412.8 MiB)
26/08/14 00:33:35 INFO BlockManagerInfo: Removed broadcast_92_piece0 on 172.26.0.13:36721 in memory (size: 25.6 KiB, free: 412.8 MiB)
26/08/14 00:33:35 INFO BlockManagerInfo: Removed broadcast_93_piece0 on spark-driver:40807 in memory (size: 5.9 KiB, free: 191.2 MiB)
26/08/14 00:33:35 INFO TaskSetManager: Finished task 1.0 in stage 95.0 (TID 331) in 2616 ms on 172.26.0.12 (executor 0) (3/6)
26/08/14 00:33:35 INFO BlockManagerInfo: Removed broadcast_93_piece0 on 172.26.0.13:36721 in memory (size: 5.9 KiB, free: 412.8 MiB)
26/08/14 00:33:35 INFO TaskSetManager: Finished task 3.0 in stage 95.0 (TID 332) in 2638 ms on 172.26.0.13 (executor 1) (4/6)
26/08/14 00:33:35 INFO TaskSetManager: Finished task 4.0 in stage 95.0 (TID 334) in 2647 ms on 172.26.0.13 (executor 1) (5/6)
26/08/14 00:33:35 INFO BlockManagerInfo: Added rdd_614_2 in memory on 172.26.0.13:36721 (size: 1808.0 B, free: 412.8 MiB)
26/08/14 00:33:35 INFO TaskSetManager: Finished task 2.0 in stage 95.0 (TID 330) in 2999 ms on 172.26.0.13 (executor 1) (6/6)
26/08/14 00:33:35 INFO TaskSchedulerImpl: Removed TaskSet 95.0, whose tasks have all completed, from pool 
26/08/14 00:33:35 INFO DAGScheduler: ResultStage 95 (call at /opt/spark/python/lib/py4j-0.10.9.7-src.zip/py4j/clientserver.py:617) finished in 3.004 s
26/08/14 00:33:35 INFO DAGScheduler: Job 52 is finished. Cancelling potential speculative or zombie tasks for this job
26/08/14 00:33:35 INFO TaskSchedulerImpl: Killing all running tasks in stage 95: Stage finished
26/08/14 00:33:35 INFO DAGScheduler: Job 52 finished: call at /opt/spark/python/lib/py4j-0.10.9.7-src.zip/py4j/clientserver.py:617, took 3.016096 s
26/08/14 00:33:36 INFO DefaultCachedBatchSerializer: Predicate isnotnull(kind#29539) generates partition filter: ((kind.count#29691 - kind.nullCount#29690) > 0)
26/08/14 00:33:36 INFO DefaultCachedBatchSerializer: Predicate (kind#29539 = dlq) generates partition filter: ((kind.lowerBound#29689 <= dlq) AND (dlq <= kind.upperBound#29688))
26/08/14 00:33:36 INFO SparkContext: Starting job: count at <unknown>:0
26/08/14 00:33:36 INFO DAGScheduler: Registering RDD 624 (count at <unknown>:0) as input to shuffle 43
26/08/14 00:33:36 INFO DAGScheduler: Got job 53 (count at <unknown>:0) with 1 output partitions
26/08/14 00:33:36 INFO DAGScheduler: Final stage: ResultStage 97 (count at <unknown>:0)
26/08/14 00:33:36 INFO DAGScheduler: Parents of final stage: List(ShuffleMapStage 96)
26/08/14 00:33:36 INFO DAGScheduler: Missing parents: List(ShuffleMapStage 96)
26/08/14 00:33:36 INFO DAGScheduler: Submitting ShuffleMapStage 96 (MapPartitionsRDD[624] at count at <unknown>:0), which has no missing parents
26/08/14 00:33:36 INFO MemoryStore: Block broadcast_95 stored as values in memory (estimated size 92.2 KiB, free 191.0 MiB)
26/08/14 00:33:36 INFO MemoryStore: Block broadcast_95_piece0 stored as bytes in memory (estimated size 35.3 KiB, free 191.0 MiB)
26/08/14 00:33:36 INFO BlockManagerInfo: Added broadcast_95_piece0 in memory on spark-driver:40807 (size: 35.3 KiB, free: 191.1 MiB)
26/08/14 00:33:36 INFO SparkContext: Created broadcast 95 from broadcast at DAGScheduler.scala:1585
26/08/14 00:33:36 INFO DAGScheduler: Submitting 6 missing tasks from ShuffleMapStage 96 (MapPartitionsRDD[624] at count at <unknown>:0) (first 15 tasks are for partitions Vector(0, 1, 2, 3, 4, 5))
26/08/14 00:33:36 INFO TaskSchedulerImpl: Adding task set 96.0 with 6 tasks resource profile 0
26/08/14 00:33:36 INFO TaskSetManager: Starting task 0.0 in stage 96.0 (TID 335) (172.26.0.12, executor 0, partition 0, PROCESS_LOCAL, 9921 bytes) 
26/08/14 00:33:36 INFO TaskSetManager: Starting task 2.0 in stage 96.0 (TID 336) (172.26.0.13, executor 1, partition 2, PROCESS_LOCAL, 9921 bytes) 
26/08/14 00:33:36 INFO TaskSetManager: Starting task 1.0 in stage 96.0 (TID 337) (172.26.0.12, executor 0, partition 1, PROCESS_LOCAL, 9921 bytes) 
26/08/14 00:33:36 INFO TaskSetManager: Starting task 3.0 in stage 96.0 (TID 338) (172.26.0.13, executor 1, partition 3, PROCESS_LOCAL, 9921 bytes) 
26/08/14 00:33:36 INFO TaskSetManager: Starting task 5.0 in stage 96.0 (TID 339) (172.26.0.12, executor 0, partition 5, PROCESS_LOCAL, 9921 bytes) 
26/08/14 00:33:36 INFO TaskSetManager: Starting task 4.0 in stage 96.0 (TID 340) (172.26.0.13, executor 1, partition 4, PROCESS_LOCAL, 9921 bytes) 
26/08/14 00:33:36 INFO BlockManagerInfo: Added broadcast_95_piece0 in memory on 172.26.0.13:36721 (size: 35.3 KiB, free: 412.7 MiB)
26/08/14 00:33:36 INFO BlockManagerInfo: Added broadcast_95_piece0 in memory on 172.26.0.12:43985 (size: 35.3 KiB, free: 412.7 MiB)
26/08/14 00:33:36 INFO TaskSetManager: Finished task 3.0 in stage 96.0 (TID 338) in 151 ms on 172.26.0.13 (executor 1) (1/6)
26/08/14 00:33:36 INFO TaskSetManager: Finished task 4.0 in stage 96.0 (TID 340) in 148 ms on 172.26.0.13 (executor 1) (2/6)
26/08/14 00:33:36 INFO TaskSetManager: Finished task 2.0 in stage 96.0 (TID 336) in 172 ms on 172.26.0.13 (executor 1) (3/6)
26/08/14 00:33:36 INFO TaskSetManager: Finished task 0.0 in stage 96.0 (TID 335) in 194 ms on 172.26.0.12 (executor 0) (4/6)
26/08/14 00:33:36 INFO TaskSetManager: Finished task 1.0 in stage 96.0 (TID 337) in 189 ms on 172.26.0.12 (executor 0) (5/6)
26/08/14 00:33:36 INFO TaskSetManager: Finished task 5.0 in stage 96.0 (TID 339) in 187 ms on 172.26.0.12 (executor 0) (6/6)
26/08/14 00:33:36 INFO TaskSchedulerImpl: Removed TaskSet 96.0, whose tasks have all completed, from pool 
26/08/14 00:33:36 INFO DAGScheduler: ShuffleMapStage 96 (count at <unknown>:0) finished in 0.267 s
26/08/14 00:33:36 INFO DAGScheduler: looking for newly runnable stages
26/08/14 00:33:36 INFO DAGScheduler: running: Set()
26/08/14 00:33:36 INFO DAGScheduler: waiting: Set(ResultStage 97)
26/08/14 00:33:36 INFO DAGScheduler: failed: Set()
26/08/14 00:33:36 INFO DAGScheduler: Submitting ResultStage 97 (MapPartitionsRDD[627] at count at <unknown>:0), which has no missing parents
26/08/14 00:33:36 INFO MemoryStore: Block broadcast_96 stored as values in memory (estimated size 12.5 KiB, free 191.0 MiB)
26/08/14 00:33:36 INFO MemoryStore: Block broadcast_96_piece0 stored as bytes in memory (estimated size 5.9 KiB, free 190.9 MiB)
26/08/14 00:33:36 INFO BlockManagerInfo: Added broadcast_96_piece0 in memory on spark-driver:40807 (size: 5.9 KiB, free: 191.1 MiB)
26/08/14 00:33:36 INFO SparkContext: Created broadcast 96 from broadcast at DAGScheduler.scala:1585
26/08/14 00:33:36 INFO DAGScheduler: Submitting 1 missing tasks from ResultStage 97 (MapPartitionsRDD[627] at count at <unknown>:0) (first 15 tasks are for partitions Vector(0))
26/08/14 00:33:36 INFO TaskSchedulerImpl: Adding task set 97.0 with 1 tasks resource profile 0
26/08/14 00:33:36 INFO TaskSetManager: Starting task 0.0 in stage 97.0 (TID 341) (172.26.0.12, executor 0, partition 0, NODE_LOCAL, 9003 bytes) 
26/08/14 00:33:36 INFO BlockManagerInfo: Added broadcast_96_piece0 in memory on 172.26.0.12:43985 (size: 5.9 KiB, free: 412.7 MiB)
26/08/14 00:33:36 INFO MapOutputTrackerMasterEndpoint: Asked to send map output locations for shuffle 43 to 172.26.0.12:56940
26/08/14 00:33:37 INFO TaskSetManager: Finished task 0.0 in stage 97.0 (TID 341) in 257 ms on 172.26.0.12 (executor 0) (1/1)
26/08/14 00:33:37 INFO DAGScheduler: ResultStage 97 (count at <unknown>:0) finished in 0.346 s
26/08/14 00:33:37 INFO DAGScheduler: Job 53 is finished. Cancelling potential speculative or zombie tasks for this job
26/08/14 00:33:37 INFO TaskSchedulerImpl: Removed TaskSet 97.0, whose tasks have all completed, from pool 
26/08/14 00:33:37 INFO TaskSchedulerImpl: Killing all running tasks in stage 97: Stage finished
26/08/14 00:33:37 INFO DAGScheduler: Job 53 finished: count at <unknown>:0, took 0.663691 s
26/08/14 00:33:37 INFO MapPartitionsRDD: Removing RDD 614 from persistence list
26/08/14 00:33:37 INFO BlockManager: Removing RDD 614
26/08/14 00:33:37 INFO SparkContext: Starting job: call at /opt/spark/python/lib/py4j-0.10.9.7-src.zip/py4j/clientserver.py:617
26/08/14 00:33:37 INFO DAGScheduler: Registering RDD 632 (call at /opt/spark/python/lib/py4j-0.10.9.7-src.zip/py4j/clientserver.py:617) as input to shuffle 44
26/08/14 00:33:37 INFO DAGScheduler: Got job 54 (call at /opt/spark/python/lib/py4j-0.10.9.7-src.zip/py4j/clientserver.py:617) with 1 output partitions
26/08/14 00:33:37 INFO DAGScheduler: Final stage: ResultStage 99 (call at /opt/spark/python/lib/py4j-0.10.9.7-src.zip/py4j/clientserver.py:617)
26/08/14 00:33:37 INFO DAGScheduler: Parents of final stage: List(ShuffleMapStage 98)
26/08/14 00:33:37 INFO BlockManagerInfo: Removed broadcast_95_piece0 on spark-driver:40807 in memory (size: 35.3 KiB, free: 191.2 MiB)
26/08/14 00:33:37 INFO BlockManagerInfo: Removed broadcast_95_piece0 on 172.26.0.12:43985 in memory (size: 35.3 KiB, free: 412.8 MiB)
26/08/14 00:33:37 INFO BlockManagerInfo: Removed broadcast_95_piece0 on 172.26.0.13:36721 in memory (size: 35.3 KiB, free: 412.8 MiB)
26/08/14 00:33:37 INFO DAGScheduler: Missing parents: List(ShuffleMapStage 98)
26/08/14 00:33:37 INFO DAGScheduler: Submitting ShuffleMapStage 98 (MapPartitionsRDD[632] at call at /opt/spark/python/lib/py4j-0.10.9.7-src.zip/py4j/clientserver.py:617), which has no missing parents
26/08/14 00:33:37 INFO MemoryStore: Block broadcast_97 stored as values in memory (estimated size 66.1 KiB, free 191.0 MiB)
26/08/14 00:33:37 INFO BlockManagerInfo: Removed broadcast_94_piece0 on spark-driver:40807 in memory (size: 34.0 KiB, free: 191.2 MiB)
26/08/14 00:33:37 INFO MemoryStore: Block broadcast_97_piece0 stored as bytes in memory (estimated size 24.8 KiB, free 191.1 MiB)
26/08/14 00:33:37 INFO BlockManagerInfo: Removed broadcast_94_piece0 on 172.26.0.13:36721 in memory (size: 34.0 KiB, free: 412.8 MiB)
26/08/14 00:33:37 INFO BlockManagerInfo: Removed broadcast_94_piece0 on 172.26.0.12:43985 in memory (size: 34.0 KiB, free: 412.8 MiB)
26/08/14 00:33:37 INFO BlockManagerInfo: Added broadcast_97_piece0 in memory on spark-driver:40807 (size: 24.8 KiB, free: 191.2 MiB)
26/08/14 00:33:37 INFO SparkContext: Created broadcast 97 from broadcast at DAGScheduler.scala:1585
26/08/14 00:33:37 INFO DAGScheduler: Submitting 6 missing tasks from ShuffleMapStage 98 (MapPartitionsRDD[632] at call at /opt/spark/python/lib/py4j-0.10.9.7-src.zip/py4j/clientserver.py:617) (first 15 tasks are for partitions Vector(0, 1, 2, 3, 4, 5))
26/08/14 00:33:37 INFO TaskSchedulerImpl: Adding task set 98.0 with 6 tasks resource profile 0
26/08/14 00:33:37 INFO TaskSetManager: Starting task 0.0 in stage 98.0 (TID 342) (172.26.0.12, executor 0, partition 0, PROCESS_LOCAL, 9921 bytes) 
26/08/14 00:33:37 INFO TaskSetManager: Starting task 2.0 in stage 98.0 (TID 343) (172.26.0.13, executor 1, partition 2, PROCESS_LOCAL, 9921 bytes) 
26/08/14 00:33:37 INFO TaskSetManager: Starting task 1.0 in stage 98.0 (TID 344) (172.26.0.12, executor 0, partition 1, PROCESS_LOCAL, 9921 bytes) 
26/08/14 00:33:37 INFO TaskSetManager: Starting task 3.0 in stage 98.0 (TID 345) (172.26.0.13, executor 1, partition 3, PROCESS_LOCAL, 9921 bytes) 
26/08/14 00:33:37 INFO TaskSetManager: Starting task 5.0 in stage 98.0 (TID 346) (172.26.0.12, executor 0, partition 5, PROCESS_LOCAL, 9921 bytes) 
26/08/14 00:33:37 INFO TaskSetManager: Starting task 4.0 in stage 98.0 (TID 347) (172.26.0.13, executor 1, partition 4, PROCESS_LOCAL, 9921 bytes) 
26/08/14 00:33:37 INFO BlockManagerInfo: Removed broadcast_96_piece0 on spark-driver:40807 in memory (size: 5.9 KiB, free: 191.2 MiB)
26/08/14 00:33:37 INFO BlockManagerInfo: Removed broadcast_96_piece0 on 172.26.0.12:43985 in memory (size: 5.9 KiB, free: 412.8 MiB)
26/08/14 00:33:37 INFO BlockManagerInfo: Added broadcast_97_piece0 in memory on 172.26.0.12:43985 (size: 24.8 KiB, free: 412.8 MiB)
26/08/14 00:33:37 INFO TaskSetManager: Finished task 1.0 in stage 98.0 (TID 344) in 112 ms on 172.26.0.12 (executor 0) (1/6)
26/08/14 00:33:37 INFO TaskSetManager: Finished task 5.0 in stage 98.0 (TID 346) in 135 ms on 172.26.0.12 (executor 0) (2/6)
26/08/14 00:33:37 INFO TaskSetManager: Finished task 0.0 in stage 98.0 (TID 342) in 142 ms on 172.26.0.12 (executor 0) (3/6)
26/08/14 00:33:37 INFO BlockManagerInfo: Added broadcast_97_piece0 in memory on 172.26.0.13:36721 (size: 24.8 KiB, free: 412.8 MiB)
26/08/14 00:33:37 INFO TaskSetManager: Finished task 2.0 in stage 98.0 (TID 343) in 232 ms on 172.26.0.13 (executor 1) (4/6)
26/08/14 00:33:37 INFO TaskSetManager: Finished task 3.0 in stage 98.0 (TID 345) in 240 ms on 172.26.0.13 (executor 1) (5/6)
26/08/14 00:33:37 INFO TaskSetManager: Finished task 4.0 in stage 98.0 (TID 347) in 272 ms on 172.26.0.13 (executor 1) (6/6)
26/08/14 00:33:37 INFO TaskSchedulerImpl: Removed TaskSet 98.0, whose tasks have all completed, from pool 
26/08/14 00:33:37 INFO DAGScheduler: ShuffleMapStage 98 (call at /opt/spark/python/lib/py4j-0.10.9.7-src.zip/py4j/clientserver.py:617) finished in 0.336 s
26/08/14 00:33:37 INFO DAGScheduler: looking for newly runnable stages
26/08/14 00:33:37 INFO DAGScheduler: running: Set()
26/08/14 00:33:37 INFO DAGScheduler: waiting: Set(ResultStage 99)
26/08/14 00:33:37 INFO DAGScheduler: failed: Set()
26/08/14 00:33:37 INFO DAGScheduler: Submitting ResultStage 99 (MapPartitionsRDD[635] at call at /opt/spark/python/lib/py4j-0.10.9.7-src.zip/py4j/clientserver.py:617), which has no missing parents
26/08/14 00:33:37 INFO MemoryStore: Block broadcast_98 stored as values in memory (estimated size 13.1 KiB, free 191.1 MiB)
26/08/14 00:33:37 INFO MemoryStore: Block broadcast_98_piece0 stored as bytes in memory (estimated size 6.1 KiB, free 191.1 MiB)
26/08/14 00:33:37 INFO BlockManagerInfo: Added broadcast_98_piece0 in memory on spark-driver:40807 (size: 6.1 KiB, free: 191.2 MiB)
26/08/14 00:33:37 INFO SparkContext: Created broadcast 98 from broadcast at DAGScheduler.scala:1585
26/08/14 00:33:37 INFO DAGScheduler: Submitting 1 missing tasks from ResultStage 99 (MapPartitionsRDD[635] at call at /opt/spark/python/lib/py4j-0.10.9.7-src.zip/py4j/clientserver.py:617) (first 15 tasks are for partitions Vector(0))
26/08/14 00:33:37 INFO TaskSchedulerImpl: Adding task set 99.0 with 1 tasks resource profile 0
26/08/14 00:33:37 INFO TaskSetManager: Starting task 0.0 in stage 99.0 (TID 348) (172.26.0.13, executor 1, partition 0, NODE_LOCAL, 9003 bytes) 
26/08/14 00:33:37 INFO BlockManagerInfo: Added broadcast_98_piece0 in memory on 172.26.0.13:36721 (size: 6.1 KiB, free: 412.8 MiB)
26/08/14 00:33:37 INFO MapOutputTrackerMasterEndpoint: Asked to send map output locations for shuffle 44 to 172.26.0.13:52190
26/08/14 00:33:37 INFO TaskSetManager: Finished task 0.0 in stage 99.0 (TID 348) in 100 ms on 172.26.0.13 (executor 1) (1/1)
26/08/14 00:33:37 INFO TaskSchedulerImpl: Removed TaskSet 99.0, whose tasks have all completed, from pool 
26/08/14 00:33:37 INFO DAGScheduler: ResultStage 99 (call at /opt/spark/python/lib/py4j-0.10.9.7-src.zip/py4j/clientserver.py:617) finished in 0.112 s
26/08/14 00:33:37 INFO DAGScheduler: Job 54 is finished. Cancelling potential speculative or zombie tasks for this job
26/08/14 00:33:37 INFO TaskSchedulerImpl: Killing all running tasks in stage 99: Stage finished
26/08/14 00:33:37 INFO DAGScheduler: Job 54 finished: call at /opt/spark/python/lib/py4j-0.10.9.7-src.zip/py4j/clientserver.py:617, took 0.480106 s
26/08/14 00:33:37 INFO MapPartitionsRDD: Removing RDD 576 from persistence list
26/08/14 00:33:37 INFO BlockManager: Removing RDD 576
26/08/14 00:33:37 INFO WatermarkTracker: Updating event-time watermark from 1786667463219 to 1786667467811 ms
26/08/14 00:33:37 INFO CheckpointFileManager: Writing atomically to file:/opt/checkpoints/trips/commits/9 using temp file file:/opt/checkpoints/trips/commits/.9.79a116a1-6480-4dcc-8ff4-86da93b7502b.tmp
26/08/14 00:33:37 INFO CheckpointFileManager: Renamed temp file file:/opt/checkpoints/trips/commits/.9.79a116a1-6480-4dcc-8ff4-86da93b7502b.tmp to file:/opt/checkpoints/trips/commits/9
26/08/14 00:33:37 INFO MicroBatchExecution: Streaming query made progress: {
  "id" : "9bde9f13-592f-4d70-b0dc-d7da66bf462a",
  "runId" : "047beccd-e00c-422a-ab02-7f7f311f8ed1",
  "name" : "trips-ingest-ab_ab_no_backoff_2",
  "timestamp" : "2026-08-14T00:33:31.864Z",
  "batchId" : 9,
  "numInputRows" : 3692,
  "inputRowsPerSecond" : 129.2988723121104,
  "processedRowsPerSecond" : 606.3393003777303,
  "durationMs" : {
    "addBatch" : 5840,
    "commitOffsets" : 193,
    "getBatch" : 0,
    "latestOffset" : 11,
    "queryPlanning" : 18,
    "triggerExecution" : 6089,
    "walCommit" : 20
  },
  "eventTime" : {
    "avg" : "2026-08-14T00:33:04.114Z",
    "max" : "2026-08-14T00:33:07.811Z",
    "min" : "2026-08-14T00:33:00.346Z",
    "watermark" : "2026-08-14T00:31:03.219Z"
  },
  "stateOperators" : [ ],
  "sources" : [ {
    "description" : "KafkaV2[Subscribe[trips.raw]]",
    "startOffset" : {
      "trips.raw" : {
        "2" : 298787,
        "5" : 296826,
        "4" : 298655,
        "1" : 298135,
        "3" : 298074,
        "0" : 298376
      }
    },
    "endOffset" : {
      "trips.raw" : {
        "2" : 299378,
        "5" : 297445,
        "4" : 299280,
        "1" : 298734,
        "3" : 298719,
        "0" : 298989
      }
    },
    "latestOffset" : {
      "trips.raw" : {
        "2" : 299378,
        "5" : 297445,
        "4" : 299280,
        "1" : 298734,
        "3" : 298719,
        "0" : 298989
      }
    },
    "numInputRows" : 3692,
    "inputRowsPerSecond" : 129.2988723121104,
    "processedRowsPerSecond" : 606.3393003777303,
    "metrics" : {
      "avgOffsetsBehindLatest" : "0.0",
      "maxOffsetsBehindLatest" : "0",
      "minOffsetsBehindLatest" : "0"
    }
  } ],
  "sink" : {
    "description" : "ForeachBatchSink",
    "numOutputRows" : -1
  }
}
26/08/14 00:33:40 INFO BlockManagerInfo: Removed broadcast_97_piece0 on spark-driver:40807 in memory (size: 24.8 KiB, free: 191.2 MiB)
26/08/14 00:33:40 INFO BlockManagerInfo: Removed broadcast_97_piece0 on 172.26.0.13:36721 in memory (size: 24.8 KiB, free: 413.9 MiB)
26/08/14 00:33:40 INFO BlockManagerInfo: Removed broadcast_97_piece0 on 172.26.0.12:43985 in memory (size: 24.8 KiB, free: 413.9 MiB)
26/08/14 00:33:40 INFO BlockManagerInfo: Removed broadcast_98_piece0 on spark-driver:40807 in memory (size: 6.1 KiB, free: 191.2 MiB)
26/08/14 00:33:40 INFO BlockManagerInfo: Removed broadcast_98_piece0 on 172.26.0.13:36721 in memory (size: 6.1 KiB, free: 413.9 MiB)
2026-08-14 00:33:43,667 INFO  [stream] stop file observed - shutting down
26/08/14 00:33:43 INFO DAGScheduler: Asked to cancel job group 047beccd-e00c-422a-ab02-7f7f311f8ed1
26/08/14 00:33:43 INFO AppInfoParser: App info kafka.admin.client for adminclient-1 unregistered
26/08/14 00:33:43 INFO Metrics: Metrics scheduler closed
26/08/14 00:33:43 INFO Metrics: Closing reporter org.apache.kafka.common.metrics.JmxReporter
26/08/14 00:33:43 INFO Metrics: Metrics reporters closed
26/08/14 00:33:43 INFO MicroBatchExecution: Async log purge executor pool for query trips-ingest-ab_ab_no_backoff_2 [id = 9bde9f13-592f-4d70-b0dc-d7da66bf462a, runId = 047beccd-e00c-422a-ab02-7f7f311f8ed1] has been shutdown
26/08/14 00:33:43 INFO DAGScheduler: Asked to cancel job group 047beccd-e00c-422a-ab02-7f7f311f8ed1
26/08/14 00:33:43 INFO MicroBatchExecution: Query trips-ingest-ab_ab_no_backoff_2 [id = 9bde9f13-592f-4d70-b0dc-d7da66bf462a, runId = 047beccd-e00c-422a-ab02-7f7f311f8ed1] was stopped
{
  "run_id": "ab_ab_no_backoff_2",
  "finished_at": "2026-08-14T00:33:43.694207+00:00",
  "batches": 10,
  "non_empty_batches": 9,
  "input_rows": 63999,
  "rows_written_cassandra": 191970,
  "write_amplification": 3.0,
  "tables": [
    "trips_by_id",
    "trips_by_driver_day",
    "trips_by_city_hour"
  ],
  "unparseable": 0,
  "late_events": 0,
  "dlq_total": 27,
  "cassandra_write_successes": 191970,
  "cassandra_write_retries": 5910,
  "avg_retries_to_success_all_writes": 0.03079,
  "writes_needing_retry": 5901,
  "avg_retries_among_retried_writes": 1.002,
  "mean_e2e_latency_ms_sampled": 27769.99,
  "latency_samples": 3332,
  "batch_seconds_p50": 5.1849,
  "batch_seconds_p95": 49.7561,
  "batch_seconds_p99": 49.7561,
  "failure_reasons": {
    "NoHostAvailable": 4861,
    "OperationTimedOut": 5,
    "WriteTimeout": 1152
  },
  "config": {
    "backoff": "backoff=DISABLED max_attempts=4",
    "consistency": "QUORUM",
    "allowed_lateness_sec": 120,
    "late_policy": "dlq",
    "max_offsets_per_trigger": 200000,
    "trigger_interval": "",
    "executor_cores": 3,
    "total_cores": 6,
    "partitions": 6,
    "latency_sample_rate": 0.05
  }
}
2026-08-14 00:33:43,695 INFO  [stream] summary -> /opt/app/results/raw/ab_ab_no_backoff_2_stream.json
26/08/14 00:33:43 INFO SparkContext: SparkContext is stopping with exitCode 0.
26/08/14 00:33:43 INFO SparkUI: Stopped Spark web UI at http://spark-driver:4040
26/08/14 00:33:43 INFO StandaloneSchedulerBackend: Shutting down all executors
26/08/14 00:33:43 INFO StandaloneSchedulerBackend$StandaloneDriverEndpoint: Asking each executor to shut down
2026-08-14 00:33:43,721 INFO  [stream] Closing down clientserver connection
26/08/14 00:33:43 INFO MapOutputTrackerMasterEndpoint: MapOutputTrackerMasterEndpoint stopped!
26/08/14 00:33:43 INFO MemoryStore: MemoryStore cleared
26/08/14 00:33:43 INFO BlockManager: BlockManager stopped
26/08/14 00:33:43 INFO BlockManagerMaster: BlockManagerMaster stopped
26/08/14 00:33:43 INFO OutputCommitCoordinator$OutputCommitCoordinatorEndpoint: OutputCommitCoordinator stopped!
26/08/14 00:33:43 INFO SparkContext: Successfully stopped SparkContext
26/08/14 00:33:44 INFO ShutdownHookManager: Shutdown hook called
26/08/14 00:33:44 INFO ShutdownHookManager: Deleting directory /tmp/spark-5e92b459-8ea1-4f3f-806e-34b274c4ab7f/pyspark-c83a3bb0-af6d-4803-a0f8-0dee54ab8ef8
26/08/14 00:33:44 INFO ShutdownHookManager: Deleting directory /tmp/spark-088ead4b-c60b-4036-bf2c-c94f367308a6
26/08/14 00:33:44 INFO ShutdownHookManager: Deleting directory /tmp/spark-5e92b459-8ea1-4f3f-806e-34b274c4ab7f
