2026-08-14 00:22:10,151 INFO  [stream] prometheus metrics on :9109/metrics
26/08/14 00:22:10 INFO SparkContext: Running Spark version 3.5.3
26/08/14 00:22:10 INFO SparkContext: OS info Linux, 6.10.14-linuxkit, aarch64
26/08/14 00:22:10 INFO SparkContext: Java version 11.0.24
26/08/14 00:22:10 WARN NativeCodeLoader: Unable to load native-hadoop library for your platform... using builtin-java classes where applicable
26/08/14 00:22:10 INFO ResourceUtils: ==============================================================
26/08/14 00:22:10 INFO ResourceUtils: No custom resources configured for spark.driver.
26/08/14 00:22:10 INFO ResourceUtils: ==============================================================
26/08/14 00:22:10 INFO SparkContext: Submitted application: rtdp-trips-ab_ab_no_backoff_1
26/08/14 00:22:10 INFO ResourceProfile: Default ResourceProfile created, executor resources: Map(cores -> name: cores, amount: 3, script: , vendor: , memory -> name: memory, amount: 1024, script: , vendor: , offHeap -> name: offHeap, amount: 0, script: , vendor: ), task resources: Map(cpus -> name: cpus, amount: 1.0)
26/08/14 00:22:10 INFO ResourceProfile: Limiting resource is cpus at 3 tasks per executor
26/08/14 00:22:10 INFO ResourceProfileManager: Added ResourceProfile id: 0
26/08/14 00:22:10 INFO SecurityManager: Changing view acls to: spark
26/08/14 00:22:10 INFO SecurityManager: Changing modify acls to: spark
26/08/14 00:22:10 INFO SecurityManager: Changing view acls groups to: 
26/08/14 00:22:10 INFO SecurityManager: Changing modify acls groups to: 
26/08/14 00:22:10 INFO SecurityManager: SecurityManager: authentication disabled; ui acls disabled; users with view permissions: spark; groups with view permissions: EMPTY; users with modify permissions: spark; groups with modify permissions: EMPTY
26/08/14 00:22:10 INFO Utils: Successfully started service 'sparkDriver' on port 34267.
26/08/14 00:22:10 INFO SparkEnv: Registering MapOutputTracker
26/08/14 00:22:10 INFO SparkEnv: Registering BlockManagerMaster
26/08/14 00:22:10 INFO BlockManagerMasterEndpoint: Using org.apache.spark.storage.DefaultTopologyMapper for getting topology information
26/08/14 00:22:10 INFO BlockManagerMasterEndpoint: BlockManagerMasterEndpoint up
26/08/14 00:22:10 INFO SparkEnv: Registering BlockManagerMasterHeartbeat
26/08/14 00:22:10 INFO DiskBlockManager: Created local directory at /tmp/blockmgr-bf2d09d7-2f56-4bcb-b106-ab0ca3442d14
26/08/14 00:22:10 INFO MemoryStore: MemoryStore started with capacity 191.2 MiB
26/08/14 00:22:10 INFO SparkEnv: Registering OutputCommitCoordinator
26/08/14 00:22:10 INFO JettyUtils: Start Jetty 0.0.0.0:4040 for SparkUI
26/08/14 00:22:10 INFO Utils: Successfully started service 'SparkUI' on port 4040.
26/08/14 00:22:10 INFO StandaloneAppClient$ClientEndpoint: Connecting to master spark://spark-master:7077...
26/08/14 00:22:10 INFO TransportClientFactory: Successfully created connection to spark-master/172.26.0.9:7077 after 11 ms (0 ms spent in bootstraps)
26/08/14 00:22:10 INFO StandaloneSchedulerBackend: Connected to Spark cluster with app ID app-20260814002210-0018
26/08/14 00:22:10 INFO Utils: Successfully started service 'org.apache.spark.network.netty.NettyBlockTransferService' on port 40129.
26/08/14 00:22:10 INFO NettyBlockTransferService: Server created on spark-driver 0.0.0.0:40129
26/08/14 00:22:10 INFO BlockManager: Using org.apache.spark.storage.RandomBlockReplicationPolicy for block replication policy
26/08/14 00:22:10 INFO StandaloneAppClient$ClientEndpoint: Executor added: app-20260814002210-0018/0 on worker-20260814001009-172.26.0.12-46199 (172.26.0.12:46199) with 3 core(s)
26/08/14 00:22:10 INFO StandaloneSchedulerBackend: Granted executor ID app-20260814002210-0018/0 on hostPort 172.26.0.12:46199 with 3 core(s), 1024.0 MiB RAM
26/08/14 00:22:10 INFO StandaloneAppClient$ClientEndpoint: Executor added: app-20260814002210-0018/1 on worker-20260813231309-172.26.0.13-34679 (172.26.0.13:34679) with 3 core(s)
26/08/14 00:22:10 INFO StandaloneSchedulerBackend: Granted executor ID app-20260814002210-0018/1 on hostPort 172.26.0.13:34679 with 3 core(s), 1024.0 MiB RAM
26/08/14 00:22:10 INFO BlockManagerMaster: Registering BlockManager BlockManagerId(driver, spark-driver, 40129, None)
26/08/14 00:22:10 INFO BlockManagerMasterEndpoint: Registering block manager spark-driver:40129 with 191.2 MiB RAM, BlockManagerId(driver, spark-driver, 40129, None)
26/08/14 00:22:10 INFO BlockManagerMaster: Registered BlockManager BlockManagerId(driver, spark-driver, 40129, None)
26/08/14 00:22:10 INFO BlockManager: Initialized BlockManager: BlockManagerId(driver, spark-driver, 40129, None)
26/08/14 00:22:10 INFO StandaloneAppClient$ClientEndpoint: Executor updated: app-20260814002210-0018/1 is now RUNNING
26/08/14 00:22:10 INFO StandaloneAppClient$ClientEndpoint: Executor updated: app-20260814002210-0018/0 is now RUNNING
26/08/14 00:22:10 INFO StandaloneSchedulerBackend: SchedulerBackend is ready for scheduling beginning after reached minRegisteredResourcesRatio: 0.0
2026-08-14 00:22:11,086 INFO  [stream] tables=['trips_by_id', 'trips_by_driver_day', 'trips_by_city_hour'] consistency=QUORUM backoff=DISABLED max_attempts=4 late_policy=dlq allowed_lateness=120s
26/08/14 00:22:11 INFO SharedState: Setting hive.metastore.warehouse.dir ('null') to the value of spark.sql.warehouse.dir.
26/08/14 00:22:11 INFO SharedState: Warehouse path is 'file:/opt/app/spark-warehouse'.
26/08/14 00:22:11 WARN KafkaSourceProvider: Kafka option 'kafka.group.id' has been set on this query, it is
 not recommended to set this option. This option is unsafe to use since multiple concurrent
 queries or sources using the same group id will interfere with each other as they are part
 of the same consumer group. Restarted queries may also suffer interference from the
 previous run having the same group id. The user should have only one query per group id,
 and/or set the option 'kafka.session.timeout.ms' to be very small so that the Kafka
 consumers from the previous query are marked dead by the Kafka group coordinator before the
 restarted query starts running.
    
2026-08-14 00:22:12,636 INFO  [stream] Callback Server Starting
2026-08-14 00:22:12,636 INFO  [stream] Socket listening on ('127.0.0.1', 36971)
26/08/14 00:22:12 INFO StateStoreCoordinatorRef: Registered StateStoreCoordinator endpoint
26/08/14 00:22:12 INFO StandaloneSchedulerBackend$StandaloneDriverEndpoint: Registered executor NettyRpcEndpointRef(spark-client://Executor) (172.26.0.13:50552) with ID 1,  ResourceProfileId 0
26/08/14 00:22:12 INFO StandaloneSchedulerBackend$StandaloneDriverEndpoint: Registered executor NettyRpcEndpointRef(spark-client://Executor) (172.26.0.12:49600) with ID 0,  ResourceProfileId 0
26/08/14 00:22:12 INFO ResolveWriteToStream: Checkpoint root /opt/checkpoints/trips resolved to file:/opt/checkpoints/trips.
26/08/14 00:22:12 WARN ResolveWriteToStream: spark.sql.adaptive.enabled is not supported in streaming DataFrames/Datasets and will be disabled.
26/08/14 00:22:12 INFO BlockManagerMasterEndpoint: Registering block manager 172.26.0.12:33073 with 413.9 MiB RAM, BlockManagerId(0, 172.26.0.12, 33073, None)
26/08/14 00:22:12 INFO BlockManagerMasterEndpoint: Registering block manager 172.26.0.13:34511 with 413.9 MiB RAM, BlockManagerId(1, 172.26.0.13, 34511, None)
26/08/14 00:22:12 INFO CheckpointFileManager: Writing atomically to file:/opt/checkpoints/trips/metadata using temp file file:/opt/checkpoints/trips/.metadata.ef6995cc-51a2-41e1-a4ff-43687fd7d7a5.tmp
26/08/14 00:22:12 INFO CheckpointFileManager: Renamed temp file file:/opt/checkpoints/trips/.metadata.ef6995cc-51a2-41e1-a4ff-43687fd7d7a5.tmp to file:/opt/checkpoints/trips/metadata
26/08/14 00:22:12 INFO MicroBatchExecution: Starting trips-ingest-ab_ab_no_backoff_1 [id = b85a33a4-dee1-4170-b062-c47d2470428c, runId = 5a4a512e-2b33-436f-89d6-2ad644eee1fd]. Use file:/opt/checkpoints/trips to store the query checkpoint.
2026-08-14 00:22:12,937 INFO  [stream] query id=b85a33a4-dee1-4170-b062-c47d2470428c checkpoint=/opt/checkpoints/trips
26/08/14 00:22:12 INFO MicroBatchExecution: Reading table [org.apache.spark.sql.kafka010.KafkaSourceProvider$KafkaTable@142b92bb] from DataSourceV2 named 'kafka' [org.apache.spark.sql.kafka010.KafkaSourceProvider@65de243f]
26/08/14 00:22:12 WARN KafkaSourceProvider: Kafka option 'kafka.group.id' has been set on this query, it is
 not recommended to set this option. This option is unsafe to use since multiple concurrent
 queries or sources using the same group id will interfere with each other as they are part
 of the same consumer group. Restarted queries may also suffer interference from the
 previous run having the same group id. The user should have only one query per group id,
 and/or set the option 'kafka.session.timeout.ms' to be very small so that the Kafka
 consumers from the previous query are marked dead by the Kafka group coordinator before the
 restarted query starts running.
    
26/08/14 00:22:12 INFO OffsetSeqLog: BatchIds found from listing: 
26/08/14 00:22:12 INFO OffsetSeqLog: BatchIds found from listing: 
26/08/14 00:22:12 INFO MicroBatchExecution: Starting new streaming query.
26/08/14 00:22:12 INFO MicroBatchExecution: Stream started from {}
26/08/14 00:22:13 INFO AdminClientConfig: AdminClientConfig values: 
	auto.include.jmx.reporter = true
	bootstrap.servers = [kafka1:9092, kafka2:9092, kafka3:9092]
	client.dns.lookup = use_all_dns_ips
	client.id = 
	connections.max.idle.ms = 300000
	default.api.timeout.ms = 60000
	metadata.max.age.ms = 300000
	metric.reporters = []
	metrics.num.samples = 2
	metrics.recording.level = INFO
	metrics.sample.window.ms = 30000
	receive.buffer.bytes = 65536
	reconnect.backoff.max.ms = 1000
	reconnect.backoff.ms = 50
	request.timeout.ms = 30000
	retries = 2147483647
	retry.backoff.ms = 100
	sasl.client.callback.handler.class = null
	sasl.jaas.config = null
	sasl.kerberos.kinit.cmd = /usr/bin/kinit
	sasl.kerberos.min.time.before.relogin = 60000
	sasl.kerberos.service.name = null
	sasl.kerberos.ticket.renew.jitter = 0.05
	sasl.kerberos.ticket.renew.window.factor = 0.8
	sasl.login.callback.handler.class = null
	sasl.login.class = null
	sasl.login.connect.timeout.ms = null
	sasl.login.read.timeout.ms = null
	sasl.login.refresh.buffer.seconds = 300
	sasl.login.refresh.min.period.seconds = 60
	sasl.login.refresh.window.factor = 0.8
	sasl.login.refresh.window.jitter = 0.05
	sasl.login.retry.backoff.max.ms = 10000
	sasl.login.retry.backoff.ms = 100
	sasl.mechanism = GSSAPI
	sasl.oauthbearer.clock.skew.seconds = 30
	sasl.oauthbearer.expected.audience = null
	sasl.oauthbearer.expected.issuer = null
	sasl.oauthbearer.jwks.endpoint.refresh.ms = 3600000
	sasl.oauthbearer.jwks.endpoint.retry.backoff.max.ms = 10000
	sasl.oauthbearer.jwks.endpoint.retry.backoff.ms = 100
	sasl.oauthbearer.jwks.endpoint.url = null
	sasl.oauthbearer.scope.claim.name = scope
	sasl.oauthbearer.sub.claim.name = sub
	sasl.oauthbearer.token.endpoint.url = null
	security.protocol = PLAINTEXT
	security.providers = null
	send.buffer.bytes = 131072
	socket.connection.setup.timeout.max.ms = 30000
	socket.connection.setup.timeout.ms = 10000
	ssl.cipher.suites = null
	ssl.enabled.protocols = [TLSv1.2, TLSv1.3]
	ssl.endpoint.identification.algorithm = https
	ssl.engine.factory.class = null
	ssl.key.password = null
	ssl.keymanager.algorithm = SunX509
	ssl.keystore.certificate.chain = null
	ssl.keystore.key = null
	ssl.keystore.location = null
	ssl.keystore.password = null
	ssl.keystore.type = JKS
	ssl.protocol = TLSv1.3
	ssl.provider = null
	ssl.secure.random.implementation = null
	ssl.trustmanager.algorithm = PKIX
	ssl.truststore.certificates = null
	ssl.truststore.location = null
	ssl.truststore.password = null
	ssl.truststore.type = JKS

26/08/14 00:22:13 WARN AdminClientConfig: These configurations '[key.deserializer, value.deserializer, enable.auto.commit, max.poll.records, group.id, auto.offset.reset]' were supplied but are not used yet.
26/08/14 00:22:13 INFO AppInfoParser: Kafka version: 3.4.1
26/08/14 00:22:13 INFO AppInfoParser: Kafka commitId: 8a516edc2755df89
26/08/14 00:22:13 INFO AppInfoParser: Kafka startTimeMs: 1786666933297
26/08/14 00:22:13 INFO CheckpointFileManager: Writing atomically to file:/opt/checkpoints/trips/sources/0/0 using temp file file:/opt/checkpoints/trips/sources/0/.0.a8070244-27ad-49a3-a003-9fe3c4aa7a78.tmp
26/08/14 00:22:13 INFO CheckpointFileManager: Renamed temp file file:/opt/checkpoints/trips/sources/0/.0.a8070244-27ad-49a3-a003-9fe3c4aa7a78.tmp to file:/opt/checkpoints/trips/sources/0/0
26/08/14 00:22:13 INFO KafkaMicroBatchStream: Initial offsets: {"trips.raw":{"2":267187,"5":265645,"4":266904,"1":266755,"3":267098,"0":266959}}
26/08/14 00:22:13 INFO CheckpointFileManager: Writing atomically to file:/opt/checkpoints/trips/offsets/0 using temp file file:/opt/checkpoints/trips/offsets/.0.8902784a-5442-4b32-bd50-08d0365b3545.tmp
26/08/14 00:22:13 INFO CheckpointFileManager: Renamed temp file file:/opt/checkpoints/trips/offsets/.0.8902784a-5442-4b32-bd50-08d0365b3545.tmp to file:/opt/checkpoints/trips/offsets/0
26/08/14 00:22:13 INFO MicroBatchExecution: Committed offsets for batch 0. Metadata OffsetSeqMetadata(0,1786666933622,Map(spark.sql.streaming.stateStore.providerClass -> org.apache.spark.sql.execution.streaming.state.HDFSBackedStateStoreProvider, spark.sql.streaming.join.stateFormatVersion -> 2, spark.sql.streaming.stateStore.compression.codec -> lz4, spark.sql.streaming.stateStore.rocksdb.formatVersion -> 5, spark.sql.streaming.statefulOperator.useStrictDistribution -> true, spark.sql.streaming.flatMapGroupsWithState.stateFormatVersion -> 2, spark.sql.streaming.multipleWatermarkPolicy -> min, spark.sql.streaming.aggregation.stateFormatVersion -> 2, spark.sql.shuffle.partitions -> 6))
26/08/14 00:22:13 INFO KafkaOffsetReaderAdmin: Partitions added: Map()
26/08/14 00:22:13 INFO KafkaOffsetReaderAdmin: Partitions added: Map()
26/08/14 00:22:13 INFO KafkaOffsetReaderAdmin: Partitions added: Map()
26/08/14 00:22:13 INFO KafkaOffsetReaderAdmin: Partitions added: Map()
26/08/14 00:22:14 INFO CodeGenerator: Code generated in 144.6875 ms
26/08/14 00:22:14 INFO CodeGenerator: Code generated in 9.780167 ms
2026-08-14 00:22:14,227 INFO  [stream] Python Server ready to receive messages
2026-08-14 00:22:14,227 INFO  [stream] Received command c on object id p0
26/08/14 00:22:14 INFO CodeGenerator: Code generated in 6.643084 ms
26/08/14 00:22:14 INFO CodeGenerator: Code generated in 7.070625 ms
26/08/14 00:22:14 INFO CodeGenerator: Code generated in 12.802542 ms
26/08/14 00:22:14 INFO SparkContext: Starting job: start at <unknown>:0
26/08/14 00:22:14 INFO DAGScheduler: Registering RDD 14 (start at <unknown>:0) as input to shuffle 0
26/08/14 00:22:14 INFO DAGScheduler: Got job 0 (start at <unknown>:0) with 1 output partitions
26/08/14 00:22:14 INFO DAGScheduler: Final stage: ResultStage 1 (start at <unknown>:0)
26/08/14 00:22:14 INFO DAGScheduler: Parents of final stage: List(ShuffleMapStage 0)
26/08/14 00:22:14 INFO DAGScheduler: Missing parents: List()
26/08/14 00:22:14 INFO DAGScheduler: Submitting ResultStage 1 (MapPartitionsRDD[17] at start at <unknown>:0), which has no missing parents
26/08/14 00:22:14 INFO MemoryStore: Block broadcast_0 stored as values in memory (estimated size 12.5 KiB, free 191.2 MiB)
26/08/14 00:22:14 INFO MemoryStore: Block broadcast_0_piece0 stored as bytes in memory (estimated size 5.9 KiB, free 191.2 MiB)
26/08/14 00:22:14 INFO BlockManagerInfo: Added broadcast_0_piece0 in memory on spark-driver:40129 (size: 5.9 KiB, free: 191.2 MiB)
26/08/14 00:22:14 INFO SparkContext: Created broadcast 0 from broadcast at DAGScheduler.scala:1585
26/08/14 00:22:14 INFO DAGScheduler: Submitting 1 missing tasks from ResultStage 1 (MapPartitionsRDD[17] at start at <unknown>:0) (first 15 tasks are for partitions Vector(0))
26/08/14 00:22:14 INFO TaskSchedulerImpl: Adding task set 1.0 with 1 tasks resource profile 0
26/08/14 00:22:14 INFO TaskSetManager: Starting task 0.0 in stage 1.0 (TID 0) (172.26.0.13, executor 1, partition 0, PROCESS_LOCAL, 9003 bytes) 
26/08/14 00:22:14 INFO BlockManagerInfo: Added broadcast_0_piece0 in memory on 172.26.0.13:34511 (size: 5.9 KiB, free: 413.9 MiB)
26/08/14 00:22:14 INFO MapOutputTrackerMasterEndpoint: Asked to send map output locations for shuffle 0 to 172.26.0.13:50552
26/08/14 00:22:15 INFO TaskSetManager: Finished task 0.0 in stage 1.0 (TID 0) in 534 ms on 172.26.0.13 (executor 1) (1/1)
26/08/14 00:22:15 INFO TaskSchedulerImpl: Removed TaskSet 1.0, whose tasks have all completed, from pool 
26/08/14 00:22:15 INFO DAGScheduler: ResultStage 1 (start at <unknown>:0) finished in 0.663 s
26/08/14 00:22:15 INFO DAGScheduler: Job 0 is finished. Cancelling potential speculative or zombie tasks for this job
26/08/14 00:22:15 INFO TaskSchedulerImpl: Killing all running tasks in stage 1: Stage finished
26/08/14 00:22:15 INFO DAGScheduler: Job 0 finished: start at <unknown>:0, took 0.730721 s
2026-08-14 00:22:15,127 INFO  [stream] batch=0 in=0 written=0 late=0 dlq=0 0.90s (0 rows/s)
26/08/14 00:22:15 INFO MapPartitionsRDD: Removing RDD 9 from persistence list
26/08/14 00:22:15 INFO BlockManager: Removing RDD 9
26/08/14 00:22:15 INFO CheckpointFileManager: Writing atomically to file:/opt/checkpoints/trips/commits/0 using temp file file:/opt/checkpoints/trips/commits/.0.d67b18bc-bb79-46a9-b5cf-fd371fca0c5c.tmp
26/08/14 00:22:15 INFO CheckpointFileManager: Renamed temp file file:/opt/checkpoints/trips/commits/.0.d67b18bc-bb79-46a9-b5cf-fd371fca0c5c.tmp to file:/opt/checkpoints/trips/commits/0
26/08/14 00:22:15 INFO MicroBatchExecution: Streaming query made progress: {
  "id" : "b85a33a4-dee1-4170-b062-c47d2470428c",
  "runId" : "5a4a512e-2b33-436f-89d6-2ad644eee1fd",
  "name" : "trips-ingest-ab_ab_no_backoff_1",
  "timestamp" : "2026-08-14T00:22:12.989Z",
  "batchId" : 0,
  "numInputRows" : 0,
  "inputRowsPerSecond" : 0.0,
  "processedRowsPerSecond" : 0.0,
  "durationMs" : {
    "addBatch" : 1253,
    "commitOffsets" : 33,
    "getBatch" : 9,
    "latestOffset" : 623,
    "queryPlanning" : 236,
    "triggerExecution" : 2191,
    "walCommit" : 19
  },
  "eventTime" : {
    "watermark" : "1970-01-01T00:00:00.000Z"
  },
  "stateOperators" : [ ],
  "sources" : [ {
    "description" : "KafkaV2[Subscribe[trips.raw]]",
    "startOffset" : null,
    "endOffset" : {
      "trips.raw" : {
        "2" : 267187,
        "5" : 265645,
        "4" : 266904,
        "1" : 266755,
        "3" : 267098,
        "0" : 266959
      }
    },
    "latestOffset" : {
      "trips.raw" : {
        "2" : 267187,
        "5" : 265645,
        "4" : 266904,
        "1" : 266755,
        "3" : 267098,
        "0" : 266959
      }
    },
    "numInputRows" : 0,
    "inputRowsPerSecond" : 0.0,
    "processedRowsPerSecond" : 0.0,
    "metrics" : {
      "avgOffsetsBehindLatest" : "0.0",
      "maxOffsetsBehindLatest" : "0",
      "minOffsetsBehindLatest" : "0"
    }
  } ],
  "sink" : {
    "description" : "ForeachBatchSink",
    "numOutputRows" : -1
  }
}
26/08/14 00:22:15 INFO BlockManagerInfo: Removed broadcast_0_piece0 on spark-driver:40129 in memory (size: 5.9 KiB, free: 191.2 MiB)
26/08/14 00:22:15 INFO BlockManagerInfo: Removed broadcast_0_piece0 on 172.26.0.13:34511 in memory (size: 5.9 KiB, free: 413.9 MiB)
26/08/14 00:22:22 INFO CheckpointFileManager: Writing atomically to file:/opt/checkpoints/trips/offsets/1 using temp file file:/opt/checkpoints/trips/offsets/.1.ef705420-3480-4bbc-bf8e-70675392352a.tmp
26/08/14 00:22:22 INFO CheckpointFileManager: Renamed temp file file:/opt/checkpoints/trips/offsets/.1.ef705420-3480-4bbc-bf8e-70675392352a.tmp to file:/opt/checkpoints/trips/offsets/1
26/08/14 00:22:22 INFO MicroBatchExecution: Committed offsets for batch 1. Metadata OffsetSeqMetadata(0,1786666942131,Map(spark.sql.streaming.stateStore.providerClass -> org.apache.spark.sql.execution.streaming.state.HDFSBackedStateStoreProvider, spark.sql.streaming.join.stateFormatVersion -> 2, spark.sql.streaming.stateStore.compression.codec -> lz4, spark.sql.streaming.stateStore.rocksdb.formatVersion -> 5, spark.sql.streaming.statefulOperator.useStrictDistribution -> true, spark.sql.streaming.flatMapGroupsWithState.stateFormatVersion -> 2, spark.sql.streaming.multipleWatermarkPolicy -> min, spark.sql.streaming.aggregation.stateFormatVersion -> 2, spark.sql.shuffle.partitions -> 6))
26/08/14 00:22:22 INFO KafkaOffsetReaderAdmin: Partitions added: Map()
26/08/14 00:22:22 INFO KafkaOffsetReaderAdmin: Partitions added: Map()
26/08/14 00:22:22 INFO KafkaOffsetReaderAdmin: Partitions added: Map()
26/08/14 00:22:22 INFO KafkaOffsetReaderAdmin: Partitions added: Map()
2026-08-14 00:22:22,244 INFO  [stream] Received command c on object id p0
26/08/14 00:22:22 INFO SparkContext: Starting job: start at <unknown>:0
26/08/14 00:22:22 INFO DAGScheduler: Registering RDD 32 (start at <unknown>:0) as input to shuffle 1
26/08/14 00:22:22 INFO DAGScheduler: Got job 1 (start at <unknown>:0) with 1 output partitions
26/08/14 00:22:22 INFO DAGScheduler: Final stage: ResultStage 3 (start at <unknown>:0)
26/08/14 00:22:22 INFO DAGScheduler: Parents of final stage: List(ShuffleMapStage 2)
26/08/14 00:22:22 INFO DAGScheduler: Missing parents: List(ShuffleMapStage 2)
26/08/14 00:22:22 INFO DAGScheduler: Submitting ShuffleMapStage 2 (MapPartitionsRDD[32] at start at <unknown>:0), which has no missing parents
26/08/14 00:22:22 INFO MemoryStore: Block broadcast_1 stored as values in memory (estimated size 64.4 KiB, free 191.1 MiB)
26/08/14 00:22:22 INFO MemoryStore: Block broadcast_1_piece0 stored as bytes in memory (estimated size 24.0 KiB, free 191.1 MiB)
26/08/14 00:22:22 INFO BlockManagerInfo: Added broadcast_1_piece0 in memory on spark-driver:40129 (size: 24.0 KiB, free: 191.2 MiB)
26/08/14 00:22:22 INFO SparkContext: Created broadcast 1 from broadcast at DAGScheduler.scala:1585
26/08/14 00:22:22 INFO DAGScheduler: Submitting 4 missing tasks from ShuffleMapStage 2 (MapPartitionsRDD[32] at start at <unknown>:0) (first 15 tasks are for partitions Vector(0, 1, 2, 3))
26/08/14 00:22:22 INFO TaskSchedulerImpl: Adding task set 2.0 with 4 tasks resource profile 0
26/08/14 00:22:22 INFO TaskSetManager: Starting task 1.0 in stage 2.0 (TID 1) (172.26.0.13, executor 1, partition 1, PROCESS_LOCAL, 9921 bytes) 
26/08/14 00:22:22 INFO TaskSetManager: Starting task 0.0 in stage 2.0 (TID 2) (172.26.0.12, executor 0, partition 0, PROCESS_LOCAL, 9921 bytes) 
26/08/14 00:22:22 INFO TaskSetManager: Starting task 2.0 in stage 2.0 (TID 3) (172.26.0.13, executor 1, partition 2, PROCESS_LOCAL, 9921 bytes) 
26/08/14 00:22:22 INFO TaskSetManager: Starting task 3.0 in stage 2.0 (TID 4) (172.26.0.12, executor 0, partition 3, PROCESS_LOCAL, 9921 bytes) 
26/08/14 00:22:22 INFO BlockManagerInfo: Added broadcast_1_piece0 in memory on 172.26.0.13:34511 (size: 24.0 KiB, free: 413.9 MiB)
26/08/14 00:22:22 INFO BlockManagerInfo: Added broadcast_1_piece0 in memory on 172.26.0.12:33073 (size: 24.0 KiB, free: 413.9 MiB)
26/08/14 00:22:24 INFO BlockManagerInfo: Added rdd_27_1 in memory on 172.26.0.13:34511 (size: 83.3 KiB, free: 413.8 MiB)
26/08/14 00:22:24 INFO BlockManagerInfo: Added rdd_27_2 in memory on 172.26.0.13:34511 (size: 73.2 KiB, free: 413.7 MiB)
26/08/14 00:22:24 INFO TaskSetManager: Finished task 2.0 in stage 2.0 (TID 3) in 2105 ms on 172.26.0.13 (executor 1) (1/4)
26/08/14 00:22:24 INFO TaskSetManager: Finished task 1.0 in stage 2.0 (TID 1) in 2106 ms on 172.26.0.13 (executor 1) (2/4)
26/08/14 00:22:24 INFO BlockManagerInfo: Added rdd_27_0 in memory on 172.26.0.12:33073 (size: 80.5 KiB, free: 413.8 MiB)
26/08/14 00:22:24 INFO BlockManagerInfo: Added rdd_27_3 in memory on 172.26.0.12:33073 (size: 86.3 KiB, free: 413.7 MiB)
26/08/14 00:22:24 INFO TaskSetManager: Finished task 3.0 in stage 2.0 (TID 4) in 2510 ms on 172.26.0.12 (executor 0) (3/4)
26/08/14 00:22:24 INFO TaskSetManager: Finished task 0.0 in stage 2.0 (TID 2) in 2511 ms on 172.26.0.12 (executor 0) (4/4)
26/08/14 00:22:24 INFO TaskSchedulerImpl: Removed TaskSet 2.0, whose tasks have all completed, from pool 
26/08/14 00:22:24 INFO DAGScheduler: ShuffleMapStage 2 (start at <unknown>:0) finished in 2.527 s
26/08/14 00:22:24 INFO DAGScheduler: looking for newly runnable stages
26/08/14 00:22:24 INFO DAGScheduler: running: Set()
26/08/14 00:22:24 INFO DAGScheduler: waiting: Set(ResultStage 3)
26/08/14 00:22:24 INFO DAGScheduler: failed: Set()
26/08/14 00:22:24 INFO DAGScheduler: Submitting ResultStage 3 (MapPartitionsRDD[35] at start at <unknown>:0), which has no missing parents
26/08/14 00:22:24 INFO MemoryStore: Block broadcast_2 stored as values in memory (estimated size 12.5 KiB, free 191.1 MiB)
26/08/14 00:22:24 INFO MemoryStore: Block broadcast_2_piece0 stored as bytes in memory (estimated size 5.9 KiB, free 191.1 MiB)
26/08/14 00:22:24 INFO BlockManagerInfo: Added broadcast_2_piece0 in memory on spark-driver:40129 (size: 5.9 KiB, free: 191.2 MiB)
26/08/14 00:22:24 INFO SparkContext: Created broadcast 2 from broadcast at DAGScheduler.scala:1585
26/08/14 00:22:24 INFO DAGScheduler: Submitting 1 missing tasks from ResultStage 3 (MapPartitionsRDD[35] at start at <unknown>:0) (first 15 tasks are for partitions Vector(0))
26/08/14 00:22:24 INFO TaskSchedulerImpl: Adding task set 3.0 with 1 tasks resource profile 0
26/08/14 00:22:24 INFO TaskSetManager: Starting task 0.0 in stage 3.0 (TID 5) (172.26.0.13, executor 1, partition 0, NODE_LOCAL, 9003 bytes) 
26/08/14 00:22:24 INFO BlockManagerInfo: Added broadcast_2_piece0 in memory on 172.26.0.13:34511 (size: 5.9 KiB, free: 413.7 MiB)
26/08/14 00:22:24 INFO MapOutputTrackerMasterEndpoint: Asked to send map output locations for shuffle 1 to 172.26.0.13:50552
26/08/14 00:22:24 INFO TaskSetManager: Finished task 0.0 in stage 3.0 (TID 5) in 42 ms on 172.26.0.13 (executor 1) (1/1)
26/08/14 00:22:24 INFO TaskSchedulerImpl: Removed TaskSet 3.0, whose tasks have all completed, from pool 
26/08/14 00:22:24 INFO DAGScheduler: ResultStage 3 (start at <unknown>:0) finished in 0.051 s
26/08/14 00:22:24 INFO DAGScheduler: Job 1 is finished. Cancelling potential speculative or zombie tasks for this job
26/08/14 00:22:24 INFO TaskSchedulerImpl: Killing all running tasks in stage 3: Stage finished
26/08/14 00:22:24 INFO DAGScheduler: Job 1 finished: start at <unknown>:0, took 2.595618 s
26/08/14 00:22:24 INFO CodeGenerator: Code generated in 8.040375 ms
26/08/14 00:22:24 INFO SparkContext: Starting job: start at <unknown>:0
26/08/14 00:22:24 INFO DAGScheduler: Registering RDD 40 (start at <unknown>:0) as input to shuffle 2
26/08/14 00:22:24 INFO DAGScheduler: Got job 2 (start at <unknown>:0) with 1 output partitions
26/08/14 00:22:24 INFO DAGScheduler: Final stage: ResultStage 5 (start at <unknown>:0)
26/08/14 00:22:24 INFO DAGScheduler: Parents of final stage: List(ShuffleMapStage 4)
26/08/14 00:22:24 INFO DAGScheduler: Missing parents: List(ShuffleMapStage 4)
26/08/14 00:22:24 INFO DAGScheduler: Submitting ShuffleMapStage 4 (MapPartitionsRDD[40] at start at <unknown>:0), which has no missing parents
26/08/14 00:22:24 INFO MemoryStore: Block broadcast_3 stored as values in memory (estimated size 64.8 KiB, free 191.0 MiB)
26/08/14 00:22:24 INFO MemoryStore: Block broadcast_3_piece0 stored as bytes in memory (estimated size 24.2 KiB, free 191.0 MiB)
26/08/14 00:22:24 INFO BlockManagerInfo: Added broadcast_3_piece0 in memory on spark-driver:40129 (size: 24.2 KiB, free: 191.2 MiB)
26/08/14 00:22:24 INFO SparkContext: Created broadcast 3 from broadcast at DAGScheduler.scala:1585
26/08/14 00:22:24 INFO BlockManagerInfo: Removed broadcast_1_piece0 on spark-driver:40129 in memory (size: 24.0 KiB, free: 191.2 MiB)
26/08/14 00:22:24 INFO DAGScheduler: Submitting 4 missing tasks from ShuffleMapStage 4 (MapPartitionsRDD[40] at start at <unknown>:0) (first 15 tasks are for partitions Vector(0, 1, 2, 3))
26/08/14 00:22:24 INFO TaskSchedulerImpl: Adding task set 4.0 with 4 tasks resource profile 0
26/08/14 00:22:24 INFO TaskSetManager: Starting task 1.0 in stage 4.0 (TID 6) (172.26.0.13, executor 1, partition 1, PROCESS_LOCAL, 9921 bytes) 
26/08/14 00:22:24 INFO BlockManagerInfo: Removed broadcast_1_piece0 on 172.26.0.13:34511 in memory (size: 24.0 KiB, free: 413.8 MiB)
26/08/14 00:22:24 INFO TaskSetManager: Starting task 0.0 in stage 4.0 (TID 7) (172.26.0.12, executor 0, partition 0, PROCESS_LOCAL, 9921 bytes) 
26/08/14 00:22:24 INFO TaskSetManager: Starting task 2.0 in stage 4.0 (TID 8) (172.26.0.13, executor 1, partition 2, PROCESS_LOCAL, 9921 bytes) 
26/08/14 00:22:24 INFO TaskSetManager: Starting task 3.0 in stage 4.0 (TID 9) (172.26.0.12, executor 0, partition 3, PROCESS_LOCAL, 9921 bytes) 
26/08/14 00:22:24 INFO BlockManagerInfo: Removed broadcast_1_piece0 on 172.26.0.12:33073 in memory (size: 24.0 KiB, free: 413.8 MiB)
26/08/14 00:22:25 INFO BlockManagerInfo: Added broadcast_3_piece0 in memory on 172.26.0.12:33073 (size: 24.2 KiB, free: 413.7 MiB)
26/08/14 00:22:25 INFO BlockManagerInfo: Removed broadcast_2_piece0 on spark-driver:40129 in memory (size: 5.9 KiB, free: 191.2 MiB)
26/08/14 00:22:25 INFO BlockManagerInfo: Removed broadcast_2_piece0 on 172.26.0.13:34511 in memory (size: 5.9 KiB, free: 413.8 MiB)
26/08/14 00:22:25 INFO BlockManagerInfo: Added broadcast_3_piece0 in memory on 172.26.0.13:34511 (size: 24.2 KiB, free: 413.7 MiB)
26/08/14 00:22:25 INFO TaskSetManager: Finished task 0.0 in stage 4.0 (TID 7) in 91 ms on 172.26.0.12 (executor 0) (1/4)
26/08/14 00:22:25 INFO TaskSetManager: Finished task 3.0 in stage 4.0 (TID 9) in 92 ms on 172.26.0.12 (executor 0) (2/4)
26/08/14 00:22:25 INFO TaskSetManager: Finished task 1.0 in stage 4.0 (TID 6) in 123 ms on 172.26.0.13 (executor 1) (3/4)
26/08/14 00:22:25 INFO TaskSetManager: Finished task 2.0 in stage 4.0 (TID 8) in 122 ms on 172.26.0.13 (executor 1) (4/4)
26/08/14 00:22:25 INFO TaskSchedulerImpl: Removed TaskSet 4.0, whose tasks have all completed, from pool 
26/08/14 00:22:25 INFO DAGScheduler: ShuffleMapStage 4 (start at <unknown>:0) finished in 0.144 s
26/08/14 00:22:25 INFO DAGScheduler: looking for newly runnable stages
26/08/14 00:22:25 INFO DAGScheduler: running: Set()
26/08/14 00:22:25 INFO DAGScheduler: waiting: Set(ResultStage 5)
26/08/14 00:22:25 INFO DAGScheduler: failed: Set()
26/08/14 00:22:25 INFO DAGScheduler: Submitting ResultStage 5 (MapPartitionsRDD[43] at start at <unknown>:0), which has no missing parents
26/08/14 00:22:25 INFO MemoryStore: Block broadcast_4 stored as values in memory (estimated size 12.5 KiB, free 191.1 MiB)
26/08/14 00:22:25 INFO MemoryStore: Block broadcast_4_piece0 stored as bytes in memory (estimated size 5.9 KiB, free 191.1 MiB)
26/08/14 00:22:25 INFO BlockManagerInfo: Added broadcast_4_piece0 in memory on spark-driver:40129 (size: 5.9 KiB, free: 191.2 MiB)
26/08/14 00:22:25 INFO SparkContext: Created broadcast 4 from broadcast at DAGScheduler.scala:1585
26/08/14 00:22:25 INFO DAGScheduler: Submitting 1 missing tasks from ResultStage 5 (MapPartitionsRDD[43] at start at <unknown>:0) (first 15 tasks are for partitions Vector(0))
26/08/14 00:22:25 INFO TaskSchedulerImpl: Adding task set 5.0 with 1 tasks resource profile 0
26/08/14 00:22:25 INFO TaskSetManager: Starting task 0.0 in stage 5.0 (TID 10) (172.26.0.13, executor 1, partition 0, NODE_LOCAL, 9003 bytes) 
26/08/14 00:22:25 INFO BlockManagerInfo: Added broadcast_4_piece0 in memory on 172.26.0.13:34511 (size: 5.9 KiB, free: 413.7 MiB)
26/08/14 00:22:25 INFO MapOutputTrackerMasterEndpoint: Asked to send map output locations for shuffle 2 to 172.26.0.13:50552
26/08/14 00:22:25 INFO TaskSetManager: Finished task 0.0 in stage 5.0 (TID 10) in 37 ms on 172.26.0.13 (executor 1) (1/1)
26/08/14 00:22:25 INFO DAGScheduler: ResultStage 5 (start at <unknown>:0) finished in 0.043 s
26/08/14 00:22:25 INFO DAGScheduler: Job 2 is finished. Cancelling potential speculative or zombie tasks for this job
26/08/14 00:22:25 INFO TaskSchedulerImpl: Removed TaskSet 5.0, whose tasks have all completed, from pool 
26/08/14 00:22:25 INFO TaskSchedulerImpl: Killing all running tasks in stage 5: Stage finished
26/08/14 00:22:25 INFO DAGScheduler: Job 2 finished: start at <unknown>:0, took 0.195280 s
26/08/14 00:22:25 INFO CodeGenerator: Code generated in 12.032208 ms
26/08/14 00:22:25 INFO BlockManagerInfo: Removed broadcast_3_piece0 on spark-driver:40129 in memory (size: 24.2 KiB, free: 191.2 MiB)
26/08/14 00:22:25 INFO BlockManagerInfo: Removed broadcast_3_piece0 on 172.26.0.13:34511 in memory (size: 24.2 KiB, free: 413.8 MiB)
26/08/14 00:22:25 INFO BlockManagerInfo: Removed broadcast_3_piece0 on 172.26.0.12:33073 in memory (size: 24.2 KiB, free: 413.8 MiB)
26/08/14 00:22:25 INFO BlockManagerInfo: Removed broadcast_4_piece0 on spark-driver:40129 in memory (size: 5.9 KiB, free: 191.2 MiB)
26/08/14 00:22:25 INFO BlockManagerInfo: Removed broadcast_4_piece0 on 172.26.0.13:34511 in memory (size: 5.9 KiB, free: 413.8 MiB)
26/08/14 00:22:25 INFO CodeGenerator: Code generated in 3.9965 ms
26/08/14 00:22:25 INFO CodeGenerator: Code generated in 3.798958 ms
26/08/14 00:22:25 INFO DefaultCachedBatchSerializer: Predicate isnotnull(kind#2841) generates partition filter: ((kind.count#2910 - kind.nullCount#2909) > 0)
26/08/14 00:22:25 INFO DefaultCachedBatchSerializer: Predicate (kind#2841 = stats) generates partition filter: ((kind.lowerBound#2908 <= stats) AND (stats <= kind.upperBound#2907))
26/08/14 00:22:25 INFO SparkContext: Starting job: call at /opt/spark/python/lib/py4j-0.10.9.7-src.zip/py4j/clientserver.py:617
26/08/14 00:22:25 INFO DAGScheduler: Got job 3 (call at /opt/spark/python/lib/py4j-0.10.9.7-src.zip/py4j/clientserver.py:617) with 4 output partitions
26/08/14 00:22:25 INFO DAGScheduler: Final stage: ResultStage 6 (call at /opt/spark/python/lib/py4j-0.10.9.7-src.zip/py4j/clientserver.py:617)
26/08/14 00:22:25 INFO DAGScheduler: Parents of final stage: List()
26/08/14 00:22:25 INFO DAGScheduler: Missing parents: List()
26/08/14 00:22:25 INFO DAGScheduler: Submitting ResultStage 6 (MapPartitionsRDD[62] at call at /opt/spark/python/lib/py4j-0.10.9.7-src.zip/py4j/clientserver.py:617), which has no missing parents
26/08/14 00:22:25 INFO MemoryStore: Block broadcast_5 stored as values in memory (estimated size 89.8 KiB, free 191.1 MiB)
26/08/14 00:22:25 INFO MemoryStore: Block broadcast_5_piece0 stored as bytes in memory (estimated size 34.0 KiB, free 191.1 MiB)
26/08/14 00:22:25 INFO BlockManagerInfo: Added broadcast_5_piece0 in memory on spark-driver:40129 (size: 34.0 KiB, free: 191.2 MiB)
26/08/14 00:22:25 INFO SparkContext: Created broadcast 5 from broadcast at DAGScheduler.scala:1585
26/08/14 00:22:25 INFO DAGScheduler: Submitting 4 missing tasks from ResultStage 6 (MapPartitionsRDD[62] at call at /opt/spark/python/lib/py4j-0.10.9.7-src.zip/py4j/clientserver.py:617) (first 15 tasks are for partitions Vector(0, 1, 2, 3))
26/08/14 00:22:25 INFO TaskSchedulerImpl: Adding task set 6.0 with 4 tasks resource profile 0
26/08/14 00:22:25 INFO TaskSetManager: Starting task 0.0 in stage 6.0 (TID 11) (172.26.0.12, executor 0, partition 0, PROCESS_LOCAL, 9932 bytes) 
26/08/14 00:22:25 INFO TaskSetManager: Starting task 1.0 in stage 6.0 (TID 12) (172.26.0.13, executor 1, partition 1, PROCESS_LOCAL, 9932 bytes) 
26/08/14 00:22:25 INFO TaskSetManager: Starting task 3.0 in stage 6.0 (TID 13) (172.26.0.12, executor 0, partition 3, PROCESS_LOCAL, 9932 bytes) 
26/08/14 00:22:25 INFO TaskSetManager: Starting task 2.0 in stage 6.0 (TID 14) (172.26.0.13, executor 1, partition 2, PROCESS_LOCAL, 9932 bytes) 
26/08/14 00:22:25 INFO BlockManagerInfo: Added broadcast_5_piece0 in memory on 172.26.0.13:34511 (size: 34.0 KiB, free: 413.7 MiB)
26/08/14 00:22:25 INFO BlockManagerInfo: Added broadcast_5_piece0 in memory on 172.26.0.12:33073 (size: 34.0 KiB, free: 413.7 MiB)
26/08/14 00:22:26 INFO BlockManagerInfo: Added rdd_57_2 in memory on 172.26.0.13:34511 (size: 1792.0 B, free: 413.7 MiB)
26/08/14 00:22:26 INFO BlockManagerInfo: Added rdd_57_1 in memory on 172.26.0.13:34511 (size: 1792.0 B, free: 413.7 MiB)
26/08/14 00:22:26 INFO BlockManagerInfo: Added rdd_57_3 in memory on 172.26.0.12:33073 (size: 1792.0 B, free: 413.7 MiB)
26/08/14 00:22:26 INFO BlockManagerInfo: Added rdd_57_0 in memory on 172.26.0.12:33073 (size: 1792.0 B, free: 413.7 MiB)
26/08/14 00:22:26 INFO TaskSetManager: Finished task 2.0 in stage 6.0 (TID 14) in 1251 ms on 172.26.0.13 (executor 1) (1/4)
26/08/14 00:22:26 INFO PythonAccumulatorV2: Connected to AccumulatorServer at host: 127.0.0.1 port: 48621
26/08/14 00:22:26 INFO TaskSetManager: Finished task 1.0 in stage 6.0 (TID 12) in 1258 ms on 172.26.0.13 (executor 1) (2/4)
26/08/14 00:22:26 INFO TaskSetManager: Finished task 0.0 in stage 6.0 (TID 11) in 1276 ms on 172.26.0.12 (executor 0) (3/4)
26/08/14 00:22:26 INFO TaskSetManager: Finished task 3.0 in stage 6.0 (TID 13) in 1280 ms on 172.26.0.12 (executor 0) (4/4)
26/08/14 00:22:26 INFO TaskSchedulerImpl: Removed TaskSet 6.0, whose tasks have all completed, from pool 
26/08/14 00:22:26 INFO DAGScheduler: ResultStage 6 (call at /opt/spark/python/lib/py4j-0.10.9.7-src.zip/py4j/clientserver.py:617) finished in 1.285 s
26/08/14 00:22:26 INFO DAGScheduler: Job 3 is finished. Cancelling potential speculative or zombie tasks for this job
26/08/14 00:22:26 INFO TaskSchedulerImpl: Killing all running tasks in stage 6: Stage finished
26/08/14 00:22:26 INFO DAGScheduler: Job 3 finished: call at /opt/spark/python/lib/py4j-0.10.9.7-src.zip/py4j/clientserver.py:617, took 1.290813 s
26/08/14 00:22:26 INFO CodeGenerator: Code generated in 10.851125 ms
26/08/14 00:22:26 INFO DefaultCachedBatchSerializer: Predicate isnotnull(kind#2841) generates partition filter: ((kind.count#2993 - kind.nullCount#2992) > 0)
26/08/14 00:22:26 INFO DefaultCachedBatchSerializer: Predicate (kind#2841 = dlq) generates partition filter: ((kind.lowerBound#2991 <= dlq) AND (dlq <= kind.upperBound#2990))
26/08/14 00:22:26 INFO SparkContext: Starting job: count at <unknown>:0
26/08/14 00:22:26 INFO DAGScheduler: Registering RDD 67 (count at <unknown>:0) as input to shuffle 3
26/08/14 00:22:26 INFO DAGScheduler: Got job 4 (count at <unknown>:0) with 1 output partitions
26/08/14 00:22:26 INFO DAGScheduler: Final stage: ResultStage 8 (count at <unknown>:0)
26/08/14 00:22:26 INFO DAGScheduler: Parents of final stage: List(ShuffleMapStage 7)
26/08/14 00:22:26 INFO DAGScheduler: Missing parents: List(ShuffleMapStage 7)
26/08/14 00:22:26 INFO BlockManagerInfo: Removed broadcast_5_piece0 on spark-driver:40129 in memory (size: 34.0 KiB, free: 191.2 MiB)
26/08/14 00:22:26 INFO BlockManagerInfo: Removed broadcast_5_piece0 on 172.26.0.12:33073 in memory (size: 34.0 KiB, free: 413.8 MiB)
26/08/14 00:22:26 INFO BlockManagerInfo: Removed broadcast_5_piece0 on 172.26.0.13:34511 in memory (size: 34.0 KiB, free: 413.8 MiB)
26/08/14 00:22:26 INFO DAGScheduler: Submitting ShuffleMapStage 7 (MapPartitionsRDD[67] at count at <unknown>:0), which has no missing parents
26/08/14 00:22:26 INFO MemoryStore: Block broadcast_6 stored as values in memory (estimated size 92.0 KiB, free 191.1 MiB)
26/08/14 00:22:26 INFO MemoryStore: Block broadcast_6_piece0 stored as bytes in memory (estimated size 35.3 KiB, free 191.1 MiB)
26/08/14 00:22:26 INFO BlockManagerInfo: Added broadcast_6_piece0 in memory on spark-driver:40129 (size: 35.3 KiB, free: 191.2 MiB)
26/08/14 00:22:26 INFO SparkContext: Created broadcast 6 from broadcast at DAGScheduler.scala:1585
26/08/14 00:22:26 INFO DAGScheduler: Submitting 4 missing tasks from ShuffleMapStage 7 (MapPartitionsRDD[67] at count at <unknown>:0) (first 15 tasks are for partitions Vector(0, 1, 2, 3))
26/08/14 00:22:26 INFO TaskSchedulerImpl: Adding task set 7.0 with 4 tasks resource profile 0
26/08/14 00:22:26 INFO TaskSetManager: Starting task 1.0 in stage 7.0 (TID 15) (172.26.0.13, executor 1, partition 1, PROCESS_LOCAL, 9921 bytes) 
26/08/14 00:22:26 INFO TaskSetManager: Starting task 0.0 in stage 7.0 (TID 16) (172.26.0.12, executor 0, partition 0, PROCESS_LOCAL, 9921 bytes) 
26/08/14 00:22:26 INFO TaskSetManager: Starting task 2.0 in stage 7.0 (TID 17) (172.26.0.13, executor 1, partition 2, PROCESS_LOCAL, 9921 bytes) 
26/08/14 00:22:26 INFO TaskSetManager: Starting task 3.0 in stage 7.0 (TID 18) (172.26.0.12, executor 0, partition 3, PROCESS_LOCAL, 9921 bytes) 
26/08/14 00:22:26 INFO BlockManagerInfo: Added broadcast_6_piece0 in memory on 172.26.0.12:33073 (size: 35.3 KiB, free: 413.7 MiB)
26/08/14 00:22:26 INFO BlockManagerInfo: Added broadcast_6_piece0 in memory on 172.26.0.13:34511 (size: 35.3 KiB, free: 413.7 MiB)
26/08/14 00:22:26 INFO TaskSetManager: Finished task 3.0 in stage 7.0 (TID 18) in 76 ms on 172.26.0.12 (executor 0) (1/4)
26/08/14 00:22:26 INFO TaskSetManager: Finished task 0.0 in stage 7.0 (TID 16) in 83 ms on 172.26.0.12 (executor 0) (2/4)
26/08/14 00:22:26 INFO TaskSetManager: Finished task 1.0 in stage 7.0 (TID 15) in 101 ms on 172.26.0.13 (executor 1) (3/4)
26/08/14 00:22:26 INFO TaskSetManager: Finished task 2.0 in stage 7.0 (TID 17) in 101 ms on 172.26.0.13 (executor 1) (4/4)
26/08/14 00:22:26 INFO TaskSchedulerImpl: Removed TaskSet 7.0, whose tasks have all completed, from pool 
26/08/14 00:22:26 INFO DAGScheduler: ShuffleMapStage 7 (count at <unknown>:0) finished in 0.126 s
26/08/14 00:22:26 INFO DAGScheduler: looking for newly runnable stages
26/08/14 00:22:26 INFO DAGScheduler: running: Set()
26/08/14 00:22:26 INFO DAGScheduler: waiting: Set(ResultStage 8)
26/08/14 00:22:26 INFO DAGScheduler: failed: Set()
26/08/14 00:22:26 INFO DAGScheduler: Submitting ResultStage 8 (MapPartitionsRDD[70] at count at <unknown>:0), which has no missing parents
26/08/14 00:22:26 INFO MemoryStore: Block broadcast_7 stored as values in memory (estimated size 12.5 KiB, free 191.1 MiB)
26/08/14 00:22:26 INFO MemoryStore: Block broadcast_7_piece0 stored as bytes in memory (estimated size 5.9 KiB, free 191.1 MiB)
26/08/14 00:22:26 INFO BlockManagerInfo: Added broadcast_7_piece0 in memory on spark-driver:40129 (size: 5.9 KiB, free: 191.2 MiB)
26/08/14 00:22:26 INFO SparkContext: Created broadcast 7 from broadcast at DAGScheduler.scala:1585
26/08/14 00:22:26 INFO DAGScheduler: Submitting 1 missing tasks from ResultStage 8 (MapPartitionsRDD[70] at count at <unknown>:0) (first 15 tasks are for partitions Vector(0))
26/08/14 00:22:26 INFO TaskSchedulerImpl: Adding task set 8.0 with 1 tasks resource profile 0
26/08/14 00:22:26 INFO TaskSetManager: Starting task 0.0 in stage 8.0 (TID 19) (172.26.0.12, executor 0, partition 0, NODE_LOCAL, 9003 bytes) 
26/08/14 00:22:26 INFO BlockManagerInfo: Added broadcast_7_piece0 in memory on 172.26.0.12:33073 (size: 5.9 KiB, free: 413.7 MiB)
26/08/14 00:22:26 INFO MapOutputTrackerMasterEndpoint: Asked to send map output locations for shuffle 3 to 172.26.0.12:49600
26/08/14 00:22:27 INFO TaskSetManager: Finished task 0.0 in stage 8.0 (TID 19) in 125 ms on 172.26.0.12 (executor 0) (1/1)
26/08/14 00:22:27 INFO TaskSchedulerImpl: Removed TaskSet 8.0, whose tasks have all completed, from pool 
26/08/14 00:22:27 INFO DAGScheduler: ResultStage 8 (count at <unknown>:0) finished in 0.133 s
26/08/14 00:22:27 INFO DAGScheduler: Job 4 is finished. Cancelling potential speculative or zombie tasks for this job
26/08/14 00:22:27 INFO TaskSchedulerImpl: Killing all running tasks in stage 8: Stage finished
26/08/14 00:22:27 INFO DAGScheduler: Job 4 finished: count at <unknown>:0, took 0.269756 s
26/08/14 00:22:27 INFO MapPartitionsRDD: Removing RDD 57 from persistence list
26/08/14 00:22:27 INFO BlockManager: Removing RDD 57
26/08/14 00:22:27 INFO CodeGenerator: Code generated in 5.282375 ms
26/08/14 00:22:27 INFO CodeGenerator: Code generated in 6.969209 ms
26/08/14 00:22:27 INFO SparkContext: Starting job: call at /opt/spark/python/lib/py4j-0.10.9.7-src.zip/py4j/clientserver.py:617
26/08/14 00:22:27 INFO DAGScheduler: Registering RDD 75 (call at /opt/spark/python/lib/py4j-0.10.9.7-src.zip/py4j/clientserver.py:617) as input to shuffle 4
26/08/14 00:22:27 INFO DAGScheduler: Got job 5 (call at /opt/spark/python/lib/py4j-0.10.9.7-src.zip/py4j/clientserver.py:617) with 1 output partitions
26/08/14 00:22:27 INFO DAGScheduler: Final stage: ResultStage 10 (call at /opt/spark/python/lib/py4j-0.10.9.7-src.zip/py4j/clientserver.py:617)
26/08/14 00:22:27 INFO DAGScheduler: Parents of final stage: List(ShuffleMapStage 9)
26/08/14 00:22:27 INFO DAGScheduler: Missing parents: List(ShuffleMapStage 9)
26/08/14 00:22:27 INFO DAGScheduler: Submitting ShuffleMapStage 9 (MapPartitionsRDD[75] at call at /opt/spark/python/lib/py4j-0.10.9.7-src.zip/py4j/clientserver.py:617), which has no missing parents
26/08/14 00:22:27 INFO MemoryStore: Block broadcast_8 stored as values in memory (estimated size 66.0 KiB, free 191.0 MiB)
26/08/14 00:22:27 INFO MemoryStore: Block broadcast_8_piece0 stored as bytes in memory (estimated size 24.8 KiB, free 191.0 MiB)
26/08/14 00:22:27 INFO BlockManagerInfo: Added broadcast_8_piece0 in memory on spark-driver:40129 (size: 24.8 KiB, free: 191.1 MiB)
26/08/14 00:22:27 INFO SparkContext: Created broadcast 8 from broadcast at DAGScheduler.scala:1585
26/08/14 00:22:27 INFO BlockManagerInfo: Removed broadcast_7_piece0 on spark-driver:40129 in memory (size: 5.9 KiB, free: 191.2 MiB)
26/08/14 00:22:27 INFO DAGScheduler: Submitting 4 missing tasks from ShuffleMapStage 9 (MapPartitionsRDD[75] at call at /opt/spark/python/lib/py4j-0.10.9.7-src.zip/py4j/clientserver.py:617) (first 15 tasks are for partitions Vector(0, 1, 2, 3))
26/08/14 00:22:27 INFO TaskSchedulerImpl: Adding task set 9.0 with 4 tasks resource profile 0
26/08/14 00:22:27 INFO BlockManagerInfo: Removed broadcast_7_piece0 on 172.26.0.12:33073 in memory (size: 5.9 KiB, free: 413.7 MiB)
26/08/14 00:22:27 INFO TaskSetManager: Starting task 0.0 in stage 9.0 (TID 20) (172.26.0.12, executor 0, partition 0, PROCESS_LOCAL, 9921 bytes) 
26/08/14 00:22:27 INFO TaskSetManager: Starting task 1.0 in stage 9.0 (TID 21) (172.26.0.13, executor 1, partition 1, PROCESS_LOCAL, 9921 bytes) 
26/08/14 00:22:27 INFO TaskSetManager: Starting task 3.0 in stage 9.0 (TID 22) (172.26.0.12, executor 0, partition 3, PROCESS_LOCAL, 9921 bytes) 
26/08/14 00:22:27 INFO TaskSetManager: Starting task 2.0 in stage 9.0 (TID 23) (172.26.0.13, executor 1, partition 2, PROCESS_LOCAL, 9921 bytes) 
26/08/14 00:22:27 INFO BlockManagerInfo: Removed broadcast_6_piece0 on spark-driver:40129 in memory (size: 35.3 KiB, free: 191.2 MiB)
26/08/14 00:22:27 INFO BlockManagerInfo: Added broadcast_8_piece0 in memory on 172.26.0.12:33073 (size: 24.8 KiB, free: 413.7 MiB)
26/08/14 00:22:27 INFO BlockManagerInfo: Removed broadcast_6_piece0 on 172.26.0.13:34511 in memory (size: 35.3 KiB, free: 413.8 MiB)
26/08/14 00:22:27 INFO BlockManagerInfo: Removed broadcast_6_piece0 on 172.26.0.12:33073 in memory (size: 35.3 KiB, free: 413.7 MiB)
26/08/14 00:22:27 INFO BlockManagerInfo: Added broadcast_8_piece0 in memory on 172.26.0.13:34511 (size: 24.8 KiB, free: 413.7 MiB)
26/08/14 00:22:27 INFO TaskSetManager: Finished task 3.0 in stage 9.0 (TID 22) in 67 ms on 172.26.0.12 (executor 0) (1/4)
26/08/14 00:22:27 INFO TaskSetManager: Finished task 0.0 in stage 9.0 (TID 20) in 72 ms on 172.26.0.12 (executor 0) (2/4)
26/08/14 00:22:27 INFO TaskSetManager: Finished task 2.0 in stage 9.0 (TID 23) in 98 ms on 172.26.0.13 (executor 1) (3/4)
26/08/14 00:22:27 INFO TaskSetManager: Finished task 1.0 in stage 9.0 (TID 21) in 98 ms on 172.26.0.13 (executor 1) (4/4)
26/08/14 00:22:27 INFO TaskSchedulerImpl: Removed TaskSet 9.0, whose tasks have all completed, from pool 
26/08/14 00:22:27 INFO DAGScheduler: ShuffleMapStage 9 (call at /opt/spark/python/lib/py4j-0.10.9.7-src.zip/py4j/clientserver.py:617) finished in 0.113 s
26/08/14 00:22:27 INFO DAGScheduler: looking for newly runnable stages
26/08/14 00:22:27 INFO DAGScheduler: running: Set()
26/08/14 00:22:27 INFO DAGScheduler: waiting: Set(ResultStage 10)
26/08/14 00:22:27 INFO DAGScheduler: failed: Set()
26/08/14 00:22:27 INFO DAGScheduler: Submitting ResultStage 10 (MapPartitionsRDD[78] at call at /opt/spark/python/lib/py4j-0.10.9.7-src.zip/py4j/clientserver.py:617), which has no missing parents
26/08/14 00:22:27 INFO MemoryStore: Block broadcast_9 stored as values in memory (estimated size 13.1 KiB, free 191.1 MiB)
26/08/14 00:22:27 INFO MemoryStore: Block broadcast_9_piece0 stored as bytes in memory (estimated size 6.1 KiB, free 191.1 MiB)
26/08/14 00:22:27 INFO BlockManagerInfo: Added broadcast_9_piece0 in memory on spark-driver:40129 (size: 6.1 KiB, free: 191.2 MiB)
26/08/14 00:22:27 INFO SparkContext: Created broadcast 9 from broadcast at DAGScheduler.scala:1585
26/08/14 00:22:27 INFO DAGScheduler: Submitting 1 missing tasks from ResultStage 10 (MapPartitionsRDD[78] at call at /opt/spark/python/lib/py4j-0.10.9.7-src.zip/py4j/clientserver.py:617) (first 15 tasks are for partitions Vector(0))
26/08/14 00:22:27 INFO TaskSchedulerImpl: Adding task set 10.0 with 1 tasks resource profile 0
26/08/14 00:22:27 INFO TaskSetManager: Starting task 0.0 in stage 10.0 (TID 24) (172.26.0.13, executor 1, partition 0, NODE_LOCAL, 9003 bytes) 
26/08/14 00:22:27 INFO BlockManagerInfo: Added broadcast_9_piece0 in memory on 172.26.0.13:34511 (size: 6.1 KiB, free: 413.7 MiB)
26/08/14 00:22:27 INFO MapOutputTrackerMasterEndpoint: Asked to send map output locations for shuffle 4 to 172.26.0.13:50552
26/08/14 00:22:27 INFO TaskSetManager: Finished task 0.0 in stage 10.0 (TID 24) in 28 ms on 172.26.0.13 (executor 1) (1/1)
26/08/14 00:22:27 INFO TaskSchedulerImpl: Removed TaskSet 10.0, whose tasks have all completed, from pool 
26/08/14 00:22:27 INFO DAGScheduler: ResultStage 10 (call at /opt/spark/python/lib/py4j-0.10.9.7-src.zip/py4j/clientserver.py:617) finished in 0.032 s
26/08/14 00:22:27 INFO DAGScheduler: Job 5 is finished. Cancelling potential speculative or zombie tasks for this job
26/08/14 00:22:27 INFO TaskSchedulerImpl: Killing all running tasks in stage 10: Stage finished
26/08/14 00:22:27 INFO DAGScheduler: Job 5 finished: call at /opt/spark/python/lib/py4j-0.10.9.7-src.zip/py4j/clientserver.py:617, took 0.151101 s
26/08/14 00:22:27 INFO MapPartitionsRDD: Removing RDD 27 from persistence list
26/08/14 00:22:27 INFO BlockManager: Removing RDD 27
26/08/14 00:22:27 INFO WatermarkTracker: Updating event-time watermark from 0 to 1786666822062 ms
26/08/14 00:22:27 INFO CheckpointFileManager: Writing atomically to file:/opt/checkpoints/trips/commits/1 using temp file file:/opt/checkpoints/trips/commits/.1.0addee8b-de1b-49ab-94a6-e544e6740581.tmp
26/08/14 00:22:27 INFO CheckpointFileManager: Renamed temp file file:/opt/checkpoints/trips/commits/.1.0addee8b-de1b-49ab-94a6-e544e6740581.tmp to file:/opt/checkpoints/trips/commits/1
26/08/14 00:22:27 INFO MicroBatchExecution: Streaming query made progress: {
  "id" : "b85a33a4-dee1-4170-b062-c47d2470428c",
  "runId" : "5a4a512e-2b33-436f-89d6-2ad644eee1fd",
  "name" : "trips-ingest-ab_ab_no_backoff_1",
  "timestamp" : "2026-08-14T00:22:22.124Z",
  "batchId" : 1,
  "numInputRows" : 497,
  "inputRowsPerSecond" : 33133.333333333336,
  "processedRowsPerSecond" : 95.98300502124373,
  "durationMs" : {
    "addBatch" : 5053,
    "commitOffsets" : 40,
    "getBatch" : 0,
    "latestOffset" : 7,
    "queryPlanning" : 36,
    "triggerExecution" : 5178,
    "walCommit" : 35
  },
  "eventTime" : {
    "avg" : "2026-08-14T00:22:20.147Z",
    "max" : "2026-08-14T00:22:22.062Z",
    "min" : "2026-08-14T00:22:18.145Z",
    "watermark" : "1970-01-01T00:00:00.000Z"
  },
  "stateOperators" : [ ],
  "sources" : [ {
    "description" : "KafkaV2[Subscribe[trips.raw]]",
    "startOffset" : {
      "trips.raw" : {
        "2" : 267187,
        "5" : 265645,
        "4" : 266904,
        "1" : 266755,
        "3" : 267098,
        "0" : 266959
      }
    },
    "endOffset" : {
      "trips.raw" : {
        "2" : 267311,
        "5" : 265645,
        "4" : 266904,
        "1" : 266867,
        "3" : 267226,
        "0" : 267092
      }
    },
    "latestOffset" : {
      "trips.raw" : {
        "2" : 267311,
        "5" : 265645,
        "4" : 266904,
        "1" : 266867,
        "3" : 267226,
        "0" : 267092
      }
    },
    "numInputRows" : 497,
    "inputRowsPerSecond" : 33133.333333333336,
    "processedRowsPerSecond" : 95.98300502124373,
    "metrics" : {
      "avgOffsetsBehindLatest" : "0.0",
      "maxOffsetsBehindLatest" : "0",
      "minOffsetsBehindLatest" : "0"
    }
  } ],
  "sink" : {
    "description" : "ForeachBatchSink",
    "numOutputRows" : -1
  }
}
26/08/14 00:22:27 INFO CheckpointFileManager: Writing atomically to file:/opt/checkpoints/trips/offsets/2 using temp file file:/opt/checkpoints/trips/offsets/.2.5eedeb6a-9c04-4775-9025-345811bd2cc6.tmp
26/08/14 00:22:27 INFO CheckpointFileManager: Renamed temp file file:/opt/checkpoints/trips/offsets/.2.5eedeb6a-9c04-4775-9025-345811bd2cc6.tmp to file:/opt/checkpoints/trips/offsets/2
26/08/14 00:22:27 INFO MicroBatchExecution: Committed offsets for batch 2. Metadata OffsetSeqMetadata(1786666822062,1786666947324,Map(spark.sql.streaming.stateStore.providerClass -> org.apache.spark.sql.execution.streaming.state.HDFSBackedStateStoreProvider, spark.sql.streaming.join.stateFormatVersion -> 2, spark.sql.streaming.stateStore.compression.codec -> lz4, spark.sql.streaming.stateStore.rocksdb.formatVersion -> 5, spark.sql.streaming.statefulOperator.useStrictDistribution -> true, spark.sql.streaming.flatMapGroupsWithState.stateFormatVersion -> 2, spark.sql.streaming.multipleWatermarkPolicy -> min, spark.sql.streaming.aggregation.stateFormatVersion -> 2, spark.sql.shuffle.partitions -> 6))
26/08/14 00:22:27 INFO KafkaOffsetReaderAdmin: Partitions added: Map()
26/08/14 00:22:27 INFO KafkaOffsetReaderAdmin: Partitions added: Map()
26/08/14 00:22:27 INFO KafkaOffsetReaderAdmin: Partitions added: Map()
26/08/14 00:22:27 INFO KafkaOffsetReaderAdmin: Partitions added: Map()
2026-08-14 00:22:27,392 INFO  [stream] Received command c on object id p0
26/08/14 00:22:27 INFO BlockManagerInfo: Removed broadcast_9_piece0 on spark-driver:40129 in memory (size: 6.1 KiB, free: 191.2 MiB)
26/08/14 00:22:27 INFO BlockManagerInfo: Removed broadcast_9_piece0 on 172.26.0.13:34511 in memory (size: 6.1 KiB, free: 413.9 MiB)
26/08/14 00:22:27 INFO BlockManagerInfo: Removed broadcast_8_piece0 on spark-driver:40129 in memory (size: 24.8 KiB, free: 191.2 MiB)
26/08/14 00:22:27 INFO BlockManagerInfo: Removed broadcast_8_piece0 on 172.26.0.12:33073 in memory (size: 24.8 KiB, free: 413.9 MiB)
26/08/14 00:22:27 INFO BlockManagerInfo: Removed broadcast_8_piece0 on 172.26.0.13:34511 in memory (size: 24.8 KiB, free: 413.9 MiB)
26/08/14 00:22:27 INFO SparkContext: Starting job: count at <unknown>:0
26/08/14 00:22:27 INFO DAGScheduler: Registering RDD 93 (count at <unknown>:0) as input to shuffle 5
26/08/14 00:22:27 INFO DAGScheduler: Got job 6 (count at <unknown>:0) with 1 output partitions
26/08/14 00:22:27 INFO DAGScheduler: Final stage: ResultStage 12 (count at <unknown>:0)
26/08/14 00:22:27 INFO DAGScheduler: Parents of final stage: List(ShuffleMapStage 11)
26/08/14 00:22:27 INFO DAGScheduler: Missing parents: List(ShuffleMapStage 11)
26/08/14 00:22:27 INFO DAGScheduler: Submitting ShuffleMapStage 11 (MapPartitionsRDD[93] at count at <unknown>:0), which has no missing parents
26/08/14 00:22:27 INFO MemoryStore: Block broadcast_10 stored as values in memory (estimated size 64.6 KiB, free 191.1 MiB)
26/08/14 00:22:27 INFO MemoryStore: Block broadcast_10_piece0 stored as bytes in memory (estimated size 24.1 KiB, free 191.1 MiB)
26/08/14 00:22:27 INFO BlockManagerInfo: Added broadcast_10_piece0 in memory on spark-driver:40129 (size: 24.1 KiB, free: 191.2 MiB)
26/08/14 00:22:27 INFO SparkContext: Created broadcast 10 from broadcast at DAGScheduler.scala:1585
26/08/14 00:22:27 INFO DAGScheduler: Submitting 6 missing tasks from ShuffleMapStage 11 (MapPartitionsRDD[93] at count at <unknown>:0) (first 15 tasks are for partitions Vector(0, 1, 2, 3, 4, 5))
26/08/14 00:22:27 INFO TaskSchedulerImpl: Adding task set 11.0 with 6 tasks resource profile 0
26/08/14 00:22:27 INFO TaskSetManager: Starting task 0.0 in stage 11.0 (TID 25) (172.26.0.12, executor 0, partition 0, PROCESS_LOCAL, 9921 bytes) 
26/08/14 00:22:27 INFO TaskSetManager: Starting task 2.0 in stage 11.0 (TID 26) (172.26.0.13, executor 1, partition 2, PROCESS_LOCAL, 9921 bytes) 
26/08/14 00:22:27 INFO TaskSetManager: Starting task 1.0 in stage 11.0 (TID 27) (172.26.0.12, executor 0, partition 1, PROCESS_LOCAL, 9921 bytes) 
26/08/14 00:22:27 INFO TaskSetManager: Starting task 3.0 in stage 11.0 (TID 28) (172.26.0.13, executor 1, partition 3, PROCESS_LOCAL, 9921 bytes) 
26/08/14 00:22:27 INFO TaskSetManager: Starting task 5.0 in stage 11.0 (TID 29) (172.26.0.12, executor 0, partition 5, PROCESS_LOCAL, 9921 bytes) 
26/08/14 00:22:27 INFO TaskSetManager: Starting task 4.0 in stage 11.0 (TID 30) (172.26.0.13, executor 1, partition 4, PROCESS_LOCAL, 9921 bytes) 
26/08/14 00:22:27 INFO BlockManagerInfo: Added broadcast_10_piece0 in memory on 172.26.0.12:33073 (size: 24.1 KiB, free: 413.9 MiB)
26/08/14 00:22:27 INFO BlockManagerInfo: Added broadcast_10_piece0 in memory on 172.26.0.13:34511 (size: 24.1 KiB, free: 413.9 MiB)
26/08/14 00:22:27 INFO BlockManagerInfo: Added rdd_88_5 in memory on 172.26.0.12:33073 (size: 439.0 KiB, free: 413.5 MiB)
26/08/14 00:22:27 INFO BlockManagerInfo: Added rdd_88_0 in memory on 172.26.0.12:33073 (size: 411.9 KiB, free: 413.1 MiB)
26/08/14 00:22:27 INFO BlockManagerInfo: Added rdd_88_1 in memory on 172.26.0.12:33073 (size: 542.8 KiB, free: 412.5 MiB)
26/08/14 00:22:27 INFO BlockManagerInfo: Added rdd_88_4 in memory on 172.26.0.13:34511 (size: 416.8 KiB, free: 413.5 MiB)
26/08/14 00:22:27 INFO TaskSetManager: Finished task 5.0 in stage 11.0 (TID 29) in 409 ms on 172.26.0.12 (executor 0) (1/6)
26/08/14 00:22:27 INFO TaskSetManager: Finished task 0.0 in stage 11.0 (TID 25) in 414 ms on 172.26.0.12 (executor 0) (2/6)
26/08/14 00:22:27 INFO BlockManagerInfo: Added rdd_88_3 in memory on 172.26.0.13:34511 (size: 517.8 KiB, free: 413.0 MiB)
26/08/14 00:22:27 INFO BlockManagerInfo: Added rdd_88_2 in memory on 172.26.0.13:34511 (size: 421.9 KiB, free: 412.6 MiB)
26/08/14 00:22:27 INFO TaskSetManager: Finished task 4.0 in stage 11.0 (TID 30) in 424 ms on 172.26.0.13 (executor 1) (3/6)
26/08/14 00:22:27 INFO TaskSetManager: Finished task 1.0 in stage 11.0 (TID 27) in 427 ms on 172.26.0.12 (executor 0) (4/6)
26/08/14 00:22:27 INFO TaskSetManager: Finished task 2.0 in stage 11.0 (TID 26) in 433 ms on 172.26.0.13 (executor 1) (5/6)
26/08/14 00:22:27 INFO TaskSetManager: Finished task 3.0 in stage 11.0 (TID 28) in 436 ms on 172.26.0.13 (executor 1) (6/6)
26/08/14 00:22:27 INFO TaskSchedulerImpl: Removed TaskSet 11.0, whose tasks have all completed, from pool 
26/08/14 00:22:27 INFO DAGScheduler: ShuffleMapStage 11 (count at <unknown>:0) finished in 0.446 s
26/08/14 00:22:27 INFO DAGScheduler: looking for newly runnable stages
26/08/14 00:22:27 INFO DAGScheduler: running: Set()
26/08/14 00:22:27 INFO DAGScheduler: waiting: Set(ResultStage 12)
26/08/14 00:22:27 INFO DAGScheduler: failed: Set()
26/08/14 00:22:27 INFO DAGScheduler: Submitting ResultStage 12 (MapPartitionsRDD[96] at count at <unknown>:0), which has no missing parents
26/08/14 00:22:27 INFO MemoryStore: Block broadcast_11 stored as values in memory (estimated size 12.5 KiB, free 191.1 MiB)
26/08/14 00:22:27 INFO MemoryStore: Block broadcast_11_piece0 stored as bytes in memory (estimated size 5.9 KiB, free 191.1 MiB)
26/08/14 00:22:27 INFO BlockManagerInfo: Added broadcast_11_piece0 in memory on spark-driver:40129 (size: 5.9 KiB, free: 191.2 MiB)
26/08/14 00:22:27 INFO SparkContext: Created broadcast 11 from broadcast at DAGScheduler.scala:1585
26/08/14 00:22:27 INFO DAGScheduler: Submitting 1 missing tasks from ResultStage 12 (MapPartitionsRDD[96] at count at <unknown>:0) (first 15 tasks are for partitions Vector(0))
26/08/14 00:22:27 INFO TaskSchedulerImpl: Adding task set 12.0 with 1 tasks resource profile 0
26/08/14 00:22:27 INFO TaskSetManager: Starting task 0.0 in stage 12.0 (TID 31) (172.26.0.13, executor 1, partition 0, NODE_LOCAL, 9003 bytes) 
26/08/14 00:22:27 INFO BlockManagerInfo: Added broadcast_11_piece0 in memory on 172.26.0.13:34511 (size: 5.9 KiB, free: 412.6 MiB)
26/08/14 00:22:27 INFO MapOutputTrackerMasterEndpoint: Asked to send map output locations for shuffle 5 to 172.26.0.13:50552
26/08/14 00:22:27 INFO TaskSetManager: Finished task 0.0 in stage 12.0 (TID 31) in 22 ms on 172.26.0.13 (executor 1) (1/1)
26/08/14 00:22:27 INFO TaskSchedulerImpl: Removed TaskSet 12.0, whose tasks have all completed, from pool 
26/08/14 00:22:27 INFO DAGScheduler: ResultStage 12 (count at <unknown>:0) finished in 0.029 s
26/08/14 00:22:27 INFO DAGScheduler: Job 6 is finished. Cancelling potential speculative or zombie tasks for this job
26/08/14 00:22:27 INFO TaskSchedulerImpl: Killing all running tasks in stage 12: Stage finished
26/08/14 00:22:27 INFO DAGScheduler: Job 6 finished: count at <unknown>:0, took 0.482798 s
26/08/14 00:22:27 INFO BlockManagerInfo: Removed broadcast_11_piece0 on spark-driver:40129 in memory (size: 5.9 KiB, free: 191.2 MiB)
26/08/14 00:22:27 INFO SparkContext: Starting job: count at <unknown>:0
26/08/14 00:22:27 INFO BlockManagerInfo: Removed broadcast_11_piece0 on 172.26.0.13:34511 in memory (size: 5.9 KiB, free: 412.6 MiB)
26/08/14 00:22:27 INFO DAGScheduler: Registering RDD 101 (count at <unknown>:0) as input to shuffle 6
26/08/14 00:22:27 INFO DAGScheduler: Got job 7 (count at <unknown>:0) with 1 output partitions
26/08/14 00:22:27 INFO DAGScheduler: Final stage: ResultStage 14 (count at <unknown>:0)
26/08/14 00:22:27 INFO DAGScheduler: Parents of final stage: List(ShuffleMapStage 13)
26/08/14 00:22:27 INFO DAGScheduler: Missing parents: List(ShuffleMapStage 13)
26/08/14 00:22:27 INFO DAGScheduler: Submitting ShuffleMapStage 13 (MapPartitionsRDD[101] at count at <unknown>:0), which has no missing parents
26/08/14 00:22:27 INFO MemoryStore: Block broadcast_12 stored as values in memory (estimated size 64.9 KiB, free 191.1 MiB)
26/08/14 00:22:27 INFO BlockManagerInfo: Removed broadcast_10_piece0 on spark-driver:40129 in memory (size: 24.1 KiB, free: 191.2 MiB)
26/08/14 00:22:27 INFO BlockManagerInfo: Removed broadcast_10_piece0 on 172.26.0.12:33073 in memory (size: 24.1 KiB, free: 412.6 MiB)
26/08/14 00:22:27 INFO BlockManagerInfo: Removed broadcast_10_piece0 on 172.26.0.13:34511 in memory (size: 24.1 KiB, free: 412.6 MiB)
26/08/14 00:22:27 INFO MemoryStore: Block broadcast_12_piece0 stored as bytes in memory (estimated size 24.2 KiB, free 191.1 MiB)
26/08/14 00:22:27 INFO BlockManagerInfo: Added broadcast_12_piece0 in memory on spark-driver:40129 (size: 24.2 KiB, free: 191.2 MiB)
26/08/14 00:22:27 INFO SparkContext: Created broadcast 12 from broadcast at DAGScheduler.scala:1585
26/08/14 00:22:27 INFO DAGScheduler: Submitting 6 missing tasks from ShuffleMapStage 13 (MapPartitionsRDD[101] at count at <unknown>:0) (first 15 tasks are for partitions Vector(0, 1, 2, 3, 4, 5))
26/08/14 00:22:27 INFO TaskSchedulerImpl: Adding task set 13.0 with 6 tasks resource profile 0
26/08/14 00:22:27 INFO TaskSetManager: Starting task 2.0 in stage 13.0 (TID 32) (172.26.0.13, executor 1, partition 2, PROCESS_LOCAL, 9921 bytes) 
26/08/14 00:22:27 INFO TaskSetManager: Starting task 0.0 in stage 13.0 (TID 33) (172.26.0.12, executor 0, partition 0, PROCESS_LOCAL, 9921 bytes) 
26/08/14 00:22:27 INFO TaskSetManager: Starting task 3.0 in stage 13.0 (TID 34) (172.26.0.13, executor 1, partition 3, PROCESS_LOCAL, 9921 bytes) 
26/08/14 00:22:27 INFO TaskSetManager: Starting task 1.0 in stage 13.0 (TID 35) (172.26.0.12, executor 0, partition 1, PROCESS_LOCAL, 9921 bytes) 
26/08/14 00:22:27 INFO TaskSetManager: Starting task 4.0 in stage 13.0 (TID 36) (172.26.0.13, executor 1, partition 4, PROCESS_LOCAL, 9921 bytes) 
26/08/14 00:22:27 INFO TaskSetManager: Starting task 5.0 in stage 13.0 (TID 37) (172.26.0.12, executor 0, partition 5, PROCESS_LOCAL, 9921 bytes) 
26/08/14 00:22:27 INFO BlockManagerInfo: Added broadcast_12_piece0 in memory on 172.26.0.12:33073 (size: 24.2 KiB, free: 412.5 MiB)
26/08/14 00:22:27 INFO BlockManagerInfo: Added broadcast_12_piece0 in memory on 172.26.0.13:34511 (size: 24.2 KiB, free: 412.6 MiB)
26/08/14 00:22:28 INFO TaskSetManager: Finished task 1.0 in stage 13.0 (TID 35) in 35 ms on 172.26.0.12 (executor 0) (1/6)
26/08/14 00:22:28 INFO TaskSetManager: Finished task 5.0 in stage 13.0 (TID 37) in 39 ms on 172.26.0.12 (executor 0) (2/6)
26/08/14 00:22:28 INFO TaskSetManager: Finished task 2.0 in stage 13.0 (TID 32) in 42 ms on 172.26.0.13 (executor 1) (3/6)
26/08/14 00:22:28 INFO TaskSetManager: Finished task 4.0 in stage 13.0 (TID 36) in 45 ms on 172.26.0.13 (executor 1) (4/6)
26/08/14 00:22:28 INFO TaskSetManager: Finished task 0.0 in stage 13.0 (TID 33) in 48 ms on 172.26.0.12 (executor 0) (5/6)
26/08/14 00:22:28 INFO TaskSetManager: Finished task 3.0 in stage 13.0 (TID 34) in 49 ms on 172.26.0.13 (executor 1) (6/6)
26/08/14 00:22:28 INFO TaskSchedulerImpl: Removed TaskSet 13.0, whose tasks have all completed, from pool 
26/08/14 00:22:28 INFO DAGScheduler: ShuffleMapStage 13 (count at <unknown>:0) finished in 0.067 s
26/08/14 00:22:28 INFO DAGScheduler: looking for newly runnable stages
26/08/14 00:22:28 INFO DAGScheduler: running: Set()
26/08/14 00:22:28 INFO DAGScheduler: waiting: Set(ResultStage 14)
26/08/14 00:22:28 INFO DAGScheduler: failed: Set()
26/08/14 00:22:28 INFO DAGScheduler: Submitting ResultStage 14 (MapPartitionsRDD[104] at count at <unknown>:0), which has no missing parents
26/08/14 00:22:28 INFO MemoryStore: Block broadcast_13 stored as values in memory (estimated size 12.5 KiB, free 191.1 MiB)
26/08/14 00:22:28 INFO MemoryStore: Block broadcast_13_piece0 stored as bytes in memory (estimated size 5.9 KiB, free 191.1 MiB)
26/08/14 00:22:28 INFO BlockManagerInfo: Added broadcast_13_piece0 in memory on spark-driver:40129 (size: 5.9 KiB, free: 191.2 MiB)
26/08/14 00:22:28 INFO SparkContext: Created broadcast 13 from broadcast at DAGScheduler.scala:1585
26/08/14 00:22:28 INFO DAGScheduler: Submitting 1 missing tasks from ResultStage 14 (MapPartitionsRDD[104] at count at <unknown>:0) (first 15 tasks are for partitions Vector(0))
26/08/14 00:22:28 INFO TaskSchedulerImpl: Adding task set 14.0 with 1 tasks resource profile 0
26/08/14 00:22:28 INFO TaskSetManager: Starting task 0.0 in stage 14.0 (TID 38) (172.26.0.12, executor 0, partition 0, NODE_LOCAL, 9003 bytes) 
26/08/14 00:22:28 INFO BlockManagerInfo: Added broadcast_13_piece0 in memory on 172.26.0.12:33073 (size: 5.9 KiB, free: 412.5 MiB)
26/08/14 00:22:28 INFO MapOutputTrackerMasterEndpoint: Asked to send map output locations for shuffle 6 to 172.26.0.12:49600
26/08/14 00:22:28 INFO TaskSetManager: Finished task 0.0 in stage 14.0 (TID 38) in 21 ms on 172.26.0.12 (executor 0) (1/1)
26/08/14 00:22:28 INFO TaskSchedulerImpl: Removed TaskSet 14.0, whose tasks have all completed, from pool 
26/08/14 00:22:28 INFO DAGScheduler: ResultStage 14 (count at <unknown>:0) finished in 0.024 s
26/08/14 00:22:28 INFO DAGScheduler: Job 7 is finished. Cancelling potential speculative or zombie tasks for this job
26/08/14 00:22:28 INFO TaskSchedulerImpl: Killing all running tasks in stage 14: Stage finished
26/08/14 00:22:28 INFO DAGScheduler: Job 7 finished: count at <unknown>:0, took 0.096318 s
26/08/14 00:22:28 INFO CodeGenerator: Code generated in 5.253083 ms
26/08/14 00:22:28 INFO DefaultCachedBatchSerializer: Predicate isnotnull(event_time#89-T120000ms) generates partition filter: ((event_time.count#5613 - event_time.nullCount#5612) > 0)
26/08/14 00:22:28 INFO DefaultCachedBatchSerializer: Predicate (event_time#89-T120000ms < 2026-08-14 00:20:22.062) generates partition filter: (event_time.lowerBound#5611 < 2026-08-14 00:20:22.062)
26/08/14 00:22:28 INFO BlockManagerInfo: Removed broadcast_12_piece0 on spark-driver:40129 in memory (size: 24.2 KiB, free: 191.2 MiB)
26/08/14 00:22:28 INFO SparkContext: Starting job: count at <unknown>:0
26/08/14 00:22:28 INFO DAGScheduler: Registering RDD 109 (count at <unknown>:0) as input to shuffle 7
26/08/14 00:22:28 INFO DAGScheduler: Got job 8 (count at <unknown>:0) with 1 output partitions
26/08/14 00:22:28 INFO BlockManagerInfo: Removed broadcast_12_piece0 on 172.26.0.12:33073 in memory (size: 24.2 KiB, free: 412.6 MiB)
26/08/14 00:22:28 INFO DAGScheduler: Final stage: ResultStage 16 (count at <unknown>:0)
26/08/14 00:22:28 INFO DAGScheduler: Parents of final stage: List(ShuffleMapStage 15)
26/08/14 00:22:28 INFO DAGScheduler: Missing parents: List(ShuffleMapStage 15)
26/08/14 00:22:28 INFO BlockManagerInfo: Removed broadcast_12_piece0 on 172.26.0.13:34511 in memory (size: 24.2 KiB, free: 412.6 MiB)
26/08/14 00:22:28 INFO DAGScheduler: Submitting ShuffleMapStage 15 (MapPartitionsRDD[109] at count at <unknown>:0), which has no missing parents
26/08/14 00:22:28 INFO MemoryStore: Block broadcast_14 stored as values in memory (estimated size 67.2 KiB, free 191.1 MiB)
26/08/14 00:22:28 INFO MemoryStore: Block broadcast_14_piece0 stored as bytes in memory (estimated size 25.6 KiB, free 191.1 MiB)
26/08/14 00:22:28 INFO BlockManagerInfo: Removed broadcast_13_piece0 on spark-driver:40129 in memory (size: 5.9 KiB, free: 191.2 MiB)
26/08/14 00:22:28 INFO BlockManagerInfo: Added broadcast_14_piece0 in memory on spark-driver:40129 (size: 25.6 KiB, free: 191.2 MiB)
26/08/14 00:22:28 INFO SparkContext: Created broadcast 14 from broadcast at DAGScheduler.scala:1585
26/08/14 00:22:28 INFO DAGScheduler: Submitting 6 missing tasks from ShuffleMapStage 15 (MapPartitionsRDD[109] at count at <unknown>:0) (first 15 tasks are for partitions Vector(0, 1, 2, 3, 4, 5))
26/08/14 00:22:28 INFO TaskSchedulerImpl: Adding task set 15.0 with 6 tasks resource profile 0
26/08/14 00:22:28 INFO TaskSetManager: Starting task 0.0 in stage 15.0 (TID 39) (172.26.0.12, executor 0, partition 0, PROCESS_LOCAL, 9921 bytes) 
26/08/14 00:22:28 INFO TaskSetManager: Starting task 2.0 in stage 15.0 (TID 40) (172.26.0.13, executor 1, partition 2, PROCESS_LOCAL, 9921 bytes) 
26/08/14 00:22:28 INFO TaskSetManager: Starting task 1.0 in stage 15.0 (TID 41) (172.26.0.12, executor 0, partition 1, PROCESS_LOCAL, 9921 bytes) 
26/08/14 00:22:28 INFO TaskSetManager: Starting task 3.0 in stage 15.0 (TID 42) (172.26.0.13, executor 1, partition 3, PROCESS_LOCAL, 9921 bytes) 
26/08/14 00:22:28 INFO TaskSetManager: Starting task 5.0 in stage 15.0 (TID 43) (172.26.0.12, executor 0, partition 5, PROCESS_LOCAL, 9921 bytes) 
26/08/14 00:22:28 INFO TaskSetManager: Starting task 4.0 in stage 15.0 (TID 44) (172.26.0.13, executor 1, partition 4, PROCESS_LOCAL, 9921 bytes) 
26/08/14 00:22:28 INFO BlockManagerInfo: Removed broadcast_13_piece0 on 172.26.0.12:33073 in memory (size: 5.9 KiB, free: 412.6 MiB)
26/08/14 00:22:28 INFO BlockManagerInfo: Added broadcast_14_piece0 in memory on 172.26.0.12:33073 (size: 25.6 KiB, free: 412.5 MiB)
26/08/14 00:22:28 INFO BlockManagerInfo: Added broadcast_14_piece0 in memory on 172.26.0.13:34511 (size: 25.6 KiB, free: 412.6 MiB)
26/08/14 00:22:28 INFO TaskSetManager: Finished task 2.0 in stage 15.0 (TID 40) in 47 ms on 172.26.0.13 (executor 1) (1/6)
26/08/14 00:22:28 INFO TaskSetManager: Finished task 4.0 in stage 15.0 (TID 44) in 47 ms on 172.26.0.13 (executor 1) (2/6)
26/08/14 00:22:28 INFO TaskSetManager: Finished task 3.0 in stage 15.0 (TID 42) in 49 ms on 172.26.0.13 (executor 1) (3/6)
26/08/14 00:22:28 INFO TaskSetManager: Finished task 0.0 in stage 15.0 (TID 39) in 129 ms on 172.26.0.12 (executor 0) (4/6)
26/08/14 00:22:28 INFO TaskSetManager: Finished task 1.0 in stage 15.0 (TID 41) in 129 ms on 172.26.0.12 (executor 0) (5/6)
26/08/14 00:22:28 INFO TaskSetManager: Finished task 5.0 in stage 15.0 (TID 43) in 129 ms on 172.26.0.12 (executor 0) (6/6)
26/08/14 00:22:28 INFO TaskSchedulerImpl: Removed TaskSet 15.0, whose tasks have all completed, from pool 
26/08/14 00:22:28 INFO DAGScheduler: ShuffleMapStage 15 (count at <unknown>:0) finished in 0.139 s
26/08/14 00:22:28 INFO DAGScheduler: looking for newly runnable stages
26/08/14 00:22:28 INFO DAGScheduler: running: Set()
26/08/14 00:22:28 INFO DAGScheduler: waiting: Set(ResultStage 16)
26/08/14 00:22:28 INFO DAGScheduler: failed: Set()
26/08/14 00:22:28 INFO DAGScheduler: Submitting ResultStage 16 (MapPartitionsRDD[112] at count at <unknown>:0), which has no missing parents
26/08/14 00:22:28 INFO MemoryStore: Block broadcast_15 stored as values in memory (estimated size 12.5 KiB, free 191.1 MiB)
26/08/14 00:22:28 INFO MemoryStore: Block broadcast_15_piece0 stored as bytes in memory (estimated size 5.9 KiB, free 191.1 MiB)
26/08/14 00:22:28 INFO BlockManagerInfo: Added broadcast_15_piece0 in memory on spark-driver:40129 (size: 5.9 KiB, free: 191.2 MiB)
26/08/14 00:22:28 INFO SparkContext: Created broadcast 15 from broadcast at DAGScheduler.scala:1585
26/08/14 00:22:28 INFO DAGScheduler: Submitting 1 missing tasks from ResultStage 16 (MapPartitionsRDD[112] at count at <unknown>:0) (first 15 tasks are for partitions Vector(0))
26/08/14 00:22:28 INFO TaskSchedulerImpl: Adding task set 16.0 with 1 tasks resource profile 0
26/08/14 00:22:28 INFO TaskSetManager: Starting task 0.0 in stage 16.0 (TID 45) (172.26.0.12, executor 0, partition 0, NODE_LOCAL, 9003 bytes) 
26/08/14 00:22:28 INFO BlockManagerInfo: Added broadcast_15_piece0 in memory on 172.26.0.12:33073 (size: 5.9 KiB, free: 412.5 MiB)
26/08/14 00:22:28 INFO MapOutputTrackerMasterEndpoint: Asked to send map output locations for shuffle 7 to 172.26.0.12:49600
26/08/14 00:22:28 INFO TaskSetManager: Finished task 0.0 in stage 16.0 (TID 45) in 19 ms on 172.26.0.12 (executor 0) (1/1)
26/08/14 00:22:28 INFO TaskSchedulerImpl: Removed TaskSet 16.0, whose tasks have all completed, from pool 
26/08/14 00:22:28 INFO DAGScheduler: ResultStage 16 (count at <unknown>:0) finished in 0.023 s
26/08/14 00:22:28 INFO DAGScheduler: Job 8 is finished. Cancelling potential speculative or zombie tasks for this job
26/08/14 00:22:28 INFO TaskSchedulerImpl: Killing all running tasks in stage 16: Stage finished
26/08/14 00:22:28 INFO DAGScheduler: Job 8 finished: count at <unknown>:0, took 0.166692 s
26/08/14 00:22:28 INFO DefaultCachedBatchSerializer: Predicate isnotnull(kind#6170) generates partition filter: ((kind.count#6239 - kind.nullCount#6238) > 0)
26/08/14 00:22:28 INFO DefaultCachedBatchSerializer: Predicate (kind#6170 = stats) generates partition filter: ((kind.lowerBound#6237 <= stats) AND (stats <= kind.upperBound#6236))
26/08/14 00:22:28 INFO BlockManagerInfo: Removed broadcast_14_piece0 on spark-driver:40129 in memory (size: 25.6 KiB, free: 191.2 MiB)
26/08/14 00:22:28 INFO BlockManagerInfo: Removed broadcast_14_piece0 on 172.26.0.12:33073 in memory (size: 25.6 KiB, free: 412.6 MiB)
26/08/14 00:22:28 INFO BlockManagerInfo: Removed broadcast_14_piece0 on 172.26.0.13:34511 in memory (size: 25.6 KiB, free: 412.6 MiB)
26/08/14 00:22:28 INFO SparkContext: Starting job: call at /opt/spark/python/lib/py4j-0.10.9.7-src.zip/py4j/clientserver.py:617
26/08/14 00:22:28 INFO DAGScheduler: Got job 9 (call at /opt/spark/python/lib/py4j-0.10.9.7-src.zip/py4j/clientserver.py:617) with 6 output partitions
26/08/14 00:22:28 INFO DAGScheduler: Final stage: ResultStage 17 (call at /opt/spark/python/lib/py4j-0.10.9.7-src.zip/py4j/clientserver.py:617)
26/08/14 00:22:28 INFO DAGScheduler: Parents of final stage: List()
26/08/14 00:22:28 INFO DAGScheduler: Missing parents: List()
26/08/14 00:22:28 INFO DAGScheduler: Submitting ResultStage 17 (MapPartitionsRDD[131] at call at /opt/spark/python/lib/py4j-0.10.9.7-src.zip/py4j/clientserver.py:617), which has no missing parents
26/08/14 00:22:28 INFO BlockManagerInfo: Removed broadcast_15_piece0 on spark-driver:40129 in memory (size: 5.9 KiB, free: 191.2 MiB)
26/08/14 00:22:28 INFO BlockManagerInfo: Removed broadcast_15_piece0 on 172.26.0.12:33073 in memory (size: 5.9 KiB, free: 412.6 MiB)
26/08/14 00:22:28 INFO MemoryStore: Block broadcast_16 stored as values in memory (estimated size 90.0 KiB, free 191.1 MiB)
26/08/14 00:22:28 INFO MemoryStore: Block broadcast_16_piece0 stored as bytes in memory (estimated size 34.0 KiB, free 191.1 MiB)
26/08/14 00:22:28 INFO BlockManagerInfo: Added broadcast_16_piece0 in memory on spark-driver:40129 (size: 34.0 KiB, free: 191.2 MiB)
26/08/14 00:22:28 INFO SparkContext: Created broadcast 16 from broadcast at DAGScheduler.scala:1585
26/08/14 00:22:28 INFO DAGScheduler: Submitting 6 missing tasks from ResultStage 17 (MapPartitionsRDD[131] at call at /opt/spark/python/lib/py4j-0.10.9.7-src.zip/py4j/clientserver.py:617) (first 15 tasks are for partitions Vector(0, 1, 2, 3, 4, 5))
26/08/14 00:22:28 INFO TaskSchedulerImpl: Adding task set 17.0 with 6 tasks resource profile 0
26/08/14 00:22:28 INFO TaskSetManager: Starting task 0.0 in stage 17.0 (TID 46) (172.26.0.12, executor 0, partition 0, PROCESS_LOCAL, 9932 bytes) 
26/08/14 00:22:28 INFO TaskSetManager: Starting task 2.0 in stage 17.0 (TID 47) (172.26.0.13, executor 1, partition 2, PROCESS_LOCAL, 9932 bytes) 
26/08/14 00:22:28 INFO TaskSetManager: Starting task 1.0 in stage 17.0 (TID 48) (172.26.0.12, executor 0, partition 1, PROCESS_LOCAL, 9932 bytes) 
26/08/14 00:22:28 INFO TaskSetManager: Starting task 3.0 in stage 17.0 (TID 49) (172.26.0.13, executor 1, partition 3, PROCESS_LOCAL, 9932 bytes) 
26/08/14 00:22:28 INFO TaskSetManager: Starting task 5.0 in stage 17.0 (TID 50) (172.26.0.12, executor 0, partition 5, PROCESS_LOCAL, 9932 bytes) 
26/08/14 00:22:28 INFO TaskSetManager: Starting task 4.0 in stage 17.0 (TID 51) (172.26.0.13, executor 1, partition 4, PROCESS_LOCAL, 9932 bytes) 
26/08/14 00:22:28 INFO BlockManagerInfo: Added broadcast_16_piece0 in memory on 172.26.0.13:34511 (size: 34.0 KiB, free: 412.6 MiB)
26/08/14 00:22:28 INFO BlockManagerInfo: Added broadcast_16_piece0 in memory on 172.26.0.12:33073 (size: 34.0 KiB, free: 412.5 MiB)
26/08/14 00:22:29 INFO BlockManagerInfo: Added rdd_126_0 in memory on 172.26.0.12:33073 (size: 1808.0 B, free: 412.5 MiB)
26/08/14 00:22:29 INFO TaskSetManager: Finished task 0.0 in stage 17.0 (TID 46) in 1204 ms on 172.26.0.12 (executor 0) (1/6)
26/08/14 00:22:29 INFO BlockManagerInfo: Added rdd_126_4 in memory on 172.26.0.13:34511 (size: 1808.0 B, free: 412.6 MiB)
26/08/14 00:22:29 INFO TaskSetManager: Finished task 4.0 in stage 17.0 (TID 51) in 1479 ms on 172.26.0.13 (executor 1) (2/6)
26/08/14 00:22:29 INFO BlockManagerInfo: Added rdd_126_1 in memory on 172.26.0.12:33073 (size: 1808.0 B, free: 412.5 MiB)
26/08/14 00:22:30 INFO TaskSetManager: Finished task 1.0 in stage 17.0 (TID 48) in 1658 ms on 172.26.0.12 (executor 0) (3/6)
26/08/14 00:22:30 INFO BlockManagerInfo: Added rdd_126_3 in memory on 172.26.0.13:34511 (size: 1808.0 B, free: 412.6 MiB)
26/08/14 00:22:30 INFO TaskSetManager: Finished task 3.0 in stage 17.0 (TID 49) in 1742 ms on 172.26.0.13 (executor 1) (4/6)
26/08/14 00:22:30 INFO BlockManagerInfo: Added rdd_126_2 in memory on 172.26.0.13:34511 (size: 1808.0 B, free: 412.6 MiB)
26/08/14 00:22:30 INFO BlockManagerInfo: Added rdd_126_5 in memory on 172.26.0.12:33073 (size: 1808.0 B, free: 412.5 MiB)
26/08/14 00:22:30 INFO TaskSetManager: Finished task 5.0 in stage 17.0 (TID 50) in 1784 ms on 172.26.0.12 (executor 0) (5/6)
26/08/14 00:22:30 INFO TaskSetManager: Finished task 2.0 in stage 17.0 (TID 47) in 1787 ms on 172.26.0.13 (executor 1) (6/6)
26/08/14 00:22:30 INFO TaskSchedulerImpl: Removed TaskSet 17.0, whose tasks have all completed, from pool 
26/08/14 00:22:30 INFO DAGScheduler: ResultStage 17 (call at /opt/spark/python/lib/py4j-0.10.9.7-src.zip/py4j/clientserver.py:617) finished in 1.793 s
26/08/14 00:22:30 INFO DAGScheduler: Job 9 is finished. Cancelling potential speculative or zombie tasks for this job
26/08/14 00:22:30 INFO TaskSchedulerImpl: Killing all running tasks in stage 17: Stage finished
26/08/14 00:22:30 INFO DAGScheduler: Job 9 finished: call at /opt/spark/python/lib/py4j-0.10.9.7-src.zip/py4j/clientserver.py:617, took 1.798286 s
26/08/14 00:22:30 INFO DefaultCachedBatchSerializer: Predicate isnotnull(kind#6170) generates partition filter: ((kind.count#6322 - kind.nullCount#6321) > 0)
26/08/14 00:22:30 INFO DefaultCachedBatchSerializer: Predicate (kind#6170 = dlq) generates partition filter: ((kind.lowerBound#6320 <= dlq) AND (dlq <= kind.upperBound#6319))
26/08/14 00:22:30 INFO SparkContext: Starting job: count at <unknown>:0
26/08/14 00:22:30 INFO DAGScheduler: Registering RDD 136 (count at <unknown>:0) as input to shuffle 8
26/08/14 00:22:30 INFO DAGScheduler: Got job 10 (count at <unknown>:0) with 1 output partitions
26/08/14 00:22:30 INFO DAGScheduler: Final stage: ResultStage 19 (count at <unknown>:0)
26/08/14 00:22:30 INFO DAGScheduler: Parents of final stage: List(ShuffleMapStage 18)
26/08/14 00:22:30 INFO DAGScheduler: Missing parents: List(ShuffleMapStage 18)
26/08/14 00:22:30 INFO DAGScheduler: Submitting ShuffleMapStage 18 (MapPartitionsRDD[136] at count at <unknown>:0), which has no missing parents
26/08/14 00:22:30 INFO MemoryStore: Block broadcast_17 stored as values in memory (estimated size 92.2 KiB, free 191.0 MiB)
26/08/14 00:22:30 INFO MemoryStore: Block broadcast_17_piece0 stored as bytes in memory (estimated size 35.3 KiB, free 191.0 MiB)
26/08/14 00:22:30 INFO BlockManagerInfo: Added broadcast_17_piece0 in memory on spark-driver:40129 (size: 35.3 KiB, free: 191.1 MiB)
26/08/14 00:22:30 INFO SparkContext: Created broadcast 17 from broadcast at DAGScheduler.scala:1585
26/08/14 00:22:30 INFO DAGScheduler: Submitting 6 missing tasks from ShuffleMapStage 18 (MapPartitionsRDD[136] at count at <unknown>:0) (first 15 tasks are for partitions Vector(0, 1, 2, 3, 4, 5))
26/08/14 00:22:30 INFO TaskSchedulerImpl: Adding task set 18.0 with 6 tasks resource profile 0
26/08/14 00:22:30 INFO TaskSetManager: Starting task 2.0 in stage 18.0 (TID 52) (172.26.0.13, executor 1, partition 2, PROCESS_LOCAL, 9921 bytes) 
26/08/14 00:22:30 INFO TaskSetManager: Starting task 0.0 in stage 18.0 (TID 53) (172.26.0.12, executor 0, partition 0, PROCESS_LOCAL, 9921 bytes) 
26/08/14 00:22:30 INFO TaskSetManager: Starting task 3.0 in stage 18.0 (TID 54) (172.26.0.13, executor 1, partition 3, PROCESS_LOCAL, 9921 bytes) 
26/08/14 00:22:30 INFO TaskSetManager: Starting task 1.0 in stage 18.0 (TID 55) (172.26.0.12, executor 0, partition 1, PROCESS_LOCAL, 9921 bytes) 
26/08/14 00:22:30 INFO TaskSetManager: Starting task 4.0 in stage 18.0 (TID 56) (172.26.0.13, executor 1, partition 4, PROCESS_LOCAL, 9921 bytes) 
26/08/14 00:22:30 INFO TaskSetManager: Starting task 5.0 in stage 18.0 (TID 57) (172.26.0.12, executor 0, partition 5, PROCESS_LOCAL, 9921 bytes) 
26/08/14 00:22:30 INFO BlockManagerInfo: Added broadcast_17_piece0 in memory on 172.26.0.12:33073 (size: 35.3 KiB, free: 412.5 MiB)
26/08/14 00:22:30 INFO TaskSetManager: Finished task 0.0 in stage 18.0 (TID 53) in 68 ms on 172.26.0.12 (executor 0) (1/6)
26/08/14 00:22:30 INFO TaskSetManager: Finished task 1.0 in stage 18.0 (TID 55) in 78 ms on 172.26.0.12 (executor 0) (2/6)
26/08/14 00:22:30 INFO TaskSetManager: Finished task 5.0 in stage 18.0 (TID 57) in 77 ms on 172.26.0.12 (executor 0) (3/6)
26/08/14 00:22:30 INFO BlockManagerInfo: Added broadcast_17_piece0 in memory on 172.26.0.13:34511 (size: 35.3 KiB, free: 412.5 MiB)
26/08/14 00:22:30 INFO TaskSetManager: Finished task 2.0 in stage 18.0 (TID 52) in 267 ms on 172.26.0.13 (executor 1) (4/6)
26/08/14 00:22:30 INFO TaskSetManager: Finished task 3.0 in stage 18.0 (TID 54) in 267 ms on 172.26.0.13 (executor 1) (5/6)
26/08/14 00:22:30 INFO TaskSetManager: Finished task 4.0 in stage 18.0 (TID 56) in 271 ms on 172.26.0.13 (executor 1) (6/6)
26/08/14 00:22:30 INFO TaskSchedulerImpl: Removed TaskSet 18.0, whose tasks have all completed, from pool 
26/08/14 00:22:30 INFO DAGScheduler: ShuffleMapStage 18 (count at <unknown>:0) finished in 0.303 s
26/08/14 00:22:30 INFO DAGScheduler: looking for newly runnable stages
26/08/14 00:22:30 INFO DAGScheduler: running: Set()
26/08/14 00:22:30 INFO DAGScheduler: waiting: Set(ResultStage 19)
26/08/14 00:22:30 INFO DAGScheduler: failed: Set()
26/08/14 00:22:30 INFO DAGScheduler: Submitting ResultStage 19 (MapPartitionsRDD[139] at count at <unknown>:0), which has no missing parents
26/08/14 00:22:30 INFO MemoryStore: Block broadcast_18 stored as values in memory (estimated size 12.5 KiB, free 191.0 MiB)
26/08/14 00:22:30 INFO MemoryStore: Block broadcast_18_piece0 stored as bytes in memory (estimated size 5.9 KiB, free 190.9 MiB)
26/08/14 00:22:30 INFO BlockManagerInfo: Added broadcast_18_piece0 in memory on spark-driver:40129 (size: 5.9 KiB, free: 191.1 MiB)
26/08/14 00:22:30 INFO SparkContext: Created broadcast 18 from broadcast at DAGScheduler.scala:1585
26/08/14 00:22:30 INFO BlockManagerInfo: Removed broadcast_16_piece0 on spark-driver:40129 in memory (size: 34.0 KiB, free: 191.2 MiB)
26/08/14 00:22:30 INFO DAGScheduler: Submitting 1 missing tasks from ResultStage 19 (MapPartitionsRDD[139] at count at <unknown>:0) (first 15 tasks are for partitions Vector(0))
26/08/14 00:22:30 INFO TaskSchedulerImpl: Adding task set 19.0 with 1 tasks resource profile 0
26/08/14 00:22:30 INFO BlockManagerInfo: Removed broadcast_16_piece0 on 172.26.0.13:34511 in memory (size: 34.0 KiB, free: 412.6 MiB)
26/08/14 00:22:30 INFO TaskSetManager: Starting task 0.0 in stage 19.0 (TID 58) (172.26.0.12, executor 0, partition 0, NODE_LOCAL, 9003 bytes) 
26/08/14 00:22:30 INFO BlockManagerInfo: Removed broadcast_16_piece0 on 172.26.0.12:33073 in memory (size: 34.0 KiB, free: 412.5 MiB)
26/08/14 00:22:30 INFO BlockManagerInfo: Added broadcast_18_piece0 in memory on 172.26.0.12:33073 (size: 5.9 KiB, free: 412.5 MiB)
26/08/14 00:22:30 INFO MapOutputTrackerMasterEndpoint: Asked to send map output locations for shuffle 8 to 172.26.0.12:49600
26/08/14 00:22:30 INFO TaskSetManager: Finished task 0.0 in stage 19.0 (TID 58) in 47 ms on 172.26.0.12 (executor 0) (1/1)
26/08/14 00:22:30 INFO TaskSchedulerImpl: Removed TaskSet 19.0, whose tasks have all completed, from pool 
26/08/14 00:22:30 INFO DAGScheduler: ResultStage 19 (count at <unknown>:0) finished in 0.080 s
26/08/14 00:22:30 INFO DAGScheduler: Job 10 is finished. Cancelling potential speculative or zombie tasks for this job
26/08/14 00:22:30 INFO TaskSchedulerImpl: Killing all running tasks in stage 19: Stage finished
26/08/14 00:22:30 INFO DAGScheduler: Job 10 finished: count at <unknown>:0, took 0.395863 s
26/08/14 00:22:30 INFO MapPartitionsRDD: Removing RDD 126 from persistence list
26/08/14 00:22:30 INFO BlockManager: Removing RDD 126
26/08/14 00:22:30 INFO SparkContext: Starting job: call at /opt/spark/python/lib/py4j-0.10.9.7-src.zip/py4j/clientserver.py:617
26/08/14 00:22:30 INFO DAGScheduler: Registering RDD 144 (call at /opt/spark/python/lib/py4j-0.10.9.7-src.zip/py4j/clientserver.py:617) as input to shuffle 9
26/08/14 00:22:30 INFO DAGScheduler: Got job 11 (call at /opt/spark/python/lib/py4j-0.10.9.7-src.zip/py4j/clientserver.py:617) with 1 output partitions
26/08/14 00:22:30 INFO DAGScheduler: Final stage: ResultStage 21 (call at /opt/spark/python/lib/py4j-0.10.9.7-src.zip/py4j/clientserver.py:617)
26/08/14 00:22:30 INFO DAGScheduler: Parents of final stage: List(ShuffleMapStage 20)
26/08/14 00:22:30 INFO DAGScheduler: Missing parents: List(ShuffleMapStage 20)
26/08/14 00:22:30 INFO DAGScheduler: Submitting ShuffleMapStage 20 (MapPartitionsRDD[144] at call at /opt/spark/python/lib/py4j-0.10.9.7-src.zip/py4j/clientserver.py:617), which has no missing parents
26/08/14 00:22:30 INFO MemoryStore: Block broadcast_19 stored as values in memory (estimated size 66.1 KiB, free 191.0 MiB)
26/08/14 00:22:30 INFO MemoryStore: Block broadcast_19_piece0 stored as bytes in memory (estimated size 24.8 KiB, free 191.0 MiB)
26/08/14 00:22:30 INFO BlockManagerInfo: Added broadcast_19_piece0 in memory on spark-driver:40129 (size: 24.8 KiB, free: 191.1 MiB)
26/08/14 00:22:30 INFO SparkContext: Created broadcast 19 from broadcast at DAGScheduler.scala:1585
26/08/14 00:22:30 INFO DAGScheduler: Submitting 6 missing tasks from ShuffleMapStage 20 (MapPartitionsRDD[144] at call at /opt/spark/python/lib/py4j-0.10.9.7-src.zip/py4j/clientserver.py:617) (first 15 tasks are for partitions Vector(0, 1, 2, 3, 4, 5))
26/08/14 00:22:30 INFO TaskSchedulerImpl: Adding task set 20.0 with 6 tasks resource profile 0
26/08/14 00:22:30 INFO TaskSetManager: Starting task 2.0 in stage 20.0 (TID 59) (172.26.0.13, executor 1, partition 2, PROCESS_LOCAL, 9921 bytes) 
26/08/14 00:22:30 INFO TaskSetManager: Starting task 0.0 in stage 20.0 (TID 60) (172.26.0.12, executor 0, partition 0, PROCESS_LOCAL, 9921 bytes) 
26/08/14 00:22:30 INFO TaskSetManager: Starting task 3.0 in stage 20.0 (TID 61) (172.26.0.13, executor 1, partition 3, PROCESS_LOCAL, 9921 bytes) 
26/08/14 00:22:30 INFO TaskSetManager: Starting task 1.0 in stage 20.0 (TID 62) (172.26.0.12, executor 0, partition 1, PROCESS_LOCAL, 9921 bytes) 
26/08/14 00:22:30 INFO TaskSetManager: Starting task 4.0 in stage 20.0 (TID 63) (172.26.0.13, executor 1, partition 4, PROCESS_LOCAL, 9921 bytes) 
26/08/14 00:22:30 INFO TaskSetManager: Starting task 5.0 in stage 20.0 (TID 64) (172.26.0.12, executor 0, partition 5, PROCESS_LOCAL, 9921 bytes) 
26/08/14 00:22:30 INFO BlockManagerInfo: Added broadcast_19_piece0 in memory on 172.26.0.13:34511 (size: 24.8 KiB, free: 412.5 MiB)
26/08/14 00:22:30 INFO BlockManagerInfo: Added broadcast_19_piece0 in memory on 172.26.0.12:33073 (size: 24.8 KiB, free: 412.5 MiB)
26/08/14 00:22:30 INFO TaskSetManager: Finished task 3.0 in stage 20.0 (TID 61) in 53 ms on 172.26.0.13 (executor 1) (1/6)
26/08/14 00:22:30 INFO TaskSetManager: Finished task 2.0 in stage 20.0 (TID 59) in 63 ms on 172.26.0.13 (executor 1) (2/6)
26/08/14 00:22:30 INFO TaskSetManager: Finished task 4.0 in stage 20.0 (TID 63) in 69 ms on 172.26.0.13 (executor 1) (3/6)
26/08/14 00:22:30 INFO TaskSetManager: Finished task 1.0 in stage 20.0 (TID 62) in 92 ms on 172.26.0.12 (executor 0) (4/6)
26/08/14 00:22:30 INFO TaskSetManager: Finished task 0.0 in stage 20.0 (TID 60) in 94 ms on 172.26.0.12 (executor 0) (5/6)
26/08/14 00:22:30 INFO TaskSetManager: Finished task 5.0 in stage 20.0 (TID 64) in 97 ms on 172.26.0.12 (executor 0) (6/6)
26/08/14 00:22:30 INFO TaskSchedulerImpl: Removed TaskSet 20.0, whose tasks have all completed, from pool 
26/08/14 00:22:30 INFO DAGScheduler: ShuffleMapStage 20 (call at /opt/spark/python/lib/py4j-0.10.9.7-src.zip/py4j/clientserver.py:617) finished in 0.105 s
26/08/14 00:22:30 INFO DAGScheduler: looking for newly runnable stages
26/08/14 00:22:30 INFO DAGScheduler: running: Set()
26/08/14 00:22:30 INFO DAGScheduler: waiting: Set(ResultStage 21)
26/08/14 00:22:30 INFO DAGScheduler: failed: Set()
26/08/14 00:22:30 INFO DAGScheduler: Submitting ResultStage 21 (MapPartitionsRDD[147] at call at /opt/spark/python/lib/py4j-0.10.9.7-src.zip/py4j/clientserver.py:617), which has no missing parents
26/08/14 00:22:30 INFO MemoryStore: Block broadcast_20 stored as values in memory (estimated size 13.1 KiB, free 191.0 MiB)
26/08/14 00:22:30 INFO MemoryStore: Block broadcast_20_piece0 stored as bytes in memory (estimated size 6.1 KiB, free 191.0 MiB)
26/08/14 00:22:30 INFO BlockManagerInfo: Added broadcast_20_piece0 in memory on spark-driver:40129 (size: 6.1 KiB, free: 191.1 MiB)
26/08/14 00:22:30 INFO SparkContext: Created broadcast 20 from broadcast at DAGScheduler.scala:1585
26/08/14 00:22:30 INFO DAGScheduler: Submitting 1 missing tasks from ResultStage 21 (MapPartitionsRDD[147] at call at /opt/spark/python/lib/py4j-0.10.9.7-src.zip/py4j/clientserver.py:617) (first 15 tasks are for partitions Vector(0))
26/08/14 00:22:30 INFO TaskSchedulerImpl: Adding task set 21.0 with 1 tasks resource profile 0
26/08/14 00:22:30 INFO TaskSetManager: Starting task 0.0 in stage 21.0 (TID 65) (172.26.0.12, executor 0, partition 0, NODE_LOCAL, 9003 bytes) 
26/08/14 00:22:30 INFO BlockManagerInfo: Added broadcast_20_piece0 in memory on 172.26.0.12:33073 (size: 6.1 KiB, free: 412.5 MiB)
26/08/14 00:22:30 INFO MapOutputTrackerMasterEndpoint: Asked to send map output locations for shuffle 9 to 172.26.0.12:49600
26/08/14 00:22:30 INFO TaskSetManager: Finished task 0.0 in stage 21.0 (TID 65) in 48 ms on 172.26.0.12 (executor 0) (1/1)
26/08/14 00:22:30 INFO TaskSchedulerImpl: Removed TaskSet 21.0, whose tasks have all completed, from pool 
26/08/14 00:22:30 INFO DAGScheduler: ResultStage 21 (call at /opt/spark/python/lib/py4j-0.10.9.7-src.zip/py4j/clientserver.py:617) finished in 0.056 s
26/08/14 00:22:30 INFO DAGScheduler: Job 11 is finished. Cancelling potential speculative or zombie tasks for this job
26/08/14 00:22:30 INFO TaskSchedulerImpl: Killing all running tasks in stage 21: Stage finished
26/08/14 00:22:30 INFO DAGScheduler: Job 11 finished: call at /opt/spark/python/lib/py4j-0.10.9.7-src.zip/py4j/clientserver.py:617, took 0.175772 s
26/08/14 00:22:30 INFO MapPartitionsRDD: Removing RDD 88 from persistence list
26/08/14 00:22:30 INFO BlockManager: Removing RDD 88
26/08/14 00:22:30 INFO WatermarkTracker: Updating event-time watermark from 1786666822062 to 1786666827285 ms
26/08/14 00:22:30 INFO CheckpointFileManager: Writing atomically to file:/opt/checkpoints/trips/commits/2 using temp file file:/opt/checkpoints/trips/commits/.2.47dd45c4-805f-4086-99eb-3f2618a243d7.tmp
26/08/14 00:22:30 INFO CheckpointFileManager: Renamed temp file file:/opt/checkpoints/trips/commits/.2.47dd45c4-805f-4086-99eb-3f2618a243d7.tmp to file:/opt/checkpoints/trips/commits/2
26/08/14 00:22:30 INFO MicroBatchExecution: Streaming query made progress: {
  "id" : "b85a33a4-dee1-4170-b062-c47d2470428c",
  "runId" : "5a4a512e-2b33-436f-89d6-2ad644eee1fd",
  "name" : "trips-ingest-ab_ab_no_backoff_1",
  "timestamp" : "2026-08-14T00:22:27.308Z",
  "batchId" : 2,
  "numInputRows" : 4452,
  "inputRowsPerSecond" : 858.7962962962963,
  "processedRowsPerSecond" : 1227.122381477398,
  "durationMs" : {
    "addBatch" : 3534,
    "commitOffsets" : 36,
    "getBatch" : 0,
    "latestOffset" : 16,
    "queryPlanning" : 16,
    "triggerExecution" : 3628,
    "walCommit" : 20
  },
  "eventTime" : {
    "avg" : "2026-08-14T00:22:22.994Z",
    "max" : "2026-08-14T00:22:27.285Z",
    "min" : "2026-08-14T00:22:18.265Z",
    "watermark" : "2026-08-14T00:20:22.062Z"
  },
  "stateOperators" : [ ],
  "sources" : [ {
    "description" : "KafkaV2[Subscribe[trips.raw]]",
    "startOffset" : {
      "trips.raw" : {
        "2" : 267311,
        "5" : 265645,
        "4" : 266904,
        "1" : 266867,
        "3" : 267226,
        "0" : 267092
      }
    },
    "endOffset" : {
      "trips.raw" : {
        "2" : 267977,
        "5" : 266485,
        "4" : 267784,
        "1" : 267541,
        "3" : 267908,
        "0" : 267802
      }
    },
    "latestOffset" : {
      "trips.raw" : {
        "2" : 267977,
        "5" : 266485,
        "4" : 267784,
        "1" : 267541,
        "3" : 267908,
        "0" : 267802
      }
    },
    "numInputRows" : 4452,
    "inputRowsPerSecond" : 858.7962962962963,
    "processedRowsPerSecond" : 1227.122381477398,
    "metrics" : {
      "avgOffsetsBehindLatest" : "0.0",
      "maxOffsetsBehindLatest" : "0",
      "minOffsetsBehindLatest" : "0"
    }
  } ],
  "sink" : {
    "description" : "ForeachBatchSink",
    "numOutputRows" : -1
  }
}
26/08/14 00:22:30 INFO BlockManagerInfo: Removed broadcast_17_piece0 on spark-driver:40129 in memory (size: 35.3 KiB, free: 191.2 MiB)
26/08/14 00:22:30 INFO BlockManagerInfo: Removed broadcast_17_piece0 on 172.26.0.12:33073 in memory (size: 35.3 KiB, free: 413.9 MiB)
26/08/14 00:22:30 INFO BlockManagerInfo: Removed broadcast_17_piece0 on 172.26.0.13:34511 in memory (size: 35.3 KiB, free: 413.9 MiB)
26/08/14 00:22:30 INFO CheckpointFileManager: Writing atomically to file:/opt/checkpoints/trips/offsets/3 using temp file file:/opt/checkpoints/trips/offsets/.3.9e4376db-f27b-46b9-a939-98e4e9300a27.tmp
26/08/14 00:22:30 INFO BlockManagerInfo: Removed broadcast_18_piece0 on spark-driver:40129 in memory (size: 5.9 KiB, free: 191.2 MiB)
26/08/14 00:22:30 INFO BlockManagerInfo: Removed broadcast_18_piece0 on 172.26.0.12:33073 in memory (size: 5.9 KiB, free: 413.9 MiB)
26/08/14 00:22:30 INFO BlockManagerInfo: Removed broadcast_19_piece0 on spark-driver:40129 in memory (size: 24.8 KiB, free: 191.2 MiB)
26/08/14 00:22:30 INFO BlockManagerInfo: Removed broadcast_19_piece0 on 172.26.0.13:34511 in memory (size: 24.8 KiB, free: 413.9 MiB)
26/08/14 00:22:30 INFO BlockManagerInfo: Removed broadcast_19_piece0 on 172.26.0.12:33073 in memory (size: 24.8 KiB, free: 413.9 MiB)
26/08/14 00:22:30 INFO CheckpointFileManager: Renamed temp file file:/opt/checkpoints/trips/offsets/.3.9e4376db-f27b-46b9-a939-98e4e9300a27.tmp to file:/opt/checkpoints/trips/offsets/3
26/08/14 00:22:30 INFO MicroBatchExecution: Committed offsets for batch 3. Metadata OffsetSeqMetadata(1786666827285,1786666950959,Map(spark.sql.streaming.stateStore.providerClass -> org.apache.spark.sql.execution.streaming.state.HDFSBackedStateStoreProvider, spark.sql.streaming.join.stateFormatVersion -> 2, spark.sql.streaming.stateStore.compression.codec -> lz4, spark.sql.streaming.stateStore.rocksdb.formatVersion -> 5, spark.sql.streaming.statefulOperator.useStrictDistribution -> true, spark.sql.streaming.flatMapGroupsWithState.stateFormatVersion -> 2, spark.sql.streaming.multipleWatermarkPolicy -> min, spark.sql.streaming.aggregation.stateFormatVersion -> 2, spark.sql.shuffle.partitions -> 6))
26/08/14 00:22:30 INFO BlockManagerInfo: Removed broadcast_20_piece0 on spark-driver:40129 in memory (size: 6.1 KiB, free: 191.2 MiB)
26/08/14 00:22:30 INFO BlockManagerInfo: Removed broadcast_20_piece0 on 172.26.0.12:33073 in memory (size: 6.1 KiB, free: 413.9 MiB)
26/08/14 00:22:31 INFO KafkaOffsetReaderAdmin: Partitions added: Map()
26/08/14 00:22:31 INFO KafkaOffsetReaderAdmin: Partitions added: Map()
26/08/14 00:22:31 INFO KafkaOffsetReaderAdmin: Partitions added: Map()
26/08/14 00:22:31 INFO KafkaOffsetReaderAdmin: Partitions added: Map()
2026-08-14 00:22:31,060 INFO  [stream] Received command c on object id p0
26/08/14 00:22:31 INFO SparkContext: Starting job: count at <unknown>:0
26/08/14 00:22:31 INFO DAGScheduler: Registering RDD 162 (count at <unknown>:0) as input to shuffle 10
26/08/14 00:22:31 INFO DAGScheduler: Got job 12 (count at <unknown>:0) with 1 output partitions
26/08/14 00:22:31 INFO DAGScheduler: Final stage: ResultStage 23 (count at <unknown>:0)
26/08/14 00:22:31 INFO DAGScheduler: Parents of final stage: List(ShuffleMapStage 22)
26/08/14 00:22:31 INFO DAGScheduler: Missing parents: List(ShuffleMapStage 22)
26/08/14 00:22:31 INFO DAGScheduler: Submitting ShuffleMapStage 22 (MapPartitionsRDD[162] at count at <unknown>:0), which has no missing parents
26/08/14 00:22:31 INFO MemoryStore: Block broadcast_21 stored as values in memory (estimated size 64.6 KiB, free 191.1 MiB)
26/08/14 00:22:31 INFO MemoryStore: Block broadcast_21_piece0 stored as bytes in memory (estimated size 24.1 KiB, free 191.1 MiB)
26/08/14 00:22:31 INFO BlockManagerInfo: Added broadcast_21_piece0 in memory on spark-driver:40129 (size: 24.1 KiB, free: 191.2 MiB)
26/08/14 00:22:31 INFO SparkContext: Created broadcast 21 from broadcast at DAGScheduler.scala:1585
26/08/14 00:22:31 INFO DAGScheduler: Submitting 6 missing tasks from ShuffleMapStage 22 (MapPartitionsRDD[162] at count at <unknown>:0) (first 15 tasks are for partitions Vector(0, 1, 2, 3, 4, 5))
26/08/14 00:22:31 INFO TaskSchedulerImpl: Adding task set 22.0 with 6 tasks resource profile 0
26/08/14 00:22:31 INFO TaskSetManager: Starting task 0.0 in stage 22.0 (TID 66) (172.26.0.12, executor 0, partition 0, PROCESS_LOCAL, 9921 bytes) 
26/08/14 00:22:31 INFO TaskSetManager: Starting task 2.0 in stage 22.0 (TID 67) (172.26.0.13, executor 1, partition 2, PROCESS_LOCAL, 9921 bytes) 
26/08/14 00:22:31 INFO TaskSetManager: Starting task 1.0 in stage 22.0 (TID 68) (172.26.0.12, executor 0, partition 1, PROCESS_LOCAL, 9921 bytes) 
26/08/14 00:22:31 INFO TaskSetManager: Starting task 3.0 in stage 22.0 (TID 69) (172.26.0.13, executor 1, partition 3, PROCESS_LOCAL, 9921 bytes) 
26/08/14 00:22:31 INFO TaskSetManager: Starting task 5.0 in stage 22.0 (TID 70) (172.26.0.12, executor 0, partition 5, PROCESS_LOCAL, 9921 bytes) 
26/08/14 00:22:31 INFO TaskSetManager: Starting task 4.0 in stage 22.0 (TID 71) (172.26.0.13, executor 1, partition 4, PROCESS_LOCAL, 9921 bytes) 
26/08/14 00:22:31 INFO BlockManagerInfo: Added broadcast_21_piece0 in memory on 172.26.0.12:33073 (size: 24.1 KiB, free: 413.9 MiB)
26/08/14 00:22:31 INFO BlockManagerInfo: Added broadcast_21_piece0 in memory on 172.26.0.13:34511 (size: 24.1 KiB, free: 413.9 MiB)
26/08/14 00:22:31 INFO BlockManagerInfo: Added rdd_157_5 in memory on 172.26.0.12:33073 (size: 308.6 KiB, free: 413.6 MiB)
26/08/14 00:22:31 INFO BlockManagerInfo: Added rdd_157_2 in memory on 172.26.0.13:34511 (size: 292.2 KiB, free: 413.6 MiB)
26/08/14 00:22:31 INFO TaskSetManager: Finished task 5.0 in stage 22.0 (TID 70) in 201 ms on 172.26.0.12 (executor 0) (1/6)
26/08/14 00:22:31 INFO BlockManagerInfo: Added rdd_157_0 in memory on 172.26.0.12:33073 (size: 301.3 KiB, free: 413.3 MiB)
26/08/14 00:22:31 INFO BlockManagerInfo: Added rdd_157_4 in memory on 172.26.0.13:34511 (size: 291.8 KiB, free: 413.3 MiB)
26/08/14 00:22:31 INFO TaskSetManager: Finished task 0.0 in stage 22.0 (TID 66) in 217 ms on 172.26.0.12 (executor 0) (2/6)
26/08/14 00:22:31 INFO BlockManagerInfo: Added rdd_157_3 in memory on 172.26.0.13:34511 (size: 310.0 KiB, free: 413.0 MiB)
26/08/14 00:22:31 INFO TaskSetManager: Finished task 4.0 in stage 22.0 (TID 71) in 229 ms on 172.26.0.13 (executor 1) (3/6)
26/08/14 00:22:31 INFO TaskSetManager: Finished task 2.0 in stage 22.0 (TID 67) in 231 ms on 172.26.0.13 (executor 1) (4/6)
26/08/14 00:22:31 INFO BlockManagerInfo: Added rdd_157_1 in memory on 172.26.0.12:33073 (size: 304.4 KiB, free: 413.0 MiB)
26/08/14 00:22:31 INFO TaskSetManager: Finished task 3.0 in stage 22.0 (TID 69) in 238 ms on 172.26.0.13 (executor 1) (5/6)
26/08/14 00:22:31 INFO TaskSetManager: Finished task 1.0 in stage 22.0 (TID 68) in 242 ms on 172.26.0.12 (executor 0) (6/6)
26/08/14 00:22:31 INFO TaskSchedulerImpl: Removed TaskSet 22.0, whose tasks have all completed, from pool 
26/08/14 00:22:31 INFO DAGScheduler: ShuffleMapStage 22 (count at <unknown>:0) finished in 0.257 s
26/08/14 00:22:31 INFO DAGScheduler: looking for newly runnable stages
26/08/14 00:22:31 INFO DAGScheduler: running: Set()
26/08/14 00:22:31 INFO DAGScheduler: waiting: Set(ResultStage 23)
26/08/14 00:22:31 INFO DAGScheduler: failed: Set()
26/08/14 00:22:31 INFO DAGScheduler: Submitting ResultStage 23 (MapPartitionsRDD[165] at count at <unknown>:0), which has no missing parents
26/08/14 00:22:31 INFO MemoryStore: Block broadcast_22 stored as values in memory (estimated size 12.5 KiB, free 191.1 MiB)
26/08/14 00:22:31 INFO MemoryStore: Block broadcast_22_piece0 stored as bytes in memory (estimated size 5.9 KiB, free 191.1 MiB)
26/08/14 00:22:31 INFO BlockManagerInfo: Added broadcast_22_piece0 in memory on spark-driver:40129 (size: 5.9 KiB, free: 191.2 MiB)
26/08/14 00:22:31 INFO SparkContext: Created broadcast 22 from broadcast at DAGScheduler.scala:1585
26/08/14 00:22:31 INFO DAGScheduler: Submitting 1 missing tasks from ResultStage 23 (MapPartitionsRDD[165] at count at <unknown>:0) (first 15 tasks are for partitions Vector(0))
26/08/14 00:22:31 INFO TaskSchedulerImpl: Adding task set 23.0 with 1 tasks resource profile 0
26/08/14 00:22:31 INFO TaskSetManager: Starting task 0.0 in stage 23.0 (TID 72) (172.26.0.12, executor 0, partition 0, NODE_LOCAL, 9003 bytes) 
26/08/14 00:22:31 INFO BlockManagerInfo: Added broadcast_22_piece0 in memory on 172.26.0.12:33073 (size: 5.9 KiB, free: 413.0 MiB)
26/08/14 00:22:31 INFO MapOutputTrackerMasterEndpoint: Asked to send map output locations for shuffle 10 to 172.26.0.12:49600
26/08/14 00:22:31 INFO TaskSetManager: Finished task 0.0 in stage 23.0 (TID 72) in 32 ms on 172.26.0.12 (executor 0) (1/1)
26/08/14 00:22:31 INFO TaskSchedulerImpl: Removed TaskSet 23.0, whose tasks have all completed, from pool 
26/08/14 00:22:31 INFO DAGScheduler: ResultStage 23 (count at <unknown>:0) finished in 0.040 s
26/08/14 00:22:31 INFO DAGScheduler: Job 12 is finished. Cancelling potential speculative or zombie tasks for this job
26/08/14 00:22:31 INFO TaskSchedulerImpl: Killing all running tasks in stage 23: Stage finished
26/08/14 00:22:31 INFO DAGScheduler: Job 12 finished: count at <unknown>:0, took 0.304126 s
26/08/14 00:22:31 INFO SparkContext: Starting job: count at <unknown>:0
26/08/14 00:22:31 INFO DAGScheduler: Registering RDD 170 (count at <unknown>:0) as input to shuffle 11
26/08/14 00:22:31 INFO DAGScheduler: Got job 13 (count at <unknown>:0) with 1 output partitions
26/08/14 00:22:31 INFO DAGScheduler: Final stage: ResultStage 25 (count at <unknown>:0)
26/08/14 00:22:31 INFO DAGScheduler: Parents of final stage: List(ShuffleMapStage 24)
26/08/14 00:22:31 INFO DAGScheduler: Missing parents: List(ShuffleMapStage 24)
26/08/14 00:22:31 INFO DAGScheduler: Submitting ShuffleMapStage 24 (MapPartitionsRDD[170] at count at <unknown>:0), which has no missing parents
26/08/14 00:22:31 INFO MemoryStore: Block broadcast_23 stored as values in memory (estimated size 64.9 KiB, free 191.0 MiB)
26/08/14 00:22:31 INFO MemoryStore: Block broadcast_23_piece0 stored as bytes in memory (estimated size 24.2 KiB, free 191.0 MiB)
26/08/14 00:22:31 INFO BlockManagerInfo: Added broadcast_23_piece0 in memory on spark-driver:40129 (size: 24.2 KiB, free: 191.2 MiB)
26/08/14 00:22:31 INFO SparkContext: Created broadcast 23 from broadcast at DAGScheduler.scala:1585
26/08/14 00:22:31 INFO DAGScheduler: Submitting 6 missing tasks from ShuffleMapStage 24 (MapPartitionsRDD[170] at count at <unknown>:0) (first 15 tasks are for partitions Vector(0, 1, 2, 3, 4, 5))
26/08/14 00:22:31 INFO TaskSchedulerImpl: Adding task set 24.0 with 6 tasks resource profile 0
26/08/14 00:22:31 INFO TaskSetManager: Starting task 2.0 in stage 24.0 (TID 73) (172.26.0.13, executor 1, partition 2, PROCESS_LOCAL, 9921 bytes) 
26/08/14 00:22:31 INFO TaskSetManager: Starting task 0.0 in stage 24.0 (TID 74) (172.26.0.12, executor 0, partition 0, PROCESS_LOCAL, 9921 bytes) 
26/08/14 00:22:31 INFO TaskSetManager: Starting task 3.0 in stage 24.0 (TID 75) (172.26.0.13, executor 1, partition 3, PROCESS_LOCAL, 9921 bytes) 
26/08/14 00:22:31 INFO TaskSetManager: Starting task 1.0 in stage 24.0 (TID 76) (172.26.0.12, executor 0, partition 1, PROCESS_LOCAL, 9921 bytes) 
26/08/14 00:22:31 INFO TaskSetManager: Starting task 4.0 in stage 24.0 (TID 77) (172.26.0.13, executor 1, partition 4, PROCESS_LOCAL, 9921 bytes) 
26/08/14 00:22:31 INFO TaskSetManager: Starting task 5.0 in stage 24.0 (TID 78) (172.26.0.12, executor 0, partition 5, PROCESS_LOCAL, 9921 bytes) 
26/08/14 00:22:31 INFO BlockManagerInfo: Added broadcast_23_piece0 in memory on 172.26.0.13:34511 (size: 24.2 KiB, free: 413.0 MiB)
26/08/14 00:22:31 INFO BlockManagerInfo: Added broadcast_23_piece0 in memory on 172.26.0.12:33073 (size: 24.2 KiB, free: 413.0 MiB)
26/08/14 00:22:31 INFO TaskSetManager: Finished task 4.0 in stage 24.0 (TID 77) in 36 ms on 172.26.0.13 (executor 1) (1/6)
26/08/14 00:22:31 INFO TaskSetManager: Finished task 3.0 in stage 24.0 (TID 75) in 42 ms on 172.26.0.13 (executor 1) (2/6)
26/08/14 00:22:31 INFO TaskSetManager: Finished task 2.0 in stage 24.0 (TID 73) in 46 ms on 172.26.0.13 (executor 1) (3/6)
26/08/14 00:22:31 INFO TaskSetManager: Finished task 0.0 in stage 24.0 (TID 74) in 59 ms on 172.26.0.12 (executor 0) (4/6)
26/08/14 00:22:31 INFO TaskSetManager: Finished task 1.0 in stage 24.0 (TID 76) in 60 ms on 172.26.0.12 (executor 0) (5/6)
26/08/14 00:22:31 INFO TaskSetManager: Finished task 5.0 in stage 24.0 (TID 78) in 59 ms on 172.26.0.12 (executor 0) (6/6)
26/08/14 00:22:31 INFO TaskSchedulerImpl: Removed TaskSet 24.0, whose tasks have all completed, from pool 
26/08/14 00:22:31 INFO DAGScheduler: ShuffleMapStage 24 (count at <unknown>:0) finished in 0.065 s
26/08/14 00:22:31 INFO DAGScheduler: looking for newly runnable stages
26/08/14 00:22:31 INFO DAGScheduler: running: Set()
26/08/14 00:22:31 INFO DAGScheduler: waiting: Set(ResultStage 25)
26/08/14 00:22:31 INFO DAGScheduler: failed: Set()
26/08/14 00:22:31 INFO DAGScheduler: Submitting ResultStage 25 (MapPartitionsRDD[173] at count at <unknown>:0), which has no missing parents
26/08/14 00:22:31 INFO MemoryStore: Block broadcast_24 stored as values in memory (estimated size 12.5 KiB, free 191.0 MiB)
26/08/14 00:22:31 INFO MemoryStore: Block broadcast_24_piece0 stored as bytes in memory (estimated size 5.9 KiB, free 191.0 MiB)
26/08/14 00:22:31 INFO BlockManagerInfo: Added broadcast_24_piece0 in memory on spark-driver:40129 (size: 5.9 KiB, free: 191.2 MiB)
26/08/14 00:22:31 INFO SparkContext: Created broadcast 24 from broadcast at DAGScheduler.scala:1585
26/08/14 00:22:31 INFO DAGScheduler: Submitting 1 missing tasks from ResultStage 25 (MapPartitionsRDD[173] at count at <unknown>:0) (first 15 tasks are for partitions Vector(0))
26/08/14 00:22:31 INFO BlockManagerInfo: Removed broadcast_22_piece0 on spark-driver:40129 in memory (size: 5.9 KiB, free: 191.2 MiB)
26/08/14 00:22:31 INFO TaskSchedulerImpl: Adding task set 25.0 with 1 tasks resource profile 0
26/08/14 00:22:31 INFO TaskSetManager: Starting task 0.0 in stage 25.0 (TID 79) (172.26.0.13, executor 1, partition 0, NODE_LOCAL, 9003 bytes) 
26/08/14 00:22:31 INFO BlockManagerInfo: Removed broadcast_22_piece0 on 172.26.0.12:33073 in memory (size: 5.9 KiB, free: 413.0 MiB)
26/08/14 00:22:31 INFO BlockManagerInfo: Removed broadcast_21_piece0 on spark-driver:40129 in memory (size: 24.1 KiB, free: 191.2 MiB)
26/08/14 00:22:31 INFO BlockManagerInfo: Removed broadcast_21_piece0 on 172.26.0.12:33073 in memory (size: 24.1 KiB, free: 413.0 MiB)
26/08/14 00:22:31 INFO BlockManagerInfo: Removed broadcast_21_piece0 on 172.26.0.13:34511 in memory (size: 24.1 KiB, free: 413.0 MiB)
26/08/14 00:22:31 INFO BlockManagerInfo: Added broadcast_24_piece0 in memory on 172.26.0.13:34511 (size: 5.9 KiB, free: 413.0 MiB)
26/08/14 00:22:31 INFO MapOutputTrackerMasterEndpoint: Asked to send map output locations for shuffle 11 to 172.26.0.13:50552
26/08/14 00:22:31 INFO TaskSetManager: Finished task 0.0 in stage 25.0 (TID 79) in 33 ms on 172.26.0.13 (executor 1) (1/1)
26/08/14 00:22:31 INFO TaskSchedulerImpl: Removed TaskSet 25.0, whose tasks have all completed, from pool 
26/08/14 00:22:31 INFO DAGScheduler: ResultStage 25 (count at <unknown>:0) finished in 0.055 s
26/08/14 00:22:31 INFO DAGScheduler: Job 13 is finished. Cancelling potential speculative or zombie tasks for this job
26/08/14 00:22:31 INFO TaskSchedulerImpl: Killing all running tasks in stage 25: Stage finished
26/08/14 00:22:31 INFO DAGScheduler: Job 13 finished: count at <unknown>:0, took 0.125017 s
26/08/14 00:22:31 INFO CodeGenerator: Code generated in 16.698625 ms
26/08/14 00:22:31 INFO DefaultCachedBatchSerializer: Predicate isnotnull(event_time#89-T120000ms) generates partition filter: ((event_time.count#8942 - event_time.nullCount#8941) > 0)
26/08/14 00:22:31 INFO DefaultCachedBatchSerializer: Predicate (event_time#89-T120000ms < 2026-08-14 00:20:27.285) generates partition filter: (event_time.lowerBound#8940 < 2026-08-14 00:20:27.285)
26/08/14 00:22:31 INFO SparkContext: Starting job: count at <unknown>:0
26/08/14 00:22:31 INFO DAGScheduler: Registering RDD 178 (count at <unknown>:0) as input to shuffle 12
26/08/14 00:22:31 INFO DAGScheduler: Got job 14 (count at <unknown>:0) with 1 output partitions
26/08/14 00:22:31 INFO DAGScheduler: Final stage: ResultStage 27 (count at <unknown>:0)
26/08/14 00:22:31 INFO DAGScheduler: Parents of final stage: List(ShuffleMapStage 26)
26/08/14 00:22:31 INFO DAGScheduler: Missing parents: List(ShuffleMapStage 26)
26/08/14 00:22:31 INFO DAGScheduler: Submitting ShuffleMapStage 26 (MapPartitionsRDD[178] at count at <unknown>:0), which has no missing parents
26/08/14 00:22:31 INFO MemoryStore: Block broadcast_25 stored as values in memory (estimated size 67.2 KiB, free 191.0 MiB)
26/08/14 00:22:31 INFO MemoryStore: Block broadcast_25_piece0 stored as bytes in memory (estimated size 25.6 KiB, free 191.0 MiB)
26/08/14 00:22:31 INFO BlockManagerInfo: Added broadcast_25_piece0 in memory on spark-driver:40129 (size: 25.6 KiB, free: 191.2 MiB)
26/08/14 00:22:31 INFO SparkContext: Created broadcast 25 from broadcast at DAGScheduler.scala:1585
26/08/14 00:22:31 INFO DAGScheduler: Submitting 6 missing tasks from ShuffleMapStage 26 (MapPartitionsRDD[178] at count at <unknown>:0) (first 15 tasks are for partitions Vector(0, 1, 2, 3, 4, 5))
26/08/14 00:22:31 INFO TaskSchedulerImpl: Adding task set 26.0 with 6 tasks resource profile 0
26/08/14 00:22:31 INFO TaskSetManager: Starting task 2.0 in stage 26.0 (TID 80) (172.26.0.13, executor 1, partition 2, PROCESS_LOCAL, 9921 bytes) 
26/08/14 00:22:31 INFO TaskSetManager: Starting task 0.0 in stage 26.0 (TID 81) (172.26.0.12, executor 0, partition 0, PROCESS_LOCAL, 9921 bytes) 
26/08/14 00:22:31 INFO TaskSetManager: Starting task 3.0 in stage 26.0 (TID 82) (172.26.0.13, executor 1, partition 3, PROCESS_LOCAL, 9921 bytes) 
26/08/14 00:22:31 INFO TaskSetManager: Starting task 1.0 in stage 26.0 (TID 83) (172.26.0.12, executor 0, partition 1, PROCESS_LOCAL, 9921 bytes) 
26/08/14 00:22:31 INFO TaskSetManager: Starting task 4.0 in stage 26.0 (TID 84) (172.26.0.13, executor 1, partition 4, PROCESS_LOCAL, 9921 bytes) 
26/08/14 00:22:31 INFO TaskSetManager: Starting task 5.0 in stage 26.0 (TID 85) (172.26.0.12, executor 0, partition 5, PROCESS_LOCAL, 9921 bytes) 
26/08/14 00:22:31 INFO BlockManagerInfo: Added broadcast_25_piece0 in memory on 172.26.0.12:33073 (size: 25.6 KiB, free: 413.0 MiB)
26/08/14 00:22:31 INFO BlockManagerInfo: Added broadcast_25_piece0 in memory on 172.26.0.13:34511 (size: 25.6 KiB, free: 413.0 MiB)
26/08/14 00:22:31 INFO TaskSetManager: Finished task 0.0 in stage 26.0 (TID 81) in 57 ms on 172.26.0.12 (executor 0) (1/6)
26/08/14 00:22:31 INFO TaskSetManager: Finished task 1.0 in stage 26.0 (TID 83) in 56 ms on 172.26.0.12 (executor 0) (2/6)
26/08/14 00:22:31 INFO TaskSetManager: Finished task 5.0 in stage 26.0 (TID 85) in 64 ms on 172.26.0.12 (executor 0) (3/6)
26/08/14 00:22:31 INFO TaskSetManager: Finished task 2.0 in stage 26.0 (TID 80) in 74 ms on 172.26.0.13 (executor 1) (4/6)
26/08/14 00:22:31 INFO TaskSetManager: Finished task 3.0 in stage 26.0 (TID 82) in 75 ms on 172.26.0.13 (executor 1) (5/6)
26/08/14 00:22:31 INFO TaskSetManager: Finished task 4.0 in stage 26.0 (TID 84) in 79 ms on 172.26.0.13 (executor 1) (6/6)
26/08/14 00:22:31 INFO DAGScheduler: ShuffleMapStage 26 (count at <unknown>:0) finished in 0.093 s
26/08/14 00:22:31 INFO DAGScheduler: looking for newly runnable stages
26/08/14 00:22:31 INFO DAGScheduler: running: Set()
26/08/14 00:22:31 INFO DAGScheduler: waiting: Set(ResultStage 27)
26/08/14 00:22:31 INFO DAGScheduler: failed: Set()
26/08/14 00:22:31 INFO DAGScheduler: Submitting ResultStage 27 (MapPartitionsRDD[181] at count at <unknown>:0), which has no missing parents
26/08/14 00:22:31 INFO TaskSchedulerImpl: Removed TaskSet 26.0, whose tasks have all completed, from pool 
26/08/14 00:22:31 INFO MemoryStore: Block broadcast_26 stored as values in memory (estimated size 12.5 KiB, free 191.0 MiB)
26/08/14 00:22:31 INFO MemoryStore: Block broadcast_26_piece0 stored as bytes in memory (estimated size 5.9 KiB, free 191.0 MiB)
26/08/14 00:22:31 INFO BlockManagerInfo: Added broadcast_26_piece0 in memory on spark-driver:40129 (size: 5.9 KiB, free: 191.2 MiB)
26/08/14 00:22:31 INFO SparkContext: Created broadcast 26 from broadcast at DAGScheduler.scala:1585
26/08/14 00:22:31 INFO DAGScheduler: Submitting 1 missing tasks from ResultStage 27 (MapPartitionsRDD[181] at count at <unknown>:0) (first 15 tasks are for partitions Vector(0))
26/08/14 00:22:31 INFO TaskSchedulerImpl: Adding task set 27.0 with 1 tasks resource profile 0
26/08/14 00:22:31 INFO TaskSetManager: Starting task 0.0 in stage 27.0 (TID 86) (172.26.0.13, executor 1, partition 0, NODE_LOCAL, 9003 bytes) 
26/08/14 00:22:31 INFO BlockManagerInfo: Removed broadcast_23_piece0 on spark-driver:40129 in memory (size: 24.2 KiB, free: 191.2 MiB)
26/08/14 00:22:31 INFO BlockManagerInfo: Removed broadcast_23_piece0 on 172.26.0.13:34511 in memory (size: 24.2 KiB, free: 413.0 MiB)
26/08/14 00:22:31 INFO BlockManagerInfo: Removed broadcast_23_piece0 on 172.26.0.12:33073 in memory (size: 24.2 KiB, free: 413.0 MiB)
26/08/14 00:22:31 INFO BlockManagerInfo: Removed broadcast_25_piece0 on spark-driver:40129 in memory (size: 25.6 KiB, free: 191.2 MiB)
26/08/14 00:22:31 INFO BlockManagerInfo: Removed broadcast_25_piece0 on 172.26.0.12:33073 in memory (size: 25.6 KiB, free: 413.0 MiB)
26/08/14 00:22:31 INFO BlockManagerInfo: Removed broadcast_25_piece0 on 172.26.0.13:34511 in memory (size: 25.6 KiB, free: 413.0 MiB)
26/08/14 00:22:31 INFO BlockManagerInfo: Added broadcast_26_piece0 in memory on 172.26.0.13:34511 (size: 5.9 KiB, free: 413.0 MiB)
26/08/14 00:22:31 INFO BlockManagerInfo: Removed broadcast_24_piece0 on spark-driver:40129 in memory (size: 5.9 KiB, free: 191.2 MiB)
26/08/14 00:22:31 INFO MapOutputTrackerMasterEndpoint: Asked to send map output locations for shuffle 12 to 172.26.0.13:50552
26/08/14 00:22:31 INFO BlockManagerInfo: Removed broadcast_24_piece0 on 172.26.0.13:34511 in memory (size: 5.9 KiB, free: 413.0 MiB)
26/08/14 00:22:31 INFO TaskSetManager: Finished task 0.0 in stage 27.0 (TID 86) in 26 ms on 172.26.0.13 (executor 1) (1/1)
26/08/14 00:22:31 INFO TaskSchedulerImpl: Removed TaskSet 27.0, whose tasks have all completed, from pool 
26/08/14 00:22:31 INFO DAGScheduler: ResultStage 27 (count at <unknown>:0) finished in 0.036 s
26/08/14 00:22:31 INFO DAGScheduler: Job 14 is finished. Cancelling potential speculative or zombie tasks for this job
26/08/14 00:22:31 INFO TaskSchedulerImpl: Killing all running tasks in stage 27: Stage finished
26/08/14 00:22:31 INFO DAGScheduler: Job 14 finished: count at <unknown>:0, took 0.136623 s
26/08/14 00:22:31 INFO DefaultCachedBatchSerializer: Predicate isnotnull(kind#9499) generates partition filter: ((kind.count#9568 - kind.nullCount#9567) > 0)
26/08/14 00:22:31 INFO DefaultCachedBatchSerializer: Predicate (kind#9499 = stats) generates partition filter: ((kind.lowerBound#9566 <= stats) AND (stats <= kind.upperBound#9565))
26/08/14 00:22:31 INFO SparkContext: Starting job: call at /opt/spark/python/lib/py4j-0.10.9.7-src.zip/py4j/clientserver.py:617
26/08/14 00:22:31 INFO DAGScheduler: Got job 15 (call at /opt/spark/python/lib/py4j-0.10.9.7-src.zip/py4j/clientserver.py:617) with 6 output partitions
26/08/14 00:22:31 INFO DAGScheduler: Final stage: ResultStage 28 (call at /opt/spark/python/lib/py4j-0.10.9.7-src.zip/py4j/clientserver.py:617)
26/08/14 00:22:31 INFO DAGScheduler: Parents of final stage: List()
26/08/14 00:22:31 INFO DAGScheduler: Missing parents: List()
26/08/14 00:22:31 INFO DAGScheduler: Submitting ResultStage 28 (MapPartitionsRDD[200] at call at /opt/spark/python/lib/py4j-0.10.9.7-src.zip/py4j/clientserver.py:617), which has no missing parents
26/08/14 00:22:31 INFO MemoryStore: Block broadcast_27 stored as values in memory (estimated size 90.0 KiB, free 191.1 MiB)
26/08/14 00:22:31 INFO MemoryStore: Block broadcast_27_piece0 stored as bytes in memory (estimated size 34.0 KiB, free 191.1 MiB)
26/08/14 00:22:31 INFO BlockManagerInfo: Added broadcast_27_piece0 in memory on spark-driver:40129 (size: 34.0 KiB, free: 191.2 MiB)
26/08/14 00:22:31 INFO SparkContext: Created broadcast 27 from broadcast at DAGScheduler.scala:1585
26/08/14 00:22:31 INFO DAGScheduler: Submitting 6 missing tasks from ResultStage 28 (MapPartitionsRDD[200] at call at /opt/spark/python/lib/py4j-0.10.9.7-src.zip/py4j/clientserver.py:617) (first 15 tasks are for partitions Vector(0, 1, 2, 3, 4, 5))
26/08/14 00:22:31 INFO TaskSchedulerImpl: Adding task set 28.0 with 6 tasks resource profile 0
26/08/14 00:22:31 INFO TaskSetManager: Starting task 2.0 in stage 28.0 (TID 87) (172.26.0.13, executor 1, partition 2, PROCESS_LOCAL, 9932 bytes) 
26/08/14 00:22:31 INFO TaskSetManager: Starting task 0.0 in stage 28.0 (TID 88) (172.26.0.12, executor 0, partition 0, PROCESS_LOCAL, 9932 bytes) 
26/08/14 00:22:31 INFO TaskSetManager: Starting task 3.0 in stage 28.0 (TID 89) (172.26.0.13, executor 1, partition 3, PROCESS_LOCAL, 9932 bytes) 
26/08/14 00:22:31 INFO TaskSetManager: Starting task 1.0 in stage 28.0 (TID 90) (172.26.0.12, executor 0, partition 1, PROCESS_LOCAL, 9932 bytes) 
26/08/14 00:22:31 INFO TaskSetManager: Starting task 4.0 in stage 28.0 (TID 91) (172.26.0.13, executor 1, partition 4, PROCESS_LOCAL, 9932 bytes) 
26/08/14 00:22:31 INFO TaskSetManager: Starting task 5.0 in stage 28.0 (TID 92) (172.26.0.12, executor 0, partition 5, PROCESS_LOCAL, 9932 bytes) 
26/08/14 00:22:31 INFO BlockManagerInfo: Added broadcast_27_piece0 in memory on 172.26.0.13:34511 (size: 34.0 KiB, free: 413.0 MiB)
26/08/14 00:22:31 INFO BlockManagerInfo: Added broadcast_27_piece0 in memory on 172.26.0.12:33073 (size: 34.0 KiB, free: 413.0 MiB)
26/08/14 00:22:33 INFO BlockManagerInfo: Added rdd_195_4 in memory on 172.26.0.13:34511 (size: 1808.0 B, free: 413.0 MiB)
26/08/14 00:22:33 INFO TaskSetManager: Finished task 4.0 in stage 28.0 (TID 91) in 1307 ms on 172.26.0.13 (executor 1) (1/6)
26/08/14 00:22:33 INFO BlockManagerInfo: Added rdd_195_3 in memory on 172.26.0.13:34511 (size: 1808.0 B, free: 413.0 MiB)
26/08/14 00:22:33 INFO TaskSetManager: Finished task 3.0 in stage 28.0 (TID 89) in 1357 ms on 172.26.0.13 (executor 1) (2/6)
26/08/14 00:22:33 INFO BlockManagerInfo: Added rdd_195_2 in memory on 172.26.0.13:34511 (size: 1808.0 B, free: 413.0 MiB)
26/08/14 00:22:33 INFO TaskSetManager: Finished task 2.0 in stage 28.0 (TID 87) in 1445 ms on 172.26.0.13 (executor 1) (3/6)
26/08/14 00:22:33 INFO BlockManagerInfo: Added rdd_195_0 in memory on 172.26.0.12:33073 (size: 1808.0 B, free: 413.0 MiB)
26/08/14 00:22:33 INFO BlockManagerInfo: Added rdd_195_5 in memory on 172.26.0.12:33073 (size: 1808.0 B, free: 413.0 MiB)
26/08/14 00:22:33 INFO BlockManagerInfo: Added rdd_195_1 in memory on 172.26.0.12:33073 (size: 1808.0 B, free: 413.0 MiB)
26/08/14 00:22:33 INFO TaskSetManager: Finished task 1.0 in stage 28.0 (TID 90) in 1549 ms on 172.26.0.12 (executor 0) (4/6)
26/08/14 00:22:33 INFO TaskSetManager: Finished task 0.0 in stage 28.0 (TID 88) in 1550 ms on 172.26.0.12 (executor 0) (5/6)
26/08/14 00:22:33 INFO TaskSetManager: Finished task 5.0 in stage 28.0 (TID 92) in 1555 ms on 172.26.0.12 (executor 0) (6/6)
26/08/14 00:22:33 INFO TaskSchedulerImpl: Removed TaskSet 28.0, whose tasks have all completed, from pool 
26/08/14 00:22:33 INFO DAGScheduler: ResultStage 28 (call at /opt/spark/python/lib/py4j-0.10.9.7-src.zip/py4j/clientserver.py:617) finished in 1.563 s
26/08/14 00:22:33 INFO DAGScheduler: Job 15 is finished. Cancelling potential speculative or zombie tasks for this job
26/08/14 00:22:33 INFO TaskSchedulerImpl: Killing all running tasks in stage 28: Stage finished
26/08/14 00:22:33 INFO DAGScheduler: Job 15 finished: call at /opt/spark/python/lib/py4j-0.10.9.7-src.zip/py4j/clientserver.py:617, took 1.570300 s
26/08/14 00:22:33 INFO DefaultCachedBatchSerializer: Predicate isnotnull(kind#9499) generates partition filter: ((kind.count#9651 - kind.nullCount#9650) > 0)
26/08/14 00:22:33 INFO DefaultCachedBatchSerializer: Predicate (kind#9499 = dlq) generates partition filter: ((kind.lowerBound#9649 <= dlq) AND (dlq <= kind.upperBound#9648))
26/08/14 00:22:33 INFO SparkContext: Starting job: count at <unknown>:0
26/08/14 00:22:33 INFO DAGScheduler: Registering RDD 205 (count at <unknown>:0) as input to shuffle 13
26/08/14 00:22:33 INFO DAGScheduler: Got job 16 (count at <unknown>:0) with 1 output partitions
26/08/14 00:22:33 INFO DAGScheduler: Final stage: ResultStage 30 (count at <unknown>:0)
26/08/14 00:22:33 INFO DAGScheduler: Parents of final stage: List(ShuffleMapStage 29)
26/08/14 00:22:33 INFO DAGScheduler: Missing parents: List(ShuffleMapStage 29)
26/08/14 00:22:33 INFO DAGScheduler: Submitting ShuffleMapStage 29 (MapPartitionsRDD[205] at count at <unknown>:0), which has no missing parents
26/08/14 00:22:33 INFO BlockManagerInfo: Removed broadcast_27_piece0 on spark-driver:40129 in memory (size: 34.0 KiB, free: 191.2 MiB)
26/08/14 00:22:33 INFO BlockManagerInfo: Removed broadcast_27_piece0 on 172.26.0.12:33073 in memory (size: 34.0 KiB, free: 413.0 MiB)
26/08/14 00:22:33 INFO BlockManagerInfo: Removed broadcast_27_piece0 on 172.26.0.13:34511 in memory (size: 34.0 KiB, free: 413.0 MiB)
26/08/14 00:22:33 INFO MemoryStore: Block broadcast_28 stored as values in memory (estimated size 92.2 KiB, free 191.1 MiB)
26/08/14 00:22:33 INFO MemoryStore: Block broadcast_28_piece0 stored as bytes in memory (estimated size 35.3 KiB, free 191.1 MiB)
26/08/14 00:22:33 INFO BlockManagerInfo: Added broadcast_28_piece0 in memory on spark-driver:40129 (size: 35.3 KiB, free: 191.2 MiB)
26/08/14 00:22:33 INFO SparkContext: Created broadcast 28 from broadcast at DAGScheduler.scala:1585
26/08/14 00:22:33 INFO DAGScheduler: Submitting 6 missing tasks from ShuffleMapStage 29 (MapPartitionsRDD[205] at count at <unknown>:0) (first 15 tasks are for partitions Vector(0, 1, 2, 3, 4, 5))
26/08/14 00:22:33 INFO TaskSchedulerImpl: Adding task set 29.0 with 6 tasks resource profile 0
26/08/14 00:22:33 INFO BlockManagerInfo: Removed broadcast_26_piece0 on spark-driver:40129 in memory (size: 5.9 KiB, free: 191.2 MiB)
26/08/14 00:22:33 INFO TaskSetManager: Starting task 2.0 in stage 29.0 (TID 93) (172.26.0.13, executor 1, partition 2, PROCESS_LOCAL, 9921 bytes) 
26/08/14 00:22:33 INFO TaskSetManager: Starting task 0.0 in stage 29.0 (TID 94) (172.26.0.12, executor 0, partition 0, PROCESS_LOCAL, 9921 bytes) 
26/08/14 00:22:33 INFO TaskSetManager: Starting task 3.0 in stage 29.0 (TID 95) (172.26.0.13, executor 1, partition 3, PROCESS_LOCAL, 9921 bytes) 
26/08/14 00:22:33 INFO TaskSetManager: Starting task 1.0 in stage 29.0 (TID 96) (172.26.0.12, executor 0, partition 1, PROCESS_LOCAL, 9921 bytes) 
26/08/14 00:22:33 INFO TaskSetManager: Starting task 4.0 in stage 29.0 (TID 97) (172.26.0.13, executor 1, partition 4, PROCESS_LOCAL, 9921 bytes) 
26/08/14 00:22:33 INFO TaskSetManager: Starting task 5.0 in stage 29.0 (TID 98) (172.26.0.12, executor 0, partition 5, PROCESS_LOCAL, 9921 bytes) 
26/08/14 00:22:33 INFO BlockManagerInfo: Added broadcast_28_piece0 in memory on 172.26.0.12:33073 (size: 35.3 KiB, free: 413.0 MiB)
26/08/14 00:22:33 INFO BlockManagerInfo: Removed broadcast_26_piece0 on 172.26.0.13:34511 in memory (size: 5.9 KiB, free: 413.0 MiB)
26/08/14 00:22:33 INFO TaskSetManager: Finished task 0.0 in stage 29.0 (TID 94) in 54 ms on 172.26.0.12 (executor 0) (1/6)
26/08/14 00:22:33 INFO BlockManagerInfo: Added broadcast_28_piece0 in memory on 172.26.0.13:34511 (size: 35.3 KiB, free: 413.0 MiB)
26/08/14 00:22:33 INFO TaskSetManager: Finished task 5.0 in stage 29.0 (TID 98) in 60 ms on 172.26.0.12 (executor 0) (2/6)
26/08/14 00:22:33 INFO TaskSetManager: Finished task 1.0 in stage 29.0 (TID 96) in 79 ms on 172.26.0.12 (executor 0) (3/6)
26/08/14 00:22:33 INFO TaskSetManager: Finished task 4.0 in stage 29.0 (TID 97) in 94 ms on 172.26.0.13 (executor 1) (4/6)
26/08/14 00:22:33 INFO TaskSetManager: Finished task 3.0 in stage 29.0 (TID 95) in 107 ms on 172.26.0.13 (executor 1) (5/6)
26/08/14 00:22:33 INFO TaskSetManager: Finished task 2.0 in stage 29.0 (TID 93) in 109 ms on 172.26.0.13 (executor 1) (6/6)
26/08/14 00:22:33 INFO TaskSchedulerImpl: Removed TaskSet 29.0, whose tasks have all completed, from pool 
26/08/14 00:22:33 INFO DAGScheduler: ShuffleMapStage 29 (count at <unknown>:0) finished in 0.158 s
26/08/14 00:22:33 INFO DAGScheduler: looking for newly runnable stages
26/08/14 00:22:33 INFO DAGScheduler: running: Set()
26/08/14 00:22:33 INFO DAGScheduler: waiting: Set(ResultStage 30)
26/08/14 00:22:33 INFO DAGScheduler: failed: Set()
26/08/14 00:22:33 INFO DAGScheduler: Submitting ResultStage 30 (MapPartitionsRDD[208] at count at <unknown>:0), which has no missing parents
26/08/14 00:22:33 INFO MemoryStore: Block broadcast_29 stored as values in memory (estimated size 12.5 KiB, free 191.1 MiB)
26/08/14 00:22:33 INFO MemoryStore: Block broadcast_29_piece0 stored as bytes in memory (estimated size 5.9 KiB, free 191.1 MiB)
26/08/14 00:22:33 INFO BlockManagerInfo: Added broadcast_29_piece0 in memory on spark-driver:40129 (size: 5.9 KiB, free: 191.2 MiB)
26/08/14 00:22:33 INFO SparkContext: Created broadcast 29 from broadcast at DAGScheduler.scala:1585
26/08/14 00:22:33 INFO DAGScheduler: Submitting 1 missing tasks from ResultStage 30 (MapPartitionsRDD[208] at count at <unknown>:0) (first 15 tasks are for partitions Vector(0))
26/08/14 00:22:33 INFO TaskSchedulerImpl: Adding task set 30.0 with 1 tasks resource profile 0
26/08/14 00:22:33 INFO TaskSetManager: Starting task 0.0 in stage 30.0 (TID 99) (172.26.0.12, executor 0, partition 0, NODE_LOCAL, 9003 bytes) 
26/08/14 00:22:33 INFO BlockManagerInfo: Added broadcast_29_piece0 in memory on 172.26.0.12:33073 (size: 5.9 KiB, free: 413.0 MiB)
26/08/14 00:22:33 INFO MapOutputTrackerMasterEndpoint: Asked to send map output locations for shuffle 13 to 172.26.0.12:49600
26/08/14 00:22:33 INFO TaskSetManager: Finished task 0.0 in stage 30.0 (TID 99) in 66 ms on 172.26.0.12 (executor 0) (1/1)
26/08/14 00:22:33 INFO TaskSchedulerImpl: Removed TaskSet 30.0, whose tasks have all completed, from pool 
26/08/14 00:22:33 INFO DAGScheduler: ResultStage 30 (count at <unknown>:0) finished in 0.080 s
26/08/14 00:22:33 INFO DAGScheduler: Job 16 is finished. Cancelling potential speculative or zombie tasks for this job
26/08/14 00:22:33 INFO TaskSchedulerImpl: Killing all running tasks in stage 30: Stage finished
26/08/14 00:22:33 INFO DAGScheduler: Job 16 finished: count at <unknown>:0, took 0.263881 s
26/08/14 00:22:33 INFO MapPartitionsRDD: Removing RDD 195 from persistence list
26/08/14 00:22:33 INFO BlockManager: Removing RDD 195
26/08/14 00:22:33 INFO SparkContext: Starting job: call at /opt/spark/python/lib/py4j-0.10.9.7-src.zip/py4j/clientserver.py:617
26/08/14 00:22:33 INFO DAGScheduler: Registering RDD 213 (call at /opt/spark/python/lib/py4j-0.10.9.7-src.zip/py4j/clientserver.py:617) as input to shuffle 14
26/08/14 00:22:33 INFO DAGScheduler: Got job 17 (call at /opt/spark/python/lib/py4j-0.10.9.7-src.zip/py4j/clientserver.py:617) with 1 output partitions
26/08/14 00:22:33 INFO DAGScheduler: Final stage: ResultStage 32 (call at /opt/spark/python/lib/py4j-0.10.9.7-src.zip/py4j/clientserver.py:617)
26/08/14 00:22:33 INFO DAGScheduler: Parents of final stage: List(ShuffleMapStage 31)
26/08/14 00:22:33 INFO DAGScheduler: Missing parents: List(ShuffleMapStage 31)
26/08/14 00:22:33 INFO DAGScheduler: Submitting ShuffleMapStage 31 (MapPartitionsRDD[213] at call at /opt/spark/python/lib/py4j-0.10.9.7-src.zip/py4j/clientserver.py:617), which has no missing parents
26/08/14 00:22:33 INFO MemoryStore: Block broadcast_30 stored as values in memory (estimated size 66.1 KiB, free 191.0 MiB)
26/08/14 00:22:33 INFO MemoryStore: Block broadcast_30_piece0 stored as bytes in memory (estimated size 24.8 KiB, free 191.0 MiB)
26/08/14 00:22:33 INFO BlockManagerInfo: Added broadcast_30_piece0 in memory on spark-driver:40129 (size: 24.8 KiB, free: 191.1 MiB)
26/08/14 00:22:33 INFO BlockManagerInfo: Removed broadcast_29_piece0 on spark-driver:40129 in memory (size: 5.9 KiB, free: 191.2 MiB)
26/08/14 00:22:33 INFO SparkContext: Created broadcast 30 from broadcast at DAGScheduler.scala:1585
26/08/14 00:22:33 INFO DAGScheduler: Submitting 6 missing tasks from ShuffleMapStage 31 (MapPartitionsRDD[213] at call at /opt/spark/python/lib/py4j-0.10.9.7-src.zip/py4j/clientserver.py:617) (first 15 tasks are for partitions Vector(0, 1, 2, 3, 4, 5))
26/08/14 00:22:33 INFO TaskSchedulerImpl: Adding task set 31.0 with 6 tasks resource profile 0
26/08/14 00:22:33 INFO TaskSetManager: Starting task 0.0 in stage 31.0 (TID 100) (172.26.0.12, executor 0, partition 0, PROCESS_LOCAL, 9921 bytes) 
26/08/14 00:22:33 INFO TaskSetManager: Starting task 2.0 in stage 31.0 (TID 101) (172.26.0.13, executor 1, partition 2, PROCESS_LOCAL, 9921 bytes) 
26/08/14 00:22:33 INFO TaskSetManager: Starting task 1.0 in stage 31.0 (TID 102) (172.26.0.12, executor 0, partition 1, PROCESS_LOCAL, 9921 bytes) 
26/08/14 00:22:33 INFO TaskSetManager: Starting task 3.0 in stage 31.0 (TID 103) (172.26.0.13, executor 1, partition 3, PROCESS_LOCAL, 9921 bytes) 
26/08/14 00:22:33 INFO TaskSetManager: Starting task 5.0 in stage 31.0 (TID 104) (172.26.0.12, executor 0, partition 5, PROCESS_LOCAL, 9921 bytes) 
26/08/14 00:22:33 INFO TaskSetManager: Starting task 4.0 in stage 31.0 (TID 105) (172.26.0.13, executor 1, partition 4, PROCESS_LOCAL, 9921 bytes) 
26/08/14 00:22:33 INFO BlockManagerInfo: Removed broadcast_29_piece0 on 172.26.0.12:33073 in memory (size: 5.9 KiB, free: 413.0 MiB)
26/08/14 00:22:33 INFO BlockManagerInfo: Removed broadcast_28_piece0 on spark-driver:40129 in memory (size: 35.3 KiB, free: 191.2 MiB)
26/08/14 00:22:33 INFO BlockManagerInfo: Removed broadcast_28_piece0 on 172.26.0.12:33073 in memory (size: 35.3 KiB, free: 413.0 MiB)
26/08/14 00:22:33 INFO BlockManagerInfo: Removed broadcast_28_piece0 on 172.26.0.13:34511 in memory (size: 35.3 KiB, free: 413.1 MiB)
26/08/14 00:22:33 INFO BlockManagerInfo: Added broadcast_30_piece0 in memory on 172.26.0.12:33073 (size: 24.8 KiB, free: 413.0 MiB)
26/08/14 00:22:33 INFO BlockManagerInfo: Added broadcast_30_piece0 in memory on 172.26.0.13:34511 (size: 24.8 KiB, free: 413.0 MiB)
26/08/14 00:22:33 INFO TaskSetManager: Finished task 1.0 in stage 31.0 (TID 102) in 36 ms on 172.26.0.12 (executor 0) (1/6)
26/08/14 00:22:33 INFO TaskSetManager: Finished task 0.0 in stage 31.0 (TID 100) in 40 ms on 172.26.0.12 (executor 0) (2/6)
26/08/14 00:22:33 INFO TaskSetManager: Finished task 5.0 in stage 31.0 (TID 104) in 41 ms on 172.26.0.12 (executor 0) (3/6)
26/08/14 00:22:33 INFO TaskSetManager: Finished task 4.0 in stage 31.0 (TID 105) in 42 ms on 172.26.0.13 (executor 1) (4/6)
26/08/14 00:22:33 INFO TaskSetManager: Finished task 3.0 in stage 31.0 (TID 103) in 43 ms on 172.26.0.13 (executor 1) (5/6)
26/08/14 00:22:33 INFO TaskSetManager: Finished task 2.0 in stage 31.0 (TID 101) in 44 ms on 172.26.0.13 (executor 1) (6/6)
26/08/14 00:22:33 INFO TaskSchedulerImpl: Removed TaskSet 31.0, whose tasks have all completed, from pool 
26/08/14 00:22:33 INFO DAGScheduler: ShuffleMapStage 31 (call at /opt/spark/python/lib/py4j-0.10.9.7-src.zip/py4j/clientserver.py:617) finished in 0.058 s
26/08/14 00:22:33 INFO DAGScheduler: looking for newly runnable stages
26/08/14 00:22:33 INFO DAGScheduler: running: Set()
26/08/14 00:22:33 INFO DAGScheduler: waiting: Set(ResultStage 32)
26/08/14 00:22:33 INFO DAGScheduler: failed: Set()
26/08/14 00:22:33 INFO DAGScheduler: Submitting ResultStage 32 (MapPartitionsRDD[216] at call at /opt/spark/python/lib/py4j-0.10.9.7-src.zip/py4j/clientserver.py:617), which has no missing parents
26/08/14 00:22:33 INFO MemoryStore: Block broadcast_31 stored as values in memory (estimated size 13.1 KiB, free 191.1 MiB)
26/08/14 00:22:33 INFO MemoryStore: Block broadcast_31_piece0 stored as bytes in memory (estimated size 6.1 KiB, free 191.1 MiB)
26/08/14 00:22:33 INFO BlockManagerInfo: Added broadcast_31_piece0 in memory on spark-driver:40129 (size: 6.1 KiB, free: 191.2 MiB)
26/08/14 00:22:33 INFO SparkContext: Created broadcast 31 from broadcast at DAGScheduler.scala:1585
26/08/14 00:22:33 INFO DAGScheduler: Submitting 1 missing tasks from ResultStage 32 (MapPartitionsRDD[216] at call at /opt/spark/python/lib/py4j-0.10.9.7-src.zip/py4j/clientserver.py:617) (first 15 tasks are for partitions Vector(0))
26/08/14 00:22:33 INFO TaskSchedulerImpl: Adding task set 32.0 with 1 tasks resource profile 0
26/08/14 00:22:33 INFO TaskSetManager: Starting task 0.0 in stage 32.0 (TID 106) (172.26.0.12, executor 0, partition 0, NODE_LOCAL, 9003 bytes) 
26/08/14 00:22:33 INFO BlockManagerInfo: Added broadcast_31_piece0 in memory on 172.26.0.12:33073 (size: 6.1 KiB, free: 413.0 MiB)
26/08/14 00:22:33 INFO MapOutputTrackerMasterEndpoint: Asked to send map output locations for shuffle 14 to 172.26.0.12:49600
26/08/14 00:22:33 INFO TaskSetManager: Finished task 0.0 in stage 32.0 (TID 106) in 20 ms on 172.26.0.12 (executor 0) (1/1)
26/08/14 00:22:33 INFO TaskSchedulerImpl: Removed TaskSet 32.0, whose tasks have all completed, from pool 
26/08/14 00:22:33 INFO DAGScheduler: ResultStage 32 (call at /opt/spark/python/lib/py4j-0.10.9.7-src.zip/py4j/clientserver.py:617) finished in 0.027 s
26/08/14 00:22:33 INFO DAGScheduler: Job 17 is finished. Cancelling potential speculative or zombie tasks for this job
26/08/14 00:22:33 INFO TaskSchedulerImpl: Killing all running tasks in stage 32: Stage finished
26/08/14 00:22:33 INFO DAGScheduler: Job 17 finished: call at /opt/spark/python/lib/py4j-0.10.9.7-src.zip/py4j/clientserver.py:617, took 0.091357 s
26/08/14 00:22:33 INFO MapPartitionsRDD: Removing RDD 157 from persistence list
26/08/14 00:22:33 INFO BlockManager: Removing RDD 157
26/08/14 00:22:33 INFO WatermarkTracker: Updating event-time watermark from 1786666827285 to 1786666830847 ms
26/08/14 00:22:33 INFO CheckpointFileManager: Writing atomically to file:/opt/checkpoints/trips/commits/3 using temp file file:/opt/checkpoints/trips/commits/.3.60f57ddc-4b17-4e71-af0e-6bb67220fb53.tmp
26/08/14 00:22:33 INFO CheckpointFileManager: Renamed temp file file:/opt/checkpoints/trips/commits/.3.60f57ddc-4b17-4e71-af0e-6bb67220fb53.tmp to file:/opt/checkpoints/trips/commits/3
26/08/14 00:22:33 INFO MicroBatchExecution: Streaming query made progress: {
  "id" : "b85a33a4-dee1-4170-b062-c47d2470428c",
  "runId" : "5a4a512e-2b33-436f-89d6-2ad644eee1fd",
  "name" : "trips-ingest-ab_ab_no_backoff_1",
  "timestamp" : "2026-08-14T00:22:30.949Z",
  "batchId" : 3,
  "numInputRows" : 2910,
  "inputRowsPerSecond" : 799.2309804998627,
  "processedRowsPerSecond" : 971.2950600801069,
  "durationMs" : {
    "addBatch" : 2897,
    "commitOffsets" : 29,
    "getBatch" : 0,
    "latestOffset" : 10,
    "queryPlanning" : 22,
    "triggerExecution" : 2996,
    "walCommit" : 35
  },
  "eventTime" : {
    "avg" : "2026-08-14T00:22:27.635Z",
    "max" : "2026-08-14T00:22:30.847Z",
    "min" : "2026-08-14T00:22:24.457Z",
    "watermark" : "2026-08-14T00:20:27.285Z"
  },
  "stateOperators" : [ ],
  "sources" : [ {
    "description" : "KafkaV2[Subscribe[trips.raw]]",
    "startOffset" : {
      "trips.raw" : {
        "2" : 267977,
        "5" : 266485,
        "4" : 267784,
        "1" : 267541,
        "3" : 267908,
        "0" : 267802
      }
    },
    "endOffset" : {
      "trips.raw" : {
        "2" : 268462,
        "5" : 266984,
        "4" : 268274,
        "1" : 268010,
        "3" : 268378,
        "0" : 268299
      }
    },
    "latestOffset" : {
      "trips.raw" : {
        "2" : 268462,
        "5" : 266984,
        "4" : 268274,
        "1" : 268010,
        "3" : 268378,
        "0" : 268299
      }
    },
    "numInputRows" : 2910,
    "inputRowsPerSecond" : 799.2309804998627,
    "processedRowsPerSecond" : 971.2950600801069,
    "metrics" : {
      "avgOffsetsBehindLatest" : "0.0",
      "maxOffsetsBehindLatest" : "0",
      "minOffsetsBehindLatest" : "0"
    }
  } ],
  "sink" : {
    "description" : "ForeachBatchSink",
    "numOutputRows" : -1
  }
}
26/08/14 00:22:33 INFO CheckpointFileManager: Writing atomically to file:/opt/checkpoints/trips/offsets/4 using temp file file:/opt/checkpoints/trips/offsets/.4.042898b1-196f-4acd-8333-e0543d14ed5c.tmp
26/08/14 00:22:33 INFO CheckpointFileManager: Renamed temp file file:/opt/checkpoints/trips/offsets/.4.042898b1-196f-4acd-8333-e0543d14ed5c.tmp to file:/opt/checkpoints/trips/offsets/4
26/08/14 00:22:33 INFO MicroBatchExecution: Committed offsets for batch 4. Metadata OffsetSeqMetadata(1786666830847,1786666953952,Map(spark.sql.streaming.stateStore.providerClass -> org.apache.spark.sql.execution.streaming.state.HDFSBackedStateStoreProvider, spark.sql.streaming.join.stateFormatVersion -> 2, spark.sql.streaming.stateStore.compression.codec -> lz4, spark.sql.streaming.stateStore.rocksdb.formatVersion -> 5, spark.sql.streaming.statefulOperator.useStrictDistribution -> true, spark.sql.streaming.flatMapGroupsWithState.stateFormatVersion -> 2, spark.sql.streaming.multipleWatermarkPolicy -> min, spark.sql.streaming.aggregation.stateFormatVersion -> 2, spark.sql.shuffle.partitions -> 6))
26/08/14 00:22:33 INFO KafkaOffsetReaderAdmin: Partitions added: Map()
26/08/14 00:22:33 INFO KafkaOffsetReaderAdmin: Partitions added: Map()
26/08/14 00:22:33 INFO KafkaOffsetReaderAdmin: Partitions added: Map()
26/08/14 00:22:33 INFO KafkaOffsetReaderAdmin: Partitions added: Map()
2026-08-14 00:22:34,002 INFO  [stream] Received command c on object id p0
26/08/14 00:22:34 INFO BlockManagerInfo: Removed broadcast_30_piece0 on spark-driver:40129 in memory (size: 24.8 KiB, free: 191.2 MiB)
26/08/14 00:22:34 INFO BlockManagerInfo: Removed broadcast_30_piece0 on 172.26.0.12:33073 in memory (size: 24.8 KiB, free: 413.9 MiB)
26/08/14 00:22:34 INFO BlockManagerInfo: Removed broadcast_30_piece0 on 172.26.0.13:34511 in memory (size: 24.8 KiB, free: 413.9 MiB)
26/08/14 00:22:34 INFO BlockManagerInfo: Removed broadcast_31_piece0 on spark-driver:40129 in memory (size: 6.1 KiB, free: 191.2 MiB)
26/08/14 00:22:34 INFO BlockManagerInfo: Removed broadcast_31_piece0 on 172.26.0.12:33073 in memory (size: 6.1 KiB, free: 413.9 MiB)
26/08/14 00:22:34 INFO SparkContext: Starting job: count at <unknown>:0
26/08/14 00:22:34 INFO DAGScheduler: Registering RDD 231 (count at <unknown>:0) as input to shuffle 15
26/08/14 00:22:34 INFO DAGScheduler: Got job 18 (count at <unknown>:0) with 1 output partitions
26/08/14 00:22:34 INFO DAGScheduler: Final stage: ResultStage 34 (count at <unknown>:0)
26/08/14 00:22:34 INFO DAGScheduler: Parents of final stage: List(ShuffleMapStage 33)
26/08/14 00:22:34 INFO DAGScheduler: Missing parents: List(ShuffleMapStage 33)
26/08/14 00:22:34 INFO DAGScheduler: Submitting ShuffleMapStage 33 (MapPartitionsRDD[231] at count at <unknown>:0), which has no missing parents
26/08/14 00:22:34 INFO MemoryStore: Block broadcast_32 stored as values in memory (estimated size 64.6 KiB, free 191.1 MiB)
26/08/14 00:22:34 INFO MemoryStore: Block broadcast_32_piece0 stored as bytes in memory (estimated size 24.1 KiB, free 191.1 MiB)
26/08/14 00:22:34 INFO BlockManagerInfo: Added broadcast_32_piece0 in memory on spark-driver:40129 (size: 24.1 KiB, free: 191.2 MiB)
26/08/14 00:22:34 INFO SparkContext: Created broadcast 32 from broadcast at DAGScheduler.scala:1585
26/08/14 00:22:34 INFO DAGScheduler: Submitting 6 missing tasks from ShuffleMapStage 33 (MapPartitionsRDD[231] at count at <unknown>:0) (first 15 tasks are for partitions Vector(0, 1, 2, 3, 4, 5))
26/08/14 00:22:34 INFO TaskSchedulerImpl: Adding task set 33.0 with 6 tasks resource profile 0
26/08/14 00:22:34 INFO TaskSetManager: Starting task 2.0 in stage 33.0 (TID 107) (172.26.0.13, executor 1, partition 2, PROCESS_LOCAL, 9921 bytes) 
26/08/14 00:22:34 INFO TaskSetManager: Starting task 0.0 in stage 33.0 (TID 108) (172.26.0.12, executor 0, partition 0, PROCESS_LOCAL, 9921 bytes) 
26/08/14 00:22:34 INFO TaskSetManager: Starting task 3.0 in stage 33.0 (TID 109) (172.26.0.13, executor 1, partition 3, PROCESS_LOCAL, 9921 bytes) 
26/08/14 00:22:34 INFO TaskSetManager: Starting task 1.0 in stage 33.0 (TID 110) (172.26.0.12, executor 0, partition 1, PROCESS_LOCAL, 9921 bytes) 
26/08/14 00:22:34 INFO TaskSetManager: Starting task 4.0 in stage 33.0 (TID 111) (172.26.0.13, executor 1, partition 4, PROCESS_LOCAL, 9921 bytes) 
26/08/14 00:22:34 INFO TaskSetManager: Starting task 5.0 in stage 33.0 (TID 112) (172.26.0.12, executor 0, partition 5, PROCESS_LOCAL, 9921 bytes) 
26/08/14 00:22:34 INFO BlockManagerInfo: Added broadcast_32_piece0 in memory on 172.26.0.12:33073 (size: 24.1 KiB, free: 413.9 MiB)
26/08/14 00:22:34 INFO BlockManagerInfo: Added broadcast_32_piece0 in memory on 172.26.0.13:34511 (size: 24.1 KiB, free: 413.9 MiB)
26/08/14 00:22:34 INFO BlockManagerInfo: Added rdd_226_1 in memory on 172.26.0.12:33073 (size: 248.1 KiB, free: 413.7 MiB)
26/08/14 00:22:34 INFO BlockManagerInfo: Added rdd_226_5 in memory on 172.26.0.12:33073 (size: 242.7 KiB, free: 413.4 MiB)
26/08/14 00:22:34 INFO TaskSetManager: Finished task 1.0 in stage 33.0 (TID 110) in 120 ms on 172.26.0.12 (executor 0) (1/6)
26/08/14 00:22:34 INFO BlockManagerInfo: Added rdd_226_0 in memory on 172.26.0.12:33073 (size: 272.9 KiB, free: 413.2 MiB)
26/08/14 00:22:34 INFO TaskSetManager: Finished task 5.0 in stage 33.0 (TID 112) in 123 ms on 172.26.0.12 (executor 0) (2/6)
26/08/14 00:22:34 INFO BlockManagerInfo: Added rdd_226_2 in memory on 172.26.0.13:34511 (size: 256.9 KiB, free: 413.7 MiB)
26/08/14 00:22:34 INFO TaskSetManager: Finished task 0.0 in stage 33.0 (TID 108) in 134 ms on 172.26.0.12 (executor 0) (3/6)
26/08/14 00:22:34 INFO TaskSetManager: Finished task 2.0 in stage 33.0 (TID 107) in 138 ms on 172.26.0.13 (executor 1) (4/6)
26/08/14 00:22:34 INFO BlockManagerInfo: Added rdd_226_3 in memory on 172.26.0.13:34511 (size: 236.8 KiB, free: 413.4 MiB)
26/08/14 00:22:34 INFO BlockManagerInfo: Added rdd_226_4 in memory on 172.26.0.13:34511 (size: 240.4 KiB, free: 413.2 MiB)
26/08/14 00:22:34 INFO TaskSetManager: Finished task 3.0 in stage 33.0 (TID 109) in 158 ms on 172.26.0.13 (executor 1) (5/6)
26/08/14 00:22:34 INFO TaskSetManager: Finished task 4.0 in stage 33.0 (TID 111) in 164 ms on 172.26.0.13 (executor 1) (6/6)
26/08/14 00:22:34 INFO TaskSchedulerImpl: Removed TaskSet 33.0, whose tasks have all completed, from pool 
26/08/14 00:22:34 INFO DAGScheduler: ShuffleMapStage 33 (count at <unknown>:0) finished in 0.169 s
26/08/14 00:22:34 INFO DAGScheduler: looking for newly runnable stages
26/08/14 00:22:34 INFO DAGScheduler: running: Set()
26/08/14 00:22:34 INFO DAGScheduler: waiting: Set(ResultStage 34)
26/08/14 00:22:34 INFO DAGScheduler: failed: Set()
26/08/14 00:22:34 INFO DAGScheduler: Submitting ResultStage 34 (MapPartitionsRDD[234] at count at <unknown>:0), which has no missing parents
26/08/14 00:22:34 INFO MemoryStore: Block broadcast_33 stored as values in memory (estimated size 12.5 KiB, free 191.1 MiB)
26/08/14 00:22:34 INFO MemoryStore: Block broadcast_33_piece0 stored as bytes in memory (estimated size 5.9 KiB, free 191.1 MiB)
26/08/14 00:22:34 INFO BlockManagerInfo: Added broadcast_33_piece0 in memory on spark-driver:40129 (size: 5.9 KiB, free: 191.2 MiB)
26/08/14 00:22:34 INFO SparkContext: Created broadcast 33 from broadcast at DAGScheduler.scala:1585
26/08/14 00:22:34 INFO DAGScheduler: Submitting 1 missing tasks from ResultStage 34 (MapPartitionsRDD[234] at count at <unknown>:0) (first 15 tasks are for partitions Vector(0))
26/08/14 00:22:34 INFO TaskSchedulerImpl: Adding task set 34.0 with 1 tasks resource profile 0
26/08/14 00:22:34 INFO TaskSetManager: Starting task 0.0 in stage 34.0 (TID 113) (172.26.0.13, executor 1, partition 0, NODE_LOCAL, 9003 bytes) 
26/08/14 00:22:34 INFO BlockManagerInfo: Added broadcast_33_piece0 in memory on 172.26.0.13:34511 (size: 5.9 KiB, free: 413.2 MiB)
26/08/14 00:22:34 INFO MapOutputTrackerMasterEndpoint: Asked to send map output locations for shuffle 15 to 172.26.0.13:50552
26/08/14 00:22:34 INFO TaskSetManager: Finished task 0.0 in stage 34.0 (TID 113) in 25 ms on 172.26.0.13 (executor 1) (1/1)
26/08/14 00:22:34 INFO TaskSchedulerImpl: Removed TaskSet 34.0, whose tasks have all completed, from pool 
26/08/14 00:22:34 INFO DAGScheduler: ResultStage 34 (count at <unknown>:0) finished in 0.034 s
26/08/14 00:22:34 INFO DAGScheduler: Job 18 is finished. Cancelling potential speculative or zombie tasks for this job
26/08/14 00:22:34 INFO TaskSchedulerImpl: Killing all running tasks in stage 34: Stage finished
26/08/14 00:22:34 INFO DAGScheduler: Job 18 finished: count at <unknown>:0, took 0.207497 s
26/08/14 00:22:34 INFO BlockManagerInfo: Removed broadcast_32_piece0 on spark-driver:40129 in memory (size: 24.1 KiB, free: 191.2 MiB)
26/08/14 00:22:34 INFO SparkContext: Starting job: count at <unknown>:0
26/08/14 00:22:34 INFO DAGScheduler: Registering RDD 239 (count at <unknown>:0) as input to shuffle 16
26/08/14 00:22:34 INFO BlockManagerInfo: Removed broadcast_32_piece0 on 172.26.0.12:33073 in memory (size: 24.1 KiB, free: 413.2 MiB)
26/08/14 00:22:34 INFO BlockManagerInfo: Removed broadcast_32_piece0 on 172.26.0.13:34511 in memory (size: 24.1 KiB, free: 413.2 MiB)
26/08/14 00:22:34 INFO DAGScheduler: Got job 19 (count at <unknown>:0) with 1 output partitions
26/08/14 00:22:34 INFO DAGScheduler: Final stage: ResultStage 36 (count at <unknown>:0)
26/08/14 00:22:34 INFO DAGScheduler: Parents of final stage: List(ShuffleMapStage 35)
26/08/14 00:22:34 INFO DAGScheduler: Missing parents: List(ShuffleMapStage 35)
26/08/14 00:22:34 INFO DAGScheduler: Submitting ShuffleMapStage 35 (MapPartitionsRDD[239] at count at <unknown>:0), which has no missing parents
26/08/14 00:22:34 INFO BlockManagerInfo: Removed broadcast_33_piece0 on spark-driver:40129 in memory (size: 5.9 KiB, free: 191.2 MiB)
26/08/14 00:22:34 INFO BlockManagerInfo: Removed broadcast_33_piece0 on 172.26.0.13:34511 in memory (size: 5.9 KiB, free: 413.2 MiB)
26/08/14 00:22:34 INFO MemoryStore: Block broadcast_34 stored as values in memory (estimated size 64.9 KiB, free 191.1 MiB)
26/08/14 00:22:34 INFO MemoryStore: Block broadcast_34_piece0 stored as bytes in memory (estimated size 24.2 KiB, free 191.1 MiB)
26/08/14 00:22:34 INFO BlockManagerInfo: Added broadcast_34_piece0 in memory on spark-driver:40129 (size: 24.2 KiB, free: 191.2 MiB)
26/08/14 00:22:34 INFO SparkContext: Created broadcast 34 from broadcast at DAGScheduler.scala:1585
26/08/14 00:22:34 INFO DAGScheduler: Submitting 6 missing tasks from ShuffleMapStage 35 (MapPartitionsRDD[239] at count at <unknown>:0) (first 15 tasks are for partitions Vector(0, 1, 2, 3, 4, 5))
26/08/14 00:22:34 INFO TaskSchedulerImpl: Adding task set 35.0 with 6 tasks resource profile 0
26/08/14 00:22:34 INFO TaskSetManager: Starting task 2.0 in stage 35.0 (TID 114) (172.26.0.13, executor 1, partition 2, PROCESS_LOCAL, 9921 bytes) 
26/08/14 00:22:34 INFO TaskSetManager: Starting task 0.0 in stage 35.0 (TID 115) (172.26.0.12, executor 0, partition 0, PROCESS_LOCAL, 9921 bytes) 
26/08/14 00:22:34 INFO TaskSetManager: Starting task 3.0 in stage 35.0 (TID 116) (172.26.0.13, executor 1, partition 3, PROCESS_LOCAL, 9921 bytes) 
26/08/14 00:22:34 INFO TaskSetManager: Starting task 1.0 in stage 35.0 (TID 117) (172.26.0.12, executor 0, partition 1, PROCESS_LOCAL, 9921 bytes) 
26/08/14 00:22:34 INFO TaskSetManager: Starting task 4.0 in stage 35.0 (TID 118) (172.26.0.13, executor 1, partition 4, PROCESS_LOCAL, 9921 bytes) 
26/08/14 00:22:34 INFO TaskSetManager: Starting task 5.0 in stage 35.0 (TID 119) (172.26.0.12, executor 0, partition 5, PROCESS_LOCAL, 9921 bytes) 
26/08/14 00:22:34 INFO BlockManagerInfo: Added broadcast_34_piece0 in memory on 172.26.0.13:34511 (size: 24.2 KiB, free: 413.2 MiB)
26/08/14 00:22:34 INFO BlockManagerInfo: Added broadcast_34_piece0 in memory on 172.26.0.12:33073 (size: 24.2 KiB, free: 413.2 MiB)
26/08/14 00:22:34 INFO TaskSetManager: Finished task 1.0 in stage 35.0 (TID 117) in 30 ms on 172.26.0.12 (executor 0) (1/6)
26/08/14 00:22:34 INFO TaskSetManager: Finished task 0.0 in stage 35.0 (TID 115) in 30 ms on 172.26.0.12 (executor 0) (2/6)
26/08/14 00:22:34 INFO TaskSetManager: Finished task 3.0 in stage 35.0 (TID 116) in 32 ms on 172.26.0.13 (executor 1) (3/6)
26/08/14 00:22:34 INFO TaskSetManager: Finished task 2.0 in stage 35.0 (TID 114) in 32 ms on 172.26.0.13 (executor 1) (4/6)
26/08/14 00:22:34 INFO TaskSetManager: Finished task 4.0 in stage 35.0 (TID 118) in 32 ms on 172.26.0.13 (executor 1) (5/6)
26/08/14 00:22:34 INFO TaskSetManager: Finished task 5.0 in stage 35.0 (TID 119) in 33 ms on 172.26.0.12 (executor 0) (6/6)
26/08/14 00:22:34 INFO TaskSchedulerImpl: Removed TaskSet 35.0, whose tasks have all completed, from pool 
26/08/14 00:22:34 INFO DAGScheduler: ShuffleMapStage 35 (count at <unknown>:0) finished in 0.041 s
26/08/14 00:22:34 INFO DAGScheduler: looking for newly runnable stages
26/08/14 00:22:34 INFO DAGScheduler: running: Set()
26/08/14 00:22:34 INFO DAGScheduler: waiting: Set(ResultStage 36)
26/08/14 00:22:34 INFO DAGScheduler: failed: Set()
26/08/14 00:22:34 INFO DAGScheduler: Submitting ResultStage 36 (MapPartitionsRDD[242] at count at <unknown>:0), which has no missing parents
26/08/14 00:22:34 INFO MemoryStore: Block broadcast_35 stored as values in memory (estimated size 12.5 KiB, free 191.1 MiB)
26/08/14 00:22:34 INFO MemoryStore: Block broadcast_35_piece0 stored as bytes in memory (estimated size 5.9 KiB, free 191.1 MiB)
26/08/14 00:22:34 INFO BlockManagerInfo: Added broadcast_35_piece0 in memory on spark-driver:40129 (size: 5.9 KiB, free: 191.2 MiB)
26/08/14 00:22:34 INFO SparkContext: Created broadcast 35 from broadcast at DAGScheduler.scala:1585
26/08/14 00:22:34 INFO DAGScheduler: Submitting 1 missing tasks from ResultStage 36 (MapPartitionsRDD[242] at count at <unknown>:0) (first 15 tasks are for partitions Vector(0))
26/08/14 00:22:34 INFO TaskSchedulerImpl: Adding task set 36.0 with 1 tasks resource profile 0
26/08/14 00:22:34 INFO TaskSetManager: Starting task 0.0 in stage 36.0 (TID 120) (172.26.0.12, executor 0, partition 0, NODE_LOCAL, 9003 bytes) 
26/08/14 00:22:34 INFO BlockManagerInfo: Added broadcast_35_piece0 in memory on 172.26.0.12:33073 (size: 5.9 KiB, free: 413.1 MiB)
26/08/14 00:22:34 INFO MapOutputTrackerMasterEndpoint: Asked to send map output locations for shuffle 16 to 172.26.0.12:49600
26/08/14 00:22:34 INFO TaskSetManager: Finished task 0.0 in stage 36.0 (TID 120) in 18 ms on 172.26.0.12 (executor 0) (1/1)
26/08/14 00:22:34 INFO TaskSchedulerImpl: Removed TaskSet 36.0, whose tasks have all completed, from pool 
26/08/14 00:22:34 INFO DAGScheduler: ResultStage 36 (count at <unknown>:0) finished in 0.024 s
26/08/14 00:22:34 INFO DAGScheduler: Job 19 is finished. Cancelling potential speculative or zombie tasks for this job
26/08/14 00:22:34 INFO TaskSchedulerImpl: Killing all running tasks in stage 36: Stage finished
26/08/14 00:22:34 INFO DAGScheduler: Job 19 finished: count at <unknown>:0, took 0.072553 s
26/08/14 00:22:34 INFO CodeGenerator: Code generated in 12.560084 ms
26/08/14 00:22:34 INFO DefaultCachedBatchSerializer: Predicate isnotnull(event_time#89-T120000ms) generates partition filter: ((event_time.count#12271 - event_time.nullCount#12270) > 0)
26/08/14 00:22:34 INFO DefaultCachedBatchSerializer: Predicate (event_time#89-T120000ms < 2026-08-14 00:20:30.847) generates partition filter: (event_time.lowerBound#12269 < 2026-08-14 00:20:30.847)
26/08/14 00:22:34 INFO SparkContext: Starting job: count at <unknown>:0
26/08/14 00:22:34 INFO DAGScheduler: Registering RDD 247 (count at <unknown>:0) as input to shuffle 17
26/08/14 00:22:34 INFO DAGScheduler: Got job 20 (count at <unknown>:0) with 1 output partitions
26/08/14 00:22:34 INFO DAGScheduler: Final stage: ResultStage 38 (count at <unknown>:0)
26/08/14 00:22:34 INFO DAGScheduler: Parents of final stage: List(ShuffleMapStage 37)
26/08/14 00:22:34 INFO DAGScheduler: Missing parents: List(ShuffleMapStage 37)
26/08/14 00:22:34 INFO DAGScheduler: Submitting ShuffleMapStage 37 (MapPartitionsRDD[247] at count at <unknown>:0), which has no missing parents
26/08/14 00:22:34 INFO MemoryStore: Block broadcast_36 stored as values in memory (estimated size 67.2 KiB, free 191.0 MiB)
26/08/14 00:22:34 INFO MemoryStore: Block broadcast_36_piece0 stored as bytes in memory (estimated size 25.6 KiB, free 191.0 MiB)
26/08/14 00:22:34 INFO BlockManagerInfo: Added broadcast_36_piece0 in memory on spark-driver:40129 (size: 25.6 KiB, free: 191.2 MiB)
26/08/14 00:22:34 INFO SparkContext: Created broadcast 36 from broadcast at DAGScheduler.scala:1585
26/08/14 00:22:34 INFO BlockManagerInfo: Removed broadcast_34_piece0 on spark-driver:40129 in memory (size: 24.2 KiB, free: 191.2 MiB)
26/08/14 00:22:34 INFO DAGScheduler: Submitting 6 missing tasks from ShuffleMapStage 37 (MapPartitionsRDD[247] at count at <unknown>:0) (first 15 tasks are for partitions Vector(0, 1, 2, 3, 4, 5))
26/08/14 00:22:34 INFO TaskSchedulerImpl: Adding task set 37.0 with 6 tasks resource profile 0
26/08/14 00:22:34 INFO TaskSetManager: Starting task 2.0 in stage 37.0 (TID 121) (172.26.0.13, executor 1, partition 2, PROCESS_LOCAL, 9921 bytes) 
26/08/14 00:22:34 INFO BlockManagerInfo: Removed broadcast_34_piece0 on 172.26.0.13:34511 in memory (size: 24.2 KiB, free: 413.2 MiB)
26/08/14 00:22:34 INFO TaskSetManager: Starting task 0.0 in stage 37.0 (TID 122) (172.26.0.12, executor 0, partition 0, PROCESS_LOCAL, 9921 bytes) 
26/08/14 00:22:34 INFO TaskSetManager: Starting task 3.0 in stage 37.0 (TID 123) (172.26.0.13, executor 1, partition 3, PROCESS_LOCAL, 9921 bytes) 
26/08/14 00:22:34 INFO TaskSetManager: Starting task 1.0 in stage 37.0 (TID 124) (172.26.0.12, executor 0, partition 1, PROCESS_LOCAL, 9921 bytes) 
26/08/14 00:22:34 INFO BlockManagerInfo: Removed broadcast_34_piece0 on 172.26.0.12:33073 in memory (size: 24.2 KiB, free: 413.2 MiB)
26/08/14 00:22:34 INFO TaskSetManager: Starting task 4.0 in stage 37.0 (TID 125) (172.26.0.13, executor 1, partition 4, PROCESS_LOCAL, 9921 bytes) 
26/08/14 00:22:34 INFO TaskSetManager: Starting task 5.0 in stage 37.0 (TID 126) (172.26.0.12, executor 0, partition 5, PROCESS_LOCAL, 9921 bytes) 
26/08/14 00:22:34 INFO BlockManagerInfo: Removed broadcast_35_piece0 on spark-driver:40129 in memory (size: 5.9 KiB, free: 191.2 MiB)
26/08/14 00:22:34 INFO BlockManagerInfo: Removed broadcast_35_piece0 on 172.26.0.12:33073 in memory (size: 5.9 KiB, free: 413.2 MiB)
26/08/14 00:22:34 INFO BlockManagerInfo: Added broadcast_36_piece0 in memory on 172.26.0.13:34511 (size: 25.6 KiB, free: 413.2 MiB)
26/08/14 00:22:34 INFO BlockManagerInfo: Added broadcast_36_piece0 in memory on 172.26.0.12:33073 (size: 25.6 KiB, free: 413.2 MiB)
26/08/14 00:22:34 INFO TaskSetManager: Finished task 2.0 in stage 37.0 (TID 121) in 50 ms on 172.26.0.13 (executor 1) (1/6)
26/08/14 00:22:34 INFO TaskSetManager: Finished task 3.0 in stage 37.0 (TID 123) in 50 ms on 172.26.0.13 (executor 1) (2/6)
26/08/14 00:22:34 INFO TaskSetManager: Finished task 4.0 in stage 37.0 (TID 125) in 51 ms on 172.26.0.13 (executor 1) (3/6)
26/08/14 00:22:34 INFO TaskSetManager: Finished task 5.0 in stage 37.0 (TID 126) in 51 ms on 172.26.0.12 (executor 0) (4/6)
26/08/14 00:22:34 INFO TaskSetManager: Finished task 0.0 in stage 37.0 (TID 122) in 54 ms on 172.26.0.12 (executor 0) (5/6)
26/08/14 00:22:34 INFO TaskSetManager: Finished task 1.0 in stage 37.0 (TID 124) in 54 ms on 172.26.0.12 (executor 0) (6/6)
26/08/14 00:22:34 INFO TaskSchedulerImpl: Removed TaskSet 37.0, whose tasks have all completed, from pool 
26/08/14 00:22:34 INFO DAGScheduler: ShuffleMapStage 37 (count at <unknown>:0) finished in 0.069 s
26/08/14 00:22:34 INFO DAGScheduler: looking for newly runnable stages
26/08/14 00:22:34 INFO DAGScheduler: running: Set()
26/08/14 00:22:34 INFO DAGScheduler: waiting: Set(ResultStage 38)
26/08/14 00:22:34 INFO DAGScheduler: failed: Set()
26/08/14 00:22:34 INFO DAGScheduler: Submitting ResultStage 38 (MapPartitionsRDD[250] at count at <unknown>:0), which has no missing parents
26/08/14 00:22:34 INFO MemoryStore: Block broadcast_37 stored as values in memory (estimated size 12.5 KiB, free 191.1 MiB)
26/08/14 00:22:34 INFO MemoryStore: Block broadcast_37_piece0 stored as bytes in memory (estimated size 5.9 KiB, free 191.1 MiB)
26/08/14 00:22:34 INFO BlockManagerInfo: Added broadcast_37_piece0 in memory on spark-driver:40129 (size: 5.9 KiB, free: 191.2 MiB)
26/08/14 00:22:34 INFO SparkContext: Created broadcast 37 from broadcast at DAGScheduler.scala:1585
26/08/14 00:22:34 INFO DAGScheduler: Submitting 1 missing tasks from ResultStage 38 (MapPartitionsRDD[250] at count at <unknown>:0) (first 15 tasks are for partitions Vector(0))
26/08/14 00:22:34 INFO TaskSchedulerImpl: Adding task set 38.0 with 1 tasks resource profile 0
26/08/14 00:22:34 INFO TaskSetManager: Starting task 0.0 in stage 38.0 (TID 127) (172.26.0.13, executor 1, partition 0, NODE_LOCAL, 9003 bytes) 
26/08/14 00:22:34 INFO BlockManagerInfo: Added broadcast_37_piece0 in memory on 172.26.0.13:34511 (size: 5.9 KiB, free: 413.2 MiB)
26/08/14 00:22:34 INFO MapOutputTrackerMasterEndpoint: Asked to send map output locations for shuffle 17 to 172.26.0.13:50552
26/08/14 00:22:34 INFO TaskSetManager: Finished task 0.0 in stage 38.0 (TID 127) in 27 ms on 172.26.0.13 (executor 1) (1/1)
26/08/14 00:22:34 INFO TaskSchedulerImpl: Removed TaskSet 38.0, whose tasks have all completed, from pool 
26/08/14 00:22:34 INFO DAGScheduler: ResultStage 38 (count at <unknown>:0) finished in 0.032 s
26/08/14 00:22:34 INFO DAGScheduler: Job 20 is finished. Cancelling potential speculative or zombie tasks for this job
26/08/14 00:22:34 INFO TaskSchedulerImpl: Killing all running tasks in stage 38: Stage finished
26/08/14 00:22:34 INFO DAGScheduler: Job 20 finished: count at <unknown>:0, took 0.106045 s
26/08/14 00:22:34 INFO DefaultCachedBatchSerializer: Predicate isnotnull(kind#12828) generates partition filter: ((kind.count#12897 - kind.nullCount#12896) > 0)
26/08/14 00:22:34 INFO DefaultCachedBatchSerializer: Predicate (kind#12828 = stats) generates partition filter: ((kind.lowerBound#12895 <= stats) AND (stats <= kind.upperBound#12894))
26/08/14 00:22:34 INFO SparkContext: Starting job: call at /opt/spark/python/lib/py4j-0.10.9.7-src.zip/py4j/clientserver.py:617
26/08/14 00:22:34 INFO DAGScheduler: Got job 21 (call at /opt/spark/python/lib/py4j-0.10.9.7-src.zip/py4j/clientserver.py:617) with 6 output partitions
26/08/14 00:22:34 INFO DAGScheduler: Final stage: ResultStage 39 (call at /opt/spark/python/lib/py4j-0.10.9.7-src.zip/py4j/clientserver.py:617)
26/08/14 00:22:34 INFO DAGScheduler: Parents of final stage: List()
26/08/14 00:22:34 INFO DAGScheduler: Missing parents: List()
26/08/14 00:22:34 INFO DAGScheduler: Submitting ResultStage 39 (MapPartitionsRDD[269] at call at /opt/spark/python/lib/py4j-0.10.9.7-src.zip/py4j/clientserver.py:617), which has no missing parents
26/08/14 00:22:34 INFO MemoryStore: Block broadcast_38 stored as values in memory (estimated size 90.0 KiB, free 191.0 MiB)
26/08/14 00:22:34 INFO MemoryStore: Block broadcast_38_piece0 stored as bytes in memory (estimated size 34.0 KiB, free 191.0 MiB)
26/08/14 00:22:34 INFO BlockManagerInfo: Added broadcast_38_piece0 in memory on spark-driver:40129 (size: 34.0 KiB, free: 191.1 MiB)
26/08/14 00:22:34 INFO BlockManagerInfo: Removed broadcast_37_piece0 on spark-driver:40129 in memory (size: 5.9 KiB, free: 191.2 MiB)
26/08/14 00:22:34 INFO SparkContext: Created broadcast 38 from broadcast at DAGScheduler.scala:1585
26/08/14 00:22:34 INFO DAGScheduler: Submitting 6 missing tasks from ResultStage 39 (MapPartitionsRDD[269] at call at /opt/spark/python/lib/py4j-0.10.9.7-src.zip/py4j/clientserver.py:617) (first 15 tasks are for partitions Vector(0, 1, 2, 3, 4, 5))
26/08/14 00:22:34 INFO TaskSchedulerImpl: Adding task set 39.0 with 6 tasks resource profile 0
26/08/14 00:22:34 INFO TaskSetManager: Starting task 0.0 in stage 39.0 (TID 128) (172.26.0.12, executor 0, partition 0, PROCESS_LOCAL, 9932 bytes) 
26/08/14 00:22:34 INFO BlockManagerInfo: Removed broadcast_37_piece0 on 172.26.0.13:34511 in memory (size: 5.9 KiB, free: 413.2 MiB)
26/08/14 00:22:34 INFO TaskSetManager: Starting task 2.0 in stage 39.0 (TID 129) (172.26.0.13, executor 1, partition 2, PROCESS_LOCAL, 9932 bytes) 
26/08/14 00:22:34 INFO TaskSetManager: Starting task 1.0 in stage 39.0 (TID 130) (172.26.0.12, executor 0, partition 1, PROCESS_LOCAL, 9932 bytes) 
26/08/14 00:22:34 INFO TaskSetManager: Starting task 3.0 in stage 39.0 (TID 131) (172.26.0.13, executor 1, partition 3, PROCESS_LOCAL, 9932 bytes) 
26/08/14 00:22:34 INFO TaskSetManager: Starting task 5.0 in stage 39.0 (TID 132) (172.26.0.12, executor 0, partition 5, PROCESS_LOCAL, 9932 bytes) 
26/08/14 00:22:34 INFO TaskSetManager: Starting task 4.0 in stage 39.0 (TID 133) (172.26.0.13, executor 1, partition 4, PROCESS_LOCAL, 9932 bytes) 
26/08/14 00:22:34 INFO BlockManagerInfo: Removed broadcast_36_piece0 on spark-driver:40129 in memory (size: 25.6 KiB, free: 191.2 MiB)
26/08/14 00:22:34 INFO BlockManagerInfo: Removed broadcast_36_piece0 on 172.26.0.12:33073 in memory (size: 25.6 KiB, free: 413.2 MiB)
26/08/14 00:22:34 INFO BlockManagerInfo: Removed broadcast_36_piece0 on 172.26.0.13:34511 in memory (size: 25.6 KiB, free: 413.2 MiB)
26/08/14 00:22:34 INFO BlockManagerInfo: Added broadcast_38_piece0 in memory on 172.26.0.12:33073 (size: 34.0 KiB, free: 413.1 MiB)
26/08/14 00:22:34 INFO BlockManagerInfo: Added broadcast_38_piece0 in memory on 172.26.0.13:34511 (size: 34.0 KiB, free: 413.2 MiB)
26/08/14 00:22:35 INFO BlockManagerInfo: Added rdd_264_3 in memory on 172.26.0.13:34511 (size: 1808.0 B, free: 413.2 MiB)
26/08/14 00:22:35 INFO TaskSetManager: Finished task 3.0 in stage 39.0 (TID 131) in 732 ms on 172.26.0.13 (executor 1) (1/6)
26/08/14 00:22:35 INFO BlockManagerInfo: Added rdd_264_1 in memory on 172.26.0.12:33073 (size: 1808.0 B, free: 413.1 MiB)
26/08/14 00:22:35 INFO BlockManagerInfo: Added rdd_264_5 in memory on 172.26.0.12:33073 (size: 1808.0 B, free: 413.1 MiB)
26/08/14 00:22:35 INFO BlockManagerInfo: Added rdd_264_4 in memory on 172.26.0.13:34511 (size: 1808.0 B, free: 413.2 MiB)
26/08/14 00:22:35 INFO TaskSetManager: Finished task 5.0 in stage 39.0 (TID 132) in 779 ms on 172.26.0.12 (executor 0) (2/6)
26/08/14 00:22:35 INFO TaskSetManager: Finished task 1.0 in stage 39.0 (TID 130) in 781 ms on 172.26.0.12 (executor 0) (3/6)
26/08/14 00:22:35 INFO TaskSetManager: Finished task 4.0 in stage 39.0 (TID 133) in 785 ms on 172.26.0.13 (executor 1) (4/6)
26/08/14 00:22:35 INFO BlockManagerInfo: Added rdd_264_2 in memory on 172.26.0.13:34511 (size: 1808.0 B, free: 413.2 MiB)
26/08/14 00:22:35 INFO TaskSetManager: Finished task 2.0 in stage 39.0 (TID 129) in 822 ms on 172.26.0.13 (executor 1) (5/6)
26/08/14 00:22:35 INFO BlockManagerInfo: Added rdd_264_0 in memory on 172.26.0.12:33073 (size: 1808.0 B, free: 413.1 MiB)
26/08/14 00:22:35 INFO TaskSetManager: Finished task 0.0 in stage 39.0 (TID 128) in 840 ms on 172.26.0.12 (executor 0) (6/6)
26/08/14 00:22:35 INFO TaskSchedulerImpl: Removed TaskSet 39.0, whose tasks have all completed, from pool 
26/08/14 00:22:35 INFO DAGScheduler: ResultStage 39 (call at /opt/spark/python/lib/py4j-0.10.9.7-src.zip/py4j/clientserver.py:617) finished in 0.851 s
26/08/14 00:22:35 INFO DAGScheduler: Job 21 is finished. Cancelling potential speculative or zombie tasks for this job
26/08/14 00:22:35 INFO TaskSchedulerImpl: Killing all running tasks in stage 39: Stage finished
26/08/14 00:22:35 INFO DAGScheduler: Job 21 finished: call at /opt/spark/python/lib/py4j-0.10.9.7-src.zip/py4j/clientserver.py:617, took 0.853743 s
26/08/14 00:22:35 INFO DefaultCachedBatchSerializer: Predicate isnotnull(kind#12828) generates partition filter: ((kind.count#12980 - kind.nullCount#12979) > 0)
26/08/14 00:22:35 INFO DefaultCachedBatchSerializer: Predicate (kind#12828 = dlq) generates partition filter: ((kind.lowerBound#12978 <= dlq) AND (dlq <= kind.upperBound#12977))
26/08/14 00:22:35 INFO SparkContext: Starting job: count at <unknown>:0
26/08/14 00:22:35 INFO DAGScheduler: Registering RDD 274 (count at <unknown>:0) as input to shuffle 18
26/08/14 00:22:35 INFO DAGScheduler: Got job 22 (count at <unknown>:0) with 1 output partitions
26/08/14 00:22:35 INFO DAGScheduler: Final stage: ResultStage 41 (count at <unknown>:0)
26/08/14 00:22:35 INFO DAGScheduler: Parents of final stage: List(ShuffleMapStage 40)
26/08/14 00:22:35 INFO DAGScheduler: Missing parents: List(ShuffleMapStage 40)
26/08/14 00:22:35 INFO DAGScheduler: Submitting ShuffleMapStage 40 (MapPartitionsRDD[274] at count at <unknown>:0), which has no missing parents
26/08/14 00:22:35 INFO MemoryStore: Block broadcast_39 stored as values in memory (estimated size 92.2 KiB, free 191.0 MiB)
26/08/14 00:22:35 INFO MemoryStore: Block broadcast_39_piece0 stored as bytes in memory (estimated size 35.3 KiB, free 191.0 MiB)
26/08/14 00:22:35 INFO BlockManagerInfo: Added broadcast_39_piece0 in memory on spark-driver:40129 (size: 35.3 KiB, free: 191.1 MiB)
26/08/14 00:22:35 INFO SparkContext: Created broadcast 39 from broadcast at DAGScheduler.scala:1585
26/08/14 00:22:35 INFO DAGScheduler: Submitting 6 missing tasks from ShuffleMapStage 40 (MapPartitionsRDD[274] at count at <unknown>:0) (first 15 tasks are for partitions Vector(0, 1, 2, 3, 4, 5))
26/08/14 00:22:35 INFO TaskSchedulerImpl: Adding task set 40.0 with 6 tasks resource profile 0
26/08/14 00:22:35 INFO TaskSetManager: Starting task 2.0 in stage 40.0 (TID 134) (172.26.0.13, executor 1, partition 2, PROCESS_LOCAL, 9921 bytes) 
26/08/14 00:22:35 INFO TaskSetManager: Starting task 0.0 in stage 40.0 (TID 135) (172.26.0.12, executor 0, partition 0, PROCESS_LOCAL, 9921 bytes) 
26/08/14 00:22:35 INFO TaskSetManager: Starting task 3.0 in stage 40.0 (TID 136) (172.26.0.13, executor 1, partition 3, PROCESS_LOCAL, 9921 bytes) 
26/08/14 00:22:35 INFO TaskSetManager: Starting task 1.0 in stage 40.0 (TID 137) (172.26.0.12, executor 0, partition 1, PROCESS_LOCAL, 9921 bytes) 
26/08/14 00:22:35 INFO TaskSetManager: Starting task 4.0 in stage 40.0 (TID 138) (172.26.0.13, executor 1, partition 4, PROCESS_LOCAL, 9921 bytes) 
26/08/14 00:22:35 INFO TaskSetManager: Starting task 5.0 in stage 40.0 (TID 139) (172.26.0.12, executor 0, partition 5, PROCESS_LOCAL, 9921 bytes) 
26/08/14 00:22:35 INFO BlockManagerInfo: Added broadcast_39_piece0 in memory on 172.26.0.13:34511 (size: 35.3 KiB, free: 413.1 MiB)
26/08/14 00:22:35 INFO BlockManagerInfo: Added broadcast_39_piece0 in memory on 172.26.0.12:33073 (size: 35.3 KiB, free: 413.1 MiB)
26/08/14 00:22:35 INFO TaskSetManager: Finished task 2.0 in stage 40.0 (TID 134) in 32 ms on 172.26.0.13 (executor 1) (1/6)
26/08/14 00:22:35 INFO TaskSetManager: Finished task 4.0 in stage 40.0 (TID 138) in 32 ms on 172.26.0.13 (executor 1) (2/6)
26/08/14 00:22:35 INFO TaskSetManager: Finished task 3.0 in stage 40.0 (TID 136) in 32 ms on 172.26.0.13 (executor 1) (3/6)
26/08/14 00:22:35 INFO TaskSetManager: Finished task 0.0 in stage 40.0 (TID 135) in 34 ms on 172.26.0.12 (executor 0) (4/6)
26/08/14 00:22:35 INFO TaskSetManager: Finished task 5.0 in stage 40.0 (TID 139) in 41 ms on 172.26.0.12 (executor 0) (5/6)
26/08/14 00:22:35 INFO TaskSetManager: Finished task 1.0 in stage 40.0 (TID 137) in 42 ms on 172.26.0.12 (executor 0) (6/6)
26/08/14 00:22:35 INFO TaskSchedulerImpl: Removed TaskSet 40.0, whose tasks have all completed, from pool 
26/08/14 00:22:35 INFO DAGScheduler: ShuffleMapStage 40 (count at <unknown>:0) finished in 0.052 s
26/08/14 00:22:35 INFO DAGScheduler: looking for newly runnable stages
26/08/14 00:22:35 INFO DAGScheduler: running: Set()
26/08/14 00:22:35 INFO DAGScheduler: waiting: Set(ResultStage 41)
26/08/14 00:22:35 INFO DAGScheduler: failed: Set()
26/08/14 00:22:35 INFO DAGScheduler: Submitting ResultStage 41 (MapPartitionsRDD[277] at count at <unknown>:0), which has no missing parents
26/08/14 00:22:35 INFO MemoryStore: Block broadcast_40 stored as values in memory (estimated size 12.5 KiB, free 191.0 MiB)
26/08/14 00:22:35 INFO MemoryStore: Block broadcast_40_piece0 stored as bytes in memory (estimated size 5.9 KiB, free 190.9 MiB)
26/08/14 00:22:35 INFO BlockManagerInfo: Added broadcast_40_piece0 in memory on spark-driver:40129 (size: 5.9 KiB, free: 191.1 MiB)
26/08/14 00:22:35 INFO SparkContext: Created broadcast 40 from broadcast at DAGScheduler.scala:1585
26/08/14 00:22:35 INFO DAGScheduler: Submitting 1 missing tasks from ResultStage 41 (MapPartitionsRDD[277] at count at <unknown>:0) (first 15 tasks are for partitions Vector(0))
26/08/14 00:22:35 INFO TaskSchedulerImpl: Adding task set 41.0 with 1 tasks resource profile 0
26/08/14 00:22:35 INFO TaskSetManager: Starting task 0.0 in stage 41.0 (TID 140) (172.26.0.13, executor 1, partition 0, NODE_LOCAL, 9003 bytes) 
26/08/14 00:22:35 INFO BlockManagerInfo: Added broadcast_40_piece0 in memory on 172.26.0.13:34511 (size: 5.9 KiB, free: 413.1 MiB)
26/08/14 00:22:35 INFO MapOutputTrackerMasterEndpoint: Asked to send map output locations for shuffle 18 to 172.26.0.13:50552
26/08/14 00:22:35 INFO TaskSetManager: Finished task 0.0 in stage 41.0 (TID 140) in 35 ms on 172.26.0.13 (executor 1) (1/1)
26/08/14 00:22:35 INFO TaskSchedulerImpl: Removed TaskSet 41.0, whose tasks have all completed, from pool 
26/08/14 00:22:35 INFO DAGScheduler: ResultStage 41 (count at <unknown>:0) finished in 0.039 s
26/08/14 00:22:35 INFO DAGScheduler: Job 22 is finished. Cancelling potential speculative or zombie tasks for this job
26/08/14 00:22:35 INFO TaskSchedulerImpl: Killing all running tasks in stage 41: Stage finished
26/08/14 00:22:35 INFO DAGScheduler: Job 22 finished: count at <unknown>:0, took 0.094598 s
26/08/14 00:22:35 INFO MapPartitionsRDD: Removing RDD 264 from persistence list
26/08/14 00:22:35 INFO BlockManager: Removing RDD 264
26/08/14 00:22:35 INFO BlockManagerInfo: Removed broadcast_38_piece0 on spark-driver:40129 in memory (size: 34.0 KiB, free: 191.2 MiB)
26/08/14 00:22:35 INFO BlockManagerInfo: Removed broadcast_38_piece0 on 172.26.0.13:34511 in memory (size: 34.0 KiB, free: 413.2 MiB)
26/08/14 00:22:35 INFO BlockManagerInfo: Removed broadcast_38_piece0 on 172.26.0.12:33073 in memory (size: 34.0 KiB, free: 413.1 MiB)
26/08/14 00:22:35 INFO BlockManagerInfo: Removed broadcast_39_piece0 on spark-driver:40129 in memory (size: 35.3 KiB, free: 191.2 MiB)
26/08/14 00:22:35 INFO BlockManagerInfo: Removed broadcast_39_piece0 on 172.26.0.13:34511 in memory (size: 35.3 KiB, free: 413.2 MiB)
26/08/14 00:22:35 INFO BlockManagerInfo: Removed broadcast_39_piece0 on 172.26.0.12:33073 in memory (size: 35.3 KiB, free: 413.2 MiB)
26/08/14 00:22:35 INFO BlockManagerInfo: Removed broadcast_40_piece0 on spark-driver:40129 in memory (size: 5.9 KiB, free: 191.2 MiB)
26/08/14 00:22:35 INFO BlockManagerInfo: Removed broadcast_40_piece0 on 172.26.0.13:34511 in memory (size: 5.9 KiB, free: 413.2 MiB)
26/08/14 00:22:35 INFO SparkContext: Starting job: call at /opt/spark/python/lib/py4j-0.10.9.7-src.zip/py4j/clientserver.py:617
26/08/14 00:22:35 INFO DAGScheduler: Registering RDD 282 (call at /opt/spark/python/lib/py4j-0.10.9.7-src.zip/py4j/clientserver.py:617) as input to shuffle 19
26/08/14 00:22:35 INFO DAGScheduler: Got job 23 (call at /opt/spark/python/lib/py4j-0.10.9.7-src.zip/py4j/clientserver.py:617) with 1 output partitions
26/08/14 00:22:35 INFO DAGScheduler: Final stage: ResultStage 43 (call at /opt/spark/python/lib/py4j-0.10.9.7-src.zip/py4j/clientserver.py:617)
26/08/14 00:22:35 INFO DAGScheduler: Parents of final stage: List(ShuffleMapStage 42)
26/08/14 00:22:35 INFO DAGScheduler: Missing parents: List(ShuffleMapStage 42)
26/08/14 00:22:35 INFO DAGScheduler: Submitting ShuffleMapStage 42 (MapPartitionsRDD[282] at call at /opt/spark/python/lib/py4j-0.10.9.7-src.zip/py4j/clientserver.py:617), which has no missing parents
26/08/14 00:22:35 INFO MemoryStore: Block broadcast_41 stored as values in memory (estimated size 66.1 KiB, free 191.1 MiB)
26/08/14 00:22:35 INFO MemoryStore: Block broadcast_41_piece0 stored as bytes in memory (estimated size 24.8 KiB, free 191.1 MiB)
26/08/14 00:22:35 INFO BlockManagerInfo: Added broadcast_41_piece0 in memory on spark-driver:40129 (size: 24.8 KiB, free: 191.2 MiB)
26/08/14 00:22:35 INFO SparkContext: Created broadcast 41 from broadcast at DAGScheduler.scala:1585
26/08/14 00:22:35 INFO DAGScheduler: Submitting 6 missing tasks from ShuffleMapStage 42 (MapPartitionsRDD[282] at call at /opt/spark/python/lib/py4j-0.10.9.7-src.zip/py4j/clientserver.py:617) (first 15 tasks are for partitions Vector(0, 1, 2, 3, 4, 5))
26/08/14 00:22:35 INFO TaskSchedulerImpl: Adding task set 42.0 with 6 tasks resource profile 0
26/08/14 00:22:35 INFO TaskSetManager: Starting task 0.0 in stage 42.0 (TID 141) (172.26.0.12, executor 0, partition 0, PROCESS_LOCAL, 9921 bytes) 
26/08/14 00:22:35 INFO TaskSetManager: Starting task 2.0 in stage 42.0 (TID 142) (172.26.0.13, executor 1, partition 2, PROCESS_LOCAL, 9921 bytes) 
26/08/14 00:22:35 INFO TaskSetManager: Starting task 1.0 in stage 42.0 (TID 143) (172.26.0.12, executor 0, partition 1, PROCESS_LOCAL, 9921 bytes) 
26/08/14 00:22:35 INFO TaskSetManager: Starting task 3.0 in stage 42.0 (TID 144) (172.26.0.13, executor 1, partition 3, PROCESS_LOCAL, 9921 bytes) 
26/08/14 00:22:35 INFO TaskSetManager: Starting task 5.0 in stage 42.0 (TID 145) (172.26.0.12, executor 0, partition 5, PROCESS_LOCAL, 9921 bytes) 
26/08/14 00:22:35 INFO TaskSetManager: Starting task 4.0 in stage 42.0 (TID 146) (172.26.0.13, executor 1, partition 4, PROCESS_LOCAL, 9921 bytes) 
26/08/14 00:22:35 INFO BlockManagerInfo: Added broadcast_41_piece0 in memory on 172.26.0.13:34511 (size: 24.8 KiB, free: 413.2 MiB)
26/08/14 00:22:35 INFO BlockManagerInfo: Added broadcast_41_piece0 in memory on 172.26.0.12:33073 (size: 24.8 KiB, free: 413.2 MiB)
26/08/14 00:22:35 INFO TaskSetManager: Finished task 1.0 in stage 42.0 (TID 143) in 19 ms on 172.26.0.12 (executor 0) (1/6)
26/08/14 00:22:35 INFO TaskSetManager: Finished task 2.0 in stage 42.0 (TID 142) in 21 ms on 172.26.0.13 (executor 1) (2/6)
26/08/14 00:22:35 INFO TaskSetManager: Finished task 4.0 in stage 42.0 (TID 146) in 20 ms on 172.26.0.13 (executor 1) (3/6)
26/08/14 00:22:35 INFO TaskSetManager: Finished task 5.0 in stage 42.0 (TID 145) in 20 ms on 172.26.0.12 (executor 0) (4/6)
26/08/14 00:22:35 INFO TaskSetManager: Finished task 3.0 in stage 42.0 (TID 144) in 21 ms on 172.26.0.13 (executor 1) (5/6)
26/08/14 00:22:35 INFO TaskSetManager: Finished task 0.0 in stage 42.0 (TID 141) in 22 ms on 172.26.0.12 (executor 0) (6/6)
26/08/14 00:22:35 INFO TaskSchedulerImpl: Removed TaskSet 42.0, whose tasks have all completed, from pool 
26/08/14 00:22:35 INFO DAGScheduler: ShuffleMapStage 42 (call at /opt/spark/python/lib/py4j-0.10.9.7-src.zip/py4j/clientserver.py:617) finished in 0.027 s
26/08/14 00:22:35 INFO DAGScheduler: looking for newly runnable stages
26/08/14 00:22:35 INFO DAGScheduler: running: Set()
26/08/14 00:22:35 INFO DAGScheduler: waiting: Set(ResultStage 43)
26/08/14 00:22:35 INFO DAGScheduler: failed: Set()
26/08/14 00:22:35 INFO DAGScheduler: Submitting ResultStage 43 (MapPartitionsRDD[285] at call at /opt/spark/python/lib/py4j-0.10.9.7-src.zip/py4j/clientserver.py:617), which has no missing parents
26/08/14 00:22:35 INFO MemoryStore: Block broadcast_42 stored as values in memory (estimated size 13.1 KiB, free 191.1 MiB)
26/08/14 00:22:35 INFO MemoryStore: Block broadcast_42_piece0 stored as bytes in memory (estimated size 6.2 KiB, free 191.1 MiB)
26/08/14 00:22:35 INFO BlockManagerInfo: Added broadcast_42_piece0 in memory on spark-driver:40129 (size: 6.2 KiB, free: 191.2 MiB)
26/08/14 00:22:35 INFO SparkContext: Created broadcast 42 from broadcast at DAGScheduler.scala:1585
26/08/14 00:22:35 INFO DAGScheduler: Submitting 1 missing tasks from ResultStage 43 (MapPartitionsRDD[285] at call at /opt/spark/python/lib/py4j-0.10.9.7-src.zip/py4j/clientserver.py:617) (first 15 tasks are for partitions Vector(0))
26/08/14 00:22:35 INFO TaskSchedulerImpl: Adding task set 43.0 with 1 tasks resource profile 0
26/08/14 00:22:35 INFO TaskSetManager: Starting task 0.0 in stage 43.0 (TID 147) (172.26.0.12, executor 0, partition 0, NODE_LOCAL, 9003 bytes) 
26/08/14 00:22:35 INFO BlockManagerInfo: Added broadcast_42_piece0 in memory on 172.26.0.12:33073 (size: 6.2 KiB, free: 413.1 MiB)
26/08/14 00:22:35 INFO MapOutputTrackerMasterEndpoint: Asked to send map output locations for shuffle 19 to 172.26.0.12:49600
26/08/14 00:22:35 INFO TaskSetManager: Finished task 0.0 in stage 43.0 (TID 147) in 16 ms on 172.26.0.12 (executor 0) (1/1)
26/08/14 00:22:35 INFO TaskSchedulerImpl: Removed TaskSet 43.0, whose tasks have all completed, from pool 
26/08/14 00:22:35 INFO DAGScheduler: ResultStage 43 (call at /opt/spark/python/lib/py4j-0.10.9.7-src.zip/py4j/clientserver.py:617) finished in 0.019 s
26/08/14 00:22:35 INFO DAGScheduler: Job 23 is finished. Cancelling potential speculative or zombie tasks for this job
26/08/14 00:22:35 INFO TaskSchedulerImpl: Killing all running tasks in stage 43: Stage finished
26/08/14 00:22:35 INFO DAGScheduler: Job 23 finished: call at /opt/spark/python/lib/py4j-0.10.9.7-src.zip/py4j/clientserver.py:617, took 0.049925 s
26/08/14 00:22:35 INFO MapPartitionsRDD: Removing RDD 226 from persistence list
26/08/14 00:22:35 INFO BlockManager: Removing RDD 226
26/08/14 00:22:35 INFO WatermarkTracker: Updating event-time watermark from 1786666830847 to 1786666833905 ms
26/08/14 00:22:35 INFO CheckpointFileManager: Writing atomically to file:/opt/checkpoints/trips/commits/4 using temp file file:/opt/checkpoints/trips/commits/.4.698ac6d1-cab9-4f6b-9061-552344e3d626.tmp
26/08/14 00:22:35 INFO CheckpointFileManager: Renamed temp file file:/opt/checkpoints/trips/commits/.4.698ac6d1-cab9-4f6b-9061-552344e3d626.tmp to file:/opt/checkpoints/trips/commits/4
26/08/14 00:22:35 INFO MicroBatchExecution: Streaming query made progress: {
  "id" : "b85a33a4-dee1-4170-b062-c47d2470428c",
  "runId" : "5a4a512e-2b33-436f-89d6-2ad644eee1fd",
  "name" : "trips-ingest-ab_ab_no_backoff_1",
  "timestamp" : "2026-08-14T00:22:33.947Z",
  "batchId" : 4,
  "numInputRows" : 2401,
  "inputRowsPerSecond" : 800.8672448298865,
  "processedRowsPerSecond" : 1377.5100401606426,
  "durationMs" : {
    "addBatch" : 1690,
    "commitOffsets" : 20,
    "getBatch" : 0,
    "latestOffset" : 5,
    "queryPlanning" : 13,
    "triggerExecution" : 1743,
    "walCommit" : 12
  },
  "eventTime" : {
    "avg" : "2026-08-14T00:22:30.894Z",
    "max" : "2026-08-14T00:22:33.905Z",
    "min" : "2026-08-14T00:22:28.083Z",
    "watermark" : "2026-08-14T00:20:30.847Z"
  },
  "stateOperators" : [ ],
  "sources" : [ {
    "description" : "KafkaV2[Subscribe[trips.raw]]",
    "startOffset" : {
      "trips.raw" : {
        "2" : 268462,
        "5" : 266984,
        "4" : 268274,
        "1" : 268010,
        "3" : 268378,
        "0" : 268299
      }
    },
    "endOffset" : {
      "trips.raw" : {
        "2" : 268900,
        "5" : 267363,
        "4" : 268672,
        "1" : 268395,
        "3" : 268790,
        "0" : 268688
      }
    },
    "latestOffset" : {
      "trips.raw" : {
        "2" : 268900,
        "5" : 267363,
        "4" : 268672,
        "1" : 268395,
        "3" : 268790,
        "0" : 268688
      }
    },
    "numInputRows" : 2401,
    "inputRowsPerSecond" : 800.8672448298865,
    "processedRowsPerSecond" : 1377.5100401606426,
    "metrics" : {
      "avgOffsetsBehindLatest" : "0.0",
      "maxOffsetsBehindLatest" : "0",
      "minOffsetsBehindLatest" : "0"
    }
  } ],
  "sink" : {
    "description" : "ForeachBatchSink",
    "numOutputRows" : -1
  }
}
26/08/14 00:22:35 INFO CheckpointFileManager: Writing atomically to file:/opt/checkpoints/trips/offsets/5 using temp file file:/opt/checkpoints/trips/offsets/.5.e70c3b06-80bf-4838-a16a-6975169af07d.tmp
26/08/14 00:22:35 INFO CheckpointFileManager: Renamed temp file file:/opt/checkpoints/trips/offsets/.5.e70c3b06-80bf-4838-a16a-6975169af07d.tmp to file:/opt/checkpoints/trips/offsets/5
26/08/14 00:22:35 INFO MicroBatchExecution: Committed offsets for batch 5. Metadata OffsetSeqMetadata(1786666833905,1786666955694,Map(spark.sql.streaming.stateStore.providerClass -> org.apache.spark.sql.execution.streaming.state.HDFSBackedStateStoreProvider, spark.sql.streaming.join.stateFormatVersion -> 2, spark.sql.streaming.stateStore.compression.codec -> lz4, spark.sql.streaming.stateStore.rocksdb.formatVersion -> 5, spark.sql.streaming.statefulOperator.useStrictDistribution -> true, spark.sql.streaming.flatMapGroupsWithState.stateFormatVersion -> 2, spark.sql.streaming.multipleWatermarkPolicy -> min, spark.sql.streaming.aggregation.stateFormatVersion -> 2, spark.sql.shuffle.partitions -> 6))
26/08/14 00:22:35 INFO KafkaOffsetReaderAdmin: Partitions added: Map()
26/08/14 00:22:35 INFO KafkaOffsetReaderAdmin: Partitions added: Map()
26/08/14 00:22:35 INFO KafkaOffsetReaderAdmin: Partitions added: Map()
26/08/14 00:22:35 INFO KafkaOffsetReaderAdmin: Partitions added: Map()
26/08/14 00:22:35 INFO BlockManagerInfo: Removed broadcast_42_piece0 on spark-driver:40129 in memory (size: 6.2 KiB, free: 191.2 MiB)
26/08/14 00:22:35 INFO BlockManagerInfo: Removed broadcast_42_piece0 on 172.26.0.12:33073 in memory (size: 6.2 KiB, free: 413.9 MiB)
26/08/14 00:22:35 INFO BlockManagerInfo: Removed broadcast_41_piece0 on spark-driver:40129 in memory (size: 24.8 KiB, free: 191.2 MiB)
26/08/14 00:22:35 INFO BlockManagerInfo: Removed broadcast_41_piece0 on 172.26.0.12:33073 in memory (size: 24.8 KiB, free: 413.9 MiB)
26/08/14 00:22:35 INFO BlockManagerInfo: Removed broadcast_41_piece0 on 172.26.0.13:34511 in memory (size: 24.8 KiB, free: 413.9 MiB)
2026-08-14 00:22:35,753 INFO  [stream] Received command c on object id p0
26/08/14 00:22:35 INFO SparkContext: Starting job: count at <unknown>:0
26/08/14 00:22:35 INFO DAGScheduler: Registering RDD 300 (count at <unknown>:0) as input to shuffle 20
26/08/14 00:22:35 INFO DAGScheduler: Got job 24 (count at <unknown>:0) with 1 output partitions
26/08/14 00:22:35 INFO DAGScheduler: Final stage: ResultStage 45 (count at <unknown>:0)
26/08/14 00:22:35 INFO DAGScheduler: Parents of final stage: List(ShuffleMapStage 44)
26/08/14 00:22:35 INFO DAGScheduler: Missing parents: List(ShuffleMapStage 44)
26/08/14 00:22:35 INFO DAGScheduler: Submitting ShuffleMapStage 44 (MapPartitionsRDD[300] at count at <unknown>:0), which has no missing parents
26/08/14 00:22:35 INFO MemoryStore: Block broadcast_43 stored as values in memory (estimated size 64.6 KiB, free 191.1 MiB)
26/08/14 00:22:35 INFO MemoryStore: Block broadcast_43_piece0 stored as bytes in memory (estimated size 24.1 KiB, free 191.1 MiB)
26/08/14 00:22:35 INFO BlockManagerInfo: Added broadcast_43_piece0 in memory on spark-driver:40129 (size: 24.1 KiB, free: 191.2 MiB)
26/08/14 00:22:35 INFO SparkContext: Created broadcast 43 from broadcast at DAGScheduler.scala:1585
26/08/14 00:22:35 INFO DAGScheduler: Submitting 6 missing tasks from ShuffleMapStage 44 (MapPartitionsRDD[300] at count at <unknown>:0) (first 15 tasks are for partitions Vector(0, 1, 2, 3, 4, 5))
26/08/14 00:22:35 INFO TaskSchedulerImpl: Adding task set 44.0 with 6 tasks resource profile 0
26/08/14 00:22:35 INFO TaskSetManager: Starting task 0.0 in stage 44.0 (TID 148) (172.26.0.12, executor 0, partition 0, PROCESS_LOCAL, 9921 bytes) 
26/08/14 00:22:35 INFO TaskSetManager: Starting task 2.0 in stage 44.0 (TID 149) (172.26.0.13, executor 1, partition 2, PROCESS_LOCAL, 9921 bytes) 
26/08/14 00:22:35 INFO TaskSetManager: Starting task 1.0 in stage 44.0 (TID 150) (172.26.0.12, executor 0, partition 1, PROCESS_LOCAL, 9921 bytes) 
26/08/14 00:22:35 INFO TaskSetManager: Starting task 3.0 in stage 44.0 (TID 151) (172.26.0.13, executor 1, partition 3, PROCESS_LOCAL, 9921 bytes) 
26/08/14 00:22:35 INFO TaskSetManager: Starting task 5.0 in stage 44.0 (TID 152) (172.26.0.12, executor 0, partition 5, PROCESS_LOCAL, 9921 bytes) 
26/08/14 00:22:35 INFO TaskSetManager: Starting task 4.0 in stage 44.0 (TID 153) (172.26.0.13, executor 1, partition 4, PROCESS_LOCAL, 9921 bytes) 
26/08/14 00:22:35 INFO BlockManagerInfo: Added broadcast_43_piece0 in memory on 172.26.0.12:33073 (size: 24.1 KiB, free: 413.9 MiB)
26/08/14 00:22:35 INFO BlockManagerInfo: Added broadcast_43_piece0 in memory on 172.26.0.13:34511 (size: 24.1 KiB, free: 413.9 MiB)
26/08/14 00:22:35 INFO BlockManagerInfo: Added rdd_295_1 in memory on 172.26.0.12:33073 (size: 138.9 KiB, free: 413.8 MiB)
26/08/14 00:22:35 INFO TaskSetManager: Finished task 1.0 in stage 44.0 (TID 150) in 71 ms on 172.26.0.12 (executor 0) (1/6)
26/08/14 00:22:35 INFO BlockManagerInfo: Added rdd_295_0 in memory on 172.26.0.12:33073 (size: 144.4 KiB, free: 413.6 MiB)
26/08/14 00:22:35 INFO BlockManagerInfo: Added rdd_295_5 in memory on 172.26.0.12:33073 (size: 149.4 KiB, free: 413.5 MiB)
26/08/14 00:22:35 INFO BlockManagerInfo: Added rdd_295_4 in memory on 172.26.0.13:34511 (size: 142.5 KiB, free: 413.8 MiB)
26/08/14 00:22:35 INFO TaskSetManager: Finished task 5.0 in stage 44.0 (TID 152) in 82 ms on 172.26.0.12 (executor 0) (2/6)
26/08/14 00:22:35 INFO TaskSetManager: Finished task 0.0 in stage 44.0 (TID 148) in 84 ms on 172.26.0.12 (executor 0) (3/6)
26/08/14 00:22:35 INFO BlockManagerInfo: Added rdd_295_2 in memory on 172.26.0.13:34511 (size: 152.1 KiB, free: 413.6 MiB)
26/08/14 00:22:35 INFO TaskSetManager: Finished task 4.0 in stage 44.0 (TID 153) in 84 ms on 172.26.0.13 (executor 1) (4/6)
26/08/14 00:22:35 INFO BlockManagerInfo: Added rdd_295_3 in memory on 172.26.0.13:34511 (size: 151.6 KiB, free: 413.5 MiB)
26/08/14 00:22:35 INFO TaskSetManager: Finished task 2.0 in stage 44.0 (TID 149) in 89 ms on 172.26.0.13 (executor 1) (5/6)
26/08/14 00:22:35 INFO TaskSetManager: Finished task 3.0 in stage 44.0 (TID 151) in 92 ms on 172.26.0.13 (executor 1) (6/6)
26/08/14 00:22:35 INFO TaskSchedulerImpl: Removed TaskSet 44.0, whose tasks have all completed, from pool 
26/08/14 00:22:35 INFO DAGScheduler: ShuffleMapStage 44 (count at <unknown>:0) finished in 0.096 s
26/08/14 00:22:35 INFO DAGScheduler: looking for newly runnable stages
26/08/14 00:22:35 INFO DAGScheduler: running: Set()
26/08/14 00:22:35 INFO DAGScheduler: waiting: Set(ResultStage 45)
26/08/14 00:22:35 INFO DAGScheduler: failed: Set()
26/08/14 00:22:35 INFO DAGScheduler: Submitting ResultStage 45 (MapPartitionsRDD[303] at count at <unknown>:0), which has no missing parents
26/08/14 00:22:35 INFO MemoryStore: Block broadcast_44 stored as values in memory (estimated size 12.5 KiB, free 191.1 MiB)
26/08/14 00:22:35 INFO MemoryStore: Block broadcast_44_piece0 stored as bytes in memory (estimated size 5.9 KiB, free 191.1 MiB)
26/08/14 00:22:35 INFO BlockManagerInfo: Added broadcast_44_piece0 in memory on spark-driver:40129 (size: 5.9 KiB, free: 191.2 MiB)
26/08/14 00:22:35 INFO SparkContext: Created broadcast 44 from broadcast at DAGScheduler.scala:1585
26/08/14 00:22:35 INFO DAGScheduler: Submitting 1 missing tasks from ResultStage 45 (MapPartitionsRDD[303] at count at <unknown>:0) (first 15 tasks are for partitions Vector(0))
26/08/14 00:22:35 INFO TaskSchedulerImpl: Adding task set 45.0 with 1 tasks resource profile 0
26/08/14 00:22:35 INFO TaskSetManager: Starting task 0.0 in stage 45.0 (TID 154) (172.26.0.12, executor 0, partition 0, NODE_LOCAL, 9003 bytes) 
26/08/14 00:22:35 INFO BlockManagerInfo: Added broadcast_44_piece0 in memory on 172.26.0.12:33073 (size: 5.9 KiB, free: 413.5 MiB)
26/08/14 00:22:35 INFO MapOutputTrackerMasterEndpoint: Asked to send map output locations for shuffle 20 to 172.26.0.12:49600
26/08/14 00:22:35 INFO BlockManagerInfo: Removed broadcast_43_piece0 on spark-driver:40129 in memory (size: 24.1 KiB, free: 191.2 MiB)
26/08/14 00:22:35 INFO BlockManagerInfo: Removed broadcast_43_piece0 on 172.26.0.13:34511 in memory (size: 24.1 KiB, free: 413.5 MiB)
26/08/14 00:22:35 INFO BlockManagerInfo: Removed broadcast_43_piece0 on 172.26.0.12:33073 in memory (size: 24.1 KiB, free: 413.5 MiB)
26/08/14 00:22:35 INFO TaskSetManager: Finished task 0.0 in stage 45.0 (TID 154) in 19 ms on 172.26.0.12 (executor 0) (1/1)
26/08/14 00:22:35 INFO TaskSchedulerImpl: Removed TaskSet 45.0, whose tasks have all completed, from pool 
26/08/14 00:22:35 INFO DAGScheduler: ResultStage 45 (count at <unknown>:0) finished in 0.022 s
26/08/14 00:22:35 INFO DAGScheduler: Job 24 is finished. Cancelling potential speculative or zombie tasks for this job
26/08/14 00:22:35 INFO TaskSchedulerImpl: Killing all running tasks in stage 45: Stage finished
26/08/14 00:22:35 INFO DAGScheduler: Job 24 finished: count at <unknown>:0, took 0.121797 s
26/08/14 00:22:35 INFO SparkContext: Starting job: count at <unknown>:0
26/08/14 00:22:35 INFO DAGScheduler: Registering RDD 308 (count at <unknown>:0) as input to shuffle 21
26/08/14 00:22:35 INFO DAGScheduler: Got job 25 (count at <unknown>:0) with 1 output partitions
26/08/14 00:22:35 INFO DAGScheduler: Final stage: ResultStage 47 (count at <unknown>:0)
26/08/14 00:22:35 INFO DAGScheduler: Parents of final stage: List(ShuffleMapStage 46)
26/08/14 00:22:35 INFO DAGScheduler: Missing parents: List(ShuffleMapStage 46)
26/08/14 00:22:35 INFO DAGScheduler: Submitting ShuffleMapStage 46 (MapPartitionsRDD[308] at count at <unknown>:0), which has no missing parents
26/08/14 00:22:35 INFO MemoryStore: Block broadcast_45 stored as values in memory (estimated size 64.9 KiB, free 191.1 MiB)
26/08/14 00:22:35 INFO MemoryStore: Block broadcast_45_piece0 stored as bytes in memory (estimated size 24.2 KiB, free 191.1 MiB)
26/08/14 00:22:35 INFO BlockManagerInfo: Added broadcast_45_piece0 in memory on spark-driver:40129 (size: 24.2 KiB, free: 191.2 MiB)
26/08/14 00:22:35 INFO SparkContext: Created broadcast 45 from broadcast at DAGScheduler.scala:1585
26/08/14 00:22:35 INFO DAGScheduler: Submitting 6 missing tasks from ShuffleMapStage 46 (MapPartitionsRDD[308] at count at <unknown>:0) (first 15 tasks are for partitions Vector(0, 1, 2, 3, 4, 5))
26/08/14 00:22:35 INFO TaskSchedulerImpl: Adding task set 46.0 with 6 tasks resource profile 0
26/08/14 00:22:35 INFO TaskSetManager: Starting task 0.0 in stage 46.0 (TID 155) (172.26.0.12, executor 0, partition 0, PROCESS_LOCAL, 9921 bytes) 
26/08/14 00:22:35 INFO TaskSetManager: Starting task 2.0 in stage 46.0 (TID 156) (172.26.0.13, executor 1, partition 2, PROCESS_LOCAL, 9921 bytes) 
26/08/14 00:22:35 INFO TaskSetManager: Starting task 1.0 in stage 46.0 (TID 157) (172.26.0.12, executor 0, partition 1, PROCESS_LOCAL, 9921 bytes) 
26/08/14 00:22:35 INFO TaskSetManager: Starting task 3.0 in stage 46.0 (TID 158) (172.26.0.13, executor 1, partition 3, PROCESS_LOCAL, 9921 bytes) 
26/08/14 00:22:35 INFO TaskSetManager: Starting task 5.0 in stage 46.0 (TID 159) (172.26.0.12, executor 0, partition 5, PROCESS_LOCAL, 9921 bytes) 
26/08/14 00:22:35 INFO TaskSetManager: Starting task 4.0 in stage 46.0 (TID 160) (172.26.0.13, executor 1, partition 4, PROCESS_LOCAL, 9921 bytes) 
26/08/14 00:22:35 INFO BlockManagerInfo: Added broadcast_45_piece0 in memory on 172.26.0.12:33073 (size: 24.2 KiB, free: 413.5 MiB)
26/08/14 00:22:35 INFO BlockManagerInfo: Added broadcast_45_piece0 in memory on 172.26.0.13:34511 (size: 24.2 KiB, free: 413.5 MiB)
26/08/14 00:22:35 INFO TaskSetManager: Finished task 2.0 in stage 46.0 (TID 156) in 31 ms on 172.26.0.13 (executor 1) (1/6)
26/08/14 00:22:35 INFO TaskSetManager: Finished task 5.0 in stage 46.0 (TID 159) in 36 ms on 172.26.0.12 (executor 0) (2/6)
26/08/14 00:22:35 INFO TaskSetManager: Finished task 4.0 in stage 46.0 (TID 160) in 37 ms on 172.26.0.13 (executor 1) (3/6)
26/08/14 00:22:35 INFO TaskSetManager: Finished task 3.0 in stage 46.0 (TID 158) in 38 ms on 172.26.0.13 (executor 1) (4/6)
26/08/14 00:22:35 INFO TaskSetManager: Finished task 1.0 in stage 46.0 (TID 157) in 39 ms on 172.26.0.12 (executor 0) (5/6)
26/08/14 00:22:35 INFO TaskSetManager: Finished task 0.0 in stage 46.0 (TID 155) in 40 ms on 172.26.0.12 (executor 0) (6/6)
26/08/14 00:22:35 INFO TaskSchedulerImpl: Removed TaskSet 46.0, whose tasks have all completed, from pool 
26/08/14 00:22:35 INFO DAGScheduler: ShuffleMapStage 46 (count at <unknown>:0) finished in 0.043 s
26/08/14 00:22:35 INFO DAGScheduler: looking for newly runnable stages
26/08/14 00:22:35 INFO DAGScheduler: running: Set()
26/08/14 00:22:35 INFO DAGScheduler: waiting: Set(ResultStage 47)
26/08/14 00:22:35 INFO DAGScheduler: failed: Set()
26/08/14 00:22:35 INFO DAGScheduler: Submitting ResultStage 47 (MapPartitionsRDD[311] at count at <unknown>:0), which has no missing parents
26/08/14 00:22:35 INFO MemoryStore: Block broadcast_46 stored as values in memory (estimated size 12.5 KiB, free 191.1 MiB)
26/08/14 00:22:35 INFO MemoryStore: Block broadcast_46_piece0 stored as bytes in memory (estimated size 5.9 KiB, free 191.1 MiB)
26/08/14 00:22:35 INFO BlockManagerInfo: Added broadcast_46_piece0 in memory on spark-driver:40129 (size: 5.9 KiB, free: 191.2 MiB)
26/08/14 00:22:35 INFO SparkContext: Created broadcast 46 from broadcast at DAGScheduler.scala:1585
26/08/14 00:22:35 INFO DAGScheduler: Submitting 1 missing tasks from ResultStage 47 (MapPartitionsRDD[311] at count at <unknown>:0) (first 15 tasks are for partitions Vector(0))
26/08/14 00:22:35 INFO TaskSchedulerImpl: Adding task set 47.0 with 1 tasks resource profile 0
26/08/14 00:22:35 INFO TaskSetManager: Starting task 0.0 in stage 47.0 (TID 161) (172.26.0.13, executor 1, partition 0, NODE_LOCAL, 9003 bytes) 
26/08/14 00:22:35 INFO BlockManagerInfo: Added broadcast_46_piece0 in memory on 172.26.0.13:34511 (size: 5.9 KiB, free: 413.5 MiB)
26/08/14 00:22:35 INFO MapOutputTrackerMasterEndpoint: Asked to send map output locations for shuffle 21 to 172.26.0.13:50552
26/08/14 00:22:35 INFO TaskSetManager: Finished task 0.0 in stage 47.0 (TID 161) in 17 ms on 172.26.0.13 (executor 1) (1/1)
26/08/14 00:22:35 INFO TaskSchedulerImpl: Removed TaskSet 47.0, whose tasks have all completed, from pool 
26/08/14 00:22:35 INFO DAGScheduler: ResultStage 47 (count at <unknown>:0) finished in 0.021 s
26/08/14 00:22:35 INFO DAGScheduler: Job 25 is finished. Cancelling potential speculative or zombie tasks for this job
26/08/14 00:22:35 INFO TaskSchedulerImpl: Killing all running tasks in stage 47: Stage finished
26/08/14 00:22:35 INFO DAGScheduler: Job 25 finished: count at <unknown>:0, took 0.066707 s
26/08/14 00:22:36 INFO CodeGenerator: Code generated in 5.788833 ms
26/08/14 00:22:36 INFO DefaultCachedBatchSerializer: Predicate isnotnull(event_time#89-T120000ms) generates partition filter: ((event_time.count#15600 - event_time.nullCount#15599) > 0)
26/08/14 00:22:36 INFO DefaultCachedBatchSerializer: Predicate (event_time#89-T120000ms < 2026-08-14 00:20:33.905) generates partition filter: (event_time.lowerBound#15598 < 2026-08-14 00:20:33.905)
26/08/14 00:22:36 INFO BlockManagerInfo: Removed broadcast_44_piece0 on spark-driver:40129 in memory (size: 5.9 KiB, free: 191.2 MiB)
26/08/14 00:22:36 INFO SparkContext: Starting job: count at <unknown>:0
26/08/14 00:22:36 INFO DAGScheduler: Registering RDD 316 (count at <unknown>:0) as input to shuffle 22
26/08/14 00:22:36 INFO DAGScheduler: Got job 26 (count at <unknown>:0) with 1 output partitions
26/08/14 00:22:36 INFO DAGScheduler: Final stage: ResultStage 49 (count at <unknown>:0)
26/08/14 00:22:36 INFO DAGScheduler: Parents of final stage: List(ShuffleMapStage 48)
26/08/14 00:22:36 INFO DAGScheduler: Missing parents: List(ShuffleMapStage 48)
26/08/14 00:22:36 INFO DAGScheduler: Submitting ShuffleMapStage 48 (MapPartitionsRDD[316] at count at <unknown>:0), which has no missing parents
26/08/14 00:22:36 INFO BlockManagerInfo: Removed broadcast_44_piece0 on 172.26.0.12:33073 in memory (size: 5.9 KiB, free: 413.5 MiB)
26/08/14 00:22:36 INFO MemoryStore: Block broadcast_47 stored as values in memory (estimated size 67.2 KiB, free 191.0 MiB)
26/08/14 00:22:36 INFO MemoryStore: Block broadcast_47_piece0 stored as bytes in memory (estimated size 25.6 KiB, free 191.0 MiB)
26/08/14 00:22:36 INFO BlockManagerInfo: Added broadcast_47_piece0 in memory on spark-driver:40129 (size: 25.6 KiB, free: 191.2 MiB)
26/08/14 00:22:36 INFO SparkContext: Created broadcast 47 from broadcast at DAGScheduler.scala:1585
26/08/14 00:22:36 INFO BlockManagerInfo: Removed broadcast_45_piece0 on spark-driver:40129 in memory (size: 24.2 KiB, free: 191.2 MiB)
26/08/14 00:22:36 INFO DAGScheduler: Submitting 6 missing tasks from ShuffleMapStage 48 (MapPartitionsRDD[316] at count at <unknown>:0) (first 15 tasks are for partitions Vector(0, 1, 2, 3, 4, 5))
26/08/14 00:22:36 INFO TaskSchedulerImpl: Adding task set 48.0 with 6 tasks resource profile 0
26/08/14 00:22:36 INFO TaskSetManager: Starting task 2.0 in stage 48.0 (TID 162) (172.26.0.13, executor 1, partition 2, PROCESS_LOCAL, 9921 bytes) 
26/08/14 00:22:36 INFO TaskSetManager: Starting task 0.0 in stage 48.0 (TID 163) (172.26.0.12, executor 0, partition 0, PROCESS_LOCAL, 9921 bytes) 
26/08/14 00:22:36 INFO TaskSetManager: Starting task 3.0 in stage 48.0 (TID 164) (172.26.0.13, executor 1, partition 3, PROCESS_LOCAL, 9921 bytes) 
26/08/14 00:22:36 INFO TaskSetManager: Starting task 1.0 in stage 48.0 (TID 165) (172.26.0.12, executor 0, partition 1, PROCESS_LOCAL, 9921 bytes) 
26/08/14 00:22:36 INFO TaskSetManager: Starting task 4.0 in stage 48.0 (TID 166) (172.26.0.13, executor 1, partition 4, PROCESS_LOCAL, 9921 bytes) 
26/08/14 00:22:36 INFO TaskSetManager: Starting task 5.0 in stage 48.0 (TID 167) (172.26.0.12, executor 0, partition 5, PROCESS_LOCAL, 9921 bytes) 
26/08/14 00:22:36 INFO BlockManagerInfo: Removed broadcast_45_piece0 on 172.26.0.12:33073 in memory (size: 24.2 KiB, free: 413.5 MiB)
26/08/14 00:22:36 INFO BlockManagerInfo: Removed broadcast_45_piece0 on 172.26.0.13:34511 in memory (size: 24.2 KiB, free: 413.5 MiB)
26/08/14 00:22:36 INFO BlockManagerInfo: Removed broadcast_46_piece0 on spark-driver:40129 in memory (size: 5.9 KiB, free: 191.2 MiB)
26/08/14 00:22:36 INFO BlockManagerInfo: Added broadcast_47_piece0 in memory on 172.26.0.12:33073 (size: 25.6 KiB, free: 413.5 MiB)
26/08/14 00:22:36 INFO BlockManagerInfo: Removed broadcast_46_piece0 on 172.26.0.13:34511 in memory (size: 5.9 KiB, free: 413.5 MiB)
26/08/14 00:22:36 INFO BlockManagerInfo: Added broadcast_47_piece0 in memory on 172.26.0.13:34511 (size: 25.6 KiB, free: 413.5 MiB)
26/08/14 00:22:36 INFO TaskSetManager: Finished task 0.0 in stage 48.0 (TID 163) in 51 ms on 172.26.0.12 (executor 0) (1/6)
26/08/14 00:22:36 INFO TaskSetManager: Finished task 5.0 in stage 48.0 (TID 167) in 51 ms on 172.26.0.12 (executor 0) (2/6)
26/08/14 00:22:36 INFO TaskSetManager: Finished task 1.0 in stage 48.0 (TID 165) in 53 ms on 172.26.0.12 (executor 0) (3/6)
26/08/14 00:22:36 INFO TaskSetManager: Finished task 2.0 in stage 48.0 (TID 162) in 68 ms on 172.26.0.13 (executor 1) (4/6)
26/08/14 00:22:36 INFO TaskSetManager: Finished task 4.0 in stage 48.0 (TID 166) in 69 ms on 172.26.0.13 (executor 1) (5/6)
26/08/14 00:22:36 INFO TaskSetManager: Finished task 3.0 in stage 48.0 (TID 164) in 71 ms on 172.26.0.13 (executor 1) (6/6)
26/08/14 00:22:36 INFO TaskSchedulerImpl: Removed TaskSet 48.0, whose tasks have all completed, from pool 
26/08/14 00:22:36 INFO DAGScheduler: ShuffleMapStage 48 (count at <unknown>:0) finished in 0.084 s
26/08/14 00:22:36 INFO DAGScheduler: looking for newly runnable stages
26/08/14 00:22:36 INFO DAGScheduler: running: Set()
26/08/14 00:22:36 INFO DAGScheduler: waiting: Set(ResultStage 49)
26/08/14 00:22:36 INFO DAGScheduler: failed: Set()
26/08/14 00:22:36 INFO DAGScheduler: Submitting ResultStage 49 (MapPartitionsRDD[319] at count at <unknown>:0), which has no missing parents
26/08/14 00:22:36 INFO MemoryStore: Block broadcast_48 stored as values in memory (estimated size 12.5 KiB, free 191.1 MiB)
26/08/14 00:22:36 INFO MemoryStore: Block broadcast_48_piece0 stored as bytes in memory (estimated size 5.9 KiB, free 191.1 MiB)
26/08/14 00:22:36 INFO BlockManagerInfo: Added broadcast_48_piece0 in memory on spark-driver:40129 (size: 5.9 KiB, free: 191.2 MiB)
26/08/14 00:22:36 INFO SparkContext: Created broadcast 48 from broadcast at DAGScheduler.scala:1585
26/08/14 00:22:36 INFO DAGScheduler: Submitting 1 missing tasks from ResultStage 49 (MapPartitionsRDD[319] at count at <unknown>:0) (first 15 tasks are for partitions Vector(0))
26/08/14 00:22:36 INFO TaskSchedulerImpl: Adding task set 49.0 with 1 tasks resource profile 0
26/08/14 00:22:36 INFO TaskSetManager: Starting task 0.0 in stage 49.0 (TID 168) (172.26.0.13, executor 1, partition 0, NODE_LOCAL, 9003 bytes) 
26/08/14 00:22:36 INFO BlockManagerInfo: Added broadcast_48_piece0 in memory on 172.26.0.13:34511 (size: 5.9 KiB, free: 413.5 MiB)
26/08/14 00:22:36 INFO MapOutputTrackerMasterEndpoint: Asked to send map output locations for shuffle 22 to 172.26.0.13:50552
26/08/14 00:22:36 INFO TaskSetManager: Finished task 0.0 in stage 49.0 (TID 168) in 30 ms on 172.26.0.13 (executor 1) (1/1)
26/08/14 00:22:36 INFO TaskSchedulerImpl: Removed TaskSet 49.0, whose tasks have all completed, from pool 
26/08/14 00:22:36 INFO DAGScheduler: ResultStage 49 (count at <unknown>:0) finished in 0.035 s
26/08/14 00:22:36 INFO DAGScheduler: Job 26 is finished. Cancelling potential speculative or zombie tasks for this job
26/08/14 00:22:36 INFO TaskSchedulerImpl: Killing all running tasks in stage 49: Stage finished
26/08/14 00:22:36 INFO DAGScheduler: Job 26 finished: count at <unknown>:0, took 0.126273 s
26/08/14 00:22:36 INFO DefaultCachedBatchSerializer: Predicate isnotnull(kind#16157) generates partition filter: ((kind.count#16226 - kind.nullCount#16225) > 0)
26/08/14 00:22:36 INFO DefaultCachedBatchSerializer: Predicate (kind#16157 = stats) generates partition filter: ((kind.lowerBound#16224 <= stats) AND (stats <= kind.upperBound#16223))
26/08/14 00:22:36 INFO BlockManagerInfo: Removed broadcast_48_piece0 on spark-driver:40129 in memory (size: 5.9 KiB, free: 191.2 MiB)
26/08/14 00:22:36 INFO BlockManagerInfo: Removed broadcast_48_piece0 on 172.26.0.13:34511 in memory (size: 5.9 KiB, free: 413.5 MiB)
26/08/14 00:22:36 INFO SparkContext: Starting job: call at /opt/spark/python/lib/py4j-0.10.9.7-src.zip/py4j/clientserver.py:617
26/08/14 00:22:36 INFO DAGScheduler: Got job 27 (call at /opt/spark/python/lib/py4j-0.10.9.7-src.zip/py4j/clientserver.py:617) with 6 output partitions
26/08/14 00:22:36 INFO DAGScheduler: Final stage: ResultStage 50 (call at /opt/spark/python/lib/py4j-0.10.9.7-src.zip/py4j/clientserver.py:617)
26/08/14 00:22:36 INFO DAGScheduler: Parents of final stage: List()
26/08/14 00:22:36 INFO BlockManagerInfo: Removed broadcast_47_piece0 on spark-driver:40129 in memory (size: 25.6 KiB, free: 191.2 MiB)
26/08/14 00:22:36 INFO DAGScheduler: Missing parents: List()
26/08/14 00:22:36 INFO DAGScheduler: Submitting ResultStage 50 (MapPartitionsRDD[338] at call at /opt/spark/python/lib/py4j-0.10.9.7-src.zip/py4j/clientserver.py:617), which has no missing parents
26/08/14 00:22:36 INFO BlockManagerInfo: Removed broadcast_47_piece0 on 172.26.0.13:34511 in memory (size: 25.6 KiB, free: 413.5 MiB)
26/08/14 00:22:36 INFO BlockManagerInfo: Removed broadcast_47_piece0 on 172.26.0.12:33073 in memory (size: 25.6 KiB, free: 413.5 MiB)
26/08/14 00:22:36 INFO MemoryStore: Block broadcast_49 stored as values in memory (estimated size 90.0 KiB, free 191.1 MiB)
26/08/14 00:22:36 INFO MemoryStore: Block broadcast_49_piece0 stored as bytes in memory (estimated size 34.0 KiB, free 191.1 MiB)
26/08/14 00:22:36 INFO BlockManagerInfo: Added broadcast_49_piece0 in memory on spark-driver:40129 (size: 34.0 KiB, free: 191.2 MiB)
26/08/14 00:22:36 INFO SparkContext: Created broadcast 49 from broadcast at DAGScheduler.scala:1585
26/08/14 00:22:36 INFO DAGScheduler: Submitting 6 missing tasks from ResultStage 50 (MapPartitionsRDD[338] at call at /opt/spark/python/lib/py4j-0.10.9.7-src.zip/py4j/clientserver.py:617) (first 15 tasks are for partitions Vector(0, 1, 2, 3, 4, 5))
26/08/14 00:22:36 INFO TaskSchedulerImpl: Adding task set 50.0 with 6 tasks resource profile 0
26/08/14 00:22:36 INFO TaskSetManager: Starting task 2.0 in stage 50.0 (TID 169) (172.26.0.13, executor 1, partition 2, PROCESS_LOCAL, 9932 bytes) 
26/08/14 00:22:36 INFO TaskSetManager: Starting task 0.0 in stage 50.0 (TID 170) (172.26.0.12, executor 0, partition 0, PROCESS_LOCAL, 9932 bytes) 
26/08/14 00:22:36 INFO TaskSetManager: Starting task 3.0 in stage 50.0 (TID 171) (172.26.0.13, executor 1, partition 3, PROCESS_LOCAL, 9932 bytes) 
26/08/14 00:22:36 INFO TaskSetManager: Starting task 1.0 in stage 50.0 (TID 172) (172.26.0.12, executor 0, partition 1, PROCESS_LOCAL, 9932 bytes) 
26/08/14 00:22:36 INFO TaskSetManager: Starting task 4.0 in stage 50.0 (TID 173) (172.26.0.13, executor 1, partition 4, PROCESS_LOCAL, 9932 bytes) 
26/08/14 00:22:36 INFO TaskSetManager: Starting task 5.0 in stage 50.0 (TID 174) (172.26.0.12, executor 0, partition 5, PROCESS_LOCAL, 9932 bytes) 
26/08/14 00:22:36 INFO BlockManagerInfo: Added broadcast_49_piece0 in memory on 172.26.0.13:34511 (size: 34.0 KiB, free: 413.5 MiB)
26/08/14 00:22:36 INFO BlockManagerInfo: Added broadcast_49_piece0 in memory on 172.26.0.12:33073 (size: 34.0 KiB, free: 413.5 MiB)
26/08/14 00:22:37 INFO BlockManagerInfo: Added rdd_333_2 in memory on 172.26.0.13:34511 (size: 1792.0 B, free: 413.5 MiB)
26/08/14 00:22:37 INFO BlockManagerInfo: Added rdd_333_4 in memory on 172.26.0.13:34511 (size: 1792.0 B, free: 413.5 MiB)
26/08/14 00:22:37 INFO BlockManagerInfo: Added rdd_333_1 in memory on 172.26.0.12:33073 (size: 1792.0 B, free: 413.5 MiB)
26/08/14 00:22:37 INFO TaskSetManager: Finished task 2.0 in stage 50.0 (TID 169) in 774 ms on 172.26.0.13 (executor 1) (1/6)
26/08/14 00:22:37 INFO BlockManagerInfo: Added rdd_333_0 in memory on 172.26.0.12:33073 (size: 1792.0 B, free: 413.5 MiB)
26/08/14 00:22:37 INFO BlockManagerInfo: Added rdd_333_3 in memory on 172.26.0.13:34511 (size: 1792.0 B, free: 413.5 MiB)
26/08/14 00:22:37 INFO TaskSetManager: Finished task 1.0 in stage 50.0 (TID 172) in 788 ms on 172.26.0.12 (executor 0) (2/6)
26/08/14 00:22:37 INFO TaskSetManager: Finished task 4.0 in stage 50.0 (TID 173) in 787 ms on 172.26.0.13 (executor 1) (3/6)
26/08/14 00:22:37 INFO TaskSetManager: Finished task 3.0 in stage 50.0 (TID 171) in 799 ms on 172.26.0.13 (executor 1) (4/6)
26/08/14 00:22:37 INFO BlockManagerInfo: Added rdd_333_5 in memory on 172.26.0.12:33073 (size: 1792.0 B, free: 413.5 MiB)
26/08/14 00:22:37 INFO TaskSetManager: Finished task 0.0 in stage 50.0 (TID 170) in 817 ms on 172.26.0.12 (executor 0) (5/6)
26/08/14 00:22:37 INFO TaskSetManager: Finished task 5.0 in stage 50.0 (TID 174) in 820 ms on 172.26.0.12 (executor 0) (6/6)
26/08/14 00:22:37 INFO TaskSchedulerImpl: Removed TaskSet 50.0, whose tasks have all completed, from pool 
26/08/14 00:22:37 INFO DAGScheduler: ResultStage 50 (call at /opt/spark/python/lib/py4j-0.10.9.7-src.zip/py4j/clientserver.py:617) finished in 0.828 s
26/08/14 00:22:37 INFO DAGScheduler: Job 27 is finished. Cancelling potential speculative or zombie tasks for this job
26/08/14 00:22:37 INFO TaskSchedulerImpl: Killing all running tasks in stage 50: Stage finished
26/08/14 00:22:37 INFO DAGScheduler: Job 27 finished: call at /opt/spark/python/lib/py4j-0.10.9.7-src.zip/py4j/clientserver.py:617, took 0.833333 s
26/08/14 00:22:37 INFO DefaultCachedBatchSerializer: Predicate isnotnull(kind#16157) generates partition filter: ((kind.count#16309 - kind.nullCount#16308) > 0)
26/08/14 00:22:37 INFO DefaultCachedBatchSerializer: Predicate (kind#16157 = dlq) generates partition filter: ((kind.lowerBound#16307 <= dlq) AND (dlq <= kind.upperBound#16306))
26/08/14 00:22:37 INFO SparkContext: Starting job: count at <unknown>:0
26/08/14 00:22:37 INFO DAGScheduler: Registering RDD 343 (count at <unknown>:0) as input to shuffle 23
26/08/14 00:22:37 INFO DAGScheduler: Got job 28 (count at <unknown>:0) with 1 output partitions
26/08/14 00:22:37 INFO DAGScheduler: Final stage: ResultStage 52 (count at <unknown>:0)
26/08/14 00:22:37 INFO DAGScheduler: Parents of final stage: List(ShuffleMapStage 51)
26/08/14 00:22:37 INFO DAGScheduler: Missing parents: List(ShuffleMapStage 51)
26/08/14 00:22:37 INFO DAGScheduler: Submitting ShuffleMapStage 51 (MapPartitionsRDD[343] at count at <unknown>:0), which has no missing parents
26/08/14 00:22:37 INFO MemoryStore: Block broadcast_50 stored as values in memory (estimated size 92.2 KiB, free 191.0 MiB)
26/08/14 00:22:37 INFO MemoryStore: Block broadcast_50_piece0 stored as bytes in memory (estimated size 35.3 KiB, free 191.0 MiB)
26/08/14 00:22:37 INFO BlockManagerInfo: Added broadcast_50_piece0 in memory on spark-driver:40129 (size: 35.3 KiB, free: 191.1 MiB)
26/08/14 00:22:37 INFO SparkContext: Created broadcast 50 from broadcast at DAGScheduler.scala:1585
26/08/14 00:22:37 INFO DAGScheduler: Submitting 6 missing tasks from ShuffleMapStage 51 (MapPartitionsRDD[343] at count at <unknown>:0) (first 15 tasks are for partitions Vector(0, 1, 2, 3, 4, 5))
26/08/14 00:22:37 INFO TaskSchedulerImpl: Adding task set 51.0 with 6 tasks resource profile 0
26/08/14 00:22:37 INFO TaskSetManager: Starting task 0.0 in stage 51.0 (TID 175) (172.26.0.12, executor 0, partition 0, PROCESS_LOCAL, 9921 bytes) 
26/08/14 00:22:37 INFO TaskSetManager: Starting task 2.0 in stage 51.0 (TID 176) (172.26.0.13, executor 1, partition 2, PROCESS_LOCAL, 9921 bytes) 
26/08/14 00:22:37 INFO TaskSetManager: Starting task 1.0 in stage 51.0 (TID 177) (172.26.0.12, executor 0, partition 1, PROCESS_LOCAL, 9921 bytes) 
26/08/14 00:22:37 INFO TaskSetManager: Starting task 3.0 in stage 51.0 (TID 178) (172.26.0.13, executor 1, partition 3, PROCESS_LOCAL, 9921 bytes) 
26/08/14 00:22:37 INFO TaskSetManager: Starting task 5.0 in stage 51.0 (TID 179) (172.26.0.12, executor 0, partition 5, PROCESS_LOCAL, 9921 bytes) 
26/08/14 00:22:37 INFO TaskSetManager: Starting task 4.0 in stage 51.0 (TID 180) (172.26.0.13, executor 1, partition 4, PROCESS_LOCAL, 9921 bytes) 
26/08/14 00:22:37 INFO BlockManagerInfo: Added broadcast_50_piece0 in memory on 172.26.0.13:34511 (size: 35.3 KiB, free: 413.4 MiB)
26/08/14 00:22:37 INFO BlockManagerInfo: Added broadcast_50_piece0 in memory on 172.26.0.12:33073 (size: 35.3 KiB, free: 413.4 MiB)
26/08/14 00:22:37 INFO TaskSetManager: Finished task 1.0 in stage 51.0 (TID 177) in 41 ms on 172.26.0.12 (executor 0) (1/6)
26/08/14 00:22:37 INFO TaskSetManager: Finished task 2.0 in stage 51.0 (TID 176) in 44 ms on 172.26.0.13 (executor 1) (2/6)
26/08/14 00:22:37 INFO TaskSetManager: Finished task 4.0 in stage 51.0 (TID 180) in 45 ms on 172.26.0.13 (executor 1) (3/6)
26/08/14 00:22:37 INFO TaskSetManager: Finished task 0.0 in stage 51.0 (TID 175) in 50 ms on 172.26.0.12 (executor 0) (4/6)
26/08/14 00:22:37 INFO TaskSetManager: Finished task 3.0 in stage 51.0 (TID 178) in 49 ms on 172.26.0.13 (executor 1) (5/6)
26/08/14 00:22:37 INFO TaskSetManager: Finished task 5.0 in stage 51.0 (TID 179) in 50 ms on 172.26.0.12 (executor 0) (6/6)
26/08/14 00:22:37 INFO TaskSchedulerImpl: Removed TaskSet 51.0, whose tasks have all completed, from pool 
26/08/14 00:22:37 INFO DAGScheduler: ShuffleMapStage 51 (count at <unknown>:0) finished in 0.066 s
26/08/14 00:22:37 INFO DAGScheduler: looking for newly runnable stages
26/08/14 00:22:37 INFO DAGScheduler: running: Set()
26/08/14 00:22:37 INFO DAGScheduler: waiting: Set(ResultStage 52)
26/08/14 00:22:37 INFO DAGScheduler: failed: Set()
26/08/14 00:22:37 INFO DAGScheduler: Submitting ResultStage 52 (MapPartitionsRDD[346] at count at <unknown>:0), which has no missing parents
26/08/14 00:22:37 INFO MemoryStore: Block broadcast_51 stored as values in memory (estimated size 12.5 KiB, free 191.0 MiB)
26/08/14 00:22:37 INFO MemoryStore: Block broadcast_51_piece0 stored as bytes in memory (estimated size 5.9 KiB, free 190.9 MiB)
26/08/14 00:22:37 INFO BlockManagerInfo: Added broadcast_51_piece0 in memory on spark-driver:40129 (size: 5.9 KiB, free: 191.1 MiB)
26/08/14 00:22:37 INFO BlockManagerInfo: Removed broadcast_49_piece0 on spark-driver:40129 in memory (size: 34.0 KiB, free: 191.2 MiB)
26/08/14 00:22:37 INFO SparkContext: Created broadcast 51 from broadcast at DAGScheduler.scala:1585
26/08/14 00:22:37 INFO DAGScheduler: Submitting 1 missing tasks from ResultStage 52 (MapPartitionsRDD[346] at count at <unknown>:0) (first 15 tasks are for partitions Vector(0))
26/08/14 00:22:37 INFO TaskSchedulerImpl: Adding task set 52.0 with 1 tasks resource profile 0
26/08/14 00:22:37 INFO TaskSetManager: Starting task 0.0 in stage 52.0 (TID 181) (172.26.0.13, executor 1, partition 0, NODE_LOCAL, 9003 bytes) 
26/08/14 00:22:37 INFO BlockManagerInfo: Removed broadcast_49_piece0 on 172.26.0.13:34511 in memory (size: 34.0 KiB, free: 413.4 MiB)
26/08/14 00:22:37 INFO BlockManagerInfo: Removed broadcast_49_piece0 on 172.26.0.12:33073 in memory (size: 34.0 KiB, free: 413.5 MiB)
26/08/14 00:22:37 INFO BlockManagerInfo: Added broadcast_51_piece0 in memory on 172.26.0.13:34511 (size: 5.9 KiB, free: 413.4 MiB)
26/08/14 00:22:37 INFO MapOutputTrackerMasterEndpoint: Asked to send map output locations for shuffle 23 to 172.26.0.13:50552
26/08/14 00:22:37 INFO TaskSetManager: Finished task 0.0 in stage 52.0 (TID 181) in 19 ms on 172.26.0.13 (executor 1) (1/1)
26/08/14 00:22:37 INFO TaskSchedulerImpl: Removed TaskSet 52.0, whose tasks have all completed, from pool 
26/08/14 00:22:37 INFO DAGScheduler: ResultStage 52 (count at <unknown>:0) finished in 0.035 s
26/08/14 00:22:37 INFO DAGScheduler: Job 28 is finished. Cancelling potential speculative or zombie tasks for this job
26/08/14 00:22:37 INFO TaskSchedulerImpl: Killing all running tasks in stage 52: Stage finished
26/08/14 00:22:37 INFO DAGScheduler: Job 28 finished: count at <unknown>:0, took 0.107836 s
26/08/14 00:22:37 INFO MapPartitionsRDD: Removing RDD 333 from persistence list
26/08/14 00:22:37 INFO BlockManager: Removing RDD 333
26/08/14 00:22:37 INFO SparkContext: Starting job: call at /opt/spark/python/lib/py4j-0.10.9.7-src.zip/py4j/clientserver.py:617
26/08/14 00:22:37 INFO DAGScheduler: Registering RDD 351 (call at /opt/spark/python/lib/py4j-0.10.9.7-src.zip/py4j/clientserver.py:617) as input to shuffle 24
26/08/14 00:22:37 INFO DAGScheduler: Got job 29 (call at /opt/spark/python/lib/py4j-0.10.9.7-src.zip/py4j/clientserver.py:617) with 1 output partitions
26/08/14 00:22:37 INFO DAGScheduler: Final stage: ResultStage 54 (call at /opt/spark/python/lib/py4j-0.10.9.7-src.zip/py4j/clientserver.py:617)
26/08/14 00:22:37 INFO DAGScheduler: Parents of final stage: List(ShuffleMapStage 53)
26/08/14 00:22:37 INFO DAGScheduler: Missing parents: List(ShuffleMapStage 53)
26/08/14 00:22:37 INFO DAGScheduler: Submitting ShuffleMapStage 53 (MapPartitionsRDD[351] at call at /opt/spark/python/lib/py4j-0.10.9.7-src.zip/py4j/clientserver.py:617), which has no missing parents
26/08/14 00:22:37 INFO MemoryStore: Block broadcast_52 stored as values in memory (estimated size 66.1 KiB, free 191.0 MiB)
26/08/14 00:22:37 INFO MemoryStore: Block broadcast_52_piece0 stored as bytes in memory (estimated size 24.8 KiB, free 191.0 MiB)
26/08/14 00:22:37 INFO BlockManagerInfo: Added broadcast_52_piece0 in memory on spark-driver:40129 (size: 24.8 KiB, free: 191.1 MiB)
26/08/14 00:22:37 INFO SparkContext: Created broadcast 52 from broadcast at DAGScheduler.scala:1585
26/08/14 00:22:37 INFO DAGScheduler: Submitting 6 missing tasks from ShuffleMapStage 53 (MapPartitionsRDD[351] at call at /opt/spark/python/lib/py4j-0.10.9.7-src.zip/py4j/clientserver.py:617) (first 15 tasks are for partitions Vector(0, 1, 2, 3, 4, 5))
26/08/14 00:22:37 INFO TaskSchedulerImpl: Adding task set 53.0 with 6 tasks resource profile 0
26/08/14 00:22:37 INFO TaskSetManager: Starting task 0.0 in stage 53.0 (TID 182) (172.26.0.12, executor 0, partition 0, PROCESS_LOCAL, 9921 bytes) 
26/08/14 00:22:37 INFO TaskSetManager: Starting task 2.0 in stage 53.0 (TID 183) (172.26.0.13, executor 1, partition 2, PROCESS_LOCAL, 9921 bytes) 
26/08/14 00:22:37 INFO TaskSetManager: Starting task 1.0 in stage 53.0 (TID 184) (172.26.0.12, executor 0, partition 1, PROCESS_LOCAL, 9921 bytes) 
26/08/14 00:22:37 INFO TaskSetManager: Starting task 3.0 in stage 53.0 (TID 185) (172.26.0.13, executor 1, partition 3, PROCESS_LOCAL, 9921 bytes) 
26/08/14 00:22:37 INFO TaskSetManager: Starting task 5.0 in stage 53.0 (TID 186) (172.26.0.12, executor 0, partition 5, PROCESS_LOCAL, 9921 bytes) 
26/08/14 00:22:37 INFO TaskSetManager: Starting task 4.0 in stage 53.0 (TID 187) (172.26.0.13, executor 1, partition 4, PROCESS_LOCAL, 9921 bytes) 
26/08/14 00:22:37 INFO BlockManagerInfo: Added broadcast_52_piece0 in memory on 172.26.0.12:33073 (size: 24.8 KiB, free: 413.4 MiB)
26/08/14 00:22:37 INFO BlockManagerInfo: Added broadcast_52_piece0 in memory on 172.26.0.13:34511 (size: 24.8 KiB, free: 413.4 MiB)
26/08/14 00:22:37 INFO TaskSetManager: Finished task 4.0 in stage 53.0 (TID 187) in 29 ms on 172.26.0.13 (executor 1) (1/6)
26/08/14 00:22:37 INFO TaskSetManager: Finished task 5.0 in stage 53.0 (TID 186) in 31 ms on 172.26.0.12 (executor 0) (2/6)
26/08/14 00:22:37 INFO TaskSetManager: Finished task 1.0 in stage 53.0 (TID 184) in 31 ms on 172.26.0.12 (executor 0) (3/6)
26/08/14 00:22:37 INFO TaskSetManager: Finished task 0.0 in stage 53.0 (TID 182) in 33 ms on 172.26.0.12 (executor 0) (4/6)
26/08/14 00:22:37 INFO TaskSetManager: Finished task 2.0 in stage 53.0 (TID 183) in 35 ms on 172.26.0.13 (executor 1) (5/6)
26/08/14 00:22:37 INFO TaskSetManager: Finished task 3.0 in stage 53.0 (TID 185) in 37 ms on 172.26.0.13 (executor 1) (6/6)
26/08/14 00:22:37 INFO TaskSchedulerImpl: Removed TaskSet 53.0, whose tasks have all completed, from pool 
26/08/14 00:22:37 INFO DAGScheduler: ShuffleMapStage 53 (call at /opt/spark/python/lib/py4j-0.10.9.7-src.zip/py4j/clientserver.py:617) finished in 0.042 s
26/08/14 00:22:37 INFO DAGScheduler: looking for newly runnable stages
26/08/14 00:22:37 INFO DAGScheduler: running: Set()
26/08/14 00:22:37 INFO DAGScheduler: waiting: Set(ResultStage 54)
26/08/14 00:22:37 INFO DAGScheduler: failed: Set()
26/08/14 00:22:37 INFO DAGScheduler: Submitting ResultStage 54 (MapPartitionsRDD[354] at call at /opt/spark/python/lib/py4j-0.10.9.7-src.zip/py4j/clientserver.py:617), which has no missing parents
26/08/14 00:22:37 INFO MemoryStore: Block broadcast_53 stored as values in memory (estimated size 13.1 KiB, free 191.0 MiB)
26/08/14 00:22:37 INFO MemoryStore: Block broadcast_53_piece0 stored as bytes in memory (estimated size 6.1 KiB, free 191.0 MiB)
26/08/14 00:22:37 INFO BlockManagerInfo: Added broadcast_53_piece0 in memory on spark-driver:40129 (size: 6.1 KiB, free: 191.1 MiB)
26/08/14 00:22:37 INFO SparkContext: Created broadcast 53 from broadcast at DAGScheduler.scala:1585
26/08/14 00:22:37 INFO DAGScheduler: Submitting 1 missing tasks from ResultStage 54 (MapPartitionsRDD[354] at call at /opt/spark/python/lib/py4j-0.10.9.7-src.zip/py4j/clientserver.py:617) (first 15 tasks are for partitions Vector(0))
26/08/14 00:22:37 INFO TaskSchedulerImpl: Adding task set 54.0 with 1 tasks resource profile 0
26/08/14 00:22:37 INFO TaskSetManager: Starting task 0.0 in stage 54.0 (TID 188) (172.26.0.13, executor 1, partition 0, NODE_LOCAL, 9003 bytes) 
26/08/14 00:22:37 INFO BlockManagerInfo: Added broadcast_53_piece0 in memory on 172.26.0.13:34511 (size: 6.1 KiB, free: 413.4 MiB)
26/08/14 00:22:37 INFO MapOutputTrackerMasterEndpoint: Asked to send map output locations for shuffle 24 to 172.26.0.13:50552
26/08/14 00:22:37 INFO TaskSetManager: Finished task 0.0 in stage 54.0 (TID 188) in 22 ms on 172.26.0.13 (executor 1) (1/1)
26/08/14 00:22:37 INFO TaskSchedulerImpl: Removed TaskSet 54.0, whose tasks have all completed, from pool 
26/08/14 00:22:37 INFO DAGScheduler: ResultStage 54 (call at /opt/spark/python/lib/py4j-0.10.9.7-src.zip/py4j/clientserver.py:617) finished in 0.027 s
26/08/14 00:22:37 INFO DAGScheduler: Job 29 is finished. Cancelling potential speculative or zombie tasks for this job
26/08/14 00:22:37 INFO TaskSchedulerImpl: Killing all running tasks in stage 54: Stage finished
26/08/14 00:22:37 INFO DAGScheduler: Job 29 finished: call at /opt/spark/python/lib/py4j-0.10.9.7-src.zip/py4j/clientserver.py:617, took 0.074853 s
26/08/14 00:22:37 INFO MapPartitionsRDD: Removing RDD 295 from persistence list
26/08/14 00:22:37 INFO BlockManager: Removing RDD 295
26/08/14 00:22:37 INFO WatermarkTracker: Updating event-time watermark from 1786666833905 to 1786666835594 ms
26/08/14 00:22:37 INFO CheckpointFileManager: Writing atomically to file:/opt/checkpoints/trips/commits/5 using temp file file:/opt/checkpoints/trips/commits/.5.15549b3b-274c-4d16-bde9-7fa6c9c2be92.tmp
26/08/14 00:22:37 INFO CheckpointFileManager: Renamed temp file file:/opt/checkpoints/trips/commits/.5.15549b3b-274c-4d16-bde9-7fa6c9c2be92.tmp to file:/opt/checkpoints/trips/commits/5
26/08/14 00:22:37 INFO MicroBatchExecution: Streaming query made progress: {
  "id" : "b85a33a4-dee1-4170-b062-c47d2470428c",
  "runId" : "5a4a512e-2b33-436f-89d6-2ad644eee1fd",
  "name" : "trips-ingest-ab_ab_no_backoff_1",
  "timestamp" : "2026-08-14T00:22:35.691Z",
  "batchId" : 5,
  "numInputRows" : 1389,
  "inputRowsPerSecond" : 796.4449541284404,
  "processedRowsPerSecond" : 802.4263431542461,
  "durationMs" : {
    "addBatch" : 1667,
    "commitOffsets" : 35,
    "getBatch" : 0,
    "latestOffset" : 3,
    "queryPlanning" : 10,
    "triggerExecution" : 1731,
    "walCommit" : 13
  },
  "eventTime" : {
    "avg" : "2026-08-14T00:22:33.305Z",
    "max" : "2026-08-14T00:22:35.594Z",
    "min" : "2026-08-14T00:22:31.133Z",
    "watermark" : "2026-08-14T00:20:33.905Z"
  },
  "stateOperators" : [ ],
  "sources" : [ {
    "description" : "KafkaV2[Subscribe[trips.raw]]",
    "startOffset" : {
      "trips.raw" : {
        "2" : 268900,
        "5" : 267363,
        "4" : 268672,
        "1" : 268395,
        "3" : 268790,
        "0" : 268688
      }
    },
    "endOffset" : {
      "trips.raw" : {
        "2" : 269128,
        "5" : 267603,
        "4" : 268891,
        "1" : 268620,
        "3" : 269031,
        "0" : 268924
      }
    },
    "latestOffset" : {
      "trips.raw" : {
        "2" : 269128,
        "5" : 267603,
        "4" : 268891,
        "1" : 268620,
        "3" : 269031,
        "0" : 268924
      }
    },
    "numInputRows" : 1389,
    "inputRowsPerSecond" : 796.4449541284404,
    "processedRowsPerSecond" : 802.4263431542461,
    "metrics" : {
      "avgOffsetsBehindLatest" : "0.0",
      "maxOffsetsBehindLatest" : "0",
      "minOffsetsBehindLatest" : "0"
    }
  } ],
  "sink" : {
    "description" : "ForeachBatchSink",
    "numOutputRows" : -1
  }
}
26/08/14 00:22:37 INFO CheckpointFileManager: Writing atomically to file:/opt/checkpoints/trips/offsets/6 using temp file file:/opt/checkpoints/trips/offsets/.6.30b75201-2be7-4bcc-a928-bf710e6ad50b.tmp
26/08/14 00:22:37 INFO BlockManagerInfo: Removed broadcast_53_piece0 on spark-driver:40129 in memory (size: 6.1 KiB, free: 191.1 MiB)
26/08/14 00:22:37 INFO BlockManagerInfo: Removed broadcast_53_piece0 on 172.26.0.13:34511 in memory (size: 6.1 KiB, free: 413.9 MiB)
26/08/14 00:22:37 INFO BlockManagerInfo: Removed broadcast_50_piece0 on spark-driver:40129 in memory (size: 35.3 KiB, free: 191.2 MiB)
26/08/14 00:22:37 INFO BlockManagerInfo: Removed broadcast_50_piece0 on 172.26.0.13:34511 in memory (size: 35.3 KiB, free: 413.9 MiB)
26/08/14 00:22:37 INFO BlockManagerInfo: Removed broadcast_50_piece0 on 172.26.0.12:33073 in memory (size: 35.3 KiB, free: 413.9 MiB)
26/08/14 00:22:37 INFO BlockManagerInfo: Removed broadcast_51_piece0 on spark-driver:40129 in memory (size: 5.9 KiB, free: 191.2 MiB)
26/08/14 00:22:37 INFO BlockManagerInfo: Removed broadcast_51_piece0 on 172.26.0.13:34511 in memory (size: 5.9 KiB, free: 413.9 MiB)
26/08/14 00:22:37 INFO CheckpointFileManager: Renamed temp file file:/opt/checkpoints/trips/offsets/.6.30b75201-2be7-4bcc-a928-bf710e6ad50b.tmp to file:/opt/checkpoints/trips/offsets/6
26/08/14 00:22:37 INFO MicroBatchExecution: Committed offsets for batch 6. Metadata OffsetSeqMetadata(1786666835594,1786666957440,Map(spark.sql.streaming.stateStore.providerClass -> org.apache.spark.sql.execution.streaming.state.HDFSBackedStateStoreProvider, spark.sql.streaming.join.stateFormatVersion -> 2, spark.sql.streaming.stateStore.compression.codec -> lz4, spark.sql.streaming.stateStore.rocksdb.formatVersion -> 5, spark.sql.streaming.statefulOperator.useStrictDistribution -> true, spark.sql.streaming.flatMapGroupsWithState.stateFormatVersion -> 2, spark.sql.streaming.multipleWatermarkPolicy -> min, spark.sql.streaming.aggregation.stateFormatVersion -> 2, spark.sql.shuffle.partitions -> 6))
26/08/14 00:22:37 INFO BlockManagerInfo: Removed broadcast_52_piece0 on spark-driver:40129 in memory (size: 24.8 KiB, free: 191.2 MiB)
26/08/14 00:22:37 INFO BlockManagerInfo: Removed broadcast_52_piece0 on 172.26.0.12:33073 in memory (size: 24.8 KiB, free: 413.9 MiB)
26/08/14 00:22:37 INFO BlockManagerInfo: Removed broadcast_52_piece0 on 172.26.0.13:34511 in memory (size: 24.8 KiB, free: 413.9 MiB)
26/08/14 00:22:37 INFO KafkaOffsetReaderAdmin: Partitions added: Map()
26/08/14 00:22:37 INFO KafkaOffsetReaderAdmin: Partitions added: Map()
26/08/14 00:22:37 INFO KafkaOffsetReaderAdmin: Partitions added: Map()
26/08/14 00:22:37 INFO KafkaOffsetReaderAdmin: Partitions added: Map()
2026-08-14 00:22:37,495 INFO  [stream] Received command c on object id p0
26/08/14 00:22:37 INFO SparkContext: Starting job: count at <unknown>:0
26/08/14 00:22:37 INFO DAGScheduler: Registering RDD 369 (count at <unknown>:0) as input to shuffle 25
26/08/14 00:22:37 INFO DAGScheduler: Got job 30 (count at <unknown>:0) with 1 output partitions
26/08/14 00:22:37 INFO DAGScheduler: Final stage: ResultStage 56 (count at <unknown>:0)
26/08/14 00:22:37 INFO DAGScheduler: Parents of final stage: List(ShuffleMapStage 55)
26/08/14 00:22:37 INFO DAGScheduler: Missing parents: List(ShuffleMapStage 55)
26/08/14 00:22:37 INFO DAGScheduler: Submitting ShuffleMapStage 55 (MapPartitionsRDD[369] at count at <unknown>:0), which has no missing parents
26/08/14 00:22:37 INFO MemoryStore: Block broadcast_54 stored as values in memory (estimated size 64.6 KiB, free 191.1 MiB)
26/08/14 00:22:37 INFO MemoryStore: Block broadcast_54_piece0 stored as bytes in memory (estimated size 24.1 KiB, free 191.1 MiB)
26/08/14 00:22:37 INFO BlockManagerInfo: Added broadcast_54_piece0 in memory on spark-driver:40129 (size: 24.1 KiB, free: 191.2 MiB)
26/08/14 00:22:37 INFO SparkContext: Created broadcast 54 from broadcast at DAGScheduler.scala:1585
26/08/14 00:22:37 INFO DAGScheduler: Submitting 6 missing tasks from ShuffleMapStage 55 (MapPartitionsRDD[369] at count at <unknown>:0) (first 15 tasks are for partitions Vector(0, 1, 2, 3, 4, 5))
26/08/14 00:22:37 INFO TaskSchedulerImpl: Adding task set 55.0 with 6 tasks resource profile 0
26/08/14 00:22:37 INFO TaskSetManager: Starting task 0.0 in stage 55.0 (TID 189) (172.26.0.12, executor 0, partition 0, PROCESS_LOCAL, 9921 bytes) 
26/08/14 00:22:37 INFO TaskSetManager: Starting task 2.0 in stage 55.0 (TID 190) (172.26.0.13, executor 1, partition 2, PROCESS_LOCAL, 9921 bytes) 
26/08/14 00:22:37 INFO TaskSetManager: Starting task 1.0 in stage 55.0 (TID 191) (172.26.0.12, executor 0, partition 1, PROCESS_LOCAL, 9921 bytes) 
26/08/14 00:22:37 INFO TaskSetManager: Starting task 3.0 in stage 55.0 (TID 192) (172.26.0.13, executor 1, partition 3, PROCESS_LOCAL, 9921 bytes) 
26/08/14 00:22:37 INFO TaskSetManager: Starting task 5.0 in stage 55.0 (TID 193) (172.26.0.12, executor 0, partition 5, PROCESS_LOCAL, 9921 bytes) 
26/08/14 00:22:37 INFO TaskSetManager: Starting task 4.0 in stage 55.0 (TID 194) (172.26.0.13, executor 1, partition 4, PROCESS_LOCAL, 9921 bytes) 
26/08/14 00:22:37 INFO BlockManagerInfo: Added broadcast_54_piece0 in memory on 172.26.0.13:34511 (size: 24.1 KiB, free: 413.9 MiB)
26/08/14 00:22:37 INFO BlockManagerInfo: Added broadcast_54_piece0 in memory on 172.26.0.12:33073 (size: 24.1 KiB, free: 413.9 MiB)
26/08/14 00:22:37 INFO BlockManagerInfo: Added rdd_364_0 in memory on 172.26.0.12:33073 (size: 150.4 KiB, free: 413.8 MiB)
26/08/14 00:22:37 INFO BlockManagerInfo: Added rdd_364_1 in memory on 172.26.0.12:33073 (size: 134.0 KiB, free: 413.6 MiB)
26/08/14 00:22:37 INFO BlockManagerInfo: Added rdd_364_5 in memory on 172.26.0.12:33073 (size: 137.1 KiB, free: 413.5 MiB)
26/08/14 00:22:37 INFO TaskSetManager: Finished task 0.0 in stage 55.0 (TID 189) in 91 ms on 172.26.0.12 (executor 0) (1/6)
26/08/14 00:22:37 INFO BlockManagerInfo: Added rdd_364_3 in memory on 172.26.0.13:34511 (size: 147.5 KiB, free: 413.8 MiB)
26/08/14 00:22:37 INFO BlockManagerInfo: Added rdd_364_4 in memory on 172.26.0.13:34511 (size: 145.6 KiB, free: 413.6 MiB)
26/08/14 00:22:37 INFO TaskSetManager: Finished task 1.0 in stage 55.0 (TID 191) in 100 ms on 172.26.0.12 (executor 0) (2/6)
26/08/14 00:22:37 INFO TaskSetManager: Finished task 3.0 in stage 55.0 (TID 192) in 100 ms on 172.26.0.13 (executor 1) (3/6)
26/08/14 00:22:37 INFO TaskSetManager: Finished task 5.0 in stage 55.0 (TID 193) in 101 ms on 172.26.0.12 (executor 0) (4/6)
26/08/14 00:22:37 INFO TaskSetManager: Finished task 4.0 in stage 55.0 (TID 194) in 107 ms on 172.26.0.13 (executor 1) (5/6)
26/08/14 00:22:37 INFO BlockManagerInfo: Added rdd_364_2 in memory on 172.26.0.13:34511 (size: 165.3 KiB, free: 413.5 MiB)
26/08/14 00:22:37 INFO TaskSetManager: Finished task 2.0 in stage 55.0 (TID 190) in 113 ms on 172.26.0.13 (executor 1) (6/6)
26/08/14 00:22:37 INFO TaskSchedulerImpl: Removed TaskSet 55.0, whose tasks have all completed, from pool 
26/08/14 00:22:37 INFO DAGScheduler: ShuffleMapStage 55 (count at <unknown>:0) finished in 0.117 s
26/08/14 00:22:37 INFO DAGScheduler: looking for newly runnable stages
26/08/14 00:22:37 INFO DAGScheduler: running: Set()
26/08/14 00:22:37 INFO DAGScheduler: waiting: Set(ResultStage 56)
26/08/14 00:22:37 INFO DAGScheduler: failed: Set()
26/08/14 00:22:37 INFO DAGScheduler: Submitting ResultStage 56 (MapPartitionsRDD[372] at count at <unknown>:0), which has no missing parents
26/08/14 00:22:37 INFO MemoryStore: Block broadcast_55 stored as values in memory (estimated size 12.5 KiB, free 191.1 MiB)
26/08/14 00:22:37 INFO MemoryStore: Block broadcast_55_piece0 stored as bytes in memory (estimated size 5.9 KiB, free 191.1 MiB)
26/08/14 00:22:37 INFO BlockManagerInfo: Added broadcast_55_piece0 in memory on spark-driver:40129 (size: 5.9 KiB, free: 191.2 MiB)
26/08/14 00:22:37 INFO SparkContext: Created broadcast 55 from broadcast at DAGScheduler.scala:1585
26/08/14 00:22:37 INFO DAGScheduler: Submitting 1 missing tasks from ResultStage 56 (MapPartitionsRDD[372] at count at <unknown>:0) (first 15 tasks are for partitions Vector(0))
26/08/14 00:22:37 INFO TaskSchedulerImpl: Adding task set 56.0 with 1 tasks resource profile 0
26/08/14 00:22:37 INFO TaskSetManager: Starting task 0.0 in stage 56.0 (TID 195) (172.26.0.12, executor 0, partition 0, NODE_LOCAL, 9003 bytes) 
26/08/14 00:22:37 INFO BlockManagerInfo: Added broadcast_55_piece0 in memory on 172.26.0.12:33073 (size: 5.9 KiB, free: 413.5 MiB)
26/08/14 00:22:37 INFO MapOutputTrackerMasterEndpoint: Asked to send map output locations for shuffle 25 to 172.26.0.12:49600
26/08/14 00:22:37 INFO TaskSetManager: Finished task 0.0 in stage 56.0 (TID 195) in 29 ms on 172.26.0.12 (executor 0) (1/1)
26/08/14 00:22:37 INFO TaskSchedulerImpl: Removed TaskSet 56.0, whose tasks have all completed, from pool 
26/08/14 00:22:37 INFO DAGScheduler: ResultStage 56 (count at <unknown>:0) finished in 0.032 s
26/08/14 00:22:37 INFO DAGScheduler: Job 30 is finished. Cancelling potential speculative or zombie tasks for this job
26/08/14 00:22:37 INFO TaskSchedulerImpl: Killing all running tasks in stage 56: Stage finished
26/08/14 00:22:37 INFO DAGScheduler: Job 30 finished: count at <unknown>:0, took 0.154109 s
26/08/14 00:22:37 INFO SparkContext: Starting job: count at <unknown>:0
26/08/14 00:22:37 INFO DAGScheduler: Registering RDD 377 (count at <unknown>:0) as input to shuffle 26
26/08/14 00:22:37 INFO DAGScheduler: Got job 31 (count at <unknown>:0) with 1 output partitions
26/08/14 00:22:37 INFO DAGScheduler: Final stage: ResultStage 58 (count at <unknown>:0)
26/08/14 00:22:37 INFO DAGScheduler: Parents of final stage: List(ShuffleMapStage 57)
26/08/14 00:22:37 INFO DAGScheduler: Missing parents: List(ShuffleMapStage 57)
26/08/14 00:22:37 INFO DAGScheduler: Submitting ShuffleMapStage 57 (MapPartitionsRDD[377] at count at <unknown>:0), which has no missing parents
26/08/14 00:22:37 INFO MemoryStore: Block broadcast_56 stored as values in memory (estimated size 64.9 KiB, free 191.0 MiB)
26/08/14 00:22:37 INFO MemoryStore: Block broadcast_56_piece0 stored as bytes in memory (estimated size 24.2 KiB, free 191.0 MiB)
26/08/14 00:22:37 INFO BlockManagerInfo: Added broadcast_56_piece0 in memory on spark-driver:40129 (size: 24.2 KiB, free: 191.2 MiB)
26/08/14 00:22:37 INFO SparkContext: Created broadcast 56 from broadcast at DAGScheduler.scala:1585
26/08/14 00:22:37 INFO DAGScheduler: Submitting 6 missing tasks from ShuffleMapStage 57 (MapPartitionsRDD[377] at count at <unknown>:0) (first 15 tasks are for partitions Vector(0, 1, 2, 3, 4, 5))
26/08/14 00:22:37 INFO TaskSchedulerImpl: Adding task set 57.0 with 6 tasks resource profile 0
26/08/14 00:22:37 INFO TaskSetManager: Starting task 0.0 in stage 57.0 (TID 196) (172.26.0.12, executor 0, partition 0, PROCESS_LOCAL, 9921 bytes) 
26/08/14 00:22:37 INFO TaskSetManager: Starting task 2.0 in stage 57.0 (TID 197) (172.26.0.13, executor 1, partition 2, PROCESS_LOCAL, 9921 bytes) 
26/08/14 00:22:37 INFO TaskSetManager: Starting task 1.0 in stage 57.0 (TID 198) (172.26.0.12, executor 0, partition 1, PROCESS_LOCAL, 9921 bytes) 
26/08/14 00:22:37 INFO TaskSetManager: Starting task 3.0 in stage 57.0 (TID 199) (172.26.0.13, executor 1, partition 3, PROCESS_LOCAL, 9921 bytes) 
26/08/14 00:22:37 INFO TaskSetManager: Starting task 5.0 in stage 57.0 (TID 200) (172.26.0.12, executor 0, partition 5, PROCESS_LOCAL, 9921 bytes) 
26/08/14 00:22:37 INFO TaskSetManager: Starting task 4.0 in stage 57.0 (TID 201) (172.26.0.13, executor 1, partition 4, PROCESS_LOCAL, 9921 bytes) 
26/08/14 00:22:37 INFO BlockManagerInfo: Added broadcast_56_piece0 in memory on 172.26.0.13:34511 (size: 24.2 KiB, free: 413.4 MiB)
26/08/14 00:22:37 INFO BlockManagerInfo: Added broadcast_56_piece0 in memory on 172.26.0.12:33073 (size: 24.2 KiB, free: 413.5 MiB)
26/08/14 00:22:37 INFO TaskSetManager: Finished task 0.0 in stage 57.0 (TID 196) in 17 ms on 172.26.0.12 (executor 0) (1/6)
26/08/14 00:22:37 INFO TaskSetManager: Finished task 5.0 in stage 57.0 (TID 200) in 16 ms on 172.26.0.12 (executor 0) (2/6)
26/08/14 00:22:37 INFO TaskSetManager: Finished task 4.0 in stage 57.0 (TID 201) in 18 ms on 172.26.0.13 (executor 1) (3/6)
26/08/14 00:22:37 INFO TaskSetManager: Finished task 3.0 in stage 57.0 (TID 199) in 18 ms on 172.26.0.13 (executor 1) (4/6)
26/08/14 00:22:37 INFO TaskSetManager: Finished task 1.0 in stage 57.0 (TID 198) in 19 ms on 172.26.0.12 (executor 0) (5/6)
26/08/14 00:22:37 INFO TaskSetManager: Finished task 2.0 in stage 57.0 (TID 197) in 24 ms on 172.26.0.13 (executor 1) (6/6)
26/08/14 00:22:37 INFO TaskSchedulerImpl: Removed TaskSet 57.0, whose tasks have all completed, from pool 
26/08/14 00:22:37 INFO DAGScheduler: ShuffleMapStage 57 (count at <unknown>:0) finished in 0.031 s
26/08/14 00:22:37 INFO DAGScheduler: looking for newly runnable stages
26/08/14 00:22:37 INFO DAGScheduler: running: Set()
26/08/14 00:22:37 INFO DAGScheduler: waiting: Set(ResultStage 58)
26/08/14 00:22:37 INFO DAGScheduler: failed: Set()
26/08/14 00:22:37 INFO DAGScheduler: Submitting ResultStage 58 (MapPartitionsRDD[380] at count at <unknown>:0), which has no missing parents
26/08/14 00:22:37 INFO MemoryStore: Block broadcast_57 stored as values in memory (estimated size 12.5 KiB, free 191.0 MiB)
26/08/14 00:22:37 INFO MemoryStore: Block broadcast_57_piece0 stored as bytes in memory (estimated size 5.9 KiB, free 191.0 MiB)
26/08/14 00:22:37 INFO BlockManagerInfo: Added broadcast_57_piece0 in memory on spark-driver:40129 (size: 5.9 KiB, free: 191.2 MiB)
26/08/14 00:22:37 INFO SparkContext: Created broadcast 57 from broadcast at DAGScheduler.scala:1585
26/08/14 00:22:37 INFO DAGScheduler: Submitting 1 missing tasks from ResultStage 58 (MapPartitionsRDD[380] at count at <unknown>:0) (first 15 tasks are for partitions Vector(0))
26/08/14 00:22:37 INFO TaskSchedulerImpl: Adding task set 58.0 with 1 tasks resource profile 0
26/08/14 00:22:37 INFO TaskSetManager: Starting task 0.0 in stage 58.0 (TID 202) (172.26.0.13, executor 1, partition 0, NODE_LOCAL, 9003 bytes) 
26/08/14 00:22:37 INFO BlockManagerInfo: Added broadcast_57_piece0 in memory on 172.26.0.13:34511 (size: 5.9 KiB, free: 413.4 MiB)
26/08/14 00:22:37 INFO MapOutputTrackerMasterEndpoint: Asked to send map output locations for shuffle 26 to 172.26.0.13:50552
26/08/14 00:22:37 INFO TaskSetManager: Finished task 0.0 in stage 58.0 (TID 202) in 16 ms on 172.26.0.13 (executor 1) (1/1)
26/08/14 00:22:37 INFO TaskSchedulerImpl: Removed TaskSet 58.0, whose tasks have all completed, from pool 
26/08/14 00:22:37 INFO DAGScheduler: ResultStage 58 (count at <unknown>:0) finished in 0.018 s
26/08/14 00:22:37 INFO DAGScheduler: Job 31 is finished. Cancelling potential speculative or zombie tasks for this job
26/08/14 00:22:37 INFO TaskSchedulerImpl: Killing all running tasks in stage 58: Stage finished
26/08/14 00:22:37 INFO DAGScheduler: Job 31 finished: count at <unknown>:0, took 0.051556 s
26/08/14 00:22:37 INFO BlockManagerInfo: Removed broadcast_54_piece0 on spark-driver:40129 in memory (size: 24.1 KiB, free: 191.2 MiB)
26/08/14 00:22:37 INFO BlockManagerInfo: Removed broadcast_54_piece0 on 172.26.0.13:34511 in memory (size: 24.1 KiB, free: 413.4 MiB)
26/08/14 00:22:37 INFO BlockManagerInfo: Removed broadcast_54_piece0 on 172.26.0.12:33073 in memory (size: 24.1 KiB, free: 413.5 MiB)
26/08/14 00:22:37 INFO BlockManagerInfo: Removed broadcast_57_piece0 on spark-driver:40129 in memory (size: 5.9 KiB, free: 191.2 MiB)
26/08/14 00:22:37 INFO BlockManagerInfo: Removed broadcast_57_piece0 on 172.26.0.13:34511 in memory (size: 5.9 KiB, free: 413.5 MiB)
26/08/14 00:22:37 INFO BlockManagerInfo: Removed broadcast_56_piece0 on spark-driver:40129 in memory (size: 24.2 KiB, free: 191.2 MiB)
26/08/14 00:22:37 INFO BlockManagerInfo: Removed broadcast_56_piece0 on 172.26.0.13:34511 in memory (size: 24.2 KiB, free: 413.5 MiB)
26/08/14 00:22:37 INFO BlockManagerInfo: Removed broadcast_56_piece0 on 172.26.0.12:33073 in memory (size: 24.2 KiB, free: 413.5 MiB)
26/08/14 00:22:37 INFO BlockManagerInfo: Removed broadcast_55_piece0 on spark-driver:40129 in memory (size: 5.9 KiB, free: 191.2 MiB)
26/08/14 00:22:37 INFO BlockManagerInfo: Removed broadcast_55_piece0 on 172.26.0.12:33073 in memory (size: 5.9 KiB, free: 413.5 MiB)
26/08/14 00:22:37 INFO CodeGenerator: Code generated in 8.328583 ms
26/08/14 00:22:37 INFO DefaultCachedBatchSerializer: Predicate isnotnull(event_time#89-T120000ms) generates partition filter: ((event_time.count#18929 - event_time.nullCount#18928) > 0)
26/08/14 00:22:37 INFO DefaultCachedBatchSerializer: Predicate (event_time#89-T120000ms < 2026-08-14 00:20:35.594) generates partition filter: (event_time.lowerBound#18927 < 2026-08-14 00:20:35.594)
26/08/14 00:22:37 INFO SparkContext: Starting job: count at <unknown>:0
26/08/14 00:22:37 INFO DAGScheduler: Registering RDD 385 (count at <unknown>:0) as input to shuffle 27
26/08/14 00:22:37 INFO DAGScheduler: Got job 32 (count at <unknown>:0) with 1 output partitions
26/08/14 00:22:37 INFO DAGScheduler: Final stage: ResultStage 60 (count at <unknown>:0)
26/08/14 00:22:37 INFO DAGScheduler: Parents of final stage: List(ShuffleMapStage 59)
26/08/14 00:22:37 INFO DAGScheduler: Missing parents: List(ShuffleMapStage 59)
26/08/14 00:22:37 INFO DAGScheduler: Submitting ShuffleMapStage 59 (MapPartitionsRDD[385] at count at <unknown>:0), which has no missing parents
26/08/14 00:22:37 INFO MemoryStore: Block broadcast_58 stored as values in memory (estimated size 67.2 KiB, free 191.1 MiB)
26/08/14 00:22:37 INFO MemoryStore: Block broadcast_58_piece0 stored as bytes in memory (estimated size 25.6 KiB, free 191.1 MiB)
26/08/14 00:22:37 INFO BlockManagerInfo: Added broadcast_58_piece0 in memory on spark-driver:40129 (size: 25.6 KiB, free: 191.2 MiB)
26/08/14 00:22:37 INFO SparkContext: Created broadcast 58 from broadcast at DAGScheduler.scala:1585
26/08/14 00:22:37 INFO DAGScheduler: Submitting 6 missing tasks from ShuffleMapStage 59 (MapPartitionsRDD[385] at count at <unknown>:0) (first 15 tasks are for partitions Vector(0, 1, 2, 3, 4, 5))
26/08/14 00:22:37 INFO TaskSchedulerImpl: Adding task set 59.0 with 6 tasks resource profile 0
26/08/14 00:22:37 INFO TaskSetManager: Starting task 2.0 in stage 59.0 (TID 203) (172.26.0.13, executor 1, partition 2, PROCESS_LOCAL, 9921 bytes) 
26/08/14 00:22:37 INFO TaskSetManager: Starting task 0.0 in stage 59.0 (TID 204) (172.26.0.12, executor 0, partition 0, PROCESS_LOCAL, 9921 bytes) 
26/08/14 00:22:37 INFO TaskSetManager: Starting task 3.0 in stage 59.0 (TID 205) (172.26.0.13, executor 1, partition 3, PROCESS_LOCAL, 9921 bytes) 
26/08/14 00:22:37 INFO TaskSetManager: Starting task 1.0 in stage 59.0 (TID 206) (172.26.0.12, executor 0, partition 1, PROCESS_LOCAL, 9921 bytes) 
26/08/14 00:22:37 INFO TaskSetManager: Starting task 4.0 in stage 59.0 (TID 207) (172.26.0.13, executor 1, partition 4, PROCESS_LOCAL, 9921 bytes) 
26/08/14 00:22:37 INFO TaskSetManager: Starting task 5.0 in stage 59.0 (TID 208) (172.26.0.12, executor 0, partition 5, PROCESS_LOCAL, 9921 bytes) 
26/08/14 00:22:37 INFO BlockManagerInfo: Added broadcast_58_piece0 in memory on 172.26.0.12:33073 (size: 25.6 KiB, free: 413.5 MiB)
26/08/14 00:22:37 INFO BlockManagerInfo: Added broadcast_58_piece0 in memory on 172.26.0.13:34511 (size: 25.6 KiB, free: 413.5 MiB)
26/08/14 00:22:37 INFO TaskSetManager: Finished task 4.0 in stage 59.0 (TID 207) in 38 ms on 172.26.0.13 (executor 1) (1/6)
26/08/14 00:22:37 INFO TaskSetManager: Finished task 2.0 in stage 59.0 (TID 203) in 39 ms on 172.26.0.13 (executor 1) (2/6)
26/08/14 00:22:37 INFO TaskSetManager: Finished task 3.0 in stage 59.0 (TID 205) in 39 ms on 172.26.0.13 (executor 1) (3/6)
26/08/14 00:22:37 INFO TaskSetManager: Finished task 5.0 in stage 59.0 (TID 208) in 44 ms on 172.26.0.12 (executor 0) (4/6)
26/08/14 00:22:37 INFO TaskSetManager: Finished task 1.0 in stage 59.0 (TID 206) in 44 ms on 172.26.0.12 (executor 0) (5/6)
26/08/14 00:22:37 INFO TaskSetManager: Finished task 0.0 in stage 59.0 (TID 204) in 44 ms on 172.26.0.12 (executor 0) (6/6)
26/08/14 00:22:37 INFO TaskSchedulerImpl: Removed TaskSet 59.0, whose tasks have all completed, from pool 
26/08/14 00:22:37 INFO DAGScheduler: ShuffleMapStage 59 (count at <unknown>:0) finished in 0.050 s
26/08/14 00:22:37 INFO DAGScheduler: looking for newly runnable stages
26/08/14 00:22:37 INFO DAGScheduler: running: Set()
26/08/14 00:22:37 INFO DAGScheduler: waiting: Set(ResultStage 60)
26/08/14 00:22:37 INFO DAGScheduler: failed: Set()
26/08/14 00:22:37 INFO DAGScheduler: Submitting ResultStage 60 (MapPartitionsRDD[388] at count at <unknown>:0), which has no missing parents
26/08/14 00:22:37 INFO MemoryStore: Block broadcast_59 stored as values in memory (estimated size 12.5 KiB, free 191.1 MiB)
26/08/14 00:22:37 INFO MemoryStore: Block broadcast_59_piece0 stored as bytes in memory (estimated size 5.9 KiB, free 191.1 MiB)
26/08/14 00:22:37 INFO BlockManagerInfo: Added broadcast_59_piece0 in memory on spark-driver:40129 (size: 5.9 KiB, free: 191.2 MiB)
26/08/14 00:22:37 INFO SparkContext: Created broadcast 59 from broadcast at DAGScheduler.scala:1585
26/08/14 00:22:37 INFO DAGScheduler: Submitting 1 missing tasks from ResultStage 60 (MapPartitionsRDD[388] at count at <unknown>:0) (first 15 tasks are for partitions Vector(0))
26/08/14 00:22:37 INFO TaskSchedulerImpl: Adding task set 60.0 with 1 tasks resource profile 0
26/08/14 00:22:37 INFO TaskSetManager: Starting task 0.0 in stage 60.0 (TID 209) (172.26.0.12, executor 0, partition 0, NODE_LOCAL, 9003 bytes) 
26/08/14 00:22:37 INFO BlockManagerInfo: Added broadcast_59_piece0 in memory on 172.26.0.12:33073 (size: 5.9 KiB, free: 413.5 MiB)
26/08/14 00:22:37 INFO MapOutputTrackerMasterEndpoint: Asked to send map output locations for shuffle 27 to 172.26.0.12:49600
26/08/14 00:22:37 INFO TaskSetManager: Finished task 0.0 in stage 60.0 (TID 209) in 16 ms on 172.26.0.12 (executor 0) (1/1)
26/08/14 00:22:37 INFO TaskSchedulerImpl: Removed TaskSet 60.0, whose tasks have all completed, from pool 
26/08/14 00:22:37 INFO DAGScheduler: ResultStage 60 (count at <unknown>:0) finished in 0.018 s
26/08/14 00:22:37 INFO DAGScheduler: Job 32 is finished. Cancelling potential speculative or zombie tasks for this job
26/08/14 00:22:37 INFO TaskSchedulerImpl: Killing all running tasks in stage 60: Stage finished
26/08/14 00:22:37 INFO DAGScheduler: Job 32 finished: count at <unknown>:0, took 0.071478 s
26/08/14 00:22:37 INFO BlockManagerInfo: Removed broadcast_59_piece0 on spark-driver:40129 in memory (size: 5.9 KiB, free: 191.2 MiB)
26/08/14 00:22:37 INFO BlockManagerInfo: Removed broadcast_59_piece0 on 172.26.0.12:33073 in memory (size: 5.9 KiB, free: 413.5 MiB)
26/08/14 00:22:37 INFO BlockManagerInfo: Removed broadcast_58_piece0 on spark-driver:40129 in memory (size: 25.6 KiB, free: 191.2 MiB)
26/08/14 00:22:37 INFO BlockManagerInfo: Removed broadcast_58_piece0 on 172.26.0.12:33073 in memory (size: 25.6 KiB, free: 413.5 MiB)
26/08/14 00:22:37 INFO BlockManagerInfo: Removed broadcast_58_piece0 on 172.26.0.13:34511 in memory (size: 25.6 KiB, free: 413.5 MiB)
26/08/14 00:22:37 INFO DefaultCachedBatchSerializer: Predicate isnotnull(kind#19486) generates partition filter: ((kind.count#19555 - kind.nullCount#19554) > 0)
26/08/14 00:22:37 INFO DefaultCachedBatchSerializer: Predicate (kind#19486 = stats) generates partition filter: ((kind.lowerBound#19553 <= stats) AND (stats <= kind.upperBound#19552))
26/08/14 00:22:37 INFO SparkContext: Starting job: call at /opt/spark/python/lib/py4j-0.10.9.7-src.zip/py4j/clientserver.py:617
26/08/14 00:22:37 INFO DAGScheduler: Got job 33 (call at /opt/spark/python/lib/py4j-0.10.9.7-src.zip/py4j/clientserver.py:617) with 6 output partitions
26/08/14 00:22:37 INFO DAGScheduler: Final stage: ResultStage 61 (call at /opt/spark/python/lib/py4j-0.10.9.7-src.zip/py4j/clientserver.py:617)
26/08/14 00:22:37 INFO DAGScheduler: Parents of final stage: List()
26/08/14 00:22:37 INFO DAGScheduler: Missing parents: List()
26/08/14 00:22:37 INFO DAGScheduler: Submitting ResultStage 61 (MapPartitionsRDD[407] at call at /opt/spark/python/lib/py4j-0.10.9.7-src.zip/py4j/clientserver.py:617), which has no missing parents
26/08/14 00:22:37 INFO MemoryStore: Block broadcast_60 stored as values in memory (estimated size 90.0 KiB, free 191.1 MiB)
26/08/14 00:22:37 INFO MemoryStore: Block broadcast_60_piece0 stored as bytes in memory (estimated size 34.0 KiB, free 191.1 MiB)
26/08/14 00:22:37 INFO BlockManagerInfo: Added broadcast_60_piece0 in memory on spark-driver:40129 (size: 34.0 KiB, free: 191.2 MiB)
26/08/14 00:22:37 INFO SparkContext: Created broadcast 60 from broadcast at DAGScheduler.scala:1585
26/08/14 00:22:37 INFO DAGScheduler: Submitting 6 missing tasks from ResultStage 61 (MapPartitionsRDD[407] at call at /opt/spark/python/lib/py4j-0.10.9.7-src.zip/py4j/clientserver.py:617) (first 15 tasks are for partitions Vector(0, 1, 2, 3, 4, 5))
26/08/14 00:22:37 INFO TaskSchedulerImpl: Adding task set 61.0 with 6 tasks resource profile 0
26/08/14 00:22:37 INFO TaskSetManager: Starting task 2.0 in stage 61.0 (TID 210) (172.26.0.13, executor 1, partition 2, PROCESS_LOCAL, 9932 bytes) 
26/08/14 00:22:37 INFO TaskSetManager: Starting task 0.0 in stage 61.0 (TID 211) (172.26.0.12, executor 0, partition 0, PROCESS_LOCAL, 9932 bytes) 
26/08/14 00:22:37 INFO TaskSetManager: Starting task 3.0 in stage 61.0 (TID 212) (172.26.0.13, executor 1, partition 3, PROCESS_LOCAL, 9932 bytes) 
26/08/14 00:22:37 INFO TaskSetManager: Starting task 1.0 in stage 61.0 (TID 213) (172.26.0.12, executor 0, partition 1, PROCESS_LOCAL, 9932 bytes) 
26/08/14 00:22:37 INFO TaskSetManager: Starting task 4.0 in stage 61.0 (TID 214) (172.26.0.13, executor 1, partition 4, PROCESS_LOCAL, 9932 bytes) 
26/08/14 00:22:37 INFO TaskSetManager: Starting task 5.0 in stage 61.0 (TID 215) (172.26.0.12, executor 0, partition 5, PROCESS_LOCAL, 9932 bytes) 
26/08/14 00:22:37 INFO BlockManagerInfo: Added broadcast_60_piece0 in memory on 172.26.0.13:34511 (size: 34.0 KiB, free: 413.4 MiB)
26/08/14 00:22:37 INFO BlockManagerInfo: Added broadcast_60_piece0 in memory on 172.26.0.12:33073 (size: 34.0 KiB, free: 413.5 MiB)
26/08/14 00:22:38 INFO BlockManagerInfo: Added rdd_402_1 in memory on 172.26.0.12:33073 (size: 1792.0 B, free: 413.5 MiB)
26/08/14 00:22:38 INFO TaskSetManager: Finished task 1.0 in stage 61.0 (TID 213) in 377 ms on 172.26.0.12 (executor 0) (1/6)
26/08/14 00:22:38 INFO BlockManagerInfo: Added rdd_402_5 in memory on 172.26.0.12:33073 (size: 1792.0 B, free: 413.5 MiB)
26/08/14 00:22:38 INFO BlockManagerInfo: Added rdd_402_4 in memory on 172.26.0.13:34511 (size: 1792.0 B, free: 413.4 MiB)
26/08/14 00:22:38 INFO BlockManagerInfo: Added rdd_402_3 in memory on 172.26.0.13:34511 (size: 1792.0 B, free: 413.4 MiB)
26/08/14 00:22:38 INFO BlockManagerInfo: Added rdd_402_0 in memory on 172.26.0.12:33073 (size: 1792.0 B, free: 413.5 MiB)
26/08/14 00:22:38 INFO TaskSetManager: Finished task 5.0 in stage 61.0 (TID 215) in 507 ms on 172.26.0.12 (executor 0) (2/6)
26/08/14 00:22:38 INFO TaskSetManager: Finished task 4.0 in stage 61.0 (TID 214) in 509 ms on 172.26.0.13 (executor 1) (3/6)
26/08/14 00:22:38 INFO TaskSetManager: Finished task 0.0 in stage 61.0 (TID 211) in 518 ms on 172.26.0.12 (executor 0) (4/6)
26/08/14 00:22:38 INFO BlockManagerInfo: Added rdd_402_2 in memory on 172.26.0.13:34511 (size: 1792.0 B, free: 413.4 MiB)
26/08/14 00:22:38 INFO TaskSetManager: Finished task 3.0 in stage 61.0 (TID 212) in 528 ms on 172.26.0.13 (executor 1) (5/6)
26/08/14 00:22:38 INFO TaskSetManager: Finished task 2.0 in stage 61.0 (TID 210) in 537 ms on 172.26.0.13 (executor 1) (6/6)
26/08/14 00:22:38 INFO TaskSchedulerImpl: Removed TaskSet 61.0, whose tasks have all completed, from pool 
26/08/14 00:22:38 INFO DAGScheduler: ResultStage 61 (call at /opt/spark/python/lib/py4j-0.10.9.7-src.zip/py4j/clientserver.py:617) finished in 0.543 s
26/08/14 00:22:38 INFO DAGScheduler: Job 33 is finished. Cancelling potential speculative or zombie tasks for this job
26/08/14 00:22:38 INFO TaskSchedulerImpl: Killing all running tasks in stage 61: Stage finished
26/08/14 00:22:38 INFO DAGScheduler: Job 33 finished: call at /opt/spark/python/lib/py4j-0.10.9.7-src.zip/py4j/clientserver.py:617, took 0.546195 s
26/08/14 00:22:38 INFO DefaultCachedBatchSerializer: Predicate isnotnull(kind#19486) generates partition filter: ((kind.count#19638 - kind.nullCount#19637) > 0)
26/08/14 00:22:38 INFO DefaultCachedBatchSerializer: Predicate (kind#19486 = dlq) generates partition filter: ((kind.lowerBound#19636 <= dlq) AND (dlq <= kind.upperBound#19635))
26/08/14 00:22:38 INFO SparkContext: Starting job: count at <unknown>:0
26/08/14 00:22:38 INFO DAGScheduler: Registering RDD 412 (count at <unknown>:0) as input to shuffle 28
26/08/14 00:22:38 INFO DAGScheduler: Got job 34 (count at <unknown>:0) with 1 output partitions
26/08/14 00:22:38 INFO DAGScheduler: Final stage: ResultStage 63 (count at <unknown>:0)
26/08/14 00:22:38 INFO DAGScheduler: Parents of final stage: List(ShuffleMapStage 62)
26/08/14 00:22:38 INFO DAGScheduler: Missing parents: List(ShuffleMapStage 62)
26/08/14 00:22:38 INFO DAGScheduler: Submitting ShuffleMapStage 62 (MapPartitionsRDD[412] at count at <unknown>:0), which has no missing parents
26/08/14 00:22:38 INFO MemoryStore: Block broadcast_61 stored as values in memory (estimated size 92.2 KiB, free 191.0 MiB)
26/08/14 00:22:38 INFO MemoryStore: Block broadcast_61_piece0 stored as bytes in memory (estimated size 35.3 KiB, free 191.0 MiB)
26/08/14 00:22:38 INFO BlockManagerInfo: Added broadcast_61_piece0 in memory on spark-driver:40129 (size: 35.3 KiB, free: 191.1 MiB)
26/08/14 00:22:38 INFO SparkContext: Created broadcast 61 from broadcast at DAGScheduler.scala:1585
26/08/14 00:22:38 INFO DAGScheduler: Submitting 6 missing tasks from ShuffleMapStage 62 (MapPartitionsRDD[412] at count at <unknown>:0) (first 15 tasks are for partitions Vector(0, 1, 2, 3, 4, 5))
26/08/14 00:22:38 INFO TaskSchedulerImpl: Adding task set 62.0 with 6 tasks resource profile 0
26/08/14 00:22:38 INFO TaskSetManager: Starting task 0.0 in stage 62.0 (TID 216) (172.26.0.12, executor 0, partition 0, PROCESS_LOCAL, 9921 bytes) 
26/08/14 00:22:38 INFO BlockManagerInfo: Removed broadcast_60_piece0 on spark-driver:40129 in memory (size: 34.0 KiB, free: 191.2 MiB)
26/08/14 00:22:38 INFO TaskSetManager: Starting task 2.0 in stage 62.0 (TID 217) (172.26.0.13, executor 1, partition 2, PROCESS_LOCAL, 9921 bytes) 
26/08/14 00:22:38 INFO TaskSetManager: Starting task 1.0 in stage 62.0 (TID 218) (172.26.0.12, executor 0, partition 1, PROCESS_LOCAL, 9921 bytes) 
26/08/14 00:22:38 INFO TaskSetManager: Starting task 3.0 in stage 62.0 (TID 219) (172.26.0.13, executor 1, partition 3, PROCESS_LOCAL, 9921 bytes) 
26/08/14 00:22:38 INFO BlockManagerInfo: Removed broadcast_60_piece0 on 172.26.0.13:34511 in memory (size: 34.0 KiB, free: 413.5 MiB)
26/08/14 00:22:38 INFO TaskSetManager: Starting task 5.0 in stage 62.0 (TID 220) (172.26.0.12, executor 0, partition 5, PROCESS_LOCAL, 9921 bytes) 
26/08/14 00:22:38 INFO BlockManagerInfo: Removed broadcast_60_piece0 on 172.26.0.12:33073 in memory (size: 34.0 KiB, free: 413.5 MiB)
26/08/14 00:22:38 INFO TaskSetManager: Starting task 4.0 in stage 62.0 (TID 221) (172.26.0.13, executor 1, partition 4, PROCESS_LOCAL, 9921 bytes) 
26/08/14 00:22:38 INFO BlockManagerInfo: Added broadcast_61_piece0 in memory on 172.26.0.13:34511 (size: 35.3 KiB, free: 413.4 MiB)
26/08/14 00:22:38 INFO BlockManagerInfo: Added broadcast_61_piece0 in memory on 172.26.0.12:33073 (size: 35.3 KiB, free: 413.5 MiB)
26/08/14 00:22:38 INFO TaskSetManager: Finished task 0.0 in stage 62.0 (TID 216) in 38 ms on 172.26.0.12 (executor 0) (1/6)
26/08/14 00:22:38 INFO TaskSetManager: Finished task 4.0 in stage 62.0 (TID 221) in 37 ms on 172.26.0.13 (executor 1) (2/6)
26/08/14 00:22:38 INFO TaskSetManager: Finished task 3.0 in stage 62.0 (TID 219) in 38 ms on 172.26.0.13 (executor 1) (3/6)
26/08/14 00:22:38 INFO TaskSetManager: Finished task 2.0 in stage 62.0 (TID 217) in 46 ms on 172.26.0.13 (executor 1) (4/6)
26/08/14 00:22:38 INFO TaskSetManager: Finished task 5.0 in stage 62.0 (TID 220) in 45 ms on 172.26.0.12 (executor 0) (5/6)
26/08/14 00:22:38 INFO TaskSetManager: Finished task 1.0 in stage 62.0 (TID 218) in 48 ms on 172.26.0.12 (executor 0) (6/6)
26/08/14 00:22:38 INFO TaskSchedulerImpl: Removed TaskSet 62.0, whose tasks have all completed, from pool 
26/08/14 00:22:38 INFO DAGScheduler: ShuffleMapStage 62 (count at <unknown>:0) finished in 0.086 s
26/08/14 00:22:38 INFO DAGScheduler: looking for newly runnable stages
26/08/14 00:22:38 INFO DAGScheduler: running: Set()
26/08/14 00:22:38 INFO DAGScheduler: waiting: Set(ResultStage 63)
26/08/14 00:22:38 INFO DAGScheduler: failed: Set()
26/08/14 00:22:38 INFO DAGScheduler: Submitting ResultStage 63 (MapPartitionsRDD[415] at count at <unknown>:0), which has no missing parents
26/08/14 00:22:38 INFO MemoryStore: Block broadcast_62 stored as values in memory (estimated size 12.5 KiB, free 191.1 MiB)
26/08/14 00:22:38 INFO MemoryStore: Block broadcast_62_piece0 stored as bytes in memory (estimated size 5.9 KiB, free 191.1 MiB)
26/08/14 00:22:38 INFO BlockManagerInfo: Added broadcast_62_piece0 in memory on spark-driver:40129 (size: 5.9 KiB, free: 191.2 MiB)
26/08/14 00:22:38 INFO SparkContext: Created broadcast 62 from broadcast at DAGScheduler.scala:1585
26/08/14 00:22:38 INFO DAGScheduler: Submitting 1 missing tasks from ResultStage 63 (MapPartitionsRDD[415] at count at <unknown>:0) (first 15 tasks are for partitions Vector(0))
26/08/14 00:22:38 INFO TaskSchedulerImpl: Adding task set 63.0 with 1 tasks resource profile 0
26/08/14 00:22:38 INFO TaskSetManager: Starting task 0.0 in stage 63.0 (TID 222) (172.26.0.12, executor 0, partition 0, NODE_LOCAL, 9003 bytes) 
26/08/14 00:22:38 INFO BlockManagerInfo: Added broadcast_62_piece0 in memory on 172.26.0.12:33073 (size: 5.9 KiB, free: 413.5 MiB)
26/08/14 00:22:38 INFO MapOutputTrackerMasterEndpoint: Asked to send map output locations for shuffle 28 to 172.26.0.12:49600
26/08/14 00:22:38 INFO TaskSetManager: Finished task 0.0 in stage 63.0 (TID 222) in 22 ms on 172.26.0.12 (executor 0) (1/1)
26/08/14 00:22:38 INFO TaskSchedulerImpl: Removed TaskSet 63.0, whose tasks have all completed, from pool 
26/08/14 00:22:38 INFO DAGScheduler: ResultStage 63 (count at <unknown>:0) finished in 0.026 s
26/08/14 00:22:38 INFO DAGScheduler: Job 34 is finished. Cancelling potential speculative or zombie tasks for this job
26/08/14 00:22:38 INFO TaskSchedulerImpl: Killing all running tasks in stage 63: Stage finished
26/08/14 00:22:38 INFO DAGScheduler: Job 34 finished: count at <unknown>:0, took 0.119000 s
26/08/14 00:22:38 INFO MapPartitionsRDD: Removing RDD 402 from persistence list
26/08/14 00:22:38 INFO BlockManager: Removing RDD 402
26/08/14 00:22:38 INFO SparkContext: Starting job: call at /opt/spark/python/lib/py4j-0.10.9.7-src.zip/py4j/clientserver.py:617
26/08/14 00:22:38 INFO DAGScheduler: Registering RDD 420 (call at /opt/spark/python/lib/py4j-0.10.9.7-src.zip/py4j/clientserver.py:617) as input to shuffle 29
26/08/14 00:22:38 INFO DAGScheduler: Got job 35 (call at /opt/spark/python/lib/py4j-0.10.9.7-src.zip/py4j/clientserver.py:617) with 1 output partitions
26/08/14 00:22:38 INFO DAGScheduler: Final stage: ResultStage 65 (call at /opt/spark/python/lib/py4j-0.10.9.7-src.zip/py4j/clientserver.py:617)
26/08/14 00:22:38 INFO DAGScheduler: Parents of final stage: List(ShuffleMapStage 64)
26/08/14 00:22:38 INFO DAGScheduler: Missing parents: List(ShuffleMapStage 64)
26/08/14 00:22:38 INFO DAGScheduler: Submitting ShuffleMapStage 64 (MapPartitionsRDD[420] at call at /opt/spark/python/lib/py4j-0.10.9.7-src.zip/py4j/clientserver.py:617), which has no missing parents
26/08/14 00:22:38 INFO MemoryStore: Block broadcast_63 stored as values in memory (estimated size 66.1 KiB, free 191.0 MiB)
26/08/14 00:22:38 INFO MemoryStore: Block broadcast_63_piece0 stored as bytes in memory (estimated size 24.8 KiB, free 191.0 MiB)
26/08/14 00:22:38 INFO BlockManagerInfo: Added broadcast_63_piece0 in memory on spark-driver:40129 (size: 24.8 KiB, free: 191.1 MiB)
26/08/14 00:22:38 INFO SparkContext: Created broadcast 63 from broadcast at DAGScheduler.scala:1585
26/08/14 00:22:38 INFO DAGScheduler: Submitting 6 missing tasks from ShuffleMapStage 64 (MapPartitionsRDD[420] at call at /opt/spark/python/lib/py4j-0.10.9.7-src.zip/py4j/clientserver.py:617) (first 15 tasks are for partitions Vector(0, 1, 2, 3, 4, 5))
26/08/14 00:22:38 INFO TaskSchedulerImpl: Adding task set 64.0 with 6 tasks resource profile 0
26/08/14 00:22:38 INFO TaskSetManager: Starting task 2.0 in stage 64.0 (TID 223) (172.26.0.13, executor 1, partition 2, PROCESS_LOCAL, 9921 bytes) 
26/08/14 00:22:38 INFO TaskSetManager: Starting task 0.0 in stage 64.0 (TID 224) (172.26.0.12, executor 0, partition 0, PROCESS_LOCAL, 9921 bytes) 
26/08/14 00:22:38 INFO TaskSetManager: Starting task 3.0 in stage 64.0 (TID 225) (172.26.0.13, executor 1, partition 3, PROCESS_LOCAL, 9921 bytes) 
26/08/14 00:22:38 INFO TaskSetManager: Starting task 1.0 in stage 64.0 (TID 226) (172.26.0.12, executor 0, partition 1, PROCESS_LOCAL, 9921 bytes) 
26/08/14 00:22:38 INFO TaskSetManager: Starting task 4.0 in stage 64.0 (TID 227) (172.26.0.13, executor 1, partition 4, PROCESS_LOCAL, 9921 bytes) 
26/08/14 00:22:38 INFO TaskSetManager: Starting task 5.0 in stage 64.0 (TID 228) (172.26.0.12, executor 0, partition 5, PROCESS_LOCAL, 9921 bytes) 
26/08/14 00:22:38 INFO BlockManagerInfo: Added broadcast_63_piece0 in memory on 172.26.0.13:34511 (size: 24.8 KiB, free: 413.4 MiB)
26/08/14 00:22:38 INFO BlockManagerInfo: Added broadcast_63_piece0 in memory on 172.26.0.12:33073 (size: 24.8 KiB, free: 413.4 MiB)
26/08/14 00:22:38 INFO TaskSetManager: Finished task 3.0 in stage 64.0 (TID 225) in 15 ms on 172.26.0.13 (executor 1) (1/6)
26/08/14 00:22:38 INFO TaskSetManager: Finished task 1.0 in stage 64.0 (TID 226) in 16 ms on 172.26.0.12 (executor 0) (2/6)
26/08/14 00:22:38 INFO TaskSetManager: Finished task 0.0 in stage 64.0 (TID 224) in 16 ms on 172.26.0.12 (executor 0) (3/6)
26/08/14 00:22:38 INFO TaskSetManager: Finished task 4.0 in stage 64.0 (TID 227) in 20 ms on 172.26.0.13 (executor 1) (4/6)
26/08/14 00:22:38 INFO TaskSetManager: Finished task 2.0 in stage 64.0 (TID 223) in 21 ms on 172.26.0.13 (executor 1) (5/6)
26/08/14 00:22:38 INFO TaskSetManager: Finished task 5.0 in stage 64.0 (TID 228) in 23 ms on 172.26.0.12 (executor 0) (6/6)
26/08/14 00:22:38 INFO TaskSchedulerImpl: Removed TaskSet 64.0, whose tasks have all completed, from pool 
26/08/14 00:22:38 INFO DAGScheduler: ShuffleMapStage 64 (call at /opt/spark/python/lib/py4j-0.10.9.7-src.zip/py4j/clientserver.py:617) finished in 0.026 s
26/08/14 00:22:38 INFO DAGScheduler: looking for newly runnable stages
26/08/14 00:22:38 INFO DAGScheduler: running: Set()
26/08/14 00:22:38 INFO DAGScheduler: waiting: Set(ResultStage 65)
26/08/14 00:22:38 INFO DAGScheduler: failed: Set()
26/08/14 00:22:38 INFO DAGScheduler: Submitting ResultStage 65 (MapPartitionsRDD[423] at call at /opt/spark/python/lib/py4j-0.10.9.7-src.zip/py4j/clientserver.py:617), which has no missing parents
26/08/14 00:22:38 INFO MemoryStore: Block broadcast_64 stored as values in memory (estimated size 13.1 KiB, free 191.0 MiB)
26/08/14 00:22:38 INFO MemoryStore: Block broadcast_64_piece0 stored as bytes in memory (estimated size 6.1 KiB, free 191.0 MiB)
26/08/14 00:22:38 INFO BlockManagerInfo: Added broadcast_64_piece0 in memory on spark-driver:40129 (size: 6.1 KiB, free: 191.1 MiB)
26/08/14 00:22:38 INFO BlockManagerInfo: Removed broadcast_62_piece0 on spark-driver:40129 in memory (size: 5.9 KiB, free: 191.1 MiB)
26/08/14 00:22:38 INFO SparkContext: Created broadcast 64 from broadcast at DAGScheduler.scala:1585
26/08/14 00:22:38 INFO DAGScheduler: Submitting 1 missing tasks from ResultStage 65 (MapPartitionsRDD[423] at call at /opt/spark/python/lib/py4j-0.10.9.7-src.zip/py4j/clientserver.py:617) (first 15 tasks are for partitions Vector(0))
26/08/14 00:22:38 INFO TaskSchedulerImpl: Adding task set 65.0 with 1 tasks resource profile 0
26/08/14 00:22:38 INFO BlockManagerInfo: Removed broadcast_62_piece0 on 172.26.0.12:33073 in memory (size: 5.9 KiB, free: 413.5 MiB)
26/08/14 00:22:38 INFO TaskSetManager: Starting task 0.0 in stage 65.0 (TID 229) (172.26.0.13, executor 1, partition 0, NODE_LOCAL, 9003 bytes) 
26/08/14 00:22:38 INFO BlockManagerInfo: Removed broadcast_61_piece0 on spark-driver:40129 in memory (size: 35.3 KiB, free: 191.2 MiB)
26/08/14 00:22:38 INFO BlockManagerInfo: Removed broadcast_61_piece0 on 172.26.0.12:33073 in memory (size: 35.3 KiB, free: 413.5 MiB)
26/08/14 00:22:38 INFO BlockManagerInfo: Removed broadcast_61_piece0 on 172.26.0.13:34511 in memory (size: 35.3 KiB, free: 413.5 MiB)
26/08/14 00:22:38 INFO BlockManagerInfo: Added broadcast_64_piece0 in memory on 172.26.0.13:34511 (size: 6.1 KiB, free: 413.4 MiB)
26/08/14 00:22:38 INFO MapOutputTrackerMasterEndpoint: Asked to send map output locations for shuffle 29 to 172.26.0.13:50552
26/08/14 00:22:38 INFO TaskSetManager: Finished task 0.0 in stage 65.0 (TID 229) in 20 ms on 172.26.0.13 (executor 1) (1/1)
26/08/14 00:22:38 INFO TaskSchedulerImpl: Removed TaskSet 65.0, whose tasks have all completed, from pool 
26/08/14 00:22:38 INFO DAGScheduler: ResultStage 65 (call at /opt/spark/python/lib/py4j-0.10.9.7-src.zip/py4j/clientserver.py:617) finished in 0.029 s
26/08/14 00:22:38 INFO DAGScheduler: Job 35 is finished. Cancelling potential speculative or zombie tasks for this job
26/08/14 00:22:38 INFO TaskSchedulerImpl: Killing all running tasks in stage 65: Stage finished
26/08/14 00:22:38 INFO DAGScheduler: Job 35 finished: call at /opt/spark/python/lib/py4j-0.10.9.7-src.zip/py4j/clientserver.py:617, took 0.058994 s
26/08/14 00:22:38 INFO MapPartitionsRDD: Removing RDD 364 from persistence list
26/08/14 00:22:38 INFO BlockManager: Removing RDD 364
26/08/14 00:22:38 INFO WatermarkTracker: Updating event-time watermark from 1786666835594 to 1786666837347 ms
26/08/14 00:22:38 INFO CheckpointFileManager: Writing atomically to file:/opt/checkpoints/trips/commits/6 using temp file file:/opt/checkpoints/trips/commits/.6.ccfc577f-d294-4cad-9873-0fd5da508316.tmp
26/08/14 00:22:38 INFO CheckpointFileManager: Renamed temp file file:/opt/checkpoints/trips/commits/.6.ccfc577f-d294-4cad-9873-0fd5da508316.tmp to file:/opt/checkpoints/trips/commits/6
26/08/14 00:22:38 INFO MicroBatchExecution: Streaming query made progress: {
  "id" : "b85a33a4-dee1-4170-b062-c47d2470428c",
  "runId" : "5a4a512e-2b33-436f-89d6-2ad644eee1fd",
  "name" : "trips-ingest-ab_ab_no_backoff_1",
  "timestamp" : "2026-08-14T00:22:37.424Z",
  "batchId" : 6,
  "numInputRows" : 1390,
  "inputRowsPerSecond" : 802.0773225620311,
  "processedRowsPerSecond" : 1018.3150183150183,
  "durationMs" : {
    "addBatch" : 1296,
    "commitOffsets" : 14,
    "getBatch" : 0,
    "latestOffset" : 15,
    "queryPlanning" : 11,
    "triggerExecution" : 1365,
    "walCommit" : 25
  },
  "eventTime" : {
    "avg" : "2026-08-14T00:22:35.022Z",
    "max" : "2026-08-14T00:22:37.347Z",
    "min" : "2026-08-14T00:22:32.761Z",
    "watermark" : "2026-08-14T00:20:35.594Z"
  },
  "stateOperators" : [ ],
  "sources" : [ {
    "description" : "KafkaV2[Subscribe[trips.raw]]",
    "startOffset" : {
      "trips.raw" : {
        "2" : 269128,
        "5" : 267603,
        "4" : 268891,
        "1" : 268620,
        "3" : 269031,
        "0" : 268924
      }
    },
    "endOffset" : {
      "trips.raw" : {
        "2" : 269366,
        "5" : 267836,
        "4" : 269102,
        "1" : 268850,
        "3" : 269293,
        "0" : 269140
      }
    },
    "latestOffset" : {
      "trips.raw" : {
        "2" : 269366,
        "5" : 267836,
        "4" : 269102,
        "1" : 268850,
        "3" : 269293,
        "0" : 269140
      }
    },
    "numInputRows" : 1390,
    "inputRowsPerSecond" : 802.0773225620311,
    "processedRowsPerSecond" : 1018.3150183150183,
    "metrics" : {
      "avgOffsetsBehindLatest" : "0.0",
      "maxOffsetsBehindLatest" : "0",
      "minOffsetsBehindLatest" : "0"
    }
  } ],
  "sink" : {
    "description" : "ForeachBatchSink",
    "numOutputRows" : -1
  }
}
26/08/14 00:22:38 INFO CheckpointFileManager: Writing atomically to file:/opt/checkpoints/trips/offsets/7 using temp file file:/opt/checkpoints/trips/offsets/.7.ce9020d7-9c69-48d9-b4bc-288edd188925.tmp
26/08/14 00:22:38 INFO CheckpointFileManager: Renamed temp file file:/opt/checkpoints/trips/offsets/.7.ce9020d7-9c69-48d9-b4bc-288edd188925.tmp to file:/opt/checkpoints/trips/offsets/7
26/08/14 00:22:38 INFO MicroBatchExecution: Committed offsets for batch 7. Metadata OffsetSeqMetadata(1786666837347,1786666958795,Map(spark.sql.streaming.stateStore.providerClass -> org.apache.spark.sql.execution.streaming.state.HDFSBackedStateStoreProvider, spark.sql.streaming.join.stateFormatVersion -> 2, spark.sql.streaming.stateStore.compression.codec -> lz4, spark.sql.streaming.stateStore.rocksdb.formatVersion -> 5, spark.sql.streaming.statefulOperator.useStrictDistribution -> true, spark.sql.streaming.flatMapGroupsWithState.stateFormatVersion -> 2, spark.sql.streaming.multipleWatermarkPolicy -> min, spark.sql.streaming.aggregation.stateFormatVersion -> 2, spark.sql.shuffle.partitions -> 6))
26/08/14 00:22:38 INFO KafkaOffsetReaderAdmin: Partitions added: Map()
26/08/14 00:22:38 INFO KafkaOffsetReaderAdmin: Partitions added: Map()
26/08/14 00:22:38 INFO KafkaOffsetReaderAdmin: Partitions added: Map()
26/08/14 00:22:38 INFO KafkaOffsetReaderAdmin: Partitions added: Map()
2026-08-14 00:22:38,836 INFO  [stream] Received command c on object id p0
26/08/14 00:22:38 INFO BlockManagerInfo: Removed broadcast_64_piece0 on spark-driver:40129 in memory (size: 6.1 KiB, free: 191.2 MiB)
26/08/14 00:22:38 INFO BlockManagerInfo: Removed broadcast_64_piece0 on 172.26.0.13:34511 in memory (size: 6.1 KiB, free: 413.9 MiB)
26/08/14 00:22:38 INFO SparkContext: Starting job: count at <unknown>:0
26/08/14 00:22:38 INFO DAGScheduler: Registering RDD 438 (count at <unknown>:0) as input to shuffle 30
26/08/14 00:22:38 INFO DAGScheduler: Got job 36 (count at <unknown>:0) with 1 output partitions
26/08/14 00:22:38 INFO DAGScheduler: Final stage: ResultStage 67 (count at <unknown>:0)
26/08/14 00:22:38 INFO DAGScheduler: Parents of final stage: List(ShuffleMapStage 66)
26/08/14 00:22:38 INFO DAGScheduler: Missing parents: List(ShuffleMapStage 66)
26/08/14 00:22:38 INFO DAGScheduler: Submitting ShuffleMapStage 66 (MapPartitionsRDD[438] at count at <unknown>:0), which has no missing parents
26/08/14 00:22:38 INFO BlockManagerInfo: Removed broadcast_63_piece0 on spark-driver:40129 in memory (size: 24.8 KiB, free: 191.2 MiB)
26/08/14 00:22:38 INFO BlockManagerInfo: Removed broadcast_63_piece0 on 172.26.0.12:33073 in memory (size: 24.8 KiB, free: 413.9 MiB)
26/08/14 00:22:38 INFO BlockManagerInfo: Removed broadcast_63_piece0 on 172.26.0.13:34511 in memory (size: 24.8 KiB, free: 413.9 MiB)
26/08/14 00:22:38 INFO MemoryStore: Block broadcast_65 stored as values in memory (estimated size 64.6 KiB, free 191.1 MiB)
26/08/14 00:22:38 INFO MemoryStore: Block broadcast_65_piece0 stored as bytes in memory (estimated size 24.1 KiB, free 191.1 MiB)
26/08/14 00:22:38 INFO BlockManagerInfo: Added broadcast_65_piece0 in memory on spark-driver:40129 (size: 24.1 KiB, free: 191.2 MiB)
26/08/14 00:22:38 INFO SparkContext: Created broadcast 65 from broadcast at DAGScheduler.scala:1585
26/08/14 00:22:38 INFO DAGScheduler: Submitting 6 missing tasks from ShuffleMapStage 66 (MapPartitionsRDD[438] at count at <unknown>:0) (first 15 tasks are for partitions Vector(0, 1, 2, 3, 4, 5))
26/08/14 00:22:38 INFO TaskSchedulerImpl: Adding task set 66.0 with 6 tasks resource profile 0
26/08/14 00:22:38 INFO TaskSetManager: Starting task 0.0 in stage 66.0 (TID 230) (172.26.0.12, executor 0, partition 0, PROCESS_LOCAL, 9921 bytes) 
26/08/14 00:22:38 INFO TaskSetManager: Starting task 2.0 in stage 66.0 (TID 231) (172.26.0.13, executor 1, partition 2, PROCESS_LOCAL, 9921 bytes) 
26/08/14 00:22:38 INFO TaskSetManager: Starting task 1.0 in stage 66.0 (TID 232) (172.26.0.12, executor 0, partition 1, PROCESS_LOCAL, 9921 bytes) 
26/08/14 00:22:38 INFO TaskSetManager: Starting task 3.0 in stage 66.0 (TID 233) (172.26.0.13, executor 1, partition 3, PROCESS_LOCAL, 9921 bytes) 
26/08/14 00:22:38 INFO TaskSetManager: Starting task 5.0 in stage 66.0 (TID 234) (172.26.0.12, executor 0, partition 5, PROCESS_LOCAL, 9921 bytes) 
26/08/14 00:22:38 INFO TaskSetManager: Starting task 4.0 in stage 66.0 (TID 235) (172.26.0.13, executor 1, partition 4, PROCESS_LOCAL, 9921 bytes) 
26/08/14 00:22:38 INFO BlockManagerInfo: Added broadcast_65_piece0 in memory on 172.26.0.13:34511 (size: 24.1 KiB, free: 413.9 MiB)
26/08/14 00:22:38 INFO BlockManagerInfo: Added broadcast_65_piece0 in memory on 172.26.0.12:33073 (size: 24.1 KiB, free: 413.9 MiB)
26/08/14 00:22:38 INFO BlockManagerInfo: Added rdd_433_1 in memory on 172.26.0.12:33073 (size: 120.6 KiB, free: 413.8 MiB)
26/08/14 00:22:38 INFO BlockManagerInfo: Added rdd_433_0 in memory on 172.26.0.12:33073 (size: 115.1 KiB, free: 413.7 MiB)
26/08/14 00:22:38 INFO BlockManagerInfo: Added rdd_433_2 in memory on 172.26.0.13:34511 (size: 116.8 KiB, free: 413.8 MiB)
26/08/14 00:22:38 INFO BlockManagerInfo: Added rdd_433_5 in memory on 172.26.0.12:33073 (size: 124.2 KiB, free: 413.6 MiB)
26/08/14 00:22:38 INFO BlockManagerInfo: Added rdd_433_3 in memory on 172.26.0.13:34511 (size: 107.1 KiB, free: 413.7 MiB)
26/08/14 00:22:38 INFO TaskSetManager: Finished task 1.0 in stage 66.0 (TID 232) in 71 ms on 172.26.0.12 (executor 0) (1/6)
26/08/14 00:22:38 INFO TaskSetManager: Finished task 0.0 in stage 66.0 (TID 230) in 71 ms on 172.26.0.12 (executor 0) (2/6)
26/08/14 00:22:38 INFO TaskSetManager: Finished task 2.0 in stage 66.0 (TID 231) in 74 ms on 172.26.0.13 (executor 1) (3/6)
26/08/14 00:22:38 INFO TaskSetManager: Finished task 3.0 in stage 66.0 (TID 233) in 74 ms on 172.26.0.13 (executor 1) (4/6)
26/08/14 00:22:38 INFO TaskSetManager: Finished task 5.0 in stage 66.0 (TID 234) in 75 ms on 172.26.0.12 (executor 0) (5/6)
26/08/14 00:22:38 INFO BlockManagerInfo: Added rdd_433_4 in memory on 172.26.0.13:34511 (size: 113.7 KiB, free: 413.6 MiB)
26/08/14 00:22:38 INFO TaskSetManager: Finished task 4.0 in stage 66.0 (TID 235) in 92 ms on 172.26.0.13 (executor 1) (6/6)
26/08/14 00:22:38 INFO TaskSchedulerImpl: Removed TaskSet 66.0, whose tasks have all completed, from pool 
26/08/14 00:22:38 INFO DAGScheduler: ShuffleMapStage 66 (count at <unknown>:0) finished in 0.098 s
26/08/14 00:22:38 INFO DAGScheduler: looking for newly runnable stages
26/08/14 00:22:38 INFO DAGScheduler: running: Set()
26/08/14 00:22:38 INFO DAGScheduler: waiting: Set(ResultStage 67)
26/08/14 00:22:38 INFO DAGScheduler: failed: Set()
26/08/14 00:22:38 INFO DAGScheduler: Submitting ResultStage 67 (MapPartitionsRDD[441] at count at <unknown>:0), which has no missing parents
26/08/14 00:22:38 INFO MemoryStore: Block broadcast_66 stored as values in memory (estimated size 12.5 KiB, free 191.1 MiB)
26/08/14 00:22:38 INFO MemoryStore: Block broadcast_66_piece0 stored as bytes in memory (estimated size 5.9 KiB, free 191.1 MiB)
26/08/14 00:22:38 INFO BlockManagerInfo: Added broadcast_66_piece0 in memory on spark-driver:40129 (size: 5.9 KiB, free: 191.2 MiB)
26/08/14 00:22:38 INFO SparkContext: Created broadcast 66 from broadcast at DAGScheduler.scala:1585
26/08/14 00:22:38 INFO DAGScheduler: Submitting 1 missing tasks from ResultStage 67 (MapPartitionsRDD[441] at count at <unknown>:0) (first 15 tasks are for partitions Vector(0))
26/08/14 00:22:38 INFO TaskSchedulerImpl: Adding task set 67.0 with 1 tasks resource profile 0
26/08/14 00:22:38 INFO TaskSetManager: Starting task 0.0 in stage 67.0 (TID 236) (172.26.0.13, executor 1, partition 0, NODE_LOCAL, 9003 bytes) 
26/08/14 00:22:38 INFO BlockManagerInfo: Added broadcast_66_piece0 in memory on 172.26.0.13:34511 (size: 5.9 KiB, free: 413.6 MiB)
26/08/14 00:22:38 INFO MapOutputTrackerMasterEndpoint: Asked to send map output locations for shuffle 30 to 172.26.0.13:50552
26/08/14 00:22:38 INFO TaskSetManager: Finished task 0.0 in stage 67.0 (TID 236) in 17 ms on 172.26.0.13 (executor 1) (1/1)
26/08/14 00:22:38 INFO TaskSchedulerImpl: Removed TaskSet 67.0, whose tasks have all completed, from pool 
26/08/14 00:22:38 INFO DAGScheduler: ResultStage 67 (count at <unknown>:0) finished in 0.019 s
26/08/14 00:22:38 INFO DAGScheduler: Job 36 is finished. Cancelling potential speculative or zombie tasks for this job
26/08/14 00:22:38 INFO TaskSchedulerImpl: Killing all running tasks in stage 67: Stage finished
26/08/14 00:22:38 INFO DAGScheduler: Job 36 finished: count at <unknown>:0, took 0.120674 s
26/08/14 00:22:39 INFO SparkContext: Starting job: count at <unknown>:0
26/08/14 00:22:39 INFO DAGScheduler: Registering RDD 446 (count at <unknown>:0) as input to shuffle 31
26/08/14 00:22:39 INFO DAGScheduler: Got job 37 (count at <unknown>:0) with 1 output partitions
26/08/14 00:22:39 INFO DAGScheduler: Final stage: ResultStage 69 (count at <unknown>:0)
26/08/14 00:22:39 INFO DAGScheduler: Parents of final stage: List(ShuffleMapStage 68)
26/08/14 00:22:39 INFO DAGScheduler: Missing parents: List(ShuffleMapStage 68)
26/08/14 00:22:39 INFO DAGScheduler: Submitting ShuffleMapStage 68 (MapPartitionsRDD[446] at count at <unknown>:0), which has no missing parents
26/08/14 00:22:39 INFO MemoryStore: Block broadcast_67 stored as values in memory (estimated size 64.9 KiB, free 191.0 MiB)
26/08/14 00:22:39 INFO MemoryStore: Block broadcast_67_piece0 stored as bytes in memory (estimated size 24.2 KiB, free 191.0 MiB)
26/08/14 00:22:39 INFO BlockManagerInfo: Added broadcast_67_piece0 in memory on spark-driver:40129 (size: 24.2 KiB, free: 191.2 MiB)
26/08/14 00:22:39 INFO SparkContext: Created broadcast 67 from broadcast at DAGScheduler.scala:1585
26/08/14 00:22:39 INFO DAGScheduler: Submitting 6 missing tasks from ShuffleMapStage 68 (MapPartitionsRDD[446] at count at <unknown>:0) (first 15 tasks are for partitions Vector(0, 1, 2, 3, 4, 5))
26/08/14 00:22:39 INFO TaskSchedulerImpl: Adding task set 68.0 with 6 tasks resource profile 0
26/08/14 00:22:39 INFO TaskSetManager: Starting task 0.0 in stage 68.0 (TID 237) (172.26.0.12, executor 0, partition 0, PROCESS_LOCAL, 9921 bytes) 
26/08/14 00:22:39 INFO TaskSetManager: Starting task 2.0 in stage 68.0 (TID 238) (172.26.0.13, executor 1, partition 2, PROCESS_LOCAL, 9921 bytes) 
26/08/14 00:22:39 INFO TaskSetManager: Starting task 1.0 in stage 68.0 (TID 239) (172.26.0.12, executor 0, partition 1, PROCESS_LOCAL, 9921 bytes) 
26/08/14 00:22:39 INFO TaskSetManager: Starting task 3.0 in stage 68.0 (TID 240) (172.26.0.13, executor 1, partition 3, PROCESS_LOCAL, 9921 bytes) 
26/08/14 00:22:39 INFO TaskSetManager: Starting task 5.0 in stage 68.0 (TID 241) (172.26.0.12, executor 0, partition 5, PROCESS_LOCAL, 9921 bytes) 
26/08/14 00:22:39 INFO TaskSetManager: Starting task 4.0 in stage 68.0 (TID 242) (172.26.0.13, executor 1, partition 4, PROCESS_LOCAL, 9921 bytes) 
26/08/14 00:22:39 INFO BlockManagerInfo: Removed broadcast_66_piece0 on spark-driver:40129 in memory (size: 5.9 KiB, free: 191.2 MiB)
26/08/14 00:22:39 INFO BlockManagerInfo: Removed broadcast_66_piece0 on 172.26.0.13:34511 in memory (size: 5.9 KiB, free: 413.6 MiB)
26/08/14 00:22:39 INFO BlockManagerInfo: Removed broadcast_65_piece0 on spark-driver:40129 in memory (size: 24.1 KiB, free: 191.2 MiB)
26/08/14 00:22:39 INFO BlockManagerInfo: Removed broadcast_65_piece0 on 172.26.0.12:33073 in memory (size: 24.1 KiB, free: 413.6 MiB)
26/08/14 00:22:39 INFO BlockManagerInfo: Removed broadcast_65_piece0 on 172.26.0.13:34511 in memory (size: 24.1 KiB, free: 413.6 MiB)
26/08/14 00:22:39 INFO BlockManagerInfo: Added broadcast_67_piece0 in memory on 172.26.0.13:34511 (size: 24.2 KiB, free: 413.6 MiB)
26/08/14 00:22:39 INFO BlockManagerInfo: Added broadcast_67_piece0 in memory on 172.26.0.12:33073 (size: 24.2 KiB, free: 413.5 MiB)
26/08/14 00:22:39 INFO TaskSetManager: Finished task 3.0 in stage 68.0 (TID 240) in 66 ms on 172.26.0.13 (executor 1) (1/6)
26/08/14 00:22:39 INFO TaskSetManager: Finished task 0.0 in stage 68.0 (TID 237) in 70 ms on 172.26.0.12 (executor 0) (2/6)
26/08/14 00:22:39 INFO TaskSetManager: Finished task 1.0 in stage 68.0 (TID 239) in 67 ms on 172.26.0.12 (executor 0) (3/6)
26/08/14 00:22:39 INFO TaskSetManager: Finished task 4.0 in stage 68.0 (TID 242) in 67 ms on 172.26.0.13 (executor 1) (4/6)
26/08/14 00:22:39 INFO TaskSetManager: Finished task 5.0 in stage 68.0 (TID 241) in 67 ms on 172.26.0.12 (executor 0) (5/6)
26/08/14 00:22:39 INFO TaskSetManager: Finished task 2.0 in stage 68.0 (TID 238) in 71 ms on 172.26.0.13 (executor 1) (6/6)
26/08/14 00:22:39 INFO TaskSchedulerImpl: Removed TaskSet 68.0, whose tasks have all completed, from pool 
26/08/14 00:22:39 INFO DAGScheduler: ShuffleMapStage 68 (count at <unknown>:0) finished in 0.079 s
26/08/14 00:22:39 INFO DAGScheduler: looking for newly runnable stages
26/08/14 00:22:39 INFO DAGScheduler: running: Set()
26/08/14 00:22:39 INFO DAGScheduler: waiting: Set(ResultStage 69)
26/08/14 00:22:39 INFO DAGScheduler: failed: Set()
26/08/14 00:22:39 INFO DAGScheduler: Submitting ResultStage 69 (MapPartitionsRDD[449] at count at <unknown>:0), which has no missing parents
26/08/14 00:22:39 INFO MemoryStore: Block broadcast_68 stored as values in memory (estimated size 12.5 KiB, free 191.1 MiB)
26/08/14 00:22:39 INFO MemoryStore: Block broadcast_68_piece0 stored as bytes in memory (estimated size 5.9 KiB, free 191.1 MiB)
26/08/14 00:22:39 INFO BlockManagerInfo: Added broadcast_68_piece0 in memory on spark-driver:40129 (size: 5.9 KiB, free: 191.2 MiB)
26/08/14 00:22:39 INFO SparkContext: Created broadcast 68 from broadcast at DAGScheduler.scala:1585
26/08/14 00:22:39 INFO DAGScheduler: Submitting 1 missing tasks from ResultStage 69 (MapPartitionsRDD[449] at count at <unknown>:0) (first 15 tasks are for partitions Vector(0))
26/08/14 00:22:39 INFO TaskSchedulerImpl: Adding task set 69.0 with 1 tasks resource profile 0
26/08/14 00:22:39 INFO TaskSetManager: Starting task 0.0 in stage 69.0 (TID 243) (172.26.0.13, executor 1, partition 0, NODE_LOCAL, 9003 bytes) 
26/08/14 00:22:39 INFO BlockManagerInfo: Added broadcast_68_piece0 in memory on 172.26.0.13:34511 (size: 5.9 KiB, free: 413.6 MiB)
26/08/14 00:22:39 INFO MapOutputTrackerMasterEndpoint: Asked to send map output locations for shuffle 31 to 172.26.0.13:50552
26/08/14 00:22:39 INFO TaskSetManager: Finished task 0.0 in stage 69.0 (TID 243) in 73 ms on 172.26.0.13 (executor 1) (1/1)
26/08/14 00:22:39 INFO TaskSchedulerImpl: Removed TaskSet 69.0, whose tasks have all completed, from pool 
26/08/14 00:22:39 INFO DAGScheduler: ResultStage 69 (count at <unknown>:0) finished in 0.082 s
26/08/14 00:22:39 INFO DAGScheduler: Job 37 is finished. Cancelling potential speculative or zombie tasks for this job
26/08/14 00:22:39 INFO TaskSchedulerImpl: Killing all running tasks in stage 69: Stage finished
26/08/14 00:22:39 INFO DAGScheduler: Job 37 finished: count at <unknown>:0, took 0.172718 s
26/08/14 00:22:39 INFO CodeGenerator: Code generated in 12.740958 ms
26/08/14 00:22:39 INFO DefaultCachedBatchSerializer: Predicate isnotnull(event_time#89-T120000ms) generates partition filter: ((event_time.count#22258 - event_time.nullCount#22257) > 0)
26/08/14 00:22:39 INFO DefaultCachedBatchSerializer: Predicate (event_time#89-T120000ms < 2026-08-14 00:20:37.347) generates partition filter: (event_time.lowerBound#22256 < 2026-08-14 00:20:37.347)
26/08/14 00:22:39 INFO SparkContext: Starting job: count at <unknown>:0
26/08/14 00:22:39 INFO DAGScheduler: Registering RDD 454 (count at <unknown>:0) as input to shuffle 32
26/08/14 00:22:39 INFO DAGScheduler: Got job 38 (count at <unknown>:0) with 1 output partitions
26/08/14 00:22:39 INFO DAGScheduler: Final stage: ResultStage 71 (count at <unknown>:0)
26/08/14 00:22:39 INFO DAGScheduler: Parents of final stage: List(ShuffleMapStage 70)
26/08/14 00:22:39 INFO DAGScheduler: Missing parents: List(ShuffleMapStage 70)
26/08/14 00:22:39 INFO DAGScheduler: Submitting ShuffleMapStage 70 (MapPartitionsRDD[454] at count at <unknown>:0), which has no missing parents
26/08/14 00:22:39 INFO MemoryStore: Block broadcast_69 stored as values in memory (estimated size 67.2 KiB, free 191.0 MiB)
26/08/14 00:22:39 INFO MemoryStore: Block broadcast_69_piece0 stored as bytes in memory (estimated size 25.6 KiB, free 191.0 MiB)
26/08/14 00:22:39 INFO BlockManagerInfo: Added broadcast_69_piece0 in memory on spark-driver:40129 (size: 25.6 KiB, free: 191.2 MiB)
26/08/14 00:22:39 INFO SparkContext: Created broadcast 69 from broadcast at DAGScheduler.scala:1585
26/08/14 00:22:39 INFO DAGScheduler: Submitting 6 missing tasks from ShuffleMapStage 70 (MapPartitionsRDD[454] at count at <unknown>:0) (first 15 tasks are for partitions Vector(0, 1, 2, 3, 4, 5))
26/08/14 00:22:39 INFO TaskSchedulerImpl: Adding task set 70.0 with 6 tasks resource profile 0
26/08/14 00:22:39 INFO TaskSetManager: Starting task 2.0 in stage 70.0 (TID 244) (172.26.0.13, executor 1, partition 2, PROCESS_LOCAL, 9921 bytes) 
26/08/14 00:22:39 INFO TaskSetManager: Starting task 0.0 in stage 70.0 (TID 245) (172.26.0.12, executor 0, partition 0, PROCESS_LOCAL, 9921 bytes) 
26/08/14 00:22:39 INFO TaskSetManager: Starting task 3.0 in stage 70.0 (TID 246) (172.26.0.13, executor 1, partition 3, PROCESS_LOCAL, 9921 bytes) 
26/08/14 00:22:39 INFO TaskSetManager: Starting task 1.0 in stage 70.0 (TID 247) (172.26.0.12, executor 0, partition 1, PROCESS_LOCAL, 9921 bytes) 
26/08/14 00:22:39 INFO TaskSetManager: Starting task 4.0 in stage 70.0 (TID 248) (172.26.0.13, executor 1, partition 4, PROCESS_LOCAL, 9921 bytes) 
26/08/14 00:22:39 INFO TaskSetManager: Starting task 5.0 in stage 70.0 (TID 249) (172.26.0.12, executor 0, partition 5, PROCESS_LOCAL, 9921 bytes) 
26/08/14 00:22:39 INFO BlockManagerInfo: Added broadcast_69_piece0 in memory on 172.26.0.13:34511 (size: 25.6 KiB, free: 413.5 MiB)
26/08/14 00:22:39 INFO BlockManagerInfo: Added broadcast_69_piece0 in memory on 172.26.0.12:33073 (size: 25.6 KiB, free: 413.5 MiB)
26/08/14 00:22:39 INFO TaskSetManager: Finished task 3.0 in stage 70.0 (TID 246) in 63 ms on 172.26.0.13 (executor 1) (1/6)
26/08/14 00:22:39 INFO TaskSetManager: Finished task 4.0 in stage 70.0 (TID 248) in 64 ms on 172.26.0.13 (executor 1) (2/6)
26/08/14 00:22:39 INFO TaskSetManager: Finished task 2.0 in stage 70.0 (TID 244) in 65 ms on 172.26.0.13 (executor 1) (3/6)
26/08/14 00:22:39 INFO TaskSetManager: Finished task 5.0 in stage 70.0 (TID 249) in 66 ms on 172.26.0.12 (executor 0) (4/6)
26/08/14 00:22:39 INFO TaskSetManager: Finished task 0.0 in stage 70.0 (TID 245) in 69 ms on 172.26.0.12 (executor 0) (5/6)
26/08/14 00:22:39 INFO TaskSetManager: Finished task 1.0 in stage 70.0 (TID 247) in 71 ms on 172.26.0.12 (executor 0) (6/6)
26/08/14 00:22:39 INFO TaskSchedulerImpl: Removed TaskSet 70.0, whose tasks have all completed, from pool 
26/08/14 00:22:39 INFO DAGScheduler: ShuffleMapStage 70 (count at <unknown>:0) finished in 0.082 s
26/08/14 00:22:39 INFO DAGScheduler: looking for newly runnable stages
26/08/14 00:22:39 INFO DAGScheduler: running: Set()
26/08/14 00:22:39 INFO DAGScheduler: waiting: Set(ResultStage 71)
26/08/14 00:22:39 INFO DAGScheduler: failed: Set()
26/08/14 00:22:39 INFO DAGScheduler: Submitting ResultStage 71 (MapPartitionsRDD[457] at count at <unknown>:0), which has no missing parents
26/08/14 00:22:39 INFO MemoryStore: Block broadcast_70 stored as values in memory (estimated size 12.5 KiB, free 191.0 MiB)
26/08/14 00:22:39 INFO MemoryStore: Block broadcast_70_piece0 stored as bytes in memory (estimated size 5.9 KiB, free 191.0 MiB)
26/08/14 00:22:39 INFO BlockManagerInfo: Added broadcast_70_piece0 in memory on spark-driver:40129 (size: 5.9 KiB, free: 191.2 MiB)
26/08/14 00:22:39 INFO BlockManagerInfo: Removed broadcast_67_piece0 on spark-driver:40129 in memory (size: 24.2 KiB, free: 191.2 MiB)
26/08/14 00:22:39 INFO SparkContext: Created broadcast 70 from broadcast at DAGScheduler.scala:1585
26/08/14 00:22:39 INFO DAGScheduler: Submitting 1 missing tasks from ResultStage 71 (MapPartitionsRDD[457] at count at <unknown>:0) (first 15 tasks are for partitions Vector(0))
26/08/14 00:22:39 INFO TaskSchedulerImpl: Adding task set 71.0 with 1 tasks resource profile 0
26/08/14 00:22:39 INFO TaskSetManager: Starting task 0.0 in stage 71.0 (TID 250) (172.26.0.13, executor 1, partition 0, NODE_LOCAL, 9003 bytes) 
26/08/14 00:22:39 INFO BlockManagerInfo: Removed broadcast_67_piece0 on 172.26.0.12:33073 in memory (size: 24.2 KiB, free: 413.5 MiB)
26/08/14 00:22:39 INFO BlockManagerInfo: Removed broadcast_67_piece0 on 172.26.0.13:34511 in memory (size: 24.2 KiB, free: 413.6 MiB)
26/08/14 00:22:39 INFO BlockManagerInfo: Removed broadcast_68_piece0 on spark-driver:40129 in memory (size: 5.9 KiB, free: 191.2 MiB)
26/08/14 00:22:39 INFO BlockManagerInfo: Removed broadcast_68_piece0 on 172.26.0.13:34511 in memory (size: 5.9 KiB, free: 413.6 MiB)
26/08/14 00:22:39 INFO BlockManagerInfo: Added broadcast_70_piece0 in memory on 172.26.0.13:34511 (size: 5.9 KiB, free: 413.6 MiB)
26/08/14 00:22:39 INFO MapOutputTrackerMasterEndpoint: Asked to send map output locations for shuffle 32 to 172.26.0.13:50552
26/08/14 00:22:39 INFO TaskSetManager: Finished task 0.0 in stage 71.0 (TID 250) in 50 ms on 172.26.0.13 (executor 1) (1/1)
26/08/14 00:22:39 INFO TaskSchedulerImpl: Removed TaskSet 71.0, whose tasks have all completed, from pool 
26/08/14 00:22:39 INFO DAGScheduler: ResultStage 71 (count at <unknown>:0) finished in 0.077 s
26/08/14 00:22:39 INFO DAGScheduler: Job 38 is finished. Cancelling potential speculative or zombie tasks for this job
26/08/14 00:22:39 INFO TaskSchedulerImpl: Killing all running tasks in stage 71: Stage finished
26/08/14 00:22:39 INFO DAGScheduler: Job 38 finished: count at <unknown>:0, took 0.166101 s
26/08/14 00:22:39 INFO DefaultCachedBatchSerializer: Predicate isnotnull(kind#22815) generates partition filter: ((kind.count#22884 - kind.nullCount#22883) > 0)
26/08/14 00:22:39 INFO DefaultCachedBatchSerializer: Predicate (kind#22815 = stats) generates partition filter: ((kind.lowerBound#22882 <= stats) AND (stats <= kind.upperBound#22881))
26/08/14 00:22:39 INFO SparkContext: Starting job: call at /opt/spark/python/lib/py4j-0.10.9.7-src.zip/py4j/clientserver.py:617
26/08/14 00:22:39 INFO DAGScheduler: Got job 39 (call at /opt/spark/python/lib/py4j-0.10.9.7-src.zip/py4j/clientserver.py:617) with 6 output partitions
26/08/14 00:22:39 INFO DAGScheduler: Final stage: ResultStage 72 (call at /opt/spark/python/lib/py4j-0.10.9.7-src.zip/py4j/clientserver.py:617)
26/08/14 00:22:39 INFO DAGScheduler: Parents of final stage: List()
26/08/14 00:22:39 INFO DAGScheduler: Missing parents: List()
26/08/14 00:22:39 INFO DAGScheduler: Submitting ResultStage 72 (MapPartitionsRDD[476] at call at /opt/spark/python/lib/py4j-0.10.9.7-src.zip/py4j/clientserver.py:617), which has no missing parents
26/08/14 00:22:39 INFO MemoryStore: Block broadcast_71 stored as values in memory (estimated size 90.0 KiB, free 191.0 MiB)
26/08/14 00:22:39 INFO MemoryStore: Block broadcast_71_piece0 stored as bytes in memory (estimated size 34.0 KiB, free 191.0 MiB)
26/08/14 00:22:39 INFO BlockManagerInfo: Added broadcast_71_piece0 in memory on spark-driver:40129 (size: 34.0 KiB, free: 191.1 MiB)
26/08/14 00:22:39 INFO SparkContext: Created broadcast 71 from broadcast at DAGScheduler.scala:1585
26/08/14 00:22:39 INFO DAGScheduler: Submitting 6 missing tasks from ResultStage 72 (MapPartitionsRDD[476] at call at /opt/spark/python/lib/py4j-0.10.9.7-src.zip/py4j/clientserver.py:617) (first 15 tasks are for partitions Vector(0, 1, 2, 3, 4, 5))
26/08/14 00:22:39 INFO TaskSchedulerImpl: Adding task set 72.0 with 6 tasks resource profile 0
26/08/14 00:22:39 INFO TaskSetManager: Starting task 2.0 in stage 72.0 (TID 251) (172.26.0.13, executor 1, partition 2, PROCESS_LOCAL, 9932 bytes) 
26/08/14 00:22:39 INFO TaskSetManager: Starting task 0.0 in stage 72.0 (TID 252) (172.26.0.12, executor 0, partition 0, PROCESS_LOCAL, 9932 bytes) 
26/08/14 00:22:39 INFO TaskSetManager: Starting task 3.0 in stage 72.0 (TID 253) (172.26.0.13, executor 1, partition 3, PROCESS_LOCAL, 9932 bytes) 
26/08/14 00:22:39 INFO TaskSetManager: Starting task 1.0 in stage 72.0 (TID 254) (172.26.0.12, executor 0, partition 1, PROCESS_LOCAL, 9932 bytes) 
26/08/14 00:22:39 INFO TaskSetManager: Starting task 4.0 in stage 72.0 (TID 255) (172.26.0.13, executor 1, partition 4, PROCESS_LOCAL, 9932 bytes) 
26/08/14 00:22:39 INFO TaskSetManager: Starting task 5.0 in stage 72.0 (TID 256) (172.26.0.12, executor 0, partition 5, PROCESS_LOCAL, 9932 bytes) 
26/08/14 00:22:39 INFO BlockManagerInfo: Added broadcast_71_piece0 in memory on 172.26.0.12:33073 (size: 34.0 KiB, free: 413.5 MiB)
26/08/14 00:22:39 INFO BlockManagerInfo: Added broadcast_71_piece0 in memory on 172.26.0.13:34511 (size: 34.0 KiB, free: 413.5 MiB)
26/08/14 00:22:40 INFO BlockManagerInfo: Added rdd_471_0 in memory on 172.26.0.12:33073 (size: 1792.0 B, free: 413.5 MiB)
26/08/14 00:22:40 INFO TaskSetManager: Finished task 0.0 in stage 72.0 (TID 252) in 557 ms on 172.26.0.12 (executor 0) (1/6)
26/08/14 00:22:40 INFO BlockManagerInfo: Added rdd_471_3 in memory on 172.26.0.13:34511 (size: 1792.0 B, free: 413.5 MiB)
26/08/14 00:22:40 INFO TaskSetManager: Finished task 3.0 in stage 72.0 (TID 253) in 620 ms on 172.26.0.13 (executor 1) (2/6)
26/08/14 00:22:40 INFO BlockManagerInfo: Added rdd_471_4 in memory on 172.26.0.13:34511 (size: 1792.0 B, free: 413.5 MiB)
26/08/14 00:22:40 INFO BlockManagerInfo: Added rdd_471_5 in memory on 172.26.0.12:33073 (size: 1792.0 B, free: 413.5 MiB)
26/08/14 00:22:40 INFO TaskSetManager: Finished task 5.0 in stage 72.0 (TID 256) in 652 ms on 172.26.0.12 (executor 0) (3/6)
26/08/14 00:22:40 INFO BlockManagerInfo: Added rdd_471_2 in memory on 172.26.0.13:34511 (size: 1792.0 B, free: 413.5 MiB)
26/08/14 00:22:40 INFO TaskSetManager: Finished task 4.0 in stage 72.0 (TID 255) in 663 ms on 172.26.0.13 (executor 1) (4/6)
26/08/14 00:22:40 INFO TaskSetManager: Finished task 2.0 in stage 72.0 (TID 251) in 688 ms on 172.26.0.13 (executor 1) (5/6)
26/08/14 00:22:40 INFO BlockManagerInfo: Removed broadcast_69_piece0 on spark-driver:40129 in memory (size: 25.6 KiB, free: 191.2 MiB)
26/08/14 00:22:40 INFO BlockManagerInfo: Removed broadcast_69_piece0 on 172.26.0.13:34511 in memory (size: 25.6 KiB, free: 413.6 MiB)
26/08/14 00:22:40 INFO BlockManagerInfo: Removed broadcast_69_piece0 on 172.26.0.12:33073 in memory (size: 25.6 KiB, free: 413.5 MiB)
26/08/14 00:22:40 INFO BlockManagerInfo: Removed broadcast_70_piece0 on spark-driver:40129 in memory (size: 5.9 KiB, free: 191.2 MiB)
26/08/14 00:22:40 INFO BlockManagerInfo: Removed broadcast_70_piece0 on 172.26.0.13:34511 in memory (size: 5.9 KiB, free: 413.6 MiB)
26/08/14 00:22:40 INFO BlockManagerInfo: Added rdd_471_1 in memory on 172.26.0.12:33073 (size: 1792.0 B, free: 413.5 MiB)
26/08/14 00:22:40 INFO TaskSetManager: Finished task 1.0 in stage 72.0 (TID 254) in 742 ms on 172.26.0.12 (executor 0) (6/6)
26/08/14 00:22:40 INFO TaskSchedulerImpl: Removed TaskSet 72.0, whose tasks have all completed, from pool 
26/08/14 00:22:40 INFO DAGScheduler: ResultStage 72 (call at /opt/spark/python/lib/py4j-0.10.9.7-src.zip/py4j/clientserver.py:617) finished in 0.756 s
26/08/14 00:22:40 INFO DAGScheduler: Job 39 is finished. Cancelling potential speculative or zombie tasks for this job
26/08/14 00:22:40 INFO TaskSchedulerImpl: Killing all running tasks in stage 72: Stage finished
26/08/14 00:22:40 INFO DAGScheduler: Job 39 finished: call at /opt/spark/python/lib/py4j-0.10.9.7-src.zip/py4j/clientserver.py:617, took 0.761450 s
26/08/14 00:22:40 INFO DefaultCachedBatchSerializer: Predicate isnotnull(kind#22815) generates partition filter: ((kind.count#22967 - kind.nullCount#22966) > 0)
26/08/14 00:22:40 INFO DefaultCachedBatchSerializer: Predicate (kind#22815 = dlq) generates partition filter: ((kind.lowerBound#22965 <= dlq) AND (dlq <= kind.upperBound#22964))
26/08/14 00:22:40 INFO SparkContext: Starting job: count at <unknown>:0
26/08/14 00:22:40 INFO DAGScheduler: Registering RDD 481 (count at <unknown>:0) as input to shuffle 33
26/08/14 00:22:40 INFO DAGScheduler: Got job 40 (count at <unknown>:0) with 1 output partitions
26/08/14 00:22:40 INFO DAGScheduler: Final stage: ResultStage 74 (count at <unknown>:0)
26/08/14 00:22:40 INFO DAGScheduler: Parents of final stage: List(ShuffleMapStage 73)
26/08/14 00:22:40 INFO DAGScheduler: Missing parents: List(ShuffleMapStage 73)
26/08/14 00:22:40 INFO DAGScheduler: Submitting ShuffleMapStage 73 (MapPartitionsRDD[481] at count at <unknown>:0), which has no missing parents
26/08/14 00:22:40 INFO MemoryStore: Block broadcast_72 stored as values in memory (estimated size 92.2 KiB, free 191.0 MiB)
26/08/14 00:22:40 INFO MemoryStore: Block broadcast_72_piece0 stored as bytes in memory (estimated size 35.3 KiB, free 191.0 MiB)
26/08/14 00:22:40 INFO BlockManagerInfo: Added broadcast_72_piece0 in memory on spark-driver:40129 (size: 35.3 KiB, free: 191.1 MiB)
26/08/14 00:22:40 INFO SparkContext: Created broadcast 72 from broadcast at DAGScheduler.scala:1585
26/08/14 00:22:40 INFO DAGScheduler: Submitting 6 missing tasks from ShuffleMapStage 73 (MapPartitionsRDD[481] at count at <unknown>:0) (first 15 tasks are for partitions Vector(0, 1, 2, 3, 4, 5))
26/08/14 00:22:40 INFO TaskSchedulerImpl: Adding task set 73.0 with 6 tasks resource profile 0
26/08/14 00:22:40 INFO TaskSetManager: Starting task 0.0 in stage 73.0 (TID 257) (172.26.0.12, executor 0, partition 0, PROCESS_LOCAL, 9921 bytes) 
26/08/14 00:22:40 INFO TaskSetManager: Starting task 2.0 in stage 73.0 (TID 258) (172.26.0.13, executor 1, partition 2, PROCESS_LOCAL, 9921 bytes) 
26/08/14 00:22:40 INFO TaskSetManager: Starting task 1.0 in stage 73.0 (TID 259) (172.26.0.12, executor 0, partition 1, PROCESS_LOCAL, 9921 bytes) 
26/08/14 00:22:40 INFO TaskSetManager: Starting task 3.0 in stage 73.0 (TID 260) (172.26.0.13, executor 1, partition 3, PROCESS_LOCAL, 9921 bytes) 
26/08/14 00:22:40 INFO TaskSetManager: Starting task 5.0 in stage 73.0 (TID 261) (172.26.0.12, executor 0, partition 5, PROCESS_LOCAL, 9921 bytes) 
26/08/14 00:22:40 INFO TaskSetManager: Starting task 4.0 in stage 73.0 (TID 262) (172.26.0.13, executor 1, partition 4, PROCESS_LOCAL, 9921 bytes) 
26/08/14 00:22:40 INFO BlockManagerInfo: Added broadcast_72_piece0 in memory on 172.26.0.12:33073 (size: 35.3 KiB, free: 413.5 MiB)
26/08/14 00:22:40 INFO BlockManagerInfo: Added broadcast_72_piece0 in memory on 172.26.0.13:34511 (size: 35.3 KiB, free: 413.5 MiB)
26/08/14 00:22:40 INFO TaskSetManager: Finished task 4.0 in stage 73.0 (TID 262) in 47 ms on 172.26.0.13 (executor 1) (1/6)
26/08/14 00:22:40 INFO TaskSetManager: Finished task 2.0 in stage 73.0 (TID 258) in 51 ms on 172.26.0.13 (executor 1) (2/6)
26/08/14 00:22:40 INFO TaskSetManager: Finished task 3.0 in stage 73.0 (TID 260) in 51 ms on 172.26.0.13 (executor 1) (3/6)
26/08/14 00:22:40 INFO TaskSetManager: Finished task 1.0 in stage 73.0 (TID 259) in 62 ms on 172.26.0.12 (executor 0) (4/6)
26/08/14 00:22:40 INFO TaskSetManager: Finished task 5.0 in stage 73.0 (TID 261) in 68 ms on 172.26.0.12 (executor 0) (5/6)
26/08/14 00:22:40 INFO TaskSetManager: Finished task 0.0 in stage 73.0 (TID 257) in 74 ms on 172.26.0.12 (executor 0) (6/6)
26/08/14 00:22:40 INFO TaskSchedulerImpl: Removed TaskSet 73.0, whose tasks have all completed, from pool 
26/08/14 00:22:40 INFO DAGScheduler: ShuffleMapStage 73 (count at <unknown>:0) finished in 0.087 s
26/08/14 00:22:40 INFO DAGScheduler: looking for newly runnable stages
26/08/14 00:22:40 INFO DAGScheduler: running: Set()
26/08/14 00:22:40 INFO DAGScheduler: waiting: Set(ResultStage 74)
26/08/14 00:22:40 INFO DAGScheduler: failed: Set()
26/08/14 00:22:40 INFO DAGScheduler: Submitting ResultStage 74 (MapPartitionsRDD[484] at count at <unknown>:0), which has no missing parents
26/08/14 00:22:40 INFO MemoryStore: Block broadcast_73 stored as values in memory (estimated size 12.5 KiB, free 191.0 MiB)
26/08/14 00:22:40 INFO MemoryStore: Block broadcast_73_piece0 stored as bytes in memory (estimated size 5.9 KiB, free 190.9 MiB)
26/08/14 00:22:40 INFO BlockManagerInfo: Added broadcast_73_piece0 in memory on spark-driver:40129 (size: 5.9 KiB, free: 191.1 MiB)
26/08/14 00:22:40 INFO SparkContext: Created broadcast 73 from broadcast at DAGScheduler.scala:1585
26/08/14 00:22:40 INFO DAGScheduler: Submitting 1 missing tasks from ResultStage 74 (MapPartitionsRDD[484] at count at <unknown>:0) (first 15 tasks are for partitions Vector(0))
26/08/14 00:22:40 INFO TaskSchedulerImpl: Adding task set 74.0 with 1 tasks resource profile 0
26/08/14 00:22:40 INFO TaskSetManager: Starting task 0.0 in stage 74.0 (TID 263) (172.26.0.13, executor 1, partition 0, NODE_LOCAL, 9003 bytes) 
26/08/14 00:22:40 INFO BlockManagerInfo: Added broadcast_73_piece0 in memory on 172.26.0.13:34511 (size: 5.9 KiB, free: 413.5 MiB)
26/08/14 00:22:40 INFO MapOutputTrackerMasterEndpoint: Asked to send map output locations for shuffle 33 to 172.26.0.13:50552
26/08/14 00:22:40 INFO TaskSetManager: Finished task 0.0 in stage 74.0 (TID 263) in 38 ms on 172.26.0.13 (executor 1) (1/1)
26/08/14 00:22:40 INFO TaskSchedulerImpl: Removed TaskSet 74.0, whose tasks have all completed, from pool 
26/08/14 00:22:40 INFO DAGScheduler: ResultStage 74 (count at <unknown>:0) finished in 0.049 s
26/08/14 00:22:40 INFO DAGScheduler: Job 40 is finished. Cancelling potential speculative or zombie tasks for this job
26/08/14 00:22:40 INFO TaskSchedulerImpl: Killing all running tasks in stage 74: Stage finished
26/08/14 00:22:40 INFO DAGScheduler: Job 40 finished: count at <unknown>:0, took 0.142473 s
26/08/14 00:22:40 INFO MapPartitionsRDD: Removing RDD 471 from persistence list
26/08/14 00:22:40 INFO BlockManager: Removing RDD 471
26/08/14 00:22:40 INFO SparkContext: Starting job: call at /opt/spark/python/lib/py4j-0.10.9.7-src.zip/py4j/clientserver.py:617
26/08/14 00:22:40 INFO DAGScheduler: Registering RDD 489 (call at /opt/spark/python/lib/py4j-0.10.9.7-src.zip/py4j/clientserver.py:617) as input to shuffle 34
26/08/14 00:22:40 INFO DAGScheduler: Got job 41 (call at /opt/spark/python/lib/py4j-0.10.9.7-src.zip/py4j/clientserver.py:617) with 1 output partitions
26/08/14 00:22:40 INFO DAGScheduler: Final stage: ResultStage 76 (call at /opt/spark/python/lib/py4j-0.10.9.7-src.zip/py4j/clientserver.py:617)
26/08/14 00:22:40 INFO DAGScheduler: Parents of final stage: List(ShuffleMapStage 75)
26/08/14 00:22:40 INFO DAGScheduler: Missing parents: List(ShuffleMapStage 75)
26/08/14 00:22:40 INFO DAGScheduler: Submitting ShuffleMapStage 75 (MapPartitionsRDD[489] at call at /opt/spark/python/lib/py4j-0.10.9.7-src.zip/py4j/clientserver.py:617), which has no missing parents
26/08/14 00:22:40 INFO BlockManagerInfo: Removed broadcast_71_piece0 on spark-driver:40129 in memory (size: 34.0 KiB, free: 191.2 MiB)
26/08/14 00:22:40 INFO BlockManagerInfo: Removed broadcast_71_piece0 on 172.26.0.13:34511 in memory (size: 34.0 KiB, free: 413.6 MiB)
26/08/14 00:22:40 INFO BlockManagerInfo: Removed broadcast_71_piece0 on 172.26.0.12:33073 in memory (size: 34.0 KiB, free: 413.5 MiB)
26/08/14 00:22:40 INFO MemoryStore: Block broadcast_74 stored as values in memory (estimated size 66.1 KiB, free 191.0 MiB)
26/08/14 00:22:40 INFO MemoryStore: Block broadcast_74_piece0 stored as bytes in memory (estimated size 24.8 KiB, free 191.0 MiB)
26/08/14 00:22:40 INFO BlockManagerInfo: Added broadcast_74_piece0 in memory on spark-driver:40129 (size: 24.8 KiB, free: 191.1 MiB)
26/08/14 00:22:40 INFO SparkContext: Created broadcast 74 from broadcast at DAGScheduler.scala:1585
26/08/14 00:22:40 INFO DAGScheduler: Submitting 6 missing tasks from ShuffleMapStage 75 (MapPartitionsRDD[489] at call at /opt/spark/python/lib/py4j-0.10.9.7-src.zip/py4j/clientserver.py:617) (first 15 tasks are for partitions Vector(0, 1, 2, 3, 4, 5))
26/08/14 00:22:40 INFO TaskSchedulerImpl: Adding task set 75.0 with 6 tasks resource profile 0
26/08/14 00:22:40 INFO BlockManagerInfo: Removed broadcast_73_piece0 on spark-driver:40129 in memory (size: 5.9 KiB, free: 191.2 MiB)
26/08/14 00:22:40 INFO TaskSetManager: Starting task 0.0 in stage 75.0 (TID 264) (172.26.0.12, executor 0, partition 0, PROCESS_LOCAL, 9921 bytes) 
26/08/14 00:22:40 INFO TaskSetManager: Starting task 2.0 in stage 75.0 (TID 265) (172.26.0.13, executor 1, partition 2, PROCESS_LOCAL, 9921 bytes) 
26/08/14 00:22:40 INFO TaskSetManager: Starting task 1.0 in stage 75.0 (TID 266) (172.26.0.12, executor 0, partition 1, PROCESS_LOCAL, 9921 bytes) 
26/08/14 00:22:40 INFO TaskSetManager: Starting task 3.0 in stage 75.0 (TID 267) (172.26.0.13, executor 1, partition 3, PROCESS_LOCAL, 9921 bytes) 
26/08/14 00:22:40 INFO TaskSetManager: Starting task 5.0 in stage 75.0 (TID 268) (172.26.0.12, executor 0, partition 5, PROCESS_LOCAL, 9921 bytes) 
26/08/14 00:22:40 INFO TaskSetManager: Starting task 4.0 in stage 75.0 (TID 269) (172.26.0.13, executor 1, partition 4, PROCESS_LOCAL, 9921 bytes) 
26/08/14 00:22:40 INFO BlockManagerInfo: Removed broadcast_73_piece0 on 172.26.0.13:34511 in memory (size: 5.9 KiB, free: 413.6 MiB)
26/08/14 00:22:40 INFO BlockManagerInfo: Removed broadcast_72_piece0 on spark-driver:40129 in memory (size: 35.3 KiB, free: 191.2 MiB)
26/08/14 00:22:40 INFO BlockManagerInfo: Removed broadcast_72_piece0 on 172.26.0.13:34511 in memory (size: 35.3 KiB, free: 413.6 MiB)
26/08/14 00:22:40 INFO BlockManagerInfo: Removed broadcast_72_piece0 on 172.26.0.12:33073 in memory (size: 35.3 KiB, free: 413.6 MiB)
26/08/14 00:22:40 INFO BlockManagerInfo: Added broadcast_74_piece0 in memory on 172.26.0.12:33073 (size: 24.8 KiB, free: 413.5 MiB)
26/08/14 00:22:40 INFO BlockManagerInfo: Added broadcast_74_piece0 in memory on 172.26.0.13:34511 (size: 24.8 KiB, free: 413.6 MiB)
26/08/14 00:22:40 INFO TaskSetManager: Finished task 5.0 in stage 75.0 (TID 268) in 43 ms on 172.26.0.12 (executor 0) (1/6)
26/08/14 00:22:40 INFO TaskSetManager: Finished task 1.0 in stage 75.0 (TID 266) in 45 ms on 172.26.0.12 (executor 0) (2/6)
26/08/14 00:22:40 INFO TaskSetManager: Finished task 4.0 in stage 75.0 (TID 269) in 49 ms on 172.26.0.13 (executor 1) (3/6)
26/08/14 00:22:40 INFO TaskSetManager: Finished task 3.0 in stage 75.0 (TID 267) in 50 ms on 172.26.0.13 (executor 1) (4/6)
26/08/14 00:22:40 INFO TaskSetManager: Finished task 2.0 in stage 75.0 (TID 265) in 51 ms on 172.26.0.13 (executor 1) (5/6)
26/08/14 00:22:40 INFO TaskSetManager: Finished task 0.0 in stage 75.0 (TID 264) in 51 ms on 172.26.0.12 (executor 0) (6/6)
26/08/14 00:22:40 INFO TaskSchedulerImpl: Removed TaskSet 75.0, whose tasks have all completed, from pool 
26/08/14 00:22:40 INFO DAGScheduler: ShuffleMapStage 75 (call at /opt/spark/python/lib/py4j-0.10.9.7-src.zip/py4j/clientserver.py:617) finished in 0.062 s
26/08/14 00:22:40 INFO DAGScheduler: looking for newly runnable stages
26/08/14 00:22:40 INFO DAGScheduler: running: Set()
26/08/14 00:22:40 INFO DAGScheduler: waiting: Set(ResultStage 76)
26/08/14 00:22:40 INFO DAGScheduler: failed: Set()
26/08/14 00:22:40 INFO DAGScheduler: Submitting ResultStage 76 (MapPartitionsRDD[492] at call at /opt/spark/python/lib/py4j-0.10.9.7-src.zip/py4j/clientserver.py:617), which has no missing parents
26/08/14 00:22:40 INFO MemoryStore: Block broadcast_75 stored as values in memory (estimated size 13.1 KiB, free 191.1 MiB)
26/08/14 00:22:40 INFO MemoryStore: Block broadcast_75_piece0 stored as bytes in memory (estimated size 6.1 KiB, free 191.1 MiB)
26/08/14 00:22:40 INFO BlockManagerInfo: Added broadcast_75_piece0 in memory on spark-driver:40129 (size: 6.1 KiB, free: 191.2 MiB)
26/08/14 00:22:40 INFO SparkContext: Created broadcast 75 from broadcast at DAGScheduler.scala:1585
26/08/14 00:22:40 INFO DAGScheduler: Submitting 1 missing tasks from ResultStage 76 (MapPartitionsRDD[492] at call at /opt/spark/python/lib/py4j-0.10.9.7-src.zip/py4j/clientserver.py:617) (first 15 tasks are for partitions Vector(0))
26/08/14 00:22:40 INFO TaskSchedulerImpl: Adding task set 76.0 with 1 tasks resource profile 0
26/08/14 00:22:40 INFO TaskSetManager: Starting task 0.0 in stage 76.0 (TID 270) (172.26.0.13, executor 1, partition 0, NODE_LOCAL, 9003 bytes) 
26/08/14 00:22:40 INFO BlockManagerInfo: Added broadcast_75_piece0 in memory on 172.26.0.13:34511 (size: 6.1 KiB, free: 413.6 MiB)
26/08/14 00:22:40 INFO MapOutputTrackerMasterEndpoint: Asked to send map output locations for shuffle 34 to 172.26.0.13:50552
26/08/14 00:22:40 INFO TaskSetManager: Finished task 0.0 in stage 76.0 (TID 270) in 39 ms on 172.26.0.13 (executor 1) (1/1)
26/08/14 00:22:40 INFO TaskSchedulerImpl: Removed TaskSet 76.0, whose tasks have all completed, from pool 
26/08/14 00:22:40 INFO DAGScheduler: ResultStage 76 (call at /opt/spark/python/lib/py4j-0.10.9.7-src.zip/py4j/clientserver.py:617) finished in 0.043 s
26/08/14 00:22:40 INFO DAGScheduler: Job 41 is finished. Cancelling potential speculative or zombie tasks for this job
26/08/14 00:22:40 INFO TaskSchedulerImpl: Killing all running tasks in stage 76: Stage finished
26/08/14 00:22:40 INFO DAGScheduler: Job 41 finished: call at /opt/spark/python/lib/py4j-0.10.9.7-src.zip/py4j/clientserver.py:617, took 0.115947 s
26/08/14 00:22:40 INFO MapPartitionsRDD: Removing RDD 433 from persistence list
26/08/14 00:22:40 INFO BlockManager: Removing RDD 433
26/08/14 00:22:40 INFO WatermarkTracker: Updating event-time watermark from 1786666837347 to 1786666838722 ms
26/08/14 00:22:40 INFO CheckpointFileManager: Writing atomically to file:/opt/checkpoints/trips/commits/7 using temp file file:/opt/checkpoints/trips/commits/.7.7f64644b-f575-4bab-a5e5-1ee0aa5774e0.tmp
26/08/14 00:22:40 INFO CheckpointFileManager: Renamed temp file file:/opt/checkpoints/trips/commits/.7.7f64644b-f575-4bab-a5e5-1ee0aa5774e0.tmp to file:/opt/checkpoints/trips/commits/7
26/08/14 00:22:40 INFO MicroBatchExecution: Streaming query made progress: {
  "id" : "b85a33a4-dee1-4170-b062-c47d2470428c",
  "runId" : "5a4a512e-2b33-436f-89d6-2ad644eee1fd",
  "name" : "trips-ingest-ab_ab_no_backoff_1",
  "timestamp" : "2026-08-14T00:22:38.791Z",
  "batchId" : 7,
  "numInputRows" : 1092,
  "inputRowsPerSecond" : 798.8295537673738,
  "processedRowsPerSecond" : 566.0964230171073,
  "durationMs" : {
    "addBatch" : 1860,
    "commitOffsets" : 40,
    "getBatch" : 0,
    "latestOffset" : 4,
    "queryPlanning" : 11,
    "triggerExecution" : 1929,
    "walCommit" : 12
  },
  "eventTime" : {
    "avg" : "2026-08-14T00:22:36.593Z",
    "max" : "2026-08-14T00:22:38.722Z",
    "min" : "2026-08-14T00:22:34.475Z",
    "watermark" : "2026-08-14T00:20:37.347Z"
  },
  "stateOperators" : [ ],
  "sources" : [ {
    "description" : "KafkaV2[Subscribe[trips.raw]]",
    "startOffset" : {
      "trips.raw" : {
        "2" : 269366,
        "5" : 267836,
        "4" : 269102,
        "1" : 268850,
        "3" : 269293,
        "0" : 269140
      }
    },
    "endOffset" : {
      "trips.raw" : {
        "2" : 269546,
        "5" : 268003,
        "4" : 269291,
        "1" : 269028,
        "3" : 269476,
        "0" : 269335
      }
    },
    "latestOffset" : {
      "trips.raw" : {
        "2" : 269546,
        "5" : 268003,
        "4" : 269291,
        "1" : 269028,
        "3" : 269476,
        "0" : 269335
      }
    },
    "numInputRows" : 1092,
    "inputRowsPerSecond" : 798.8295537673738,
    "processedRowsPerSecond" : 566.0964230171073,
    "metrics" : {
      "avgOffsetsBehindLatest" : "0.0",
      "maxOffsetsBehindLatest" : "0",
      "minOffsetsBehindLatest" : "0"
    }
  } ],
  "sink" : {
    "description" : "ForeachBatchSink",
    "numOutputRows" : -1
  }
}
26/08/14 00:22:40 INFO CheckpointFileManager: Writing atomically to file:/opt/checkpoints/trips/offsets/8 using temp file file:/opt/checkpoints/trips/offsets/.8.9efb0478-aa91-467a-b274-bb51fc1c5308.tmp
26/08/14 00:22:40 INFO CheckpointFileManager: Renamed temp file file:/opt/checkpoints/trips/offsets/.8.9efb0478-aa91-467a-b274-bb51fc1c5308.tmp to file:/opt/checkpoints/trips/offsets/8
26/08/14 00:22:40 INFO MicroBatchExecution: Committed offsets for batch 8. Metadata OffsetSeqMetadata(1786666838722,1786666960733,Map(spark.sql.streaming.stateStore.providerClass -> org.apache.spark.sql.execution.streaming.state.HDFSBackedStateStoreProvider, spark.sql.streaming.join.stateFormatVersion -> 2, spark.sql.streaming.stateStore.compression.codec -> lz4, spark.sql.streaming.stateStore.rocksdb.formatVersion -> 5, spark.sql.streaming.statefulOperator.useStrictDistribution -> true, spark.sql.streaming.flatMapGroupsWithState.stateFormatVersion -> 2, spark.sql.streaming.multipleWatermarkPolicy -> min, spark.sql.streaming.aggregation.stateFormatVersion -> 2, spark.sql.shuffle.partitions -> 6))
26/08/14 00:22:40 INFO KafkaOffsetReaderAdmin: Partitions added: Map()
26/08/14 00:22:40 INFO KafkaOffsetReaderAdmin: Partitions added: Map()
26/08/14 00:22:40 INFO KafkaOffsetReaderAdmin: Partitions added: Map()
26/08/14 00:22:40 INFO KafkaOffsetReaderAdmin: Partitions added: Map()
2026-08-14 00:22:40,833 INFO  [stream] Received command c on object id p0
26/08/14 00:22:40 INFO BlockManagerInfo: Removed broadcast_75_piece0 on spark-driver:40129 in memory (size: 6.1 KiB, free: 191.2 MiB)
26/08/14 00:22:40 INFO BlockManagerInfo: Removed broadcast_75_piece0 on 172.26.0.13:34511 in memory (size: 6.1 KiB, free: 413.9 MiB)
26/08/14 00:22:40 INFO BlockManagerInfo: Removed broadcast_74_piece0 on spark-driver:40129 in memory (size: 24.8 KiB, free: 191.2 MiB)
26/08/14 00:22:40 INFO BlockManagerInfo: Removed broadcast_74_piece0 on 172.26.0.13:34511 in memory (size: 24.8 KiB, free: 413.9 MiB)
26/08/14 00:22:40 INFO BlockManagerInfo: Removed broadcast_74_piece0 on 172.26.0.12:33073 in memory (size: 24.8 KiB, free: 413.9 MiB)
26/08/14 00:22:40 INFO SparkContext: Starting job: count at <unknown>:0
26/08/14 00:22:40 INFO DAGScheduler: Registering RDD 507 (count at <unknown>:0) as input to shuffle 35
26/08/14 00:22:40 INFO DAGScheduler: Got job 42 (count at <unknown>:0) with 1 output partitions
26/08/14 00:22:40 INFO DAGScheduler: Final stage: ResultStage 78 (count at <unknown>:0)
26/08/14 00:22:40 INFO DAGScheduler: Parents of final stage: List(ShuffleMapStage 77)
26/08/14 00:22:40 INFO DAGScheduler: Missing parents: List(ShuffleMapStage 77)
26/08/14 00:22:40 INFO DAGScheduler: Submitting ShuffleMapStage 77 (MapPartitionsRDD[507] at count at <unknown>:0), which has no missing parents
26/08/14 00:22:40 INFO MemoryStore: Block broadcast_76 stored as values in memory (estimated size 64.6 KiB, free 191.1 MiB)
26/08/14 00:22:40 INFO MemoryStore: Block broadcast_76_piece0 stored as bytes in memory (estimated size 24.1 KiB, free 191.1 MiB)
26/08/14 00:22:40 INFO BlockManagerInfo: Added broadcast_76_piece0 in memory on spark-driver:40129 (size: 24.1 KiB, free: 191.2 MiB)
26/08/14 00:22:40 INFO SparkContext: Created broadcast 76 from broadcast at DAGScheduler.scala:1585
26/08/14 00:22:40 INFO DAGScheduler: Submitting 6 missing tasks from ShuffleMapStage 77 (MapPartitionsRDD[507] at count at <unknown>:0) (first 15 tasks are for partitions Vector(0, 1, 2, 3, 4, 5))
26/08/14 00:22:40 INFO TaskSchedulerImpl: Adding task set 77.0 with 6 tasks resource profile 0
26/08/14 00:22:40 INFO TaskSetManager: Starting task 2.0 in stage 77.0 (TID 271) (172.26.0.13, executor 1, partition 2, PROCESS_LOCAL, 9921 bytes) 
26/08/14 00:22:40 INFO TaskSetManager: Starting task 0.0 in stage 77.0 (TID 272) (172.26.0.12, executor 0, partition 0, PROCESS_LOCAL, 9921 bytes) 
26/08/14 00:22:40 INFO TaskSetManager: Starting task 3.0 in stage 77.0 (TID 273) (172.26.0.13, executor 1, partition 3, PROCESS_LOCAL, 9921 bytes) 
26/08/14 00:22:40 INFO TaskSetManager: Starting task 1.0 in stage 77.0 (TID 274) (172.26.0.12, executor 0, partition 1, PROCESS_LOCAL, 9921 bytes) 
26/08/14 00:22:40 INFO TaskSetManager: Starting task 4.0 in stage 77.0 (TID 275) (172.26.0.13, executor 1, partition 4, PROCESS_LOCAL, 9921 bytes) 
26/08/14 00:22:40 INFO TaskSetManager: Starting task 5.0 in stage 77.0 (TID 276) (172.26.0.12, executor 0, partition 5, PROCESS_LOCAL, 9921 bytes) 
26/08/14 00:22:40 INFO BlockManagerInfo: Added broadcast_76_piece0 in memory on 172.26.0.13:34511 (size: 24.1 KiB, free: 413.9 MiB)
26/08/14 00:22:40 INFO BlockManagerInfo: Added broadcast_76_piece0 in memory on 172.26.0.12:33073 (size: 24.1 KiB, free: 413.9 MiB)
26/08/14 00:22:41 INFO BlockManagerInfo: Added rdd_502_2 in memory on 172.26.0.13:34511 (size: 165.7 KiB, free: 413.7 MiB)
26/08/14 00:22:41 INFO BlockManagerInfo: Added rdd_502_4 in memory on 172.26.0.13:34511 (size: 164.4 KiB, free: 413.6 MiB)
26/08/14 00:22:41 INFO BlockManagerInfo: Added rdd_502_3 in memory on 172.26.0.13:34511 (size: 152.9 KiB, free: 413.4 MiB)
26/08/14 00:22:41 INFO TaskSetManager: Finished task 2.0 in stage 77.0 (TID 271) in 146 ms on 172.26.0.13 (executor 1) (1/6)
26/08/14 00:22:41 INFO TaskSetManager: Finished task 3.0 in stage 77.0 (TID 273) in 146 ms on 172.26.0.13 (executor 1) (2/6)
26/08/14 00:22:41 INFO TaskSetManager: Finished task 4.0 in stage 77.0 (TID 275) in 146 ms on 172.26.0.13 (executor 1) (3/6)
26/08/14 00:22:41 INFO BlockManagerInfo: Added rdd_502_5 in memory on 172.26.0.12:33073 (size: 158.5 KiB, free: 413.7 MiB)
26/08/14 00:22:41 INFO BlockManagerInfo: Added rdd_502_0 in memory on 172.26.0.12:33073 (size: 162.0 KiB, free: 413.6 MiB)
26/08/14 00:22:41 INFO TaskSetManager: Finished task 5.0 in stage 77.0 (TID 276) in 317 ms on 172.26.0.12 (executor 0) (4/6)
26/08/14 00:22:41 INFO TaskSetManager: Finished task 0.0 in stage 77.0 (TID 272) in 318 ms on 172.26.0.12 (executor 0) (5/6)
26/08/14 00:22:41 INFO BlockManagerInfo: Added rdd_502_1 in memory on 172.26.0.12:33073 (size: 171.9 KiB, free: 413.4 MiB)
26/08/14 00:22:41 INFO TaskSetManager: Finished task 1.0 in stage 77.0 (TID 274) in 341 ms on 172.26.0.12 (executor 0) (6/6)
26/08/14 00:22:41 INFO TaskSchedulerImpl: Removed TaskSet 77.0, whose tasks have all completed, from pool 
26/08/14 00:22:41 INFO DAGScheduler: ShuffleMapStage 77 (count at <unknown>:0) finished in 0.354 s
26/08/14 00:22:41 INFO DAGScheduler: looking for newly runnable stages
26/08/14 00:22:41 INFO DAGScheduler: running: Set()
26/08/14 00:22:41 INFO DAGScheduler: waiting: Set(ResultStage 78)
26/08/14 00:22:41 INFO DAGScheduler: failed: Set()
26/08/14 00:22:41 INFO DAGScheduler: Submitting ResultStage 78 (MapPartitionsRDD[510] at count at <unknown>:0), which has no missing parents
26/08/14 00:22:41 INFO MemoryStore: Block broadcast_77 stored as values in memory (estimated size 12.5 KiB, free 191.1 MiB)
26/08/14 00:22:41 INFO MemoryStore: Block broadcast_77_piece0 stored as bytes in memory (estimated size 5.9 KiB, free 191.1 MiB)
26/08/14 00:22:41 INFO BlockManagerInfo: Added broadcast_77_piece0 in memory on spark-driver:40129 (size: 5.9 KiB, free: 191.2 MiB)
26/08/14 00:22:41 INFO SparkContext: Created broadcast 77 from broadcast at DAGScheduler.scala:1585
26/08/14 00:22:41 INFO DAGScheduler: Submitting 1 missing tasks from ResultStage 78 (MapPartitionsRDD[510] at count at <unknown>:0) (first 15 tasks are for partitions Vector(0))
26/08/14 00:22:41 INFO TaskSchedulerImpl: Adding task set 78.0 with 1 tasks resource profile 0
26/08/14 00:22:41 INFO TaskSetManager: Starting task 0.0 in stage 78.0 (TID 277) (172.26.0.13, executor 1, partition 0, NODE_LOCAL, 9003 bytes) 
26/08/14 00:22:41 INFO BlockManagerInfo: Added broadcast_77_piece0 in memory on 172.26.0.13:34511 (size: 5.9 KiB, free: 413.4 MiB)
26/08/14 00:22:41 INFO MapOutputTrackerMasterEndpoint: Asked to send map output locations for shuffle 35 to 172.26.0.13:50552
26/08/14 00:22:41 INFO TaskSetManager: Finished task 0.0 in stage 78.0 (TID 277) in 16 ms on 172.26.0.13 (executor 1) (1/1)
26/08/14 00:22:41 INFO TaskSchedulerImpl: Removed TaskSet 78.0, whose tasks have all completed, from pool 
26/08/14 00:22:41 INFO DAGScheduler: ResultStage 78 (count at <unknown>:0) finished in 0.019 s
26/08/14 00:22:41 INFO DAGScheduler: Job 42 is finished. Cancelling potential speculative or zombie tasks for this job
26/08/14 00:22:41 INFO TaskSchedulerImpl: Killing all running tasks in stage 78: Stage finished
26/08/14 00:22:41 INFO DAGScheduler: Job 42 finished: count at <unknown>:0, took 0.375414 s
26/08/14 00:22:41 INFO BlockManagerInfo: Removed broadcast_76_piece0 on spark-driver:40129 in memory (size: 24.1 KiB, free: 191.2 MiB)
26/08/14 00:22:41 INFO SparkContext: Starting job: count at <unknown>:0
26/08/14 00:22:41 INFO BlockManagerInfo: Removed broadcast_76_piece0 on 172.26.0.13:34511 in memory (size: 24.1 KiB, free: 413.4 MiB)
26/08/14 00:22:41 INFO BlockManagerInfo: Removed broadcast_76_piece0 on 172.26.0.12:33073 in memory (size: 24.1 KiB, free: 413.4 MiB)
26/08/14 00:22:41 INFO DAGScheduler: Registering RDD 515 (count at <unknown>:0) as input to shuffle 36
26/08/14 00:22:41 INFO DAGScheduler: Got job 43 (count at <unknown>:0) with 1 output partitions
26/08/14 00:22:41 INFO DAGScheduler: Final stage: ResultStage 80 (count at <unknown>:0)
26/08/14 00:22:41 INFO DAGScheduler: Parents of final stage: List(ShuffleMapStage 79)
26/08/14 00:22:41 INFO DAGScheduler: Missing parents: List(ShuffleMapStage 79)
26/08/14 00:22:41 INFO DAGScheduler: Submitting ShuffleMapStage 79 (MapPartitionsRDD[515] at count at <unknown>:0), which has no missing parents
26/08/14 00:22:41 INFO MemoryStore: Block broadcast_78 stored as values in memory (estimated size 64.9 KiB, free 191.1 MiB)
26/08/14 00:22:41 INFO MemoryStore: Block broadcast_78_piece0 stored as bytes in memory (estimated size 24.2 KiB, free 191.1 MiB)
26/08/14 00:22:41 INFO BlockManagerInfo: Added broadcast_78_piece0 in memory on spark-driver:40129 (size: 24.2 KiB, free: 191.2 MiB)
26/08/14 00:22:41 INFO SparkContext: Created broadcast 78 from broadcast at DAGScheduler.scala:1585
26/08/14 00:22:41 INFO DAGScheduler: Submitting 6 missing tasks from ShuffleMapStage 79 (MapPartitionsRDD[515] at count at <unknown>:0) (first 15 tasks are for partitions Vector(0, 1, 2, 3, 4, 5))
26/08/14 00:22:41 INFO TaskSchedulerImpl: Adding task set 79.0 with 6 tasks resource profile 0
26/08/14 00:22:41 INFO TaskSetManager: Starting task 0.0 in stage 79.0 (TID 278) (172.26.0.12, executor 0, partition 0, PROCESS_LOCAL, 9921 bytes) 
26/08/14 00:22:41 INFO TaskSetManager: Starting task 2.0 in stage 79.0 (TID 279) (172.26.0.13, executor 1, partition 2, PROCESS_LOCAL, 9921 bytes) 
26/08/14 00:22:41 INFO TaskSetManager: Starting task 1.0 in stage 79.0 (TID 280) (172.26.0.12, executor 0, partition 1, PROCESS_LOCAL, 9921 bytes) 
26/08/14 00:22:41 INFO TaskSetManager: Starting task 3.0 in stage 79.0 (TID 281) (172.26.0.13, executor 1, partition 3, PROCESS_LOCAL, 9921 bytes) 
26/08/14 00:22:41 INFO TaskSetManager: Starting task 5.0 in stage 79.0 (TID 282) (172.26.0.12, executor 0, partition 5, PROCESS_LOCAL, 9921 bytes) 
26/08/14 00:22:41 INFO TaskSetManager: Starting task 4.0 in stage 79.0 (TID 283) (172.26.0.13, executor 1, partition 4, PROCESS_LOCAL, 9921 bytes) 
26/08/14 00:22:41 INFO BlockManagerInfo: Removed broadcast_77_piece0 on spark-driver:40129 in memory (size: 5.9 KiB, free: 191.2 MiB)
26/08/14 00:22:41 INFO BlockManagerInfo: Removed broadcast_77_piece0 on 172.26.0.13:34511 in memory (size: 5.9 KiB, free: 413.5 MiB)
26/08/14 00:22:41 INFO BlockManagerInfo: Added broadcast_78_piece0 in memory on 172.26.0.13:34511 (size: 24.2 KiB, free: 413.4 MiB)
26/08/14 00:22:41 INFO BlockManagerInfo: Added broadcast_78_piece0 in memory on 172.26.0.12:33073 (size: 24.2 KiB, free: 413.4 MiB)
26/08/14 00:22:41 INFO TaskSetManager: Finished task 5.0 in stage 79.0 (TID 282) in 21 ms on 172.26.0.12 (executor 0) (1/6)
26/08/14 00:22:41 INFO TaskSetManager: Finished task 2.0 in stage 79.0 (TID 279) in 21 ms on 172.26.0.13 (executor 1) (2/6)
26/08/14 00:22:41 INFO TaskSetManager: Finished task 0.0 in stage 79.0 (TID 278) in 22 ms on 172.26.0.12 (executor 0) (3/6)
26/08/14 00:22:41 INFO TaskSetManager: Finished task 1.0 in stage 79.0 (TID 280) in 21 ms on 172.26.0.12 (executor 0) (4/6)
26/08/14 00:22:41 INFO TaskSetManager: Finished task 3.0 in stage 79.0 (TID 281) in 21 ms on 172.26.0.13 (executor 1) (5/6)
26/08/14 00:22:41 INFO TaskSetManager: Finished task 4.0 in stage 79.0 (TID 283) in 22 ms on 172.26.0.13 (executor 1) (6/6)
26/08/14 00:22:41 INFO TaskSchedulerImpl: Removed TaskSet 79.0, whose tasks have all completed, from pool 
26/08/14 00:22:41 INFO DAGScheduler: ShuffleMapStage 79 (count at <unknown>:0) finished in 0.027 s
26/08/14 00:22:41 INFO DAGScheduler: looking for newly runnable stages
26/08/14 00:22:41 INFO DAGScheduler: running: Set()
26/08/14 00:22:41 INFO DAGScheduler: waiting: Set(ResultStage 80)
26/08/14 00:22:41 INFO DAGScheduler: failed: Set()
26/08/14 00:22:41 INFO DAGScheduler: Submitting ResultStage 80 (MapPartitionsRDD[518] at count at <unknown>:0), which has no missing parents
26/08/14 00:22:41 INFO MemoryStore: Block broadcast_79 stored as values in memory (estimated size 12.5 KiB, free 191.1 MiB)
26/08/14 00:22:41 INFO MemoryStore: Block broadcast_79_piece0 stored as bytes in memory (estimated size 5.9 KiB, free 191.1 MiB)
26/08/14 00:22:41 INFO BlockManagerInfo: Added broadcast_79_piece0 in memory on spark-driver:40129 (size: 5.9 KiB, free: 191.2 MiB)
26/08/14 00:22:41 INFO SparkContext: Created broadcast 79 from broadcast at DAGScheduler.scala:1585
26/08/14 00:22:41 INFO DAGScheduler: Submitting 1 missing tasks from ResultStage 80 (MapPartitionsRDD[518] at count at <unknown>:0) (first 15 tasks are for partitions Vector(0))
26/08/14 00:22:41 INFO TaskSchedulerImpl: Adding task set 80.0 with 1 tasks resource profile 0
26/08/14 00:22:41 INFO TaskSetManager: Starting task 0.0 in stage 80.0 (TID 284) (172.26.0.13, executor 1, partition 0, NODE_LOCAL, 9003 bytes) 
26/08/14 00:22:41 INFO BlockManagerInfo: Added broadcast_79_piece0 in memory on 172.26.0.13:34511 (size: 5.9 KiB, free: 413.4 MiB)
26/08/14 00:22:41 INFO MapOutputTrackerMasterEndpoint: Asked to send map output locations for shuffle 36 to 172.26.0.13:50552
26/08/14 00:22:41 INFO TaskSetManager: Finished task 0.0 in stage 80.0 (TID 284) in 13 ms on 172.26.0.13 (executor 1) (1/1)
26/08/14 00:22:41 INFO TaskSchedulerImpl: Removed TaskSet 80.0, whose tasks have all completed, from pool 
26/08/14 00:22:41 INFO DAGScheduler: ResultStage 80 (count at <unknown>:0) finished in 0.016 s
26/08/14 00:22:41 INFO DAGScheduler: Job 43 is finished. Cancelling potential speculative or zombie tasks for this job
26/08/14 00:22:41 INFO TaskSchedulerImpl: Killing all running tasks in stage 80: Stage finished
26/08/14 00:22:41 INFO DAGScheduler: Job 43 finished: count at <unknown>:0, took 0.046516 s
26/08/14 00:22:41 INFO CodeGenerator: Code generated in 12.316875 ms
26/08/14 00:22:41 INFO DefaultCachedBatchSerializer: Predicate isnotnull(event_time#89-T120000ms) generates partition filter: ((event_time.count#25587 - event_time.nullCount#25586) > 0)
26/08/14 00:22:41 INFO DefaultCachedBatchSerializer: Predicate (event_time#89-T120000ms < 2026-08-14 00:20:38.722) generates partition filter: (event_time.lowerBound#25585 < 2026-08-14 00:20:38.722)
26/08/14 00:22:41 INFO SparkContext: Starting job: count at <unknown>:0
26/08/14 00:22:41 INFO DAGScheduler: Registering RDD 523 (count at <unknown>:0) as input to shuffle 37
26/08/14 00:22:41 INFO DAGScheduler: Got job 44 (count at <unknown>:0) with 1 output partitions
26/08/14 00:22:41 INFO DAGScheduler: Final stage: ResultStage 82 (count at <unknown>:0)
26/08/14 00:22:41 INFO DAGScheduler: Parents of final stage: List(ShuffleMapStage 81)
26/08/14 00:22:41 INFO DAGScheduler: Missing parents: List(ShuffleMapStage 81)
26/08/14 00:22:41 INFO DAGScheduler: Submitting ShuffleMapStage 81 (MapPartitionsRDD[523] at count at <unknown>:0), which has no missing parents
26/08/14 00:22:41 INFO MemoryStore: Block broadcast_80 stored as values in memory (estimated size 67.2 KiB, free 191.0 MiB)
26/08/14 00:22:41 INFO MemoryStore: Block broadcast_80_piece0 stored as bytes in memory (estimated size 25.6 KiB, free 191.0 MiB)
26/08/14 00:22:41 INFO BlockManagerInfo: Added broadcast_80_piece0 in memory on spark-driver:40129 (size: 25.6 KiB, free: 191.2 MiB)
26/08/14 00:22:41 INFO SparkContext: Created broadcast 80 from broadcast at DAGScheduler.scala:1585
26/08/14 00:22:41 INFO DAGScheduler: Submitting 6 missing tasks from ShuffleMapStage 81 (MapPartitionsRDD[523] at count at <unknown>:0) (first 15 tasks are for partitions Vector(0, 1, 2, 3, 4, 5))
26/08/14 00:22:41 INFO TaskSchedulerImpl: Adding task set 81.0 with 6 tasks resource profile 0
26/08/14 00:22:41 INFO BlockManagerInfo: Removed broadcast_79_piece0 on spark-driver:40129 in memory (size: 5.9 KiB, free: 191.2 MiB)
26/08/14 00:22:41 INFO BlockManagerInfo: Removed broadcast_79_piece0 on 172.26.0.13:34511 in memory (size: 5.9 KiB, free: 413.4 MiB)
26/08/14 00:22:41 INFO TaskSetManager: Starting task 0.0 in stage 81.0 (TID 285) (172.26.0.12, executor 0, partition 0, PROCESS_LOCAL, 9921 bytes) 
26/08/14 00:22:41 INFO TaskSetManager: Starting task 2.0 in stage 81.0 (TID 286) (172.26.0.13, executor 1, partition 2, PROCESS_LOCAL, 9921 bytes) 
26/08/14 00:22:41 INFO TaskSetManager: Starting task 1.0 in stage 81.0 (TID 287) (172.26.0.12, executor 0, partition 1, PROCESS_LOCAL, 9921 bytes) 
26/08/14 00:22:41 INFO TaskSetManager: Starting task 3.0 in stage 81.0 (TID 288) (172.26.0.13, executor 1, partition 3, PROCESS_LOCAL, 9921 bytes) 
26/08/14 00:22:41 INFO TaskSetManager: Starting task 5.0 in stage 81.0 (TID 289) (172.26.0.12, executor 0, partition 5, PROCESS_LOCAL, 9921 bytes) 
26/08/14 00:22:41 INFO TaskSetManager: Starting task 4.0 in stage 81.0 (TID 290) (172.26.0.13, executor 1, partition 4, PROCESS_LOCAL, 9921 bytes) 
26/08/14 00:22:41 INFO BlockManagerInfo: Removed broadcast_78_piece0 on spark-driver:40129 in memory (size: 24.2 KiB, free: 191.2 MiB)
26/08/14 00:22:41 INFO BlockManagerInfo: Removed broadcast_78_piece0 on 172.26.0.13:34511 in memory (size: 24.2 KiB, free: 413.5 MiB)
26/08/14 00:22:41 INFO BlockManagerInfo: Removed broadcast_78_piece0 on 172.26.0.12:33073 in memory (size: 24.2 KiB, free: 413.4 MiB)
26/08/14 00:22:41 INFO BlockManagerInfo: Added broadcast_80_piece0 in memory on 172.26.0.13:34511 (size: 25.6 KiB, free: 413.4 MiB)
26/08/14 00:22:41 INFO BlockManagerInfo: Added broadcast_80_piece0 in memory on 172.26.0.12:33073 (size: 25.6 KiB, free: 413.4 MiB)
26/08/14 00:22:41 INFO TaskSetManager: Finished task 2.0 in stage 81.0 (TID 286) in 42 ms on 172.26.0.13 (executor 1) (1/6)
26/08/14 00:22:41 INFO TaskSetManager: Finished task 3.0 in stage 81.0 (TID 288) in 44 ms on 172.26.0.13 (executor 1) (2/6)
26/08/14 00:22:41 INFO TaskSetManager: Finished task 5.0 in stage 81.0 (TID 289) in 44 ms on 172.26.0.12 (executor 0) (3/6)
26/08/14 00:22:41 INFO TaskSetManager: Finished task 0.0 in stage 81.0 (TID 285) in 45 ms on 172.26.0.12 (executor 0) (4/6)
26/08/14 00:22:41 INFO TaskSetManager: Finished task 1.0 in stage 81.0 (TID 287) in 45 ms on 172.26.0.12 (executor 0) (5/6)
26/08/14 00:22:41 INFO TaskSetManager: Finished task 4.0 in stage 81.0 (TID 290) in 46 ms on 172.26.0.13 (executor 1) (6/6)
26/08/14 00:22:41 INFO TaskSchedulerImpl: Removed TaskSet 81.0, whose tasks have all completed, from pool 
26/08/14 00:22:41 INFO DAGScheduler: ShuffleMapStage 81 (count at <unknown>:0) finished in 0.061 s
26/08/14 00:22:41 INFO DAGScheduler: looking for newly runnable stages
26/08/14 00:22:41 INFO DAGScheduler: running: Set()
26/08/14 00:22:41 INFO DAGScheduler: waiting: Set(ResultStage 82)
26/08/14 00:22:41 INFO DAGScheduler: failed: Set()
26/08/14 00:22:41 INFO DAGScheduler: Submitting ResultStage 82 (MapPartitionsRDD[526] at count at <unknown>:0), which has no missing parents
26/08/14 00:22:41 INFO MemoryStore: Block broadcast_81 stored as values in memory (estimated size 12.5 KiB, free 191.1 MiB)
26/08/14 00:22:41 INFO MemoryStore: Block broadcast_81_piece0 stored as bytes in memory (estimated size 5.9 KiB, free 191.1 MiB)
26/08/14 00:22:41 INFO BlockManagerInfo: Added broadcast_81_piece0 in memory on spark-driver:40129 (size: 5.9 KiB, free: 191.2 MiB)
26/08/14 00:22:41 INFO SparkContext: Created broadcast 81 from broadcast at DAGScheduler.scala:1585
26/08/14 00:22:41 INFO DAGScheduler: Submitting 1 missing tasks from ResultStage 82 (MapPartitionsRDD[526] at count at <unknown>:0) (first 15 tasks are for partitions Vector(0))
26/08/14 00:22:41 INFO TaskSchedulerImpl: Adding task set 82.0 with 1 tasks resource profile 0
26/08/14 00:22:41 INFO TaskSetManager: Starting task 0.0 in stage 82.0 (TID 291) (172.26.0.12, executor 0, partition 0, NODE_LOCAL, 9003 bytes) 
26/08/14 00:22:41 INFO BlockManagerInfo: Added broadcast_81_piece0 in memory on 172.26.0.12:33073 (size: 5.9 KiB, free: 413.4 MiB)
26/08/14 00:22:41 INFO MapOutputTrackerMasterEndpoint: Asked to send map output locations for shuffle 37 to 172.26.0.12:49600
26/08/14 00:22:41 INFO TaskSetManager: Finished task 0.0 in stage 82.0 (TID 291) in 19 ms on 172.26.0.12 (executor 0) (1/1)
26/08/14 00:22:41 INFO TaskSchedulerImpl: Removed TaskSet 82.0, whose tasks have all completed, from pool 
26/08/14 00:22:41 INFO DAGScheduler: ResultStage 82 (count at <unknown>:0) finished in 0.027 s
26/08/14 00:22:41 INFO DAGScheduler: Job 44 is finished. Cancelling potential speculative or zombie tasks for this job
26/08/14 00:22:41 INFO TaskSchedulerImpl: Killing all running tasks in stage 82: Stage finished
26/08/14 00:22:41 INFO DAGScheduler: Job 44 finished: count at <unknown>:0, took 0.094524 s
26/08/14 00:22:41 INFO DefaultCachedBatchSerializer: Predicate isnotnull(kind#26144) generates partition filter: ((kind.count#26213 - kind.nullCount#26212) > 0)
26/08/14 00:22:41 INFO DefaultCachedBatchSerializer: Predicate (kind#26144 = stats) generates partition filter: ((kind.lowerBound#26211 <= stats) AND (stats <= kind.upperBound#26210))
26/08/14 00:22:41 INFO SparkContext: Starting job: call at /opt/spark/python/lib/py4j-0.10.9.7-src.zip/py4j/clientserver.py:617
26/08/14 00:22:41 INFO DAGScheduler: Got job 45 (call at /opt/spark/python/lib/py4j-0.10.9.7-src.zip/py4j/clientserver.py:617) with 6 output partitions
26/08/14 00:22:41 INFO DAGScheduler: Final stage: ResultStage 83 (call at /opt/spark/python/lib/py4j-0.10.9.7-src.zip/py4j/clientserver.py:617)
26/08/14 00:22:41 INFO DAGScheduler: Parents of final stage: List()
26/08/14 00:22:41 INFO DAGScheduler: Missing parents: List()
26/08/14 00:22:41 INFO DAGScheduler: Submitting ResultStage 83 (MapPartitionsRDD[545] at call at /opt/spark/python/lib/py4j-0.10.9.7-src.zip/py4j/clientserver.py:617), which has no missing parents
26/08/14 00:22:41 INFO MemoryStore: Block broadcast_82 stored as values in memory (estimated size 90.0 KiB, free 191.0 MiB)
26/08/14 00:22:41 INFO BlockManagerInfo: Removed broadcast_80_piece0 on spark-driver:40129 in memory (size: 25.6 KiB, free: 191.2 MiB)
26/08/14 00:22:41 INFO MemoryStore: Block broadcast_82_piece0 stored as bytes in memory (estimated size 34.0 KiB, free 191.0 MiB)
26/08/14 00:22:41 INFO BlockManagerInfo: Added broadcast_82_piece0 in memory on spark-driver:40129 (size: 34.0 KiB, free: 191.2 MiB)
26/08/14 00:22:41 INFO SparkContext: Created broadcast 82 from broadcast at DAGScheduler.scala:1585
26/08/14 00:22:41 INFO BlockManagerInfo: Removed broadcast_80_piece0 on 172.26.0.12:33073 in memory (size: 25.6 KiB, free: 413.4 MiB)
26/08/14 00:22:41 INFO DAGScheduler: Submitting 6 missing tasks from ResultStage 83 (MapPartitionsRDD[545] at call at /opt/spark/python/lib/py4j-0.10.9.7-src.zip/py4j/clientserver.py:617) (first 15 tasks are for partitions Vector(0, 1, 2, 3, 4, 5))
26/08/14 00:22:41 INFO TaskSchedulerImpl: Adding task set 83.0 with 6 tasks resource profile 0
26/08/14 00:22:41 INFO BlockManagerInfo: Removed broadcast_80_piece0 on 172.26.0.13:34511 in memory (size: 25.6 KiB, free: 413.5 MiB)
26/08/14 00:22:41 INFO TaskSetManager: Starting task 2.0 in stage 83.0 (TID 292) (172.26.0.13, executor 1, partition 2, PROCESS_LOCAL, 9932 bytes) 
26/08/14 00:22:41 INFO TaskSetManager: Starting task 0.0 in stage 83.0 (TID 293) (172.26.0.12, executor 0, partition 0, PROCESS_LOCAL, 9932 bytes) 
26/08/14 00:22:41 INFO TaskSetManager: Starting task 3.0 in stage 83.0 (TID 294) (172.26.0.13, executor 1, partition 3, PROCESS_LOCAL, 9932 bytes) 
26/08/14 00:22:41 INFO TaskSetManager: Starting task 1.0 in stage 83.0 (TID 295) (172.26.0.12, executor 0, partition 1, PROCESS_LOCAL, 9932 bytes) 
26/08/14 00:22:41 INFO TaskSetManager: Starting task 4.0 in stage 83.0 (TID 296) (172.26.0.13, executor 1, partition 4, PROCESS_LOCAL, 9932 bytes) 
26/08/14 00:22:41 INFO TaskSetManager: Starting task 5.0 in stage 83.0 (TID 297) (172.26.0.12, executor 0, partition 5, PROCESS_LOCAL, 9932 bytes) 
26/08/14 00:22:41 INFO BlockManagerInfo: Removed broadcast_81_piece0 on spark-driver:40129 in memory (size: 5.9 KiB, free: 191.2 MiB)
26/08/14 00:22:41 INFO BlockManagerInfo: Removed broadcast_81_piece0 on 172.26.0.12:33073 in memory (size: 5.9 KiB, free: 413.4 MiB)
26/08/14 00:22:41 INFO BlockManagerInfo: Added broadcast_82_piece0 in memory on 172.26.0.13:34511 (size: 34.0 KiB, free: 413.4 MiB)
26/08/14 00:22:41 INFO BlockManagerInfo: Added broadcast_82_piece0 in memory on 172.26.0.12:33073 (size: 34.0 KiB, free: 413.4 MiB)
26/08/14 00:22:41 INFO BlockManagerInfo: Added rdd_540_3 in memory on 172.26.0.13:34511 (size: 1792.0 B, free: 413.4 MiB)
26/08/14 00:22:41 INFO BlockManagerInfo: Added rdd_540_5 in memory on 172.26.0.12:33073 (size: 1792.0 B, free: 413.4 MiB)
26/08/14 00:22:41 INFO TaskSetManager: Finished task 3.0 in stage 83.0 (TID 294) in 410 ms on 172.26.0.13 (executor 1) (1/6)
26/08/14 00:22:41 INFO TaskSetManager: Finished task 5.0 in stage 83.0 (TID 297) in 428 ms on 172.26.0.12 (executor 0) (2/6)
26/08/14 00:22:41 INFO BlockManagerInfo: Added rdd_540_2 in memory on 172.26.0.13:34511 (size: 1792.0 B, free: 413.4 MiB)
26/08/14 00:22:41 INFO TaskSetManager: Finished task 2.0 in stage 83.0 (TID 292) in 442 ms on 172.26.0.13 (executor 1) (3/6)
26/08/14 00:22:42 INFO BlockManagerInfo: Added rdd_540_4 in memory on 172.26.0.13:34511 (size: 1792.0 B, free: 413.4 MiB)
26/08/14 00:22:42 INFO BlockManagerInfo: Added rdd_540_0 in memory on 172.26.0.12:33073 (size: 1792.0 B, free: 413.4 MiB)
26/08/14 00:22:42 INFO TaskSetManager: Finished task 4.0 in stage 83.0 (TID 296) in 467 ms on 172.26.0.13 (executor 1) (4/6)
26/08/14 00:22:42 INFO TaskSetManager: Finished task 0.0 in stage 83.0 (TID 293) in 472 ms on 172.26.0.12 (executor 0) (5/6)
26/08/14 00:22:42 INFO BlockManagerInfo: Added rdd_540_1 in memory on 172.26.0.12:33073 (size: 1792.0 B, free: 413.4 MiB)
26/08/14 00:22:42 INFO TaskSetManager: Finished task 1.0 in stage 83.0 (TID 295) in 482 ms on 172.26.0.12 (executor 0) (6/6)
26/08/14 00:22:42 INFO TaskSchedulerImpl: Removed TaskSet 83.0, whose tasks have all completed, from pool 
26/08/14 00:22:42 INFO DAGScheduler: ResultStage 83 (call at /opt/spark/python/lib/py4j-0.10.9.7-src.zip/py4j/clientserver.py:617) finished in 0.492 s
26/08/14 00:22:42 INFO DAGScheduler: Job 45 is finished. Cancelling potential speculative or zombie tasks for this job
26/08/14 00:22:42 INFO TaskSchedulerImpl: Killing all running tasks in stage 83: Stage finished
26/08/14 00:22:42 INFO DAGScheduler: Job 45 finished: call at /opt/spark/python/lib/py4j-0.10.9.7-src.zip/py4j/clientserver.py:617, took 0.494915 s
26/08/14 00:22:42 INFO DefaultCachedBatchSerializer: Predicate isnotnull(kind#26144) generates partition filter: ((kind.count#26296 - kind.nullCount#26295) > 0)
26/08/14 00:22:42 INFO DefaultCachedBatchSerializer: Predicate (kind#26144 = dlq) generates partition filter: ((kind.lowerBound#26294 <= dlq) AND (dlq <= kind.upperBound#26293))
26/08/14 00:22:42 INFO SparkContext: Starting job: count at <unknown>:0
26/08/14 00:22:42 INFO DAGScheduler: Registering RDD 550 (count at <unknown>:0) as input to shuffle 38
26/08/14 00:22:42 INFO DAGScheduler: Got job 46 (count at <unknown>:0) with 1 output partitions
26/08/14 00:22:42 INFO DAGScheduler: Final stage: ResultStage 85 (count at <unknown>:0)
26/08/14 00:22:42 INFO DAGScheduler: Parents of final stage: List(ShuffleMapStage 84)
26/08/14 00:22:42 INFO DAGScheduler: Missing parents: List(ShuffleMapStage 84)
26/08/14 00:22:42 INFO DAGScheduler: Submitting ShuffleMapStage 84 (MapPartitionsRDD[550] at count at <unknown>:0), which has no missing parents
26/08/14 00:22:42 INFO MemoryStore: Block broadcast_83 stored as values in memory (estimated size 92.2 KiB, free 191.0 MiB)
26/08/14 00:22:42 INFO MemoryStore: Block broadcast_83_piece0 stored as bytes in memory (estimated size 35.3 KiB, free 191.0 MiB)
26/08/14 00:22:42 INFO BlockManagerInfo: Added broadcast_83_piece0 in memory on spark-driver:40129 (size: 35.3 KiB, free: 191.1 MiB)
26/08/14 00:22:42 INFO SparkContext: Created broadcast 83 from broadcast at DAGScheduler.scala:1585
26/08/14 00:22:42 INFO DAGScheduler: Submitting 6 missing tasks from ShuffleMapStage 84 (MapPartitionsRDD[550] at count at <unknown>:0) (first 15 tasks are for partitions Vector(0, 1, 2, 3, 4, 5))
26/08/14 00:22:42 INFO TaskSchedulerImpl: Adding task set 84.0 with 6 tasks resource profile 0
26/08/14 00:22:42 INFO TaskSetManager: Starting task 0.0 in stage 84.0 (TID 298) (172.26.0.12, executor 0, partition 0, PROCESS_LOCAL, 9921 bytes) 
26/08/14 00:22:42 INFO TaskSetManager: Starting task 2.0 in stage 84.0 (TID 299) (172.26.0.13, executor 1, partition 2, PROCESS_LOCAL, 9921 bytes) 
26/08/14 00:22:42 INFO TaskSetManager: Starting task 1.0 in stage 84.0 (TID 300) (172.26.0.12, executor 0, partition 1, PROCESS_LOCAL, 9921 bytes) 
26/08/14 00:22:42 INFO TaskSetManager: Starting task 3.0 in stage 84.0 (TID 301) (172.26.0.13, executor 1, partition 3, PROCESS_LOCAL, 9921 bytes) 
26/08/14 00:22:42 INFO TaskSetManager: Starting task 5.0 in stage 84.0 (TID 302) (172.26.0.12, executor 0, partition 5, PROCESS_LOCAL, 9921 bytes) 
26/08/14 00:22:42 INFO TaskSetManager: Starting task 4.0 in stage 84.0 (TID 303) (172.26.0.13, executor 1, partition 4, PROCESS_LOCAL, 9921 bytes) 
26/08/14 00:22:42 INFO BlockManagerInfo: Added broadcast_83_piece0 in memory on 172.26.0.13:34511 (size: 35.3 KiB, free: 413.4 MiB)
26/08/14 00:22:42 INFO BlockManagerInfo: Added broadcast_83_piece0 in memory on 172.26.0.12:33073 (size: 35.3 KiB, free: 413.4 MiB)
26/08/14 00:22:42 INFO TaskSetManager: Finished task 3.0 in stage 84.0 (TID 301) in 40 ms on 172.26.0.13 (executor 1) (1/6)
26/08/14 00:22:42 INFO TaskSetManager: Finished task 4.0 in stage 84.0 (TID 303) in 40 ms on 172.26.0.13 (executor 1) (2/6)
26/08/14 00:22:42 INFO TaskSetManager: Finished task 2.0 in stage 84.0 (TID 299) in 46 ms on 172.26.0.13 (executor 1) (3/6)
26/08/14 00:22:42 INFO TaskSetManager: Finished task 1.0 in stage 84.0 (TID 300) in 50 ms on 172.26.0.12 (executor 0) (4/6)
26/08/14 00:22:42 INFO TaskSetManager: Finished task 5.0 in stage 84.0 (TID 302) in 51 ms on 172.26.0.12 (executor 0) (5/6)
26/08/14 00:22:42 INFO TaskSetManager: Finished task 0.0 in stage 84.0 (TID 298) in 52 ms on 172.26.0.12 (executor 0) (6/6)
26/08/14 00:22:42 INFO TaskSchedulerImpl: Removed TaskSet 84.0, whose tasks have all completed, from pool 
26/08/14 00:22:42 INFO DAGScheduler: ShuffleMapStage 84 (count at <unknown>:0) finished in 0.060 s
26/08/14 00:22:42 INFO DAGScheduler: looking for newly runnable stages
26/08/14 00:22:42 INFO DAGScheduler: running: Set()
26/08/14 00:22:42 INFO DAGScheduler: waiting: Set(ResultStage 85)
26/08/14 00:22:42 INFO DAGScheduler: failed: Set()
26/08/14 00:22:42 INFO DAGScheduler: Submitting ResultStage 85 (MapPartitionsRDD[553] at count at <unknown>:0), which has no missing parents
26/08/14 00:22:42 INFO MemoryStore: Block broadcast_84 stored as values in memory (estimated size 12.5 KiB, free 191.0 MiB)
26/08/14 00:22:42 INFO MemoryStore: Block broadcast_84_piece0 stored as bytes in memory (estimated size 5.9 KiB, free 190.9 MiB)
26/08/14 00:22:42 INFO BlockManagerInfo: Added broadcast_84_piece0 in memory on spark-driver:40129 (size: 5.9 KiB, free: 191.1 MiB)
26/08/14 00:22:42 INFO SparkContext: Created broadcast 84 from broadcast at DAGScheduler.scala:1585
26/08/14 00:22:42 INFO DAGScheduler: Submitting 1 missing tasks from ResultStage 85 (MapPartitionsRDD[553] at count at <unknown>:0) (first 15 tasks are for partitions Vector(0))
26/08/14 00:22:42 INFO TaskSchedulerImpl: Adding task set 85.0 with 1 tasks resource profile 0
26/08/14 00:22:42 INFO TaskSetManager: Starting task 0.0 in stage 85.0 (TID 304) (172.26.0.13, executor 1, partition 0, NODE_LOCAL, 9003 bytes) 
26/08/14 00:22:42 INFO BlockManagerInfo: Added broadcast_84_piece0 in memory on 172.26.0.13:34511 (size: 5.9 KiB, free: 413.4 MiB)
26/08/14 00:22:42 INFO MapOutputTrackerMasterEndpoint: Asked to send map output locations for shuffle 38 to 172.26.0.13:50552
26/08/14 00:22:42 INFO TaskSetManager: Finished task 0.0 in stage 85.0 (TID 304) in 23 ms on 172.26.0.13 (executor 1) (1/1)
26/08/14 00:22:42 INFO TaskSchedulerImpl: Removed TaskSet 85.0, whose tasks have all completed, from pool 
26/08/14 00:22:42 INFO DAGScheduler: ResultStage 85 (count at <unknown>:0) finished in 0.034 s
26/08/14 00:22:42 INFO DAGScheduler: Job 46 is finished. Cancelling potential speculative or zombie tasks for this job
26/08/14 00:22:42 INFO TaskSchedulerImpl: Killing all running tasks in stage 85: Stage finished
26/08/14 00:22:42 INFO DAGScheduler: Job 46 finished: count at <unknown>:0, took 0.098934 s
26/08/14 00:22:42 INFO MapPartitionsRDD: Removing RDD 540 from persistence list
26/08/14 00:22:42 INFO BlockManager: Removing RDD 540
26/08/14 00:22:42 INFO BlockManagerInfo: Removed broadcast_84_piece0 on spark-driver:40129 in memory (size: 5.9 KiB, free: 191.1 MiB)
26/08/14 00:22:42 INFO BlockManagerInfo: Removed broadcast_84_piece0 on 172.26.0.13:34511 in memory (size: 5.9 KiB, free: 413.4 MiB)
26/08/14 00:22:42 INFO BlockManagerInfo: Removed broadcast_82_piece0 on spark-driver:40129 in memory (size: 34.0 KiB, free: 191.2 MiB)
26/08/14 00:22:42 INFO BlockManagerInfo: Removed broadcast_82_piece0 on 172.26.0.13:34511 in memory (size: 34.0 KiB, free: 413.4 MiB)
26/08/14 00:22:42 INFO BlockManagerInfo: Removed broadcast_82_piece0 on 172.26.0.12:33073 in memory (size: 34.0 KiB, free: 413.4 MiB)
26/08/14 00:22:42 INFO BlockManagerInfo: Removed broadcast_83_piece0 on 172.26.0.12:33073 in memory (size: 35.3 KiB, free: 413.4 MiB)
26/08/14 00:22:42 INFO BlockManagerInfo: Removed broadcast_83_piece0 on 172.26.0.13:34511 in memory (size: 35.3 KiB, free: 413.5 MiB)
26/08/14 00:22:42 INFO BlockManagerInfo: Removed broadcast_83_piece0 on spark-driver:40129 in memory (size: 35.3 KiB, free: 191.2 MiB)
26/08/14 00:22:42 INFO SparkContext: Starting job: call at /opt/spark/python/lib/py4j-0.10.9.7-src.zip/py4j/clientserver.py:617
26/08/14 00:22:42 INFO DAGScheduler: Registering RDD 558 (call at /opt/spark/python/lib/py4j-0.10.9.7-src.zip/py4j/clientserver.py:617) as input to shuffle 39
26/08/14 00:22:42 INFO DAGScheduler: Got job 47 (call at /opt/spark/python/lib/py4j-0.10.9.7-src.zip/py4j/clientserver.py:617) with 1 output partitions
26/08/14 00:22:42 INFO DAGScheduler: Final stage: ResultStage 87 (call at /opt/spark/python/lib/py4j-0.10.9.7-src.zip/py4j/clientserver.py:617)
26/08/14 00:22:42 INFO DAGScheduler: Parents of final stage: List(ShuffleMapStage 86)
26/08/14 00:22:42 INFO DAGScheduler: Missing parents: List(ShuffleMapStage 86)
26/08/14 00:22:42 INFO DAGScheduler: Submitting ShuffleMapStage 86 (MapPartitionsRDD[558] at call at /opt/spark/python/lib/py4j-0.10.9.7-src.zip/py4j/clientserver.py:617), which has no missing parents
26/08/14 00:22:42 INFO MemoryStore: Block broadcast_85 stored as values in memory (estimated size 66.1 KiB, free 191.1 MiB)
26/08/14 00:22:42 INFO MemoryStore: Block broadcast_85_piece0 stored as bytes in memory (estimated size 24.8 KiB, free 191.1 MiB)
26/08/14 00:22:42 INFO BlockManagerInfo: Added broadcast_85_piece0 in memory on spark-driver:40129 (size: 24.8 KiB, free: 191.2 MiB)
26/08/14 00:22:42 INFO SparkContext: Created broadcast 85 from broadcast at DAGScheduler.scala:1585
26/08/14 00:22:42 INFO DAGScheduler: Submitting 6 missing tasks from ShuffleMapStage 86 (MapPartitionsRDD[558] at call at /opt/spark/python/lib/py4j-0.10.9.7-src.zip/py4j/clientserver.py:617) (first 15 tasks are for partitions Vector(0, 1, 2, 3, 4, 5))
26/08/14 00:22:42 INFO TaskSchedulerImpl: Adding task set 86.0 with 6 tasks resource profile 0
26/08/14 00:22:42 INFO TaskSetManager: Starting task 0.0 in stage 86.0 (TID 305) (172.26.0.12, executor 0, partition 0, PROCESS_LOCAL, 9921 bytes) 
26/08/14 00:22:42 INFO TaskSetManager: Starting task 2.0 in stage 86.0 (TID 306) (172.26.0.13, executor 1, partition 2, PROCESS_LOCAL, 9921 bytes) 
26/08/14 00:22:42 INFO TaskSetManager: Starting task 1.0 in stage 86.0 (TID 307) (172.26.0.12, executor 0, partition 1, PROCESS_LOCAL, 9921 bytes) 
26/08/14 00:22:42 INFO TaskSetManager: Starting task 3.0 in stage 86.0 (TID 308) (172.26.0.13, executor 1, partition 3, PROCESS_LOCAL, 9921 bytes) 
26/08/14 00:22:42 INFO TaskSetManager: Starting task 5.0 in stage 86.0 (TID 309) (172.26.0.12, executor 0, partition 5, PROCESS_LOCAL, 9921 bytes) 
26/08/14 00:22:42 INFO TaskSetManager: Starting task 4.0 in stage 86.0 (TID 310) (172.26.0.13, executor 1, partition 4, PROCESS_LOCAL, 9921 bytes) 
26/08/14 00:22:42 INFO BlockManagerInfo: Added broadcast_85_piece0 in memory on 172.26.0.12:33073 (size: 24.8 KiB, free: 413.4 MiB)
26/08/14 00:22:42 INFO BlockManagerInfo: Added broadcast_85_piece0 in memory on 172.26.0.13:34511 (size: 24.8 KiB, free: 413.4 MiB)
26/08/14 00:22:42 INFO TaskSetManager: Finished task 2.0 in stage 86.0 (TID 306) in 27 ms on 172.26.0.13 (executor 1) (1/6)
26/08/14 00:22:42 INFO TaskSetManager: Finished task 3.0 in stage 86.0 (TID 308) in 26 ms on 172.26.0.13 (executor 1) (2/6)
26/08/14 00:22:42 INFO TaskSetManager: Finished task 4.0 in stage 86.0 (TID 310) in 28 ms on 172.26.0.13 (executor 1) (3/6)
26/08/14 00:22:42 INFO TaskSetManager: Finished task 1.0 in stage 86.0 (TID 307) in 29 ms on 172.26.0.12 (executor 0) (4/6)
26/08/14 00:22:42 INFO TaskSetManager: Finished task 5.0 in stage 86.0 (TID 309) in 31 ms on 172.26.0.12 (executor 0) (5/6)
26/08/14 00:22:42 INFO TaskSetManager: Finished task 0.0 in stage 86.0 (TID 305) in 33 ms on 172.26.0.12 (executor 0) (6/6)
26/08/14 00:22:42 INFO DAGScheduler: ShuffleMapStage 86 (call at /opt/spark/python/lib/py4j-0.10.9.7-src.zip/py4j/clientserver.py:617) finished in 0.038 s
26/08/14 00:22:42 INFO DAGScheduler: looking for newly runnable stages
26/08/14 00:22:42 INFO DAGScheduler: running: Set()
26/08/14 00:22:42 INFO DAGScheduler: waiting: Set(ResultStage 87)
26/08/14 00:22:42 INFO DAGScheduler: failed: Set()
26/08/14 00:22:42 INFO DAGScheduler: Submitting ResultStage 87 (MapPartitionsRDD[561] at call at /opt/spark/python/lib/py4j-0.10.9.7-src.zip/py4j/clientserver.py:617), which has no missing parents
26/08/14 00:22:42 INFO TaskSchedulerImpl: Removed TaskSet 86.0, whose tasks have all completed, from pool 
26/08/14 00:22:42 INFO MemoryStore: Block broadcast_86 stored as values in memory (estimated size 13.1 KiB, free 191.1 MiB)
26/08/14 00:22:42 INFO MemoryStore: Block broadcast_86_piece0 stored as bytes in memory (estimated size 6.1 KiB, free 191.1 MiB)
26/08/14 00:22:42 INFO BlockManagerInfo: Added broadcast_86_piece0 in memory on spark-driver:40129 (size: 6.1 KiB, free: 191.2 MiB)
26/08/14 00:22:42 INFO SparkContext: Created broadcast 86 from broadcast at DAGScheduler.scala:1585
26/08/14 00:22:42 INFO DAGScheduler: Submitting 1 missing tasks from ResultStage 87 (MapPartitionsRDD[561] at call at /opt/spark/python/lib/py4j-0.10.9.7-src.zip/py4j/clientserver.py:617) (first 15 tasks are for partitions Vector(0))
26/08/14 00:22:42 INFO TaskSchedulerImpl: Adding task set 87.0 with 1 tasks resource profile 0
26/08/14 00:22:42 INFO TaskSetManager: Starting task 0.0 in stage 87.0 (TID 311) (172.26.0.12, executor 0, partition 0, NODE_LOCAL, 9003 bytes) 
26/08/14 00:22:42 INFO BlockManagerInfo: Added broadcast_86_piece0 in memory on 172.26.0.12:33073 (size: 6.1 KiB, free: 413.4 MiB)
26/08/14 00:22:42 INFO MapOutputTrackerMasterEndpoint: Asked to send map output locations for shuffle 39 to 172.26.0.12:49600
26/08/14 00:22:42 INFO TaskSetManager: Finished task 0.0 in stage 87.0 (TID 311) in 19 ms on 172.26.0.12 (executor 0) (1/1)
26/08/14 00:22:42 INFO TaskSchedulerImpl: Removed TaskSet 87.0, whose tasks have all completed, from pool 
26/08/14 00:22:42 INFO DAGScheduler: ResultStage 87 (call at /opt/spark/python/lib/py4j-0.10.9.7-src.zip/py4j/clientserver.py:617) finished in 0.023 s
26/08/14 00:22:42 INFO DAGScheduler: Job 47 is finished. Cancelling potential speculative or zombie tasks for this job
26/08/14 00:22:42 INFO TaskSchedulerImpl: Killing all running tasks in stage 87: Stage finished
26/08/14 00:22:42 INFO DAGScheduler: Job 47 finished: call at /opt/spark/python/lib/py4j-0.10.9.7-src.zip/py4j/clientserver.py:617, took 0.065317 s
26/08/14 00:22:42 INFO MapPartitionsRDD: Removing RDD 502 from persistence list
26/08/14 00:22:42 INFO BlockManager: Removing RDD 502
26/08/14 00:22:42 INFO WatermarkTracker: Updating event-time watermark from 1786666838722 to 1786666840708 ms
26/08/14 00:22:42 INFO CheckpointFileManager: Writing atomically to file:/opt/checkpoints/trips/commits/8 using temp file file:/opt/checkpoints/trips/commits/.8.fb8d9c1c-737d-4cbc-bc2e-02e7c66bb262.tmp
26/08/14 00:22:42 INFO CheckpointFileManager: Renamed temp file file:/opt/checkpoints/trips/commits/.8.fb8d9c1c-737d-4cbc-bc2e-02e7c66bb262.tmp to file:/opt/checkpoints/trips/commits/8
26/08/14 00:22:42 INFO MicroBatchExecution: Streaming query made progress: {
  "id" : "b85a33a4-dee1-4170-b062-c47d2470428c",
  "runId" : "5a4a512e-2b33-436f-89d6-2ad644eee1fd",
  "name" : "trips-ingest-ab_ab_no_backoff_1",
  "timestamp" : "2026-08-14T00:22:40.722Z",
  "batchId" : 8,
  "numInputRows" : 1547,
  "inputRowsPerSecond" : 801.1393060590367,
  "processedRowsPerSecond" : 960.8695652173913,
  "durationMs" : {
    "addBatch" : 1517,
    "commitOffsets" : 27,
    "getBatch" : 0,
    "latestOffset" : 11,
    "queryPlanning" : 19,
    "triggerExecution" : 1610,
    "walCommit" : 31
  },
  "eventTime" : {
    "avg" : "2026-08-14T00:22:38.262Z",
    "max" : "2026-08-14T00:22:40.708Z",
    "min" : "2026-08-14T00:22:35.881Z",
    "watermark" : "2026-08-14T00:20:38.722Z"
  },
  "stateOperators" : [ ],
  "sources" : [ {
    "description" : "KafkaV2[Subscribe[trips.raw]]",
    "startOffset" : {
      "trips.raw" : {
        "2" : 269546,
        "5" : 268003,
        "4" : 269291,
        "1" : 269028,
        "3" : 269476,
        "0" : 269335
      }
    },
    "endOffset" : {
      "trips.raw" : {
        "2" : 269803,
        "5" : 268245,
        "4" : 269564,
        "1" : 269289,
        "3" : 269739,
        "0" : 269586
      }
    },
    "latestOffset" : {
      "trips.raw" : {
        "2" : 269803,
        "5" : 268245,
        "4" : 269564,
        "1" : 269289,
        "3" : 269739,
        "0" : 269586
      }
    },
    "numInputRows" : 1547,
    "inputRowsPerSecond" : 801.1393060590367,
    "processedRowsPerSecond" : 960.8695652173913,
    "metrics" : {
      "avgOffsetsBehindLatest" : "0.0",
      "maxOffsetsBehindLatest" : "0",
      "minOffsetsBehindLatest" : "0"
    }
  } ],
  "sink" : {
    "description" : "ForeachBatchSink",
    "numOutputRows" : -1
  }
}
26/08/14 00:22:42 INFO CheckpointFileManager: Writing atomically to file:/opt/checkpoints/trips/offsets/9 using temp file file:/opt/checkpoints/trips/offsets/.9.574b2be8-f157-4e3f-819f-0ee522a4ad2e.tmp
26/08/14 00:22:42 INFO CheckpointFileManager: Renamed temp file file:/opt/checkpoints/trips/offsets/.9.574b2be8-f157-4e3f-819f-0ee522a4ad2e.tmp to file:/opt/checkpoints/trips/offsets/9
26/08/14 00:22:42 INFO MicroBatchExecution: Committed offsets for batch 9. Metadata OffsetSeqMetadata(1786666840708,1786666962339,Map(spark.sql.streaming.stateStore.providerClass -> org.apache.spark.sql.execution.streaming.state.HDFSBackedStateStoreProvider, spark.sql.streaming.join.stateFormatVersion -> 2, spark.sql.streaming.stateStore.compression.codec -> lz4, spark.sql.streaming.stateStore.rocksdb.formatVersion -> 5, spark.sql.streaming.statefulOperator.useStrictDistribution -> true, spark.sql.streaming.flatMapGroupsWithState.stateFormatVersion -> 2, spark.sql.streaming.multipleWatermarkPolicy -> min, spark.sql.streaming.aggregation.stateFormatVersion -> 2, spark.sql.shuffle.partitions -> 6))
26/08/14 00:22:42 INFO KafkaOffsetReaderAdmin: Partitions added: Map()
26/08/14 00:22:42 INFO KafkaOffsetReaderAdmin: Partitions added: Map()
26/08/14 00:22:42 INFO KafkaOffsetReaderAdmin: Partitions added: Map()
26/08/14 00:22:42 INFO KafkaOffsetReaderAdmin: Partitions added: Map()
26/08/14 00:22:42 INFO BlockManagerInfo: Removed broadcast_85_piece0 on spark-driver:40129 in memory (size: 24.8 KiB, free: 191.2 MiB)
26/08/14 00:22:42 INFO BlockManagerInfo: Removed broadcast_85_piece0 on 172.26.0.12:33073 in memory (size: 24.8 KiB, free: 413.9 MiB)
26/08/14 00:22:42 INFO BlockManagerInfo: Removed broadcast_85_piece0 on 172.26.0.13:34511 in memory (size: 24.8 KiB, free: 413.9 MiB)
26/08/14 00:22:42 INFO BlockManagerInfo: Removed broadcast_86_piece0 on spark-driver:40129 in memory (size: 6.1 KiB, free: 191.2 MiB)
26/08/14 00:22:42 INFO BlockManagerInfo: Removed broadcast_86_piece0 on 172.26.0.12:33073 in memory (size: 6.1 KiB, free: 413.9 MiB)
2026-08-14 00:22:42,408 INFO  [stream] Received command c on object id p0
26/08/14 00:22:42 INFO SparkContext: Starting job: count at <unknown>:0
26/08/14 00:22:42 INFO DAGScheduler: Registering RDD 576 (count at <unknown>:0) as input to shuffle 40
26/08/14 00:22:42 INFO DAGScheduler: Got job 48 (count at <unknown>:0) with 1 output partitions
26/08/14 00:22:42 INFO DAGScheduler: Final stage: ResultStage 89 (count at <unknown>:0)
26/08/14 00:22:42 INFO DAGScheduler: Parents of final stage: List(ShuffleMapStage 88)
26/08/14 00:22:42 INFO DAGScheduler: Missing parents: List(ShuffleMapStage 88)
26/08/14 00:22:42 INFO DAGScheduler: Submitting ShuffleMapStage 88 (MapPartitionsRDD[576] at count at <unknown>:0), which has no missing parents
26/08/14 00:22:42 INFO MemoryStore: Block broadcast_87 stored as values in memory (estimated size 64.6 KiB, free 191.1 MiB)
26/08/14 00:22:42 INFO MemoryStore: Block broadcast_87_piece0 stored as bytes in memory (estimated size 24.1 KiB, free 191.1 MiB)
26/08/14 00:22:42 INFO BlockManagerInfo: Added broadcast_87_piece0 in memory on spark-driver:40129 (size: 24.1 KiB, free: 191.2 MiB)
26/08/14 00:22:42 INFO SparkContext: Created broadcast 87 from broadcast at DAGScheduler.scala:1585
26/08/14 00:22:42 INFO DAGScheduler: Submitting 6 missing tasks from ShuffleMapStage 88 (MapPartitionsRDD[576] at count at <unknown>:0) (first 15 tasks are for partitions Vector(0, 1, 2, 3, 4, 5))
26/08/14 00:22:42 INFO TaskSchedulerImpl: Adding task set 88.0 with 6 tasks resource profile 0
26/08/14 00:22:42 INFO TaskSetManager: Starting task 2.0 in stage 88.0 (TID 312) (172.26.0.13, executor 1, partition 2, PROCESS_LOCAL, 9921 bytes) 
26/08/14 00:22:42 INFO TaskSetManager: Starting task 0.0 in stage 88.0 (TID 313) (172.26.0.12, executor 0, partition 0, PROCESS_LOCAL, 9921 bytes) 
26/08/14 00:22:42 INFO TaskSetManager: Starting task 3.0 in stage 88.0 (TID 314) (172.26.0.13, executor 1, partition 3, PROCESS_LOCAL, 9921 bytes) 
26/08/14 00:22:42 INFO TaskSetManager: Starting task 1.0 in stage 88.0 (TID 315) (172.26.0.12, executor 0, partition 1, PROCESS_LOCAL, 9921 bytes) 
26/08/14 00:22:42 INFO TaskSetManager: Starting task 4.0 in stage 88.0 (TID 316) (172.26.0.13, executor 1, partition 4, PROCESS_LOCAL, 9921 bytes) 
26/08/14 00:22:42 INFO TaskSetManager: Starting task 5.0 in stage 88.0 (TID 317) (172.26.0.12, executor 0, partition 5, PROCESS_LOCAL, 9921 bytes) 
26/08/14 00:22:42 INFO BlockManagerInfo: Added broadcast_87_piece0 in memory on 172.26.0.12:33073 (size: 24.1 KiB, free: 413.9 MiB)
26/08/14 00:22:42 INFO BlockManagerInfo: Added broadcast_87_piece0 in memory on 172.26.0.13:34511 (size: 24.1 KiB, free: 413.9 MiB)
26/08/14 00:22:42 INFO BlockManagerInfo: Added rdd_571_1 in memory on 172.26.0.12:33073 (size: 119.3 KiB, free: 413.8 MiB)
26/08/14 00:22:42 INFO BlockManagerInfo: Added rdd_571_0 in memory on 172.26.0.12:33073 (size: 138.9 KiB, free: 413.6 MiB)
26/08/14 00:22:42 INFO BlockManagerInfo: Added rdd_571_5 in memory on 172.26.0.12:33073 (size: 154.2 KiB, free: 413.5 MiB)
26/08/14 00:22:42 INFO TaskSetManager: Finished task 1.0 in stage 88.0 (TID 315) in 99 ms on 172.26.0.12 (executor 0) (1/6)
26/08/14 00:22:42 INFO TaskSetManager: Finished task 0.0 in stage 88.0 (TID 313) in 102 ms on 172.26.0.12 (executor 0) (2/6)
26/08/14 00:22:42 INFO TaskSetManager: Finished task 5.0 in stage 88.0 (TID 317) in 102 ms on 172.26.0.12 (executor 0) (3/6)
26/08/14 00:22:42 INFO BlockManagerInfo: Added rdd_571_2 in memory on 172.26.0.13:34511 (size: 133.5 KiB, free: 413.8 MiB)
26/08/14 00:22:42 INFO BlockManagerInfo: Added rdd_571_4 in memory on 172.26.0.13:34511 (size: 138.3 KiB, free: 413.6 MiB)
26/08/14 00:22:42 INFO BlockManagerInfo: Added rdd_571_3 in memory on 172.26.0.13:34511 (size: 132.2 KiB, free: 413.5 MiB)
26/08/14 00:22:42 INFO TaskSetManager: Finished task 4.0 in stage 88.0 (TID 316) in 277 ms on 172.26.0.13 (executor 1) (4/6)
26/08/14 00:22:42 INFO TaskSetManager: Finished task 3.0 in stage 88.0 (TID 314) in 277 ms on 172.26.0.13 (executor 1) (5/6)
26/08/14 00:22:42 INFO TaskSetManager: Finished task 2.0 in stage 88.0 (TID 312) in 279 ms on 172.26.0.13 (executor 1) (6/6)
26/08/14 00:22:42 INFO TaskSchedulerImpl: Removed TaskSet 88.0, whose tasks have all completed, from pool 
26/08/14 00:22:42 INFO DAGScheduler: ShuffleMapStage 88 (count at <unknown>:0) finished in 0.285 s
26/08/14 00:22:42 INFO DAGScheduler: looking for newly runnable stages
26/08/14 00:22:42 INFO DAGScheduler: running: Set()
26/08/14 00:22:42 INFO DAGScheduler: waiting: Set(ResultStage 89)
26/08/14 00:22:42 INFO DAGScheduler: failed: Set()
26/08/14 00:22:42 INFO DAGScheduler: Submitting ResultStage 89 (MapPartitionsRDD[579] at count at <unknown>:0), which has no missing parents
26/08/14 00:22:42 INFO MemoryStore: Block broadcast_88 stored as values in memory (estimated size 12.5 KiB, free 191.1 MiB)
26/08/14 00:22:42 INFO MemoryStore: Block broadcast_88_piece0 stored as bytes in memory (estimated size 5.9 KiB, free 191.1 MiB)
26/08/14 00:22:42 INFO BlockManagerInfo: Added broadcast_88_piece0 in memory on spark-driver:40129 (size: 5.9 KiB, free: 191.2 MiB)
26/08/14 00:22:42 INFO SparkContext: Created broadcast 88 from broadcast at DAGScheduler.scala:1585
26/08/14 00:22:42 INFO DAGScheduler: Submitting 1 missing tasks from ResultStage 89 (MapPartitionsRDD[579] at count at <unknown>:0) (first 15 tasks are for partitions Vector(0))
26/08/14 00:22:42 INFO TaskSchedulerImpl: Adding task set 89.0 with 1 tasks resource profile 0
26/08/14 00:22:42 INFO TaskSetManager: Starting task 0.0 in stage 89.0 (TID 318) (172.26.0.12, executor 0, partition 0, NODE_LOCAL, 9003 bytes) 
26/08/14 00:22:42 INFO BlockManagerInfo: Added broadcast_88_piece0 in memory on 172.26.0.12:33073 (size: 5.9 KiB, free: 413.5 MiB)
26/08/14 00:22:42 INFO MapOutputTrackerMasterEndpoint: Asked to send map output locations for shuffle 40 to 172.26.0.12:49600
26/08/14 00:22:42 INFO BlockManagerInfo: Removed broadcast_87_piece0 on spark-driver:40129 in memory (size: 24.1 KiB, free: 191.2 MiB)
26/08/14 00:22:42 INFO BlockManagerInfo: Removed broadcast_87_piece0 on 172.26.0.12:33073 in memory (size: 24.1 KiB, free: 413.5 MiB)
26/08/14 00:22:42 INFO BlockManagerInfo: Removed broadcast_87_piece0 on 172.26.0.13:34511 in memory (size: 24.1 KiB, free: 413.5 MiB)
26/08/14 00:22:42 INFO TaskSetManager: Finished task 0.0 in stage 89.0 (TID 318) in 45 ms on 172.26.0.12 (executor 0) (1/1)
26/08/14 00:22:42 INFO TaskSchedulerImpl: Removed TaskSet 89.0, whose tasks have all completed, from pool 
26/08/14 00:22:42 INFO DAGScheduler: ResultStage 89 (count at <unknown>:0) finished in 0.051 s
26/08/14 00:22:42 INFO DAGScheduler: Job 48 is finished. Cancelling potential speculative or zombie tasks for this job
26/08/14 00:22:42 INFO TaskSchedulerImpl: Killing all running tasks in stage 89: Stage finished
26/08/14 00:22:42 INFO DAGScheduler: Job 48 finished: count at <unknown>:0, took 0.339010 s
26/08/14 00:22:42 INFO SparkContext: Starting job: count at <unknown>:0
26/08/14 00:22:42 INFO DAGScheduler: Registering RDD 584 (count at <unknown>:0) as input to shuffle 41
26/08/14 00:22:42 INFO DAGScheduler: Got job 49 (count at <unknown>:0) with 1 output partitions
26/08/14 00:22:42 INFO DAGScheduler: Final stage: ResultStage 91 (count at <unknown>:0)
26/08/14 00:22:42 INFO DAGScheduler: Parents of final stage: List(ShuffleMapStage 90)
26/08/14 00:22:42 INFO DAGScheduler: Missing parents: List(ShuffleMapStage 90)
26/08/14 00:22:42 INFO DAGScheduler: Submitting ShuffleMapStage 90 (MapPartitionsRDD[584] at count at <unknown>:0), which has no missing parents
26/08/14 00:22:42 INFO MemoryStore: Block broadcast_89 stored as values in memory (estimated size 64.9 KiB, free 191.1 MiB)
26/08/14 00:22:42 INFO MemoryStore: Block broadcast_89_piece0 stored as bytes in memory (estimated size 24.2 KiB, free 191.1 MiB)
26/08/14 00:22:42 INFO BlockManagerInfo: Added broadcast_89_piece0 in memory on spark-driver:40129 (size: 24.2 KiB, free: 191.2 MiB)
26/08/14 00:22:42 INFO SparkContext: Created broadcast 89 from broadcast at DAGScheduler.scala:1585
26/08/14 00:22:42 INFO DAGScheduler: Submitting 6 missing tasks from ShuffleMapStage 90 (MapPartitionsRDD[584] at count at <unknown>:0) (first 15 tasks are for partitions Vector(0, 1, 2, 3, 4, 5))
26/08/14 00:22:42 INFO TaskSchedulerImpl: Adding task set 90.0 with 6 tasks resource profile 0
26/08/14 00:22:42 INFO TaskSetManager: Starting task 0.0 in stage 90.0 (TID 319) (172.26.0.12, executor 0, partition 0, PROCESS_LOCAL, 9921 bytes) 
26/08/14 00:22:42 INFO TaskSetManager: Starting task 2.0 in stage 90.0 (TID 320) (172.26.0.13, executor 1, partition 2, PROCESS_LOCAL, 9921 bytes) 
26/08/14 00:22:42 INFO TaskSetManager: Starting task 1.0 in stage 90.0 (TID 321) (172.26.0.12, executor 0, partition 1, PROCESS_LOCAL, 9921 bytes) 
26/08/14 00:22:42 INFO TaskSetManager: Starting task 3.0 in stage 90.0 (TID 322) (172.26.0.13, executor 1, partition 3, PROCESS_LOCAL, 9921 bytes) 
26/08/14 00:22:42 INFO TaskSetManager: Starting task 5.0 in stage 90.0 (TID 323) (172.26.0.12, executor 0, partition 5, PROCESS_LOCAL, 9921 bytes) 
26/08/14 00:22:42 INFO TaskSetManager: Starting task 4.0 in stage 90.0 (TID 324) (172.26.0.13, executor 1, partition 4, PROCESS_LOCAL, 9921 bytes) 
26/08/14 00:22:42 INFO BlockManagerInfo: Added broadcast_89_piece0 in memory on 172.26.0.12:33073 (size: 24.2 KiB, free: 413.5 MiB)
26/08/14 00:22:42 INFO BlockManagerInfo: Added broadcast_89_piece0 in memory on 172.26.0.13:34511 (size: 24.2 KiB, free: 413.5 MiB)
26/08/14 00:22:42 INFO TaskSetManager: Finished task 4.0 in stage 90.0 (TID 324) in 57 ms on 172.26.0.13 (executor 1) (1/6)
26/08/14 00:22:42 INFO TaskSetManager: Finished task 2.0 in stage 90.0 (TID 320) in 72 ms on 172.26.0.13 (executor 1) (2/6)
26/08/14 00:22:42 INFO TaskSetManager: Finished task 3.0 in stage 90.0 (TID 322) in 73 ms on 172.26.0.13 (executor 1) (3/6)
26/08/14 00:22:42 INFO TaskSetManager: Finished task 0.0 in stage 90.0 (TID 319) in 77 ms on 172.26.0.12 (executor 0) (4/6)
26/08/14 00:22:42 INFO TaskSetManager: Finished task 5.0 in stage 90.0 (TID 323) in 75 ms on 172.26.0.12 (executor 0) (5/6)
26/08/14 00:22:42 INFO TaskSetManager: Finished task 1.0 in stage 90.0 (TID 321) in 77 ms on 172.26.0.12 (executor 0) (6/6)
26/08/14 00:22:42 INFO TaskSchedulerImpl: Removed TaskSet 90.0, whose tasks have all completed, from pool 
26/08/14 00:22:42 INFO DAGScheduler: ShuffleMapStage 90 (count at <unknown>:0) finished in 0.086 s
26/08/14 00:22:42 INFO DAGScheduler: looking for newly runnable stages
26/08/14 00:22:42 INFO DAGScheduler: running: Set()
26/08/14 00:22:42 INFO DAGScheduler: waiting: Set(ResultStage 91)
26/08/14 00:22:42 INFO DAGScheduler: failed: Set()
26/08/14 00:22:42 INFO DAGScheduler: Submitting ResultStage 91 (MapPartitionsRDD[587] at count at <unknown>:0), which has no missing parents
26/08/14 00:22:42 INFO MemoryStore: Block broadcast_90 stored as values in memory (estimated size 12.5 KiB, free 191.1 MiB)
26/08/14 00:22:42 INFO MemoryStore: Block broadcast_90_piece0 stored as bytes in memory (estimated size 5.9 KiB, free 191.1 MiB)
26/08/14 00:22:42 INFO BlockManagerInfo: Added broadcast_90_piece0 in memory on spark-driver:40129 (size: 5.9 KiB, free: 191.2 MiB)
26/08/14 00:22:42 INFO SparkContext: Created broadcast 90 from broadcast at DAGScheduler.scala:1585
26/08/14 00:22:42 INFO DAGScheduler: Submitting 1 missing tasks from ResultStage 91 (MapPartitionsRDD[587] at count at <unknown>:0) (first 15 tasks are for partitions Vector(0))
26/08/14 00:22:42 INFO TaskSchedulerImpl: Adding task set 91.0 with 1 tasks resource profile 0
26/08/14 00:22:42 INFO TaskSetManager: Starting task 0.0 in stage 91.0 (TID 325) (172.26.0.13, executor 1, partition 0, NODE_LOCAL, 9003 bytes) 
26/08/14 00:22:42 INFO BlockManagerInfo: Added broadcast_90_piece0 in memory on 172.26.0.13:34511 (size: 5.9 KiB, free: 413.5 MiB)
26/08/14 00:22:42 INFO MapOutputTrackerMasterEndpoint: Asked to send map output locations for shuffle 41 to 172.26.0.13:50552
26/08/14 00:22:42 INFO TaskSetManager: Finished task 0.0 in stage 91.0 (TID 325) in 33 ms on 172.26.0.13 (executor 1) (1/1)
26/08/14 00:22:42 INFO TaskSchedulerImpl: Removed TaskSet 91.0, whose tasks have all completed, from pool 
26/08/14 00:22:42 INFO DAGScheduler: ResultStage 91 (count at <unknown>:0) finished in 0.039 s
26/08/14 00:22:42 INFO DAGScheduler: Job 49 is finished. Cancelling potential speculative or zombie tasks for this job
26/08/14 00:22:42 INFO TaskSchedulerImpl: Killing all running tasks in stage 91: Stage finished
26/08/14 00:22:42 INFO DAGScheduler: Job 49 finished: count at <unknown>:0, took 0.132565 s
26/08/14 00:22:43 INFO CodeGenerator: Code generated in 16.905375 ms
26/08/14 00:22:43 INFO DefaultCachedBatchSerializer: Predicate isnotnull(event_time#89-T120000ms) generates partition filter: ((event_time.count#28916 - event_time.nullCount#28915) > 0)
26/08/14 00:22:43 INFO DefaultCachedBatchSerializer: Predicate (event_time#89-T120000ms < 2026-08-14 00:20:40.708) generates partition filter: (event_time.lowerBound#28914 < 2026-08-14 00:20:40.708)
26/08/14 00:22:43 INFO BlockManagerInfo: Removed broadcast_90_piece0 on spark-driver:40129 in memory (size: 5.9 KiB, free: 191.2 MiB)
26/08/14 00:22:43 INFO BlockManagerInfo: Removed broadcast_90_piece0 on 172.26.0.13:34511 in memory (size: 5.9 KiB, free: 413.5 MiB)
26/08/14 00:22:43 INFO SparkContext: Starting job: count at <unknown>:0
26/08/14 00:22:43 INFO BlockManagerInfo: Removed broadcast_88_piece0 on spark-driver:40129 in memory (size: 5.9 KiB, free: 191.2 MiB)
26/08/14 00:22:43 INFO DAGScheduler: Registering RDD 592 (count at <unknown>:0) as input to shuffle 42
26/08/14 00:22:43 INFO DAGScheduler: Got job 50 (count at <unknown>:0) with 1 output partitions
26/08/14 00:22:43 INFO DAGScheduler: Final stage: ResultStage 93 (count at <unknown>:0)
26/08/14 00:22:43 INFO DAGScheduler: Parents of final stage: List(ShuffleMapStage 92)
26/08/14 00:22:43 INFO DAGScheduler: Missing parents: List(ShuffleMapStage 92)
26/08/14 00:22:43 INFO DAGScheduler: Submitting ShuffleMapStage 92 (MapPartitionsRDD[592] at count at <unknown>:0), which has no missing parents
26/08/14 00:22:43 INFO BlockManagerInfo: Removed broadcast_88_piece0 on 172.26.0.12:33073 in memory (size: 5.9 KiB, free: 413.5 MiB)
26/08/14 00:22:43 INFO MemoryStore: Block broadcast_91 stored as values in memory (estimated size 67.2 KiB, free 191.1 MiB)
26/08/14 00:22:43 INFO BlockManagerInfo: Removed broadcast_89_piece0 on spark-driver:40129 in memory (size: 24.2 KiB, free: 191.2 MiB)
26/08/14 00:22:43 INFO MemoryStore: Block broadcast_91_piece0 stored as bytes in memory (estimated size 25.6 KiB, free 191.1 MiB)
26/08/14 00:22:43 INFO BlockManagerInfo: Added broadcast_91_piece0 in memory on spark-driver:40129 (size: 25.6 KiB, free: 191.2 MiB)
26/08/14 00:22:43 INFO BlockManagerInfo: Removed broadcast_89_piece0 on 172.26.0.13:34511 in memory (size: 24.2 KiB, free: 413.5 MiB)
26/08/14 00:22:43 INFO SparkContext: Created broadcast 91 from broadcast at DAGScheduler.scala:1585
26/08/14 00:22:43 INFO DAGScheduler: Submitting 6 missing tasks from ShuffleMapStage 92 (MapPartitionsRDD[592] at count at <unknown>:0) (first 15 tasks are for partitions Vector(0, 1, 2, 3, 4, 5))
26/08/14 00:22:43 INFO TaskSchedulerImpl: Adding task set 92.0 with 6 tasks resource profile 0
26/08/14 00:22:43 INFO BlockManagerInfo: Removed broadcast_89_piece0 on 172.26.0.12:33073 in memory (size: 24.2 KiB, free: 413.5 MiB)
26/08/14 00:22:43 INFO TaskSetManager: Starting task 2.0 in stage 92.0 (TID 326) (172.26.0.13, executor 1, partition 2, PROCESS_LOCAL, 9921 bytes) 
26/08/14 00:22:43 INFO TaskSetManager: Starting task 0.0 in stage 92.0 (TID 327) (172.26.0.12, executor 0, partition 0, PROCESS_LOCAL, 9921 bytes) 
26/08/14 00:22:43 INFO TaskSetManager: Starting task 3.0 in stage 92.0 (TID 328) (172.26.0.13, executor 1, partition 3, PROCESS_LOCAL, 9921 bytes) 
26/08/14 00:22:43 INFO TaskSetManager: Starting task 1.0 in stage 92.0 (TID 329) (172.26.0.12, executor 0, partition 1, PROCESS_LOCAL, 9921 bytes) 
26/08/14 00:22:43 INFO TaskSetManager: Starting task 4.0 in stage 92.0 (TID 330) (172.26.0.13, executor 1, partition 4, PROCESS_LOCAL, 9921 bytes) 
26/08/14 00:22:43 INFO TaskSetManager: Starting task 5.0 in stage 92.0 (TID 331) (172.26.0.12, executor 0, partition 5, PROCESS_LOCAL, 9921 bytes) 
26/08/14 00:22:43 INFO BlockManagerInfo: Added broadcast_91_piece0 in memory on 172.26.0.13:34511 (size: 25.6 KiB, free: 413.5 MiB)
26/08/14 00:22:43 INFO BlockManagerInfo: Added broadcast_91_piece0 in memory on 172.26.0.12:33073 (size: 25.6 KiB, free: 413.5 MiB)
26/08/14 00:22:43 INFO TaskSetManager: Finished task 4.0 in stage 92.0 (TID 330) in 72 ms on 172.26.0.13 (executor 1) (1/6)
26/08/14 00:22:43 INFO TaskSetManager: Finished task 1.0 in stage 92.0 (TID 329) in 72 ms on 172.26.0.12 (executor 0) (2/6)
26/08/14 00:22:43 INFO TaskSetManager: Finished task 2.0 in stage 92.0 (TID 326) in 75 ms on 172.26.0.13 (executor 1) (3/6)
26/08/14 00:22:43 INFO TaskSetManager: Finished task 3.0 in stage 92.0 (TID 328) in 75 ms on 172.26.0.13 (executor 1) (4/6)
26/08/14 00:22:43 INFO TaskSetManager: Finished task 0.0 in stage 92.0 (TID 327) in 83 ms on 172.26.0.12 (executor 0) (5/6)
26/08/14 00:22:43 INFO TaskSetManager: Finished task 5.0 in stage 92.0 (TID 331) in 83 ms on 172.26.0.12 (executor 0) (6/6)
26/08/14 00:22:43 INFO TaskSchedulerImpl: Removed TaskSet 92.0, whose tasks have all completed, from pool 
26/08/14 00:22:43 INFO DAGScheduler: ShuffleMapStage 92 (count at <unknown>:0) finished in 0.105 s
26/08/14 00:22:43 INFO DAGScheduler: looking for newly runnable stages
26/08/14 00:22:43 INFO DAGScheduler: running: Set()
26/08/14 00:22:43 INFO DAGScheduler: waiting: Set(ResultStage 93)
26/08/14 00:22:43 INFO DAGScheduler: failed: Set()
26/08/14 00:22:43 INFO DAGScheduler: Submitting ResultStage 93 (MapPartitionsRDD[595] at count at <unknown>:0), which has no missing parents
26/08/14 00:22:43 INFO MemoryStore: Block broadcast_92 stored as values in memory (estimated size 12.5 KiB, free 191.1 MiB)
26/08/14 00:22:43 INFO MemoryStore: Block broadcast_92_piece0 stored as bytes in memory (estimated size 5.9 KiB, free 191.1 MiB)
26/08/14 00:22:43 INFO BlockManagerInfo: Added broadcast_92_piece0 in memory on spark-driver:40129 (size: 5.9 KiB, free: 191.2 MiB)
26/08/14 00:22:43 INFO SparkContext: Created broadcast 92 from broadcast at DAGScheduler.scala:1585
26/08/14 00:22:43 INFO DAGScheduler: Submitting 1 missing tasks from ResultStage 93 (MapPartitionsRDD[595] at count at <unknown>:0) (first 15 tasks are for partitions Vector(0))
26/08/14 00:22:43 INFO TaskSchedulerImpl: Adding task set 93.0 with 1 tasks resource profile 0
26/08/14 00:22:43 INFO TaskSetManager: Starting task 0.0 in stage 93.0 (TID 332) (172.26.0.13, executor 1, partition 0, NODE_LOCAL, 9003 bytes) 
26/08/14 00:22:43 INFO BlockManagerInfo: Added broadcast_92_piece0 in memory on 172.26.0.13:34511 (size: 5.9 KiB, free: 413.5 MiB)
26/08/14 00:22:43 INFO MapOutputTrackerMasterEndpoint: Asked to send map output locations for shuffle 42 to 172.26.0.13:50552
26/08/14 00:22:43 INFO TaskSetManager: Finished task 0.0 in stage 93.0 (TID 332) in 35 ms on 172.26.0.13 (executor 1) (1/1)
26/08/14 00:22:43 INFO TaskSchedulerImpl: Removed TaskSet 93.0, whose tasks have all completed, from pool 
26/08/14 00:22:43 INFO DAGScheduler: ResultStage 93 (count at <unknown>:0) finished in 0.047 s
26/08/14 00:22:43 INFO DAGScheduler: Job 50 is finished. Cancelling potential speculative or zombie tasks for this job
26/08/14 00:22:43 INFO TaskSchedulerImpl: Killing all running tasks in stage 93: Stage finished
26/08/14 00:22:43 INFO DAGScheduler: Job 50 finished: count at <unknown>:0, took 0.161065 s
26/08/14 00:22:43 INFO DefaultCachedBatchSerializer: Predicate isnotnull(kind#29473) generates partition filter: ((kind.count#29542 - kind.nullCount#29541) > 0)
26/08/14 00:22:43 INFO DefaultCachedBatchSerializer: Predicate (kind#29473 = stats) generates partition filter: ((kind.lowerBound#29540 <= stats) AND (stats <= kind.upperBound#29539))
26/08/14 00:22:43 INFO BlockManagerInfo: Removed broadcast_91_piece0 on spark-driver:40129 in memory (size: 25.6 KiB, free: 191.2 MiB)
26/08/14 00:22:43 INFO BlockManagerInfo: Removed broadcast_91_piece0 on 172.26.0.12:33073 in memory (size: 25.6 KiB, free: 413.5 MiB)
26/08/14 00:22:43 INFO BlockManagerInfo: Removed broadcast_91_piece0 on 172.26.0.13:34511 in memory (size: 25.6 KiB, free: 413.5 MiB)
26/08/14 00:22:43 INFO SparkContext: Starting job: call at /opt/spark/python/lib/py4j-0.10.9.7-src.zip/py4j/clientserver.py:617
26/08/14 00:22:43 INFO BlockManagerInfo: Removed broadcast_92_piece0 on spark-driver:40129 in memory (size: 5.9 KiB, free: 191.2 MiB)
26/08/14 00:22:43 INFO DAGScheduler: Got job 51 (call at /opt/spark/python/lib/py4j-0.10.9.7-src.zip/py4j/clientserver.py:617) with 6 output partitions
26/08/14 00:22:43 INFO DAGScheduler: Final stage: ResultStage 94 (call at /opt/spark/python/lib/py4j-0.10.9.7-src.zip/py4j/clientserver.py:617)
26/08/14 00:22:43 INFO DAGScheduler: Parents of final stage: List()
26/08/14 00:22:43 INFO DAGScheduler: Missing parents: List()
26/08/14 00:22:43 INFO DAGScheduler: Submitting ResultStage 94 (MapPartitionsRDD[614] at call at /opt/spark/python/lib/py4j-0.10.9.7-src.zip/py4j/clientserver.py:617), which has no missing parents
26/08/14 00:22:43 INFO BlockManagerInfo: Removed broadcast_92_piece0 on 172.26.0.13:34511 in memory (size: 5.9 KiB, free: 413.5 MiB)
26/08/14 00:22:43 INFO MemoryStore: Block broadcast_93 stored as values in memory (estimated size 90.0 KiB, free 191.1 MiB)
26/08/14 00:22:43 INFO MemoryStore: Block broadcast_93_piece0 stored as bytes in memory (estimated size 34.0 KiB, free 191.1 MiB)
26/08/14 00:22:43 INFO BlockManagerInfo: Added broadcast_93_piece0 in memory on spark-driver:40129 (size: 34.0 KiB, free: 191.2 MiB)
26/08/14 00:22:43 INFO SparkContext: Created broadcast 93 from broadcast at DAGScheduler.scala:1585
26/08/14 00:22:43 INFO DAGScheduler: Submitting 6 missing tasks from ResultStage 94 (MapPartitionsRDD[614] at call at /opt/spark/python/lib/py4j-0.10.9.7-src.zip/py4j/clientserver.py:617) (first 15 tasks are for partitions Vector(0, 1, 2, 3, 4, 5))
26/08/14 00:22:43 INFO TaskSchedulerImpl: Adding task set 94.0 with 6 tasks resource profile 0
26/08/14 00:22:43 INFO TaskSetManager: Starting task 2.0 in stage 94.0 (TID 333) (172.26.0.13, executor 1, partition 2, PROCESS_LOCAL, 9932 bytes) 
26/08/14 00:22:43 INFO TaskSetManager: Starting task 0.0 in stage 94.0 (TID 334) (172.26.0.12, executor 0, partition 0, PROCESS_LOCAL, 9932 bytes) 
26/08/14 00:22:43 INFO TaskSetManager: Starting task 3.0 in stage 94.0 (TID 335) (172.26.0.13, executor 1, partition 3, PROCESS_LOCAL, 9932 bytes) 
26/08/14 00:22:43 INFO TaskSetManager: Starting task 1.0 in stage 94.0 (TID 336) (172.26.0.12, executor 0, partition 1, PROCESS_LOCAL, 9932 bytes) 
26/08/14 00:22:43 INFO TaskSetManager: Starting task 4.0 in stage 94.0 (TID 337) (172.26.0.13, executor 1, partition 4, PROCESS_LOCAL, 9932 bytes) 
26/08/14 00:22:43 INFO TaskSetManager: Starting task 5.0 in stage 94.0 (TID 338) (172.26.0.12, executor 0, partition 5, PROCESS_LOCAL, 9932 bytes) 
26/08/14 00:22:43 INFO BlockManagerInfo: Added broadcast_93_piece0 in memory on 172.26.0.12:33073 (size: 34.0 KiB, free: 413.5 MiB)
26/08/14 00:22:43 INFO BlockManagerInfo: Added broadcast_93_piece0 in memory on 172.26.0.13:34511 (size: 34.0 KiB, free: 413.5 MiB)
26/08/14 00:22:44 INFO BlockManagerInfo: Added rdd_609_1 in memory on 172.26.0.12:33073 (size: 1792.0 B, free: 413.5 MiB)
26/08/14 00:22:44 INFO BlockManagerInfo: Added rdd_609_0 in memory on 172.26.0.12:33073 (size: 1792.0 B, free: 413.5 MiB)
26/08/14 00:22:44 INFO BlockManagerInfo: Added rdd_609_5 in memory on 172.26.0.12:33073 (size: 1792.0 B, free: 413.5 MiB)
26/08/14 00:22:44 INFO TaskSetManager: Finished task 1.0 in stage 94.0 (TID 336) in 1148 ms on 172.26.0.12 (executor 0) (1/6)
26/08/14 00:22:44 INFO TaskSetManager: Finished task 0.0 in stage 94.0 (TID 334) in 1150 ms on 172.26.0.12 (executor 0) (2/6)
26/08/14 00:22:44 INFO BlockManagerInfo: Added rdd_609_3 in memory on 172.26.0.13:34511 (size: 1792.0 B, free: 413.5 MiB)
26/08/14 00:22:44 INFO TaskSetManager: Finished task 5.0 in stage 94.0 (TID 338) in 1170 ms on 172.26.0.12 (executor 0) (3/6)
26/08/14 00:22:44 INFO TaskSetManager: Finished task 3.0 in stage 94.0 (TID 335) in 1202 ms on 172.26.0.13 (executor 1) (4/6)
26/08/14 00:22:44 INFO BlockManagerInfo: Added rdd_609_2 in memory on 172.26.0.13:34511 (size: 1792.0 B, free: 413.5 MiB)
26/08/14 00:22:44 INFO BlockManagerInfo: Added rdd_609_4 in memory on 172.26.0.13:34511 (size: 1792.0 B, free: 413.5 MiB)
26/08/14 00:22:44 INFO TaskSetManager: Finished task 4.0 in stage 94.0 (TID 337) in 1234 ms on 172.26.0.13 (executor 1) (5/6)
26/08/14 00:22:44 INFO TaskSetManager: Finished task 2.0 in stage 94.0 (TID 333) in 1237 ms on 172.26.0.13 (executor 1) (6/6)
26/08/14 00:22:44 INFO TaskSchedulerImpl: Removed TaskSet 94.0, whose tasks have all completed, from pool 
26/08/14 00:22:44 INFO DAGScheduler: ResultStage 94 (call at /opt/spark/python/lib/py4j-0.10.9.7-src.zip/py4j/clientserver.py:617) finished in 1.246 s
26/08/14 00:22:44 INFO DAGScheduler: Job 51 is finished. Cancelling potential speculative or zombie tasks for this job
26/08/14 00:22:44 INFO TaskSchedulerImpl: Killing all running tasks in stage 94: Stage finished
26/08/14 00:22:44 INFO DAGScheduler: Job 51 finished: call at /opt/spark/python/lib/py4j-0.10.9.7-src.zip/py4j/clientserver.py:617, took 1.250033 s
26/08/14 00:22:44 INFO DefaultCachedBatchSerializer: Predicate isnotnull(kind#29473) generates partition filter: ((kind.count#29625 - kind.nullCount#29624) > 0)
26/08/14 00:22:44 INFO DefaultCachedBatchSerializer: Predicate (kind#29473 = dlq) generates partition filter: ((kind.lowerBound#29623 <= dlq) AND (dlq <= kind.upperBound#29622))
26/08/14 00:22:44 INFO SparkContext: Starting job: count at <unknown>:0
26/08/14 00:22:44 INFO DAGScheduler: Registering RDD 619 (count at <unknown>:0) as input to shuffle 43
26/08/14 00:22:44 INFO DAGScheduler: Got job 52 (count at <unknown>:0) with 1 output partitions
26/08/14 00:22:44 INFO DAGScheduler: Final stage: ResultStage 96 (count at <unknown>:0)
26/08/14 00:22:44 INFO DAGScheduler: Parents of final stage: List(ShuffleMapStage 95)
26/08/14 00:22:44 INFO DAGScheduler: Missing parents: List(ShuffleMapStage 95)
26/08/14 00:22:44 INFO DAGScheduler: Submitting ShuffleMapStage 95 (MapPartitionsRDD[619] at count at <unknown>:0), which has no missing parents
26/08/14 00:22:44 INFO MemoryStore: Block broadcast_94 stored as values in memory (estimated size 92.2 KiB, free 191.0 MiB)
26/08/14 00:22:44 INFO MemoryStore: Block broadcast_94_piece0 stored as bytes in memory (estimated size 35.3 KiB, free 191.0 MiB)
26/08/14 00:22:44 INFO BlockManagerInfo: Added broadcast_94_piece0 in memory on spark-driver:40129 (size: 35.3 KiB, free: 191.1 MiB)
26/08/14 00:22:44 INFO SparkContext: Created broadcast 94 from broadcast at DAGScheduler.scala:1585
26/08/14 00:22:44 INFO DAGScheduler: Submitting 6 missing tasks from ShuffleMapStage 95 (MapPartitionsRDD[619] at count at <unknown>:0) (first 15 tasks are for partitions Vector(0, 1, 2, 3, 4, 5))
26/08/14 00:22:44 INFO TaskSchedulerImpl: Adding task set 95.0 with 6 tasks resource profile 0
26/08/14 00:22:44 INFO TaskSetManager: Starting task 2.0 in stage 95.0 (TID 339) (172.26.0.13, executor 1, partition 2, PROCESS_LOCAL, 9921 bytes) 
26/08/14 00:22:44 INFO TaskSetManager: Starting task 0.0 in stage 95.0 (TID 340) (172.26.0.12, executor 0, partition 0, PROCESS_LOCAL, 9921 bytes) 
26/08/14 00:22:44 INFO TaskSetManager: Starting task 3.0 in stage 95.0 (TID 341) (172.26.0.13, executor 1, partition 3, PROCESS_LOCAL, 9921 bytes) 
26/08/14 00:22:44 INFO TaskSetManager: Starting task 1.0 in stage 95.0 (TID 342) (172.26.0.12, executor 0, partition 1, PROCESS_LOCAL, 9921 bytes) 
26/08/14 00:22:44 INFO TaskSetManager: Starting task 4.0 in stage 95.0 (TID 343) (172.26.0.13, executor 1, partition 4, PROCESS_LOCAL, 9921 bytes) 
26/08/14 00:22:44 INFO TaskSetManager: Starting task 5.0 in stage 95.0 (TID 344) (172.26.0.12, executor 0, partition 5, PROCESS_LOCAL, 9921 bytes) 
26/08/14 00:22:44 INFO BlockManagerInfo: Added broadcast_94_piece0 in memory on 172.26.0.13:34511 (size: 35.3 KiB, free: 413.5 MiB)
26/08/14 00:22:44 INFO BlockManagerInfo: Added broadcast_94_piece0 in memory on 172.26.0.12:33073 (size: 35.3 KiB, free: 413.4 MiB)
26/08/14 00:22:44 INFO TaskSetManager: Finished task 3.0 in stage 95.0 (TID 341) in 57 ms on 172.26.0.13 (executor 1) (1/6)
26/08/14 00:22:44 INFO TaskSetManager: Finished task 0.0 in stage 95.0 (TID 340) in 73 ms on 172.26.0.12 (executor 0) (2/6)
26/08/14 00:22:44 INFO TaskSetManager: Finished task 4.0 in stage 95.0 (TID 343) in 94 ms on 172.26.0.13 (executor 1) (3/6)
26/08/14 00:22:44 INFO TaskSetManager: Finished task 1.0 in stage 95.0 (TID 342) in 105 ms on 172.26.0.12 (executor 0) (4/6)
26/08/14 00:22:44 INFO TaskSetManager: Finished task 5.0 in stage 95.0 (TID 344) in 107 ms on 172.26.0.12 (executor 0) (5/6)
26/08/14 00:22:44 INFO TaskSetManager: Finished task 2.0 in stage 95.0 (TID 339) in 112 ms on 172.26.0.13 (executor 1) (6/6)
26/08/14 00:22:44 INFO TaskSchedulerImpl: Removed TaskSet 95.0, whose tasks have all completed, from pool 
26/08/14 00:22:44 INFO DAGScheduler: ShuffleMapStage 95 (count at <unknown>:0) finished in 0.126 s
26/08/14 00:22:44 INFO DAGScheduler: looking for newly runnable stages
26/08/14 00:22:44 INFO DAGScheduler: running: Set()
26/08/14 00:22:44 INFO DAGScheduler: waiting: Set(ResultStage 96)
26/08/14 00:22:44 INFO DAGScheduler: failed: Set()
26/08/14 00:22:44 INFO DAGScheduler: Submitting ResultStage 96 (MapPartitionsRDD[622] at count at <unknown>:0), which has no missing parents
26/08/14 00:22:44 INFO MemoryStore: Block broadcast_95 stored as values in memory (estimated size 12.5 KiB, free 191.0 MiB)
26/08/14 00:22:44 INFO BlockManagerInfo: Removed broadcast_93_piece0 on spark-driver:40129 in memory (size: 34.0 KiB, free: 191.2 MiB)
26/08/14 00:22:44 INFO BlockManagerInfo: Removed broadcast_93_piece0 on 172.26.0.12:33073 in memory (size: 34.0 KiB, free: 413.5 MiB)
26/08/14 00:22:44 INFO MemoryStore: Block broadcast_95_piece0 stored as bytes in memory (estimated size 5.9 KiB, free 191.1 MiB)
26/08/14 00:22:44 INFO BlockManagerInfo: Added broadcast_95_piece0 in memory on spark-driver:40129 (size: 5.9 KiB, free: 191.2 MiB)
26/08/14 00:22:44 INFO BlockManagerInfo: Removed broadcast_93_piece0 on 172.26.0.13:34511 in memory (size: 34.0 KiB, free: 413.5 MiB)
26/08/14 00:22:44 INFO SparkContext: Created broadcast 95 from broadcast at DAGScheduler.scala:1585
26/08/14 00:22:44 INFO DAGScheduler: Submitting 1 missing tasks from ResultStage 96 (MapPartitionsRDD[622] at count at <unknown>:0) (first 15 tasks are for partitions Vector(0))
26/08/14 00:22:44 INFO TaskSchedulerImpl: Adding task set 96.0 with 1 tasks resource profile 0
26/08/14 00:22:44 INFO TaskSetManager: Starting task 0.0 in stage 96.0 (TID 345) (172.26.0.12, executor 0, partition 0, NODE_LOCAL, 9003 bytes) 
26/08/14 00:22:44 INFO BlockManagerInfo: Added broadcast_95_piece0 in memory on 172.26.0.12:33073 (size: 5.9 KiB, free: 413.5 MiB)
26/08/14 00:22:44 INFO MapOutputTrackerMasterEndpoint: Asked to send map output locations for shuffle 43 to 172.26.0.12:49600
26/08/14 00:22:45 INFO TaskSetManager: Finished task 0.0 in stage 96.0 (TID 345) in 47 ms on 172.26.0.12 (executor 0) (1/1)
26/08/14 00:22:45 INFO TaskSchedulerImpl: Removed TaskSet 96.0, whose tasks have all completed, from pool 
26/08/14 00:22:45 INFO DAGScheduler: ResultStage 96 (count at <unknown>:0) finished in 0.100 s
26/08/14 00:22:45 INFO DAGScheduler: Job 52 is finished. Cancelling potential speculative or zombie tasks for this job
26/08/14 00:22:45 INFO TaskSchedulerImpl: Killing all running tasks in stage 96: Stage finished
26/08/14 00:22:45 INFO DAGScheduler: Job 52 finished: count at <unknown>:0, took 0.234396 s
26/08/14 00:22:45 INFO MapPartitionsRDD: Removing RDD 609 from persistence list
26/08/14 00:22:45 INFO BlockManager: Removing RDD 609
26/08/14 00:22:45 INFO SparkContext: Starting job: call at /opt/spark/python/lib/py4j-0.10.9.7-src.zip/py4j/clientserver.py:617
26/08/14 00:22:45 INFO DAGScheduler: Registering RDD 627 (call at /opt/spark/python/lib/py4j-0.10.9.7-src.zip/py4j/clientserver.py:617) as input to shuffle 44
26/08/14 00:22:45 INFO DAGScheduler: Got job 53 (call at /opt/spark/python/lib/py4j-0.10.9.7-src.zip/py4j/clientserver.py:617) with 1 output partitions
26/08/14 00:22:45 INFO DAGScheduler: Final stage: ResultStage 98 (call at /opt/spark/python/lib/py4j-0.10.9.7-src.zip/py4j/clientserver.py:617)
26/08/14 00:22:45 INFO DAGScheduler: Parents of final stage: List(ShuffleMapStage 97)
26/08/14 00:22:45 INFO DAGScheduler: Missing parents: List(ShuffleMapStage 97)
26/08/14 00:22:45 INFO DAGScheduler: Submitting ShuffleMapStage 97 (MapPartitionsRDD[627] at call at /opt/spark/python/lib/py4j-0.10.9.7-src.zip/py4j/clientserver.py:617), which has no missing parents
26/08/14 00:22:45 INFO MemoryStore: Block broadcast_96 stored as values in memory (estimated size 66.1 KiB, free 191.0 MiB)
26/08/14 00:22:45 INFO MemoryStore: Block broadcast_96_piece0 stored as bytes in memory (estimated size 24.8 KiB, free 191.0 MiB)
26/08/14 00:22:45 INFO BlockManagerInfo: Added broadcast_96_piece0 in memory on spark-driver:40129 (size: 24.8 KiB, free: 191.1 MiB)
26/08/14 00:22:45 INFO SparkContext: Created broadcast 96 from broadcast at DAGScheduler.scala:1585
26/08/14 00:22:45 INFO DAGScheduler: Submitting 6 missing tasks from ShuffleMapStage 97 (MapPartitionsRDD[627] at call at /opt/spark/python/lib/py4j-0.10.9.7-src.zip/py4j/clientserver.py:617) (first 15 tasks are for partitions Vector(0, 1, 2, 3, 4, 5))
26/08/14 00:22:45 INFO TaskSchedulerImpl: Adding task set 97.0 with 6 tasks resource profile 0
26/08/14 00:22:45 INFO TaskSetManager: Starting task 0.0 in stage 97.0 (TID 346) (172.26.0.12, executor 0, partition 0, PROCESS_LOCAL, 9921 bytes) 
26/08/14 00:22:45 INFO TaskSetManager: Starting task 2.0 in stage 97.0 (TID 347) (172.26.0.13, executor 1, partition 2, PROCESS_LOCAL, 9921 bytes) 
26/08/14 00:22:45 INFO TaskSetManager: Starting task 1.0 in stage 97.0 (TID 348) (172.26.0.12, executor 0, partition 1, PROCESS_LOCAL, 9921 bytes) 
26/08/14 00:22:45 INFO TaskSetManager: Starting task 3.0 in stage 97.0 (TID 349) (172.26.0.13, executor 1, partition 3, PROCESS_LOCAL, 9921 bytes) 
26/08/14 00:22:45 INFO TaskSetManager: Starting task 5.0 in stage 97.0 (TID 350) (172.26.0.12, executor 0, partition 5, PROCESS_LOCAL, 9921 bytes) 
26/08/14 00:22:45 INFO TaskSetManager: Starting task 4.0 in stage 97.0 (TID 351) (172.26.0.13, executor 1, partition 4, PROCESS_LOCAL, 9921 bytes) 
26/08/14 00:22:45 INFO BlockManagerInfo: Added broadcast_96_piece0 in memory on 172.26.0.13:34511 (size: 24.8 KiB, free: 413.5 MiB)
26/08/14 00:22:45 INFO BlockManagerInfo: Added broadcast_96_piece0 in memory on 172.26.0.12:33073 (size: 24.8 KiB, free: 413.5 MiB)
26/08/14 00:22:45 INFO TaskSetManager: Finished task 3.0 in stage 97.0 (TID 349) in 41 ms on 172.26.0.13 (executor 1) (1/6)
26/08/14 00:22:45 INFO TaskSetManager: Finished task 2.0 in stage 97.0 (TID 347) in 42 ms on 172.26.0.13 (executor 1) (2/6)
26/08/14 00:22:45 INFO TaskSetManager: Finished task 5.0 in stage 97.0 (TID 350) in 43 ms on 172.26.0.12 (executor 0) (3/6)
26/08/14 00:22:45 INFO TaskSetManager: Finished task 4.0 in stage 97.0 (TID 351) in 44 ms on 172.26.0.13 (executor 1) (4/6)
26/08/14 00:22:45 INFO TaskSetManager: Finished task 0.0 in stage 97.0 (TID 346) in 47 ms on 172.26.0.12 (executor 0) (5/6)
26/08/14 00:22:45 INFO TaskSetManager: Finished task 1.0 in stage 97.0 (TID 348) in 46 ms on 172.26.0.12 (executor 0) (6/6)
26/08/14 00:22:45 INFO TaskSchedulerImpl: Removed TaskSet 97.0, whose tasks have all completed, from pool 
26/08/14 00:22:45 INFO DAGScheduler: ShuffleMapStage 97 (call at /opt/spark/python/lib/py4j-0.10.9.7-src.zip/py4j/clientserver.py:617) finished in 0.052 s
26/08/14 00:22:45 INFO DAGScheduler: looking for newly runnable stages
26/08/14 00:22:45 INFO DAGScheduler: running: Set()
26/08/14 00:22:45 INFO DAGScheduler: waiting: Set(ResultStage 98)
26/08/14 00:22:45 INFO DAGScheduler: failed: Set()
26/08/14 00:22:45 INFO DAGScheduler: Submitting ResultStage 98 (MapPartitionsRDD[630] at call at /opt/spark/python/lib/py4j-0.10.9.7-src.zip/py4j/clientserver.py:617), which has no missing parents
26/08/14 00:22:45 INFO MemoryStore: Block broadcast_97 stored as values in memory (estimated size 13.1 KiB, free 191.0 MiB)
26/08/14 00:22:45 INFO MemoryStore: Block broadcast_97_piece0 stored as bytes in memory (estimated size 6.1 KiB, free 191.0 MiB)
26/08/14 00:22:45 INFO BlockManagerInfo: Added broadcast_97_piece0 in memory on spark-driver:40129 (size: 6.1 KiB, free: 191.1 MiB)
26/08/14 00:22:45 INFO SparkContext: Created broadcast 97 from broadcast at DAGScheduler.scala:1585
26/08/14 00:22:45 INFO DAGScheduler: Submitting 1 missing tasks from ResultStage 98 (MapPartitionsRDD[630] at call at /opt/spark/python/lib/py4j-0.10.9.7-src.zip/py4j/clientserver.py:617) (first 15 tasks are for partitions Vector(0))
26/08/14 00:22:45 INFO TaskSchedulerImpl: Adding task set 98.0 with 1 tasks resource profile 0
26/08/14 00:22:45 INFO TaskSetManager: Starting task 0.0 in stage 98.0 (TID 352) (172.26.0.13, executor 1, partition 0, NODE_LOCAL, 9003 bytes) 
26/08/14 00:22:45 INFO BlockManagerInfo: Added broadcast_97_piece0 in memory on 172.26.0.13:34511 (size: 6.1 KiB, free: 413.5 MiB)
26/08/14 00:22:45 INFO MapOutputTrackerMasterEndpoint: Asked to send map output locations for shuffle 44 to 172.26.0.13:50552
26/08/14 00:22:45 INFO TaskSetManager: Finished task 0.0 in stage 98.0 (TID 352) in 33 ms on 172.26.0.13 (executor 1) (1/1)
26/08/14 00:22:45 INFO TaskSchedulerImpl: Removed TaskSet 98.0, whose tasks have all completed, from pool 
26/08/14 00:22:45 INFO DAGScheduler: ResultStage 98 (call at /opt/spark/python/lib/py4j-0.10.9.7-src.zip/py4j/clientserver.py:617) finished in 0.037 s
26/08/14 00:22:45 INFO DAGScheduler: Job 53 is finished. Cancelling potential speculative or zombie tasks for this job
26/08/14 00:22:45 INFO TaskSchedulerImpl: Killing all running tasks in stage 98: Stage finished
26/08/14 00:22:45 INFO DAGScheduler: Job 53 finished: call at /opt/spark/python/lib/py4j-0.10.9.7-src.zip/py4j/clientserver.py:617, took 0.092787 s
26/08/14 00:22:45 INFO MapPartitionsRDD: Removing RDD 571 from persistence list
26/08/14 00:22:45 INFO BlockManager: Removing RDD 571
26/08/14 00:22:45 INFO WatermarkTracker: Updating event-time watermark from 1786666840708 to 1786666842242 ms
26/08/14 00:22:45 INFO CheckpointFileManager: Writing atomically to file:/opt/checkpoints/trips/commits/9 using temp file file:/opt/checkpoints/trips/commits/.9.9abfc972-8ec6-42ad-879c-8264ac48474f.tmp
26/08/14 00:22:45 INFO BlockManagerInfo: Removed broadcast_94_piece0 on spark-driver:40129 in memory (size: 35.3 KiB, free: 191.2 MiB)
26/08/14 00:22:45 INFO BlockManagerInfo: Removed broadcast_94_piece0 on 172.26.0.12:33073 in memory (size: 35.3 KiB, free: 413.9 MiB)
26/08/14 00:22:45 INFO BlockManagerInfo: Removed broadcast_94_piece0 on 172.26.0.13:34511 in memory (size: 35.3 KiB, free: 413.9 MiB)
26/08/14 00:22:45 INFO BlockManagerInfo: Removed broadcast_95_piece0 on spark-driver:40129 in memory (size: 5.9 KiB, free: 191.2 MiB)
26/08/14 00:22:45 INFO BlockManagerInfo: Removed broadcast_95_piece0 on 172.26.0.12:33073 in memory (size: 5.9 KiB, free: 413.9 MiB)
26/08/14 00:22:45 INFO BlockManagerInfo: Removed broadcast_97_piece0 on spark-driver:40129 in memory (size: 6.1 KiB, free: 191.2 MiB)
26/08/14 00:22:45 INFO BlockManagerInfo: Removed broadcast_97_piece0 on 172.26.0.13:34511 in memory (size: 6.1 KiB, free: 413.9 MiB)
26/08/14 00:22:45 INFO CheckpointFileManager: Renamed temp file file:/opt/checkpoints/trips/commits/.9.9abfc972-8ec6-42ad-879c-8264ac48474f.tmp to file:/opt/checkpoints/trips/commits/9
26/08/14 00:22:45 INFO BlockManagerInfo: Removed broadcast_96_piece0 on 172.26.0.13:34511 in memory (size: 24.8 KiB, free: 413.9 MiB)
26/08/14 00:22:45 INFO BlockManagerInfo: Removed broadcast_96_piece0 on spark-driver:40129 in memory (size: 24.8 KiB, free: 191.2 MiB)
26/08/14 00:22:45 INFO BlockManagerInfo: Removed broadcast_96_piece0 on 172.26.0.12:33073 in memory (size: 24.8 KiB, free: 413.9 MiB)
26/08/14 00:22:45 INFO MicroBatchExecution: Streaming query made progress: {
  "id" : "b85a33a4-dee1-4170-b062-c47d2470428c",
  "runId" : "5a4a512e-2b33-436f-89d6-2ad644eee1fd",
  "name" : "trips-ingest-ab_ab_no_backoff_1",
  "timestamp" : "2026-08-14T00:22:42.333Z",
  "batchId" : 9,
  "numInputRows" : 1286,
  "inputRowsPerSecond" : 798.261949099938,
  "processedRowsPerSecond" : 438.60845839017736,
  "durationMs" : {
    "addBatch" : 2809,
    "commitOffsets" : 85,
    "getBatch" : 0,
    "latestOffset" : 6,
    "queryPlanning" : 16,
    "triggerExecution" : 2932,
    "walCommit" : 16
  },
  "eventTime" : {
    "avg" : "2026-08-14T00:22:40.039Z",
    "max" : "2026-08-14T00:22:42.242Z",
    "min" : "2026-08-14T00:22:37.838Z",
    "watermark" : "2026-08-14T00:20:40.708Z"
  },
  "stateOperators" : [ ],
  "sources" : [ {
    "description" : "KafkaV2[Subscribe[trips.raw]]",
    "startOffset" : {
      "trips.raw" : {
        "2" : 269803,
        "5" : 268245,
        "4" : 269564,
        "1" : 269289,
        "3" : 269739,
        "0" : 269586
      }
    },
    "endOffset" : {
      "trips.raw" : {
        "2" : 270022,
        "5" : 268453,
        "4" : 269751,
        "1" : 269507,
        "3" : 269949,
        "0" : 269830
      }
    },
    "latestOffset" : {
      "trips.raw" : {
        "2" : 270022,
        "5" : 268453,
        "4" : 269751,
        "1" : 269507,
        "3" : 269949,
        "0" : 269830
      }
    },
    "numInputRows" : 1286,
    "inputRowsPerSecond" : 798.261949099938,
    "processedRowsPerSecond" : 438.60845839017736,
    "metrics" : {
      "avgOffsetsBehindLatest" : "0.0",
      "maxOffsetsBehindLatest" : "0",
      "minOffsetsBehindLatest" : "0"
    }
  } ],
  "sink" : {
    "description" : "ForeachBatchSink",
    "numOutputRows" : -1
  }
}
26/08/14 00:22:45 INFO CheckpointFileManager: Writing atomically to file:/opt/checkpoints/trips/offsets/10 using temp file file:/opt/checkpoints/trips/offsets/.10.9eef8d9c-a1e5-417c-af60-6b39b5e732aa.tmp
26/08/14 00:22:45 INFO CheckpointFileManager: Renamed temp file file:/opt/checkpoints/trips/offsets/.10.9eef8d9c-a1e5-417c-af60-6b39b5e732aa.tmp to file:/opt/checkpoints/trips/offsets/10
26/08/14 00:22:45 INFO MicroBatchExecution: Committed offsets for batch 10. Metadata OffsetSeqMetadata(1786666842242,1786666965299,Map(spark.sql.streaming.stateStore.providerClass -> org.apache.spark.sql.execution.streaming.state.HDFSBackedStateStoreProvider, spark.sql.streaming.join.stateFormatVersion -> 2, spark.sql.streaming.stateStore.compression.codec -> lz4, spark.sql.streaming.stateStore.rocksdb.formatVersion -> 5, spark.sql.streaming.statefulOperator.useStrictDistribution -> true, spark.sql.streaming.flatMapGroupsWithState.stateFormatVersion -> 2, spark.sql.streaming.multipleWatermarkPolicy -> min, spark.sql.streaming.aggregation.stateFormatVersion -> 2, spark.sql.shuffle.partitions -> 6))
26/08/14 00:22:45 INFO KafkaOffsetReaderAdmin: Partitions added: Map()
26/08/14 00:22:45 INFO KafkaOffsetReaderAdmin: Partitions added: Map()
26/08/14 00:22:45 INFO KafkaOffsetReaderAdmin: Partitions added: Map()
26/08/14 00:22:45 INFO KafkaOffsetReaderAdmin: Partitions added: Map()
2026-08-14 00:22:45,380 INFO  [stream] Received command c on object id p0
26/08/14 00:22:45 INFO SparkContext: Starting job: count at <unknown>:0
26/08/14 00:22:45 INFO DAGScheduler: Registering RDD 645 (count at <unknown>:0) as input to shuffle 45
26/08/14 00:22:45 INFO DAGScheduler: Got job 54 (count at <unknown>:0) with 1 output partitions
26/08/14 00:22:45 INFO DAGScheduler: Final stage: ResultStage 100 (count at <unknown>:0)
26/08/14 00:22:45 INFO DAGScheduler: Parents of final stage: List(ShuffleMapStage 99)
26/08/14 00:22:45 INFO DAGScheduler: Missing parents: List(ShuffleMapStage 99)
26/08/14 00:22:45 INFO DAGScheduler: Submitting ShuffleMapStage 99 (MapPartitionsRDD[645] at count at <unknown>:0), which has no missing parents
26/08/14 00:22:45 INFO MemoryStore: Block broadcast_98 stored as values in memory (estimated size 64.6 KiB, free 191.1 MiB)
26/08/14 00:22:45 INFO MemoryStore: Block broadcast_98_piece0 stored as bytes in memory (estimated size 24.1 KiB, free 191.1 MiB)
26/08/14 00:22:45 INFO BlockManagerInfo: Added broadcast_98_piece0 in memory on spark-driver:40129 (size: 24.1 KiB, free: 191.2 MiB)
26/08/14 00:22:45 INFO SparkContext: Created broadcast 98 from broadcast at DAGScheduler.scala:1585
26/08/14 00:22:45 INFO DAGScheduler: Submitting 6 missing tasks from ShuffleMapStage 99 (MapPartitionsRDD[645] at count at <unknown>:0) (first 15 tasks are for partitions Vector(0, 1, 2, 3, 4, 5))
26/08/14 00:22:45 INFO TaskSchedulerImpl: Adding task set 99.0 with 6 tasks resource profile 0
26/08/14 00:22:45 INFO TaskSetManager: Starting task 0.0 in stage 99.0 (TID 353) (172.26.0.12, executor 0, partition 0, PROCESS_LOCAL, 9921 bytes) 
26/08/14 00:22:45 INFO TaskSetManager: Starting task 2.0 in stage 99.0 (TID 354) (172.26.0.13, executor 1, partition 2, PROCESS_LOCAL, 9921 bytes) 
26/08/14 00:22:45 INFO TaskSetManager: Starting task 1.0 in stage 99.0 (TID 355) (172.26.0.12, executor 0, partition 1, PROCESS_LOCAL, 9921 bytes) 
26/08/14 00:22:45 INFO TaskSetManager: Starting task 3.0 in stage 99.0 (TID 356) (172.26.0.13, executor 1, partition 3, PROCESS_LOCAL, 9921 bytes) 
26/08/14 00:22:45 INFO TaskSetManager: Starting task 5.0 in stage 99.0 (TID 357) (172.26.0.12, executor 0, partition 5, PROCESS_LOCAL, 9921 bytes) 
26/08/14 00:22:45 INFO TaskSetManager: Starting task 4.0 in stage 99.0 (TID 358) (172.26.0.13, executor 1, partition 4, PROCESS_LOCAL, 9921 bytes) 
26/08/14 00:22:45 INFO BlockManagerInfo: Added broadcast_98_piece0 in memory on 172.26.0.13:34511 (size: 24.1 KiB, free: 413.9 MiB)
26/08/14 00:22:45 INFO BlockManagerInfo: Added broadcast_98_piece0 in memory on 172.26.0.12:33073 (size: 24.1 KiB, free: 413.9 MiB)
26/08/14 00:22:45 INFO BlockManagerInfo: Added rdd_640_0 in memory on 172.26.0.12:33073 (size: 251.2 KiB, free: 413.7 MiB)
26/08/14 00:22:45 INFO BlockManagerInfo: Added rdd_640_1 in memory on 172.26.0.12:33073 (size: 241.4 KiB, free: 413.4 MiB)
26/08/14 00:22:45 INFO TaskSetManager: Finished task 0.0 in stage 99.0 (TID 353) in 160 ms on 172.26.0.12 (executor 0) (1/6)
26/08/14 00:22:45 INFO BlockManagerInfo: Added rdd_640_5 in memory on 172.26.0.12:33073 (size: 248.8 KiB, free: 413.2 MiB)
26/08/14 00:22:45 INFO TaskSetManager: Finished task 1.0 in stage 99.0 (TID 355) in 186 ms on 172.26.0.12 (executor 0) (2/6)
26/08/14 00:22:45 INFO BlockManagerInfo: Added rdd_640_2 in memory on 172.26.0.13:34511 (size: 247.1 KiB, free: 413.7 MiB)
26/08/14 00:22:45 INFO TaskSetManager: Finished task 5.0 in stage 99.0 (TID 357) in 194 ms on 172.26.0.12 (executor 0) (3/6)
26/08/14 00:22:45 INFO BlockManagerInfo: Added rdd_640_3 in memory on 172.26.0.13:34511 (size: 248.3 KiB, free: 413.4 MiB)
26/08/14 00:22:45 INFO TaskSetManager: Finished task 2.0 in stage 99.0 (TID 354) in 212 ms on 172.26.0.13 (executor 1) (4/6)
26/08/14 00:22:45 INFO BlockManagerInfo: Added rdd_640_4 in memory on 172.26.0.13:34511 (size: 234.3 KiB, free: 413.2 MiB)
26/08/14 00:22:45 INFO TaskSetManager: Finished task 3.0 in stage 99.0 (TID 356) in 217 ms on 172.26.0.13 (executor 1) (5/6)
26/08/14 00:22:45 INFO TaskSetManager: Finished task 4.0 in stage 99.0 (TID 358) in 231 ms on 172.26.0.13 (executor 1) (6/6)
26/08/14 00:22:45 INFO TaskSchedulerImpl: Removed TaskSet 99.0, whose tasks have all completed, from pool 
26/08/14 00:22:45 INFO DAGScheduler: ShuffleMapStage 99 (count at <unknown>:0) finished in 0.245 s
26/08/14 00:22:45 INFO DAGScheduler: looking for newly runnable stages
26/08/14 00:22:45 INFO DAGScheduler: running: Set()
26/08/14 00:22:45 INFO DAGScheduler: waiting: Set(ResultStage 100)
26/08/14 00:22:45 INFO DAGScheduler: failed: Set()
26/08/14 00:22:45 INFO DAGScheduler: Submitting ResultStage 100 (MapPartitionsRDD[648] at count at <unknown>:0), which has no missing parents
26/08/14 00:22:45 INFO MemoryStore: Block broadcast_99 stored as values in memory (estimated size 12.5 KiB, free 191.1 MiB)
26/08/14 00:22:45 INFO MemoryStore: Block broadcast_99_piece0 stored as bytes in memory (estimated size 5.9 KiB, free 191.1 MiB)
26/08/14 00:22:45 INFO BlockManagerInfo: Added broadcast_99_piece0 in memory on spark-driver:40129 (size: 5.9 KiB, free: 191.2 MiB)
26/08/14 00:22:45 INFO SparkContext: Created broadcast 99 from broadcast at DAGScheduler.scala:1585
26/08/14 00:22:45 INFO DAGScheduler: Submitting 1 missing tasks from ResultStage 100 (MapPartitionsRDD[648] at count at <unknown>:0) (first 15 tasks are for partitions Vector(0))
26/08/14 00:22:45 INFO TaskSchedulerImpl: Adding task set 100.0 with 1 tasks resource profile 0
26/08/14 00:22:45 INFO TaskSetManager: Starting task 0.0 in stage 100.0 (TID 359) (172.26.0.13, executor 1, partition 0, NODE_LOCAL, 9003 bytes) 
26/08/14 00:22:45 INFO BlockManagerInfo: Added broadcast_99_piece0 in memory on 172.26.0.13:34511 (size: 5.9 KiB, free: 413.2 MiB)
26/08/14 00:22:45 INFO MapOutputTrackerMasterEndpoint: Asked to send map output locations for shuffle 45 to 172.26.0.13:50552
26/08/14 00:22:45 INFO TaskSetManager: Finished task 0.0 in stage 100.0 (TID 359) in 26 ms on 172.26.0.13 (executor 1) (1/1)
26/08/14 00:22:45 INFO TaskSchedulerImpl: Removed TaskSet 100.0, whose tasks have all completed, from pool 
26/08/14 00:22:45 INFO DAGScheduler: ResultStage 100 (count at <unknown>:0) finished in 0.032 s
26/08/14 00:22:45 INFO DAGScheduler: Job 54 is finished. Cancelling potential speculative or zombie tasks for this job
26/08/14 00:22:45 INFO TaskSchedulerImpl: Killing all running tasks in stage 100: Stage finished
26/08/14 00:22:45 INFO DAGScheduler: Job 54 finished: count at <unknown>:0, took 0.282813 s
26/08/14 00:22:45 INFO SparkContext: Starting job: count at <unknown>:0
26/08/14 00:22:45 INFO DAGScheduler: Registering RDD 653 (count at <unknown>:0) as input to shuffle 46
26/08/14 00:22:45 INFO DAGScheduler: Got job 55 (count at <unknown>:0) with 1 output partitions
26/08/14 00:22:45 INFO DAGScheduler: Final stage: ResultStage 102 (count at <unknown>:0)
26/08/14 00:22:45 INFO DAGScheduler: Parents of final stage: List(ShuffleMapStage 101)
26/08/14 00:22:45 INFO DAGScheduler: Missing parents: List(ShuffleMapStage 101)
26/08/14 00:22:45 INFO DAGScheduler: Submitting ShuffleMapStage 101 (MapPartitionsRDD[653] at count at <unknown>:0), which has no missing parents
26/08/14 00:22:45 INFO MemoryStore: Block broadcast_100 stored as values in memory (estimated size 64.9 KiB, free 191.0 MiB)
26/08/14 00:22:45 INFO MemoryStore: Block broadcast_100_piece0 stored as bytes in memory (estimated size 24.2 KiB, free 191.0 MiB)
26/08/14 00:22:45 INFO BlockManagerInfo: Added broadcast_100_piece0 in memory on spark-driver:40129 (size: 24.2 KiB, free: 191.2 MiB)
26/08/14 00:22:45 INFO SparkContext: Created broadcast 100 from broadcast at DAGScheduler.scala:1585
26/08/14 00:22:45 INFO DAGScheduler: Submitting 6 missing tasks from ShuffleMapStage 101 (MapPartitionsRDD[653] at count at <unknown>:0) (first 15 tasks are for partitions Vector(0, 1, 2, 3, 4, 5))
26/08/14 00:22:45 INFO TaskSchedulerImpl: Adding task set 101.0 with 6 tasks resource profile 0
26/08/14 00:22:45 INFO TaskSetManager: Starting task 0.0 in stage 101.0 (TID 360) (172.26.0.12, executor 0, partition 0, PROCESS_LOCAL, 9921 bytes) 
26/08/14 00:22:45 INFO TaskSetManager: Starting task 2.0 in stage 101.0 (TID 361) (172.26.0.13, executor 1, partition 2, PROCESS_LOCAL, 9921 bytes) 
26/08/14 00:22:45 INFO TaskSetManager: Starting task 1.0 in stage 101.0 (TID 362) (172.26.0.12, executor 0, partition 1, PROCESS_LOCAL, 9921 bytes) 
26/08/14 00:22:45 INFO TaskSetManager: Starting task 3.0 in stage 101.0 (TID 363) (172.26.0.13, executor 1, partition 3, PROCESS_LOCAL, 9921 bytes) 
26/08/14 00:22:45 INFO TaskSetManager: Starting task 5.0 in stage 101.0 (TID 364) (172.26.0.12, executor 0, partition 5, PROCESS_LOCAL, 9921 bytes) 
26/08/14 00:22:45 INFO TaskSetManager: Starting task 4.0 in stage 101.0 (TID 365) (172.26.0.13, executor 1, partition 4, PROCESS_LOCAL, 9921 bytes) 
26/08/14 00:22:45 INFO BlockManagerInfo: Added broadcast_100_piece0 in memory on 172.26.0.12:33073 (size: 24.2 KiB, free: 413.2 MiB)
26/08/14 00:22:45 INFO BlockManagerInfo: Added broadcast_100_piece0 in memory on 172.26.0.13:34511 (size: 24.2 KiB, free: 413.2 MiB)
26/08/14 00:22:45 INFO TaskSetManager: Finished task 0.0 in stage 101.0 (TID 360) in 17 ms on 172.26.0.12 (executor 0) (1/6)
26/08/14 00:22:45 INFO TaskSetManager: Finished task 1.0 in stage 101.0 (TID 362) in 18 ms on 172.26.0.12 (executor 0) (2/6)
26/08/14 00:22:45 INFO TaskSetManager: Finished task 5.0 in stage 101.0 (TID 364) in 18 ms on 172.26.0.12 (executor 0) (3/6)
26/08/14 00:22:45 INFO TaskSetManager: Finished task 4.0 in stage 101.0 (TID 365) in 24 ms on 172.26.0.13 (executor 1) (4/6)
26/08/14 00:22:45 INFO TaskSetManager: Finished task 2.0 in stage 101.0 (TID 361) in 26 ms on 172.26.0.13 (executor 1) (5/6)
26/08/14 00:22:45 INFO TaskSetManager: Finished task 3.0 in stage 101.0 (TID 363) in 32 ms on 172.26.0.13 (executor 1) (6/6)
26/08/14 00:22:45 INFO TaskSchedulerImpl: Removed TaskSet 101.0, whose tasks have all completed, from pool 
26/08/14 00:22:45 INFO DAGScheduler: ShuffleMapStage 101 (count at <unknown>:0) finished in 0.037 s
26/08/14 00:22:45 INFO DAGScheduler: looking for newly runnable stages
26/08/14 00:22:45 INFO DAGScheduler: running: Set()
26/08/14 00:22:45 INFO DAGScheduler: waiting: Set(ResultStage 102)
26/08/14 00:22:45 INFO DAGScheduler: failed: Set()
26/08/14 00:22:45 INFO DAGScheduler: Submitting ResultStage 102 (MapPartitionsRDD[656] at count at <unknown>:0), which has no missing parents
26/08/14 00:22:45 INFO MemoryStore: Block broadcast_101 stored as values in memory (estimated size 12.5 KiB, free 191.0 MiB)
26/08/14 00:22:45 INFO MemoryStore: Block broadcast_101_piece0 stored as bytes in memory (estimated size 5.9 KiB, free 191.0 MiB)
26/08/14 00:22:45 INFO BlockManagerInfo: Added broadcast_101_piece0 in memory on spark-driver:40129 (size: 5.9 KiB, free: 191.2 MiB)
26/08/14 00:22:45 INFO BlockManagerInfo: Removed broadcast_98_piece0 on spark-driver:40129 in memory (size: 24.1 KiB, free: 191.2 MiB)
26/08/14 00:22:45 INFO SparkContext: Created broadcast 101 from broadcast at DAGScheduler.scala:1585
26/08/14 00:22:45 INFO BlockManagerInfo: Removed broadcast_98_piece0 on 172.26.0.12:33073 in memory (size: 24.1 KiB, free: 413.2 MiB)
26/08/14 00:22:45 INFO DAGScheduler: Submitting 1 missing tasks from ResultStage 102 (MapPartitionsRDD[656] at count at <unknown>:0) (first 15 tasks are for partitions Vector(0))
26/08/14 00:22:45 INFO TaskSchedulerImpl: Adding task set 102.0 with 1 tasks resource profile 0
26/08/14 00:22:45 INFO BlockManagerInfo: Removed broadcast_98_piece0 on 172.26.0.13:34511 in memory (size: 24.1 KiB, free: 413.2 MiB)
26/08/14 00:22:45 INFO TaskSetManager: Starting task 0.0 in stage 102.0 (TID 366) (172.26.0.12, executor 0, partition 0, NODE_LOCAL, 9003 bytes) 
26/08/14 00:22:45 INFO BlockManagerInfo: Removed broadcast_99_piece0 on 172.26.0.13:34511 in memory (size: 5.9 KiB, free: 413.2 MiB)
26/08/14 00:22:45 INFO BlockManagerInfo: Removed broadcast_99_piece0 on spark-driver:40129 in memory (size: 5.9 KiB, free: 191.2 MiB)
26/08/14 00:22:45 INFO BlockManagerInfo: Added broadcast_101_piece0 in memory on 172.26.0.12:33073 (size: 5.9 KiB, free: 413.2 MiB)
26/08/14 00:22:45 INFO MapOutputTrackerMasterEndpoint: Asked to send map output locations for shuffle 46 to 172.26.0.12:49600
26/08/14 00:22:45 INFO TaskSetManager: Finished task 0.0 in stage 102.0 (TID 366) in 23 ms on 172.26.0.12 (executor 0) (1/1)
26/08/14 00:22:45 INFO TaskSchedulerImpl: Removed TaskSet 102.0, whose tasks have all completed, from pool 
26/08/14 00:22:45 INFO DAGScheduler: ResultStage 102 (count at <unknown>:0) finished in 0.037 s
26/08/14 00:22:45 INFO DAGScheduler: Job 55 is finished. Cancelling potential speculative or zombie tasks for this job
26/08/14 00:22:45 INFO TaskSchedulerImpl: Killing all running tasks in stage 102: Stage finished
26/08/14 00:22:45 INFO DAGScheduler: Job 55 finished: count at <unknown>:0, took 0.078437 s
26/08/14 00:22:45 INFO CodeGenerator: Code generated in 15.451666 ms
26/08/14 00:22:45 INFO DefaultCachedBatchSerializer: Predicate isnotnull(event_time#89-T120000ms) generates partition filter: ((event_time.count#32245 - event_time.nullCount#32244) > 0)
26/08/14 00:22:45 INFO DefaultCachedBatchSerializer: Predicate (event_time#89-T120000ms < 2026-08-14 00:20:42.242) generates partition filter: (event_time.lowerBound#32243 < 2026-08-14 00:20:42.242)
26/08/14 00:22:45 INFO SparkContext: Starting job: count at <unknown>:0
26/08/14 00:22:45 INFO DAGScheduler: Registering RDD 661 (count at <unknown>:0) as input to shuffle 47
26/08/14 00:22:45 INFO DAGScheduler: Got job 56 (count at <unknown>:0) with 1 output partitions
26/08/14 00:22:45 INFO DAGScheduler: Final stage: ResultStage 104 (count at <unknown>:0)
26/08/14 00:22:45 INFO DAGScheduler: Parents of final stage: List(ShuffleMapStage 103)
26/08/14 00:22:45 INFO DAGScheduler: Missing parents: List(ShuffleMapStage 103)
26/08/14 00:22:45 INFO DAGScheduler: Submitting ShuffleMapStage 103 (MapPartitionsRDD[661] at count at <unknown>:0), which has no missing parents
26/08/14 00:22:45 INFO MemoryStore: Block broadcast_102 stored as values in memory (estimated size 67.2 KiB, free 191.0 MiB)
26/08/14 00:22:45 INFO MemoryStore: Block broadcast_102_piece0 stored as bytes in memory (estimated size 25.6 KiB, free 191.0 MiB)
26/08/14 00:22:45 INFO BlockManagerInfo: Added broadcast_102_piece0 in memory on spark-driver:40129 (size: 25.6 KiB, free: 191.2 MiB)
26/08/14 00:22:45 INFO SparkContext: Created broadcast 102 from broadcast at DAGScheduler.scala:1585
26/08/14 00:22:45 INFO DAGScheduler: Submitting 6 missing tasks from ShuffleMapStage 103 (MapPartitionsRDD[661] at count at <unknown>:0) (first 15 tasks are for partitions Vector(0, 1, 2, 3, 4, 5))
26/08/14 00:22:45 INFO TaskSchedulerImpl: Adding task set 103.0 with 6 tasks resource profile 0
26/08/14 00:22:45 INFO TaskSetManager: Starting task 2.0 in stage 103.0 (TID 367) (172.26.0.13, executor 1, partition 2, PROCESS_LOCAL, 9921 bytes) 
26/08/14 00:22:45 INFO TaskSetManager: Starting task 0.0 in stage 103.0 (TID 368) (172.26.0.12, executor 0, partition 0, PROCESS_LOCAL, 9921 bytes) 
26/08/14 00:22:45 INFO TaskSetManager: Starting task 3.0 in stage 103.0 (TID 369) (172.26.0.13, executor 1, partition 3, PROCESS_LOCAL, 9921 bytes) 
26/08/14 00:22:45 INFO TaskSetManager: Starting task 1.0 in stage 103.0 (TID 370) (172.26.0.12, executor 0, partition 1, PROCESS_LOCAL, 9921 bytes) 
26/08/14 00:22:45 INFO TaskSetManager: Starting task 4.0 in stage 103.0 (TID 371) (172.26.0.13, executor 1, partition 4, PROCESS_LOCAL, 9921 bytes) 
26/08/14 00:22:45 INFO TaskSetManager: Starting task 5.0 in stage 103.0 (TID 372) (172.26.0.12, executor 0, partition 5, PROCESS_LOCAL, 9921 bytes) 
26/08/14 00:22:45 INFO BlockManagerInfo: Added broadcast_102_piece0 in memory on 172.26.0.13:34511 (size: 25.6 KiB, free: 413.2 MiB)
26/08/14 00:22:45 INFO BlockManagerInfo: Added broadcast_102_piece0 in memory on 172.26.0.12:33073 (size: 25.6 KiB, free: 413.1 MiB)
26/08/14 00:22:45 INFO TaskSetManager: Finished task 4.0 in stage 103.0 (TID 371) in 96 ms on 172.26.0.13 (executor 1) (1/6)
26/08/14 00:22:46 INFO TaskSetManager: Finished task 5.0 in stage 103.0 (TID 372) in 109 ms on 172.26.0.12 (executor 0) (2/6)
26/08/14 00:22:46 INFO TaskSetManager: Finished task 1.0 in stage 103.0 (TID 370) in 111 ms on 172.26.0.12 (executor 0) (3/6)
26/08/14 00:22:46 INFO TaskSetManager: Finished task 0.0 in stage 103.0 (TID 368) in 112 ms on 172.26.0.12 (executor 0) (4/6)
26/08/14 00:22:46 INFO TaskSetManager: Finished task 3.0 in stage 103.0 (TID 369) in 112 ms on 172.26.0.13 (executor 1) (5/6)
26/08/14 00:22:46 INFO TaskSetManager: Finished task 2.0 in stage 103.0 (TID 367) in 117 ms on 172.26.0.13 (executor 1) (6/6)
26/08/14 00:22:46 INFO TaskSchedulerImpl: Removed TaskSet 103.0, whose tasks have all completed, from pool 
26/08/14 00:22:46 INFO DAGScheduler: ShuffleMapStage 103 (count at <unknown>:0) finished in 0.137 s
26/08/14 00:22:46 INFO DAGScheduler: looking for newly runnable stages
26/08/14 00:22:46 INFO DAGScheduler: running: Set()
26/08/14 00:22:46 INFO DAGScheduler: waiting: Set(ResultStage 104)
26/08/14 00:22:46 INFO DAGScheduler: failed: Set()
26/08/14 00:22:46 INFO DAGScheduler: Submitting ResultStage 104 (MapPartitionsRDD[664] at count at <unknown>:0), which has no missing parents
26/08/14 00:22:46 INFO MemoryStore: Block broadcast_103 stored as values in memory (estimated size 12.5 KiB, free 191.0 MiB)
26/08/14 00:22:46 INFO MemoryStore: Block broadcast_103_piece0 stored as bytes in memory (estimated size 5.9 KiB, free 191.0 MiB)
26/08/14 00:22:46 INFO BlockManagerInfo: Added broadcast_103_piece0 in memory on spark-driver:40129 (size: 5.9 KiB, free: 191.2 MiB)
26/08/14 00:22:46 INFO SparkContext: Created broadcast 103 from broadcast at DAGScheduler.scala:1585
26/08/14 00:22:46 INFO DAGScheduler: Submitting 1 missing tasks from ResultStage 104 (MapPartitionsRDD[664] at count at <unknown>:0) (first 15 tasks are for partitions Vector(0))
26/08/14 00:22:46 INFO TaskSchedulerImpl: Adding task set 104.0 with 1 tasks resource profile 0
26/08/14 00:22:46 INFO TaskSetManager: Starting task 0.0 in stage 104.0 (TID 373) (172.26.0.13, executor 1, partition 0, NODE_LOCAL, 9003 bytes) 
26/08/14 00:22:46 INFO BlockManagerInfo: Added broadcast_103_piece0 in memory on 172.26.0.13:34511 (size: 5.9 KiB, free: 413.2 MiB)
26/08/14 00:22:46 INFO MapOutputTrackerMasterEndpoint: Asked to send map output locations for shuffle 47 to 172.26.0.13:50552
26/08/14 00:22:46 INFO BlockManagerInfo: Removed broadcast_100_piece0 on spark-driver:40129 in memory (size: 24.2 KiB, free: 191.2 MiB)
26/08/14 00:22:46 INFO BlockManagerInfo: Removed broadcast_100_piece0 on 172.26.0.12:33073 in memory (size: 24.2 KiB, free: 413.2 MiB)
26/08/14 00:22:46 INFO BlockManagerInfo: Removed broadcast_100_piece0 on 172.26.0.13:34511 in memory (size: 24.2 KiB, free: 413.2 MiB)
26/08/14 00:22:46 INFO BlockManagerInfo: Removed broadcast_101_piece0 on spark-driver:40129 in memory (size: 5.9 KiB, free: 191.2 MiB)
26/08/14 00:22:46 INFO BlockManagerInfo: Removed broadcast_101_piece0 on 172.26.0.12:33073 in memory (size: 5.9 KiB, free: 413.2 MiB)
26/08/14 00:22:46 INFO BlockManagerInfo: Removed broadcast_102_piece0 on spark-driver:40129 in memory (size: 25.6 KiB, free: 191.2 MiB)
26/08/14 00:22:46 INFO BlockManagerInfo: Removed broadcast_102_piece0 on 172.26.0.12:33073 in memory (size: 25.6 KiB, free: 413.2 MiB)
26/08/14 00:22:46 INFO TaskSetManager: Finished task 0.0 in stage 104.0 (TID 373) in 68 ms on 172.26.0.13 (executor 1) (1/1)
26/08/14 00:22:46 INFO TaskSchedulerImpl: Removed TaskSet 104.0, whose tasks have all completed, from pool 
26/08/14 00:22:46 INFO DAGScheduler: ResultStage 104 (count at <unknown>:0) finished in 0.076 s
26/08/14 00:22:46 INFO BlockManagerInfo: Removed broadcast_102_piece0 on 172.26.0.13:34511 in memory (size: 25.6 KiB, free: 413.2 MiB)
26/08/14 00:22:46 INFO DAGScheduler: Job 56 is finished. Cancelling potential speculative or zombie tasks for this job
26/08/14 00:22:46 INFO TaskSchedulerImpl: Killing all running tasks in stage 104: Stage finished
26/08/14 00:22:46 INFO DAGScheduler: Job 56 finished: count at <unknown>:0, took 0.221208 s
26/08/14 00:22:46 INFO DefaultCachedBatchSerializer: Predicate isnotnull(kind#32802) generates partition filter: ((kind.count#32871 - kind.nullCount#32870) > 0)
26/08/14 00:22:46 INFO DefaultCachedBatchSerializer: Predicate (kind#32802 = stats) generates partition filter: ((kind.lowerBound#32869 <= stats) AND (stats <= kind.upperBound#32868))
26/08/14 00:22:46 INFO SparkContext: Starting job: call at /opt/spark/python/lib/py4j-0.10.9.7-src.zip/py4j/clientserver.py:617
26/08/14 00:22:46 INFO DAGScheduler: Got job 57 (call at /opt/spark/python/lib/py4j-0.10.9.7-src.zip/py4j/clientserver.py:617) with 6 output partitions
26/08/14 00:22:46 INFO DAGScheduler: Final stage: ResultStage 105 (call at /opt/spark/python/lib/py4j-0.10.9.7-src.zip/py4j/clientserver.py:617)
26/08/14 00:22:46 INFO DAGScheduler: Parents of final stage: List()
26/08/14 00:22:46 INFO DAGScheduler: Missing parents: List()
26/08/14 00:22:46 INFO DAGScheduler: Submitting ResultStage 105 (MapPartitionsRDD[683] at call at /opt/spark/python/lib/py4j-0.10.9.7-src.zip/py4j/clientserver.py:617), which has no missing parents
26/08/14 00:22:46 INFO MemoryStore: Block broadcast_104 stored as values in memory (estimated size 90.0 KiB, free 191.1 MiB)
26/08/14 00:22:46 INFO MemoryStore: Block broadcast_104_piece0 stored as bytes in memory (estimated size 34.0 KiB, free 191.1 MiB)
26/08/14 00:22:46 INFO BlockManagerInfo: Added broadcast_104_piece0 in memory on spark-driver:40129 (size: 34.0 KiB, free: 191.2 MiB)
26/08/14 00:22:46 INFO SparkContext: Created broadcast 104 from broadcast at DAGScheduler.scala:1585
26/08/14 00:22:46 INFO DAGScheduler: Submitting 6 missing tasks from ResultStage 105 (MapPartitionsRDD[683] at call at /opt/spark/python/lib/py4j-0.10.9.7-src.zip/py4j/clientserver.py:617) (first 15 tasks are for partitions Vector(0, 1, 2, 3, 4, 5))
26/08/14 00:22:46 INFO TaskSchedulerImpl: Adding task set 105.0 with 6 tasks resource profile 0
26/08/14 00:22:46 INFO TaskSetManager: Starting task 0.0 in stage 105.0 (TID 374) (172.26.0.12, executor 0, partition 0, PROCESS_LOCAL, 9932 bytes) 
26/08/14 00:22:46 INFO TaskSetManager: Starting task 2.0 in stage 105.0 (TID 375) (172.26.0.13, executor 1, partition 2, PROCESS_LOCAL, 9932 bytes) 
26/08/14 00:22:46 INFO TaskSetManager: Starting task 1.0 in stage 105.0 (TID 376) (172.26.0.12, executor 0, partition 1, PROCESS_LOCAL, 9932 bytes) 
26/08/14 00:22:46 INFO TaskSetManager: Starting task 3.0 in stage 105.0 (TID 377) (172.26.0.13, executor 1, partition 3, PROCESS_LOCAL, 9932 bytes) 
26/08/14 00:22:46 INFO TaskSetManager: Starting task 5.0 in stage 105.0 (TID 378) (172.26.0.12, executor 0, partition 5, PROCESS_LOCAL, 9932 bytes) 
26/08/14 00:22:46 INFO TaskSetManager: Starting task 4.0 in stage 105.0 (TID 379) (172.26.0.13, executor 1, partition 4, PROCESS_LOCAL, 9932 bytes) 
26/08/14 00:22:46 INFO BlockManagerInfo: Added broadcast_104_piece0 in memory on 172.26.0.13:34511 (size: 34.0 KiB, free: 413.2 MiB)
26/08/14 00:22:46 INFO BlockManagerInfo: Added broadcast_104_piece0 in memory on 172.26.0.12:33073 (size: 34.0 KiB, free: 413.2 MiB)
26/08/14 00:23:49 INFO BlockManagerInfo: Removed broadcast_103_piece0 on spark-driver:40129 in memory (size: 5.9 KiB, free: 191.2 MiB)
26/08/14 00:23:49 INFO BlockManagerInfo: Removed broadcast_103_piece0 on 172.26.0.13:34511 in memory (size: 5.9 KiB, free: 413.2 MiB)
26/08/14 00:27:13 INFO NetworkClient: [AdminClient clientId=adminclient-1] Node -1 disconnected.
26/08/14 00:27:30 INFO BlockManagerInfo: Added rdd_678_5 in memory on 172.26.0.12:33073 (size: 93.0 KiB, free: 413.1 MiB)
26/08/14 00:27:30 INFO TaskSetManager: Finished task 5.0 in stage 105.0 (TID 378) in 284464 ms on 172.26.0.12 (executor 0) (1/6)
26/08/14 00:27:31 INFO BlockManagerInfo: Added rdd_678_0 in memory on 172.26.0.12:33073 (size: 92.8 KiB, free: 413.0 MiB)
26/08/14 00:27:31 INFO BlockManagerInfo: Added rdd_678_2 in memory on 172.26.0.13:34511 (size: 94.1 KiB, free: 413.1 MiB)
26/08/14 00:27:31 INFO TaskSetManager: Finished task 0.0 in stage 105.0 (TID 374) in 284852 ms on 172.26.0.12 (executor 0) (2/6)
26/08/14 00:27:31 INFO TaskSetManager: Finished task 2.0 in stage 105.0 (TID 375) in 284892 ms on 172.26.0.13 (executor 1) (3/6)
26/08/14 00:27:31 INFO BlockManagerInfo: Added rdd_678_4 in memory on 172.26.0.13:34511 (size: 95.3 KiB, free: 413.0 MiB)
26/08/14 00:27:31 INFO TaskSetManager: Finished task 4.0 in stage 105.0 (TID 379) in 285252 ms on 172.26.0.13 (executor 1) (4/6)
26/08/14 00:27:31 INFO BlockManagerInfo: Added rdd_678_3 in memory on 172.26.0.13:34511 (size: 95.4 KiB, free: 412.9 MiB)
26/08/14 00:27:31 INFO TaskSetManager: Finished task 3.0 in stage 105.0 (TID 377) in 285572 ms on 172.26.0.13 (executor 1) (5/6)
26/08/14 00:27:32 INFO BlockManagerInfo: Added rdd_678_1 in memory on 172.26.0.12:33073 (size: 92.8 KiB, free: 412.9 MiB)
26/08/14 00:27:32 INFO TaskSetManager: Finished task 1.0 in stage 105.0 (TID 376) in 285967 ms on 172.26.0.12 (executor 0) (6/6)
26/08/14 00:27:32 INFO TaskSchedulerImpl: Removed TaskSet 105.0, whose tasks have all completed, from pool 
26/08/14 00:27:32 INFO DAGScheduler: ResultStage 105 (call at /opt/spark/python/lib/py4j-0.10.9.7-src.zip/py4j/clientserver.py:617) finished in 285.977 s
26/08/14 00:27:32 INFO DAGScheduler: Job 57 is finished. Cancelling potential speculative or zombie tasks for this job
26/08/14 00:27:32 INFO TaskSchedulerImpl: Killing all running tasks in stage 105: Stage finished
26/08/14 00:27:32 INFO DAGScheduler: Job 57 finished: call at /opt/spark/python/lib/py4j-0.10.9.7-src.zip/py4j/clientserver.py:617, took 285.978702 s
26/08/14 00:27:32 INFO DefaultCachedBatchSerializer: Predicate isnotnull(kind#32802) generates partition filter: ((kind.count#32954 - kind.nullCount#32953) > 0)
26/08/14 00:27:32 INFO DefaultCachedBatchSerializer: Predicate (kind#32802 = dlq) generates partition filter: ((kind.lowerBound#32952 <= dlq) AND (dlq <= kind.upperBound#32951))
26/08/14 00:27:32 INFO SparkContext: Starting job: count at <unknown>:0
26/08/14 00:27:32 INFO DAGScheduler: Registering RDD 688 (count at <unknown>:0) as input to shuffle 48
26/08/14 00:27:32 INFO DAGScheduler: Got job 58 (count at <unknown>:0) with 1 output partitions
26/08/14 00:27:32 INFO DAGScheduler: Final stage: ResultStage 107 (count at <unknown>:0)
26/08/14 00:27:32 INFO DAGScheduler: Parents of final stage: List(ShuffleMapStage 106)
26/08/14 00:27:32 INFO DAGScheduler: Missing parents: List(ShuffleMapStage 106)
26/08/14 00:27:32 INFO DAGScheduler: Submitting ShuffleMapStage 106 (MapPartitionsRDD[688] at count at <unknown>:0), which has no missing parents
26/08/14 00:27:32 INFO MemoryStore: Block broadcast_105 stored as values in memory (estimated size 92.2 KiB, free 191.0 MiB)
26/08/14 00:27:32 INFO BlockManagerInfo: Removed broadcast_104_piece0 on spark-driver:40129 in memory (size: 34.0 KiB, free: 191.2 MiB)
26/08/14 00:27:32 INFO MemoryStore: Block broadcast_105_piece0 stored as bytes in memory (estimated size 35.3 KiB, free 191.1 MiB)
26/08/14 00:27:32 INFO BlockManagerInfo: Added broadcast_105_piece0 in memory on spark-driver:40129 (size: 35.3 KiB, free: 191.2 MiB)
26/08/14 00:27:32 INFO SparkContext: Created broadcast 105 from broadcast at DAGScheduler.scala:1585
26/08/14 00:27:32 INFO DAGScheduler: Submitting 6 missing tasks from ShuffleMapStage 106 (MapPartitionsRDD[688] at count at <unknown>:0) (first 15 tasks are for partitions Vector(0, 1, 2, 3, 4, 5))
26/08/14 00:27:32 INFO TaskSchedulerImpl: Adding task set 106.0 with 6 tasks resource profile 0
26/08/14 00:27:32 INFO BlockManagerInfo: Removed broadcast_104_piece0 on 172.26.0.13:34511 in memory (size: 34.0 KiB, free: 412.9 MiB)
26/08/14 00:27:32 INFO BlockManagerInfo: Removed broadcast_104_piece0 on 172.26.0.12:33073 in memory (size: 34.0 KiB, free: 412.9 MiB)
26/08/14 00:27:32 INFO TaskSetManager: Starting task 2.0 in stage 106.0 (TID 380) (172.26.0.13, executor 1, partition 2, PROCESS_LOCAL, 9921 bytes) 
26/08/14 00:27:32 INFO TaskSetManager: Starting task 0.0 in stage 106.0 (TID 381) (172.26.0.12, executor 0, partition 0, PROCESS_LOCAL, 9921 bytes) 
26/08/14 00:27:32 INFO TaskSetManager: Starting task 3.0 in stage 106.0 (TID 382) (172.26.0.13, executor 1, partition 3, PROCESS_LOCAL, 9921 bytes) 
26/08/14 00:27:32 INFO TaskSetManager: Starting task 1.0 in stage 106.0 (TID 383) (172.26.0.12, executor 0, partition 1, PROCESS_LOCAL, 9921 bytes) 
26/08/14 00:27:32 INFO TaskSetManager: Starting task 4.0 in stage 106.0 (TID 384) (172.26.0.13, executor 1, partition 4, PROCESS_LOCAL, 9921 bytes) 
26/08/14 00:27:32 INFO TaskSetManager: Starting task 5.0 in stage 106.0 (TID 385) (172.26.0.12, executor 0, partition 5, PROCESS_LOCAL, 9921 bytes) 
26/08/14 00:27:32 INFO BlockManagerInfo: Added broadcast_105_piece0 in memory on 172.26.0.12:33073 (size: 35.3 KiB, free: 412.9 MiB)
26/08/14 00:27:32 INFO BlockManagerInfo: Added broadcast_105_piece0 in memory on 172.26.0.13:34511 (size: 35.3 KiB, free: 412.9 MiB)
26/08/14 00:27:32 INFO TaskSetManager: Finished task 2.0 in stage 106.0 (TID 380) in 70 ms on 172.26.0.13 (executor 1) (1/6)
26/08/14 00:27:32 INFO TaskSetManager: Finished task 3.0 in stage 106.0 (TID 382) in 71 ms on 172.26.0.13 (executor 1) (2/6)
26/08/14 00:27:32 INFO TaskSetManager: Finished task 4.0 in stage 106.0 (TID 384) in 70 ms on 172.26.0.13 (executor 1) (3/6)
26/08/14 00:27:32 INFO TaskSetManager: Finished task 1.0 in stage 106.0 (TID 383) in 85 ms on 172.26.0.12 (executor 0) (4/6)
26/08/14 00:27:32 INFO TaskSetManager: Finished task 0.0 in stage 106.0 (TID 381) in 87 ms on 172.26.0.12 (executor 0) (5/6)
26/08/14 00:27:32 INFO TaskSetManager: Finished task 5.0 in stage 106.0 (TID 385) in 87 ms on 172.26.0.12 (executor 0) (6/6)
26/08/14 00:27:32 INFO TaskSchedulerImpl: Removed TaskSet 106.0, whose tasks have all completed, from pool 
26/08/14 00:27:32 INFO DAGScheduler: ShuffleMapStage 106 (count at <unknown>:0) finished in 0.145 s
26/08/14 00:27:32 INFO DAGScheduler: looking for newly runnable stages
26/08/14 00:27:32 INFO DAGScheduler: running: Set()
26/08/14 00:27:32 INFO DAGScheduler: waiting: Set(ResultStage 107)
26/08/14 00:27:32 INFO DAGScheduler: failed: Set()
26/08/14 00:27:32 INFO DAGScheduler: Submitting ResultStage 107 (MapPartitionsRDD[691] at count at <unknown>:0), which has no missing parents
26/08/14 00:27:32 INFO MemoryStore: Block broadcast_106 stored as values in memory (estimated size 12.5 KiB, free 191.1 MiB)
26/08/14 00:27:32 INFO MemoryStore: Block broadcast_106_piece0 stored as bytes in memory (estimated size 5.9 KiB, free 191.1 MiB)
26/08/14 00:27:32 INFO BlockManagerInfo: Added broadcast_106_piece0 in memory on spark-driver:40129 (size: 5.9 KiB, free: 191.2 MiB)
26/08/14 00:27:32 INFO SparkContext: Created broadcast 106 from broadcast at DAGScheduler.scala:1585
26/08/14 00:27:32 INFO DAGScheduler: Submitting 1 missing tasks from ResultStage 107 (MapPartitionsRDD[691] at count at <unknown>:0) (first 15 tasks are for partitions Vector(0))
26/08/14 00:27:32 INFO TaskSchedulerImpl: Adding task set 107.0 with 1 tasks resource profile 0
26/08/14 00:27:32 INFO TaskSetManager: Starting task 0.0 in stage 107.0 (TID 386) (172.26.0.12, executor 0, partition 0, NODE_LOCAL, 9003 bytes) 
26/08/14 00:27:32 INFO BlockManagerInfo: Added broadcast_106_piece0 in memory on 172.26.0.12:33073 (size: 5.9 KiB, free: 412.9 MiB)
26/08/14 00:27:32 INFO MapOutputTrackerMasterEndpoint: Asked to send map output locations for shuffle 48 to 172.26.0.12:49600
26/08/14 00:27:32 INFO TaskSetManager: Finished task 0.0 in stage 107.0 (TID 386) in 35 ms on 172.26.0.12 (executor 0) (1/1)
26/08/14 00:27:32 INFO TaskSchedulerImpl: Removed TaskSet 107.0, whose tasks have all completed, from pool 
26/08/14 00:27:32 INFO DAGScheduler: ResultStage 107 (count at <unknown>:0) finished in 0.043 s
26/08/14 00:27:32 INFO DAGScheduler: Job 58 is finished. Cancelling potential speculative or zombie tasks for this job
26/08/14 00:27:32 INFO TaskSchedulerImpl: Killing all running tasks in stage 107: Stage finished
26/08/14 00:27:32 INFO DAGScheduler: Job 58 finished: count at <unknown>:0, took 0.192044 s
26/08/14 00:27:32 INFO CodeGenerator: Code generated in 8.337375 ms
26/08/14 00:27:32 INFO DefaultCachedBatchSerializer: Predicate isnotnull(kind#32802) generates partition filter: ((kind.count#33020 - kind.nullCount#33019) > 0)
26/08/14 00:27:32 INFO DefaultCachedBatchSerializer: Predicate (kind#32802 = dlq) generates partition filter: ((kind.lowerBound#33018 <= dlq) AND (dlq <= kind.upperBound#33017))
26/08/14 00:27:32 INFO SparkContext: Starting job: save at <unknown>:0
26/08/14 00:27:32 INFO DAGScheduler: Got job 59 (save at <unknown>:0) with 6 output partitions
26/08/14 00:27:32 INFO DAGScheduler: Final stage: ResultStage 108 (save at <unknown>:0)
26/08/14 00:27:32 INFO DAGScheduler: Parents of final stage: List()
26/08/14 00:27:32 INFO DAGScheduler: Missing parents: List()
26/08/14 00:27:32 INFO DAGScheduler: Submitting ResultStage 108 (SQLExecutionRDD[696] at save at <unknown>:0), which has no missing parents
26/08/14 00:27:32 INFO MemoryStore: Block broadcast_107 stored as values in memory (estimated size 90.7 KiB, free 191.0 MiB)
26/08/14 00:27:32 INFO MemoryStore: Block broadcast_107_piece0 stored as bytes in memory (estimated size 34.2 KiB, free 190.9 MiB)
26/08/14 00:27:32 INFO BlockManagerInfo: Added broadcast_107_piece0 in memory on spark-driver:40129 (size: 34.2 KiB, free: 191.1 MiB)
26/08/14 00:27:32 INFO SparkContext: Created broadcast 107 from broadcast at DAGScheduler.scala:1585
26/08/14 00:27:32 INFO DAGScheduler: Submitting 6 missing tasks from ResultStage 108 (SQLExecutionRDD[696] at save at <unknown>:0) (first 15 tasks are for partitions Vector(0, 1, 2, 3, 4, 5))
26/08/14 00:27:32 INFO TaskSchedulerImpl: Adding task set 108.0 with 6 tasks resource profile 0
26/08/14 00:27:32 INFO TaskSetManager: Starting task 0.0 in stage 108.0 (TID 387) (172.26.0.12, executor 0, partition 0, PROCESS_LOCAL, 9932 bytes) 
26/08/14 00:27:32 INFO TaskSetManager: Starting task 2.0 in stage 108.0 (TID 388) (172.26.0.13, executor 1, partition 2, PROCESS_LOCAL, 9932 bytes) 
26/08/14 00:27:32 INFO TaskSetManager: Starting task 1.0 in stage 108.0 (TID 389) (172.26.0.12, executor 0, partition 1, PROCESS_LOCAL, 9932 bytes) 
26/08/14 00:27:32 INFO TaskSetManager: Starting task 3.0 in stage 108.0 (TID 390) (172.26.0.13, executor 1, partition 3, PROCESS_LOCAL, 9932 bytes) 
26/08/14 00:27:32 INFO TaskSetManager: Starting task 5.0 in stage 108.0 (TID 391) (172.26.0.12, executor 0, partition 5, PROCESS_LOCAL, 9932 bytes) 
26/08/14 00:27:32 INFO TaskSetManager: Starting task 4.0 in stage 108.0 (TID 392) (172.26.0.13, executor 1, partition 4, PROCESS_LOCAL, 9932 bytes) 
26/08/14 00:27:32 INFO BlockManagerInfo: Added broadcast_107_piece0 in memory on 172.26.0.13:34511 (size: 34.2 KiB, free: 412.9 MiB)
26/08/14 00:27:32 INFO BlockManagerInfo: Added broadcast_107_piece0 in memory on 172.26.0.12:33073 (size: 34.2 KiB, free: 412.9 MiB)
26/08/14 00:27:32 INFO TaskSetManager: Finished task 4.0 in stage 108.0 (TID 392) in 226 ms on 172.26.0.13 (executor 1) (1/6)
26/08/14 00:27:32 INFO TaskSetManager: Finished task 3.0 in stage 108.0 (TID 390) in 234 ms on 172.26.0.13 (executor 1) (2/6)
26/08/14 00:27:32 INFO TaskSetManager: Finished task 2.0 in stage 108.0 (TID 388) in 234 ms on 172.26.0.13 (executor 1) (3/6)
26/08/14 00:27:32 INFO TaskSetManager: Finished task 5.0 in stage 108.0 (TID 391) in 234 ms on 172.26.0.12 (executor 0) (4/6)
26/08/14 00:27:32 INFO TaskSetManager: Finished task 1.0 in stage 108.0 (TID 389) in 235 ms on 172.26.0.12 (executor 0) (5/6)
26/08/14 00:27:32 INFO TaskSetManager: Finished task 0.0 in stage 108.0 (TID 387) in 235 ms on 172.26.0.12 (executor 0) (6/6)
26/08/14 00:27:32 INFO TaskSchedulerImpl: Removed TaskSet 108.0, whose tasks have all completed, from pool 
26/08/14 00:27:32 INFO DAGScheduler: ResultStage 108 (save at <unknown>:0) finished in 0.241 s
26/08/14 00:27:32 INFO DAGScheduler: Job 59 is finished. Cancelling potential speculative or zombie tasks for this job
26/08/14 00:27:32 INFO TaskSchedulerImpl: Killing all running tasks in stage 108: Stage finished
26/08/14 00:27:32 INFO DAGScheduler: Job 59 finished: save at <unknown>:0, took 0.242189 s
26/08/14 00:27:32 INFO BlockManagerInfo: Removed broadcast_105_piece0 on spark-driver:40129 in memory (size: 35.3 KiB, free: 191.2 MiB)
26/08/14 00:27:32 INFO BlockManagerInfo: Removed broadcast_105_piece0 on 172.26.0.13:34511 in memory (size: 35.3 KiB, free: 412.9 MiB)
26/08/14 00:27:32 INFO BlockManagerInfo: Removed broadcast_105_piece0 on 172.26.0.12:33073 in memory (size: 35.3 KiB, free: 412.9 MiB)
26/08/14 00:27:32 INFO BlockManagerInfo: Removed broadcast_106_piece0 on spark-driver:40129 in memory (size: 5.9 KiB, free: 191.2 MiB)
26/08/14 00:27:32 INFO BlockManagerInfo: Removed broadcast_106_piece0 on 172.26.0.12:33073 in memory (size: 5.9 KiB, free: 412.9 MiB)
26/08/14 00:27:32 INFO MapPartitionsRDD: Removing RDD 678 from persistence list
26/08/14 00:27:32 INFO BlockManager: Removing RDD 678
26/08/14 00:27:32 INFO SparkContext: Starting job: call at /opt/spark/python/lib/py4j-0.10.9.7-src.zip/py4j/clientserver.py:617
26/08/14 00:27:32 INFO DAGScheduler: Registering RDD 701 (call at /opt/spark/python/lib/py4j-0.10.9.7-src.zip/py4j/clientserver.py:617) as input to shuffle 49
26/08/14 00:27:32 INFO DAGScheduler: Got job 60 (call at /opt/spark/python/lib/py4j-0.10.9.7-src.zip/py4j/clientserver.py:617) with 1 output partitions
26/08/14 00:27:32 INFO DAGScheduler: Final stage: ResultStage 110 (call at /opt/spark/python/lib/py4j-0.10.9.7-src.zip/py4j/clientserver.py:617)
26/08/14 00:27:32 INFO DAGScheduler: Parents of final stage: List(ShuffleMapStage 109)
26/08/14 00:27:32 INFO DAGScheduler: Missing parents: List(ShuffleMapStage 109)
26/08/14 00:27:32 INFO DAGScheduler: Submitting ShuffleMapStage 109 (MapPartitionsRDD[701] at call at /opt/spark/python/lib/py4j-0.10.9.7-src.zip/py4j/clientserver.py:617), which has no missing parents
26/08/14 00:27:32 INFO MemoryStore: Block broadcast_108 stored as values in memory (estimated size 66.1 KiB, free 191.0 MiB)
26/08/14 00:27:32 INFO MemoryStore: Block broadcast_108_piece0 stored as bytes in memory (estimated size 24.8 KiB, free 191.0 MiB)
26/08/14 00:27:32 INFO BlockManagerInfo: Added broadcast_108_piece0 in memory on spark-driver:40129 (size: 24.8 KiB, free: 191.2 MiB)
26/08/14 00:27:32 INFO SparkContext: Created broadcast 108 from broadcast at DAGScheduler.scala:1585
26/08/14 00:27:32 INFO DAGScheduler: Submitting 6 missing tasks from ShuffleMapStage 109 (MapPartitionsRDD[701] at call at /opt/spark/python/lib/py4j-0.10.9.7-src.zip/py4j/clientserver.py:617) (first 15 tasks are for partitions Vector(0, 1, 2, 3, 4, 5))
26/08/14 00:27:32 INFO TaskSchedulerImpl: Adding task set 109.0 with 6 tasks resource profile 0
26/08/14 00:27:32 INFO TaskSetManager: Starting task 2.0 in stage 109.0 (TID 393) (172.26.0.13, executor 1, partition 2, PROCESS_LOCAL, 9921 bytes) 
26/08/14 00:27:32 INFO TaskSetManager: Starting task 0.0 in stage 109.0 (TID 394) (172.26.0.12, executor 0, partition 0, PROCESS_LOCAL, 9921 bytes) 
26/08/14 00:27:32 INFO TaskSetManager: Starting task 3.0 in stage 109.0 (TID 395) (172.26.0.13, executor 1, partition 3, PROCESS_LOCAL, 9921 bytes) 
26/08/14 00:27:32 INFO TaskSetManager: Starting task 1.0 in stage 109.0 (TID 396) (172.26.0.12, executor 0, partition 1, PROCESS_LOCAL, 9921 bytes) 
26/08/14 00:27:32 INFO TaskSetManager: Starting task 4.0 in stage 109.0 (TID 397) (172.26.0.13, executor 1, partition 4, PROCESS_LOCAL, 9921 bytes) 
26/08/14 00:27:32 INFO TaskSetManager: Starting task 5.0 in stage 109.0 (TID 398) (172.26.0.12, executor 0, partition 5, PROCESS_LOCAL, 9921 bytes) 
26/08/14 00:27:32 INFO BlockManagerInfo: Added broadcast_108_piece0 in memory on 172.26.0.13:34511 (size: 24.8 KiB, free: 413.2 MiB)
26/08/14 00:27:32 INFO BlockManagerInfo: Added broadcast_108_piece0 in memory on 172.26.0.12:33073 (size: 24.8 KiB, free: 413.1 MiB)
26/08/14 00:27:32 INFO TaskSetManager: Finished task 2.0 in stage 109.0 (TID 393) in 14 ms on 172.26.0.13 (executor 1) (1/6)
26/08/14 00:27:32 INFO TaskSetManager: Finished task 4.0 in stage 109.0 (TID 397) in 15 ms on 172.26.0.13 (executor 1) (2/6)
26/08/14 00:27:32 INFO TaskSetManager: Finished task 3.0 in stage 109.0 (TID 395) in 15 ms on 172.26.0.13 (executor 1) (3/6)
26/08/14 00:27:32 INFO TaskSetManager: Finished task 5.0 in stage 109.0 (TID 398) in 16 ms on 172.26.0.12 (executor 0) (4/6)
26/08/14 00:27:32 INFO TaskSetManager: Finished task 1.0 in stage 109.0 (TID 396) in 18 ms on 172.26.0.12 (executor 0) (5/6)
26/08/14 00:27:32 INFO TaskSetManager: Finished task 0.0 in stage 109.0 (TID 394) in 18 ms on 172.26.0.12 (executor 0) (6/6)
26/08/14 00:27:32 INFO TaskSchedulerImpl: Removed TaskSet 109.0, whose tasks have all completed, from pool 
26/08/14 00:27:32 INFO DAGScheduler: ShuffleMapStage 109 (call at /opt/spark/python/lib/py4j-0.10.9.7-src.zip/py4j/clientserver.py:617) finished in 0.023 s
26/08/14 00:27:32 INFO DAGScheduler: looking for newly runnable stages
26/08/14 00:27:32 INFO DAGScheduler: running: Set()
26/08/14 00:27:32 INFO DAGScheduler: waiting: Set(ResultStage 110)
26/08/14 00:27:32 INFO DAGScheduler: failed: Set()
26/08/14 00:27:32 INFO DAGScheduler: Submitting ResultStage 110 (MapPartitionsRDD[704] at call at /opt/spark/python/lib/py4j-0.10.9.7-src.zip/py4j/clientserver.py:617), which has no missing parents
26/08/14 00:27:32 INFO MemoryStore: Block broadcast_109 stored as values in memory (estimated size 13.1 KiB, free 191.0 MiB)
26/08/14 00:27:32 INFO MemoryStore: Block broadcast_109_piece0 stored as bytes in memory (estimated size 6.1 KiB, free 191.0 MiB)
26/08/14 00:27:32 INFO BlockManagerInfo: Added broadcast_109_piece0 in memory on spark-driver:40129 (size: 6.1 KiB, free: 191.1 MiB)
26/08/14 00:27:32 INFO SparkContext: Created broadcast 109 from broadcast at DAGScheduler.scala:1585
26/08/14 00:27:32 INFO DAGScheduler: Submitting 1 missing tasks from ResultStage 110 (MapPartitionsRDD[704] at call at /opt/spark/python/lib/py4j-0.10.9.7-src.zip/py4j/clientserver.py:617) (first 15 tasks are for partitions Vector(0))
26/08/14 00:27:32 INFO TaskSchedulerImpl: Adding task set 110.0 with 1 tasks resource profile 0
26/08/14 00:27:32 INFO TaskSetManager: Starting task 0.0 in stage 110.0 (TID 399) (172.26.0.12, executor 0, partition 0, NODE_LOCAL, 9003 bytes) 
26/08/14 00:27:32 INFO BlockManagerInfo: Added broadcast_109_piece0 in memory on 172.26.0.12:33073 (size: 6.1 KiB, free: 413.1 MiB)
26/08/14 00:27:32 INFO MapOutputTrackerMasterEndpoint: Asked to send map output locations for shuffle 49 to 172.26.0.12:49600
26/08/14 00:27:32 INFO TaskSetManager: Finished task 0.0 in stage 110.0 (TID 399) in 11 ms on 172.26.0.12 (executor 0) (1/1)
26/08/14 00:27:32 INFO TaskSchedulerImpl: Removed TaskSet 110.0, whose tasks have all completed, from pool 
26/08/14 00:27:32 INFO DAGScheduler: ResultStage 110 (call at /opt/spark/python/lib/py4j-0.10.9.7-src.zip/py4j/clientserver.py:617) finished in 0.015 s
26/08/14 00:27:32 INFO DAGScheduler: Job 60 is finished. Cancelling potential speculative or zombie tasks for this job
26/08/14 00:27:32 INFO TaskSchedulerImpl: Killing all running tasks in stage 110: Stage finished
26/08/14 00:27:32 INFO DAGScheduler: Job 60 finished: call at /opt/spark/python/lib/py4j-0.10.9.7-src.zip/py4j/clientserver.py:617, took 0.040675 s
2026-08-14 00:27:32,927 INFO  [stream] batch=10 in=2358 written=6607 late=0 dlq=467 287.54s (8 rows/s)
26/08/14 00:27:32 INFO MapPartitionsRDD: Removing RDD 640 from persistence list
26/08/14 00:27:32 INFO BlockManager: Removing RDD 640
26/08/14 00:27:32 INFO WatermarkTracker: Updating event-time watermark from 1786666842242 to 1786666845209 ms
26/08/14 00:27:32 INFO CheckpointFileManager: Writing atomically to file:/opt/checkpoints/trips/commits/10 using temp file file:/opt/checkpoints/trips/commits/.10.7fd35b04-ddec-4ea1-8376-d3752d36273c.tmp
26/08/14 00:27:32 INFO CheckpointFileManager: Renamed temp file file:/opt/checkpoints/trips/commits/.10.7fd35b04-ddec-4ea1-8376-d3752d36273c.tmp to file:/opt/checkpoints/trips/commits/10
26/08/14 00:27:32 INFO MicroBatchExecution: Streaming query made progress: {
  "id" : "b85a33a4-dee1-4170-b062-c47d2470428c",
  "runId" : "5a4a512e-2b33-436f-89d6-2ad644eee1fd",
  "name" : "trips-ingest-ab_ab_no_backoff_1",
  "timestamp" : "2026-08-14T00:22:45.273Z",
  "batchId" : 10,
  "numInputRows" : 2358,
  "inputRowsPerSecond" : 802.0408163265306,
  "processedRowsPerSecond" : 8.196550357686611,
  "durationMs" : {
    "addBatch" : 287579,
    "commitOffsets" : 23,
    "getBatch" : 0,
    "latestOffset" : 25,
    "queryPlanning" : 21,
    "triggerExecution" : 287682,
    "walCommit" : 28
  },
  "eventTime" : {
    "avg" : "2026-08-14T00:22:42.284Z",
    "max" : "2026-08-14T00:22:45.209Z",
    "min" : "2026-08-14T00:22:39.398Z",
    "watermark" : "2026-08-14T00:20:42.242Z"
  },
  "stateOperators" : [ ],
  "sources" : [ {
    "description" : "KafkaV2[Subscribe[trips.raw]]",
    "startOffset" : {
      "trips.raw" : {
        "2" : 270022,
        "5" : 268453,
        "4" : 269751,
        "1" : 269507,
        "3" : 269949,
        "0" : 269830
      }
    },
    "endOffset" : {
      "trips.raw" : {
        "2" : 270425,
        "5" : 268851,
        "4" : 270138,
        "1" : 269882,
        "3" : 270345,
        "0" : 270229
      }
    },
    "latestOffset" : {
      "trips.raw" : {
        "2" : 270425,
        "5" : 268851,
        "4" : 270138,
        "1" : 269882,
        "3" : 270345,
        "0" : 270229
      }
    },
    "numInputRows" : 2358,
    "inputRowsPerSecond" : 802.0408163265306,
    "processedRowsPerSecond" : 8.196550357686611,
    "metrics" : {
      "avgOffsetsBehindLatest" : "0.0",
      "maxOffsetsBehindLatest" : "0",
      "minOffsetsBehindLatest" : "0"
    }
  } ],
  "sink" : {
    "description" : "ForeachBatchSink",
    "numOutputRows" : -1
  }
}
26/08/14 00:27:32 INFO CheckpointFileManager: Writing atomically to file:/opt/checkpoints/trips/offsets/11 using temp file file:/opt/checkpoints/trips/offsets/.11.33739ea0-d46e-45af-b53c-cf0c7a19eaf6.tmp
26/08/14 00:27:32 INFO CheckpointFileManager: Renamed temp file file:/opt/checkpoints/trips/offsets/.11.33739ea0-d46e-45af-b53c-cf0c7a19eaf6.tmp to file:/opt/checkpoints/trips/offsets/11
26/08/14 00:27:32 INFO MicroBatchExecution: Committed offsets for batch 11. Metadata OffsetSeqMetadata(1786666845209,1786667252962,Map(spark.sql.streaming.stateStore.providerClass -> org.apache.spark.sql.execution.streaming.state.HDFSBackedStateStoreProvider, spark.sql.streaming.join.stateFormatVersion -> 2, spark.sql.streaming.stateStore.compression.codec -> lz4, spark.sql.streaming.stateStore.rocksdb.formatVersion -> 5, spark.sql.streaming.statefulOperator.useStrictDistribution -> true, spark.sql.streaming.flatMapGroupsWithState.stateFormatVersion -> 2, spark.sql.streaming.multipleWatermarkPolicy -> min, spark.sql.streaming.aggregation.stateFormatVersion -> 2, spark.sql.shuffle.partitions -> 6))
26/08/14 00:27:33 INFO KafkaOffsetReaderAdmin: Partitions added: Map()
26/08/14 00:27:33 INFO KafkaOffsetReaderAdmin: Partitions added: Map()
26/08/14 00:27:33 INFO BlockManagerInfo: Removed broadcast_108_piece0 on spark-driver:40129 in memory (size: 24.8 KiB, free: 191.2 MiB)
26/08/14 00:27:33 INFO BlockManagerInfo: Removed broadcast_108_piece0 on 172.26.0.12:33073 in memory (size: 24.8 KiB, free: 413.9 MiB)
26/08/14 00:27:33 INFO KafkaOffsetReaderAdmin: Partitions added: Map()
26/08/14 00:27:33 INFO KafkaOffsetReaderAdmin: Partitions added: Map()
26/08/14 00:27:33 INFO BlockManagerInfo: Removed broadcast_108_piece0 on 172.26.0.13:34511 in memory (size: 24.8 KiB, free: 413.9 MiB)
26/08/14 00:27:33 INFO BlockManagerInfo: Removed broadcast_109_piece0 on spark-driver:40129 in memory (size: 6.1 KiB, free: 191.2 MiB)
26/08/14 00:27:33 INFO BlockManagerInfo: Removed broadcast_109_piece0 on 172.26.0.12:33073 in memory (size: 6.1 KiB, free: 413.9 MiB)
2026-08-14 00:27:33,044 INFO  [stream] Received command c on object id p0
26/08/14 00:27:33 INFO BlockManagerInfo: Removed broadcast_107_piece0 on spark-driver:40129 in memory (size: 34.2 KiB, free: 191.2 MiB)
26/08/14 00:27:33 INFO BlockManagerInfo: Removed broadcast_107_piece0 on 172.26.0.12:33073 in memory (size: 34.2 KiB, free: 413.9 MiB)
26/08/14 00:27:33 INFO BlockManagerInfo: Removed broadcast_107_piece0 on 172.26.0.13:34511 in memory (size: 34.2 KiB, free: 413.9 MiB)
26/08/14 00:27:33 INFO SparkContext: Starting job: count at <unknown>:0
26/08/14 00:27:33 INFO DAGScheduler: Registering RDD 719 (count at <unknown>:0) as input to shuffle 50
26/08/14 00:27:33 INFO DAGScheduler: Got job 61 (count at <unknown>:0) with 1 output partitions
26/08/14 00:27:33 INFO DAGScheduler: Final stage: ResultStage 112 (count at <unknown>:0)
26/08/14 00:27:33 INFO DAGScheduler: Parents of final stage: List(ShuffleMapStage 111)
26/08/14 00:27:33 INFO DAGScheduler: Missing parents: List(ShuffleMapStage 111)
26/08/14 00:27:33 INFO DAGScheduler: Submitting ShuffleMapStage 111 (MapPartitionsRDD[719] at count at <unknown>:0), which has no missing parents
26/08/14 00:27:33 INFO MemoryStore: Block broadcast_110 stored as values in memory (estimated size 64.6 KiB, free 191.1 MiB)
26/08/14 00:27:33 INFO MemoryStore: Block broadcast_110_piece0 stored as bytes in memory (estimated size 24.1 KiB, free 191.1 MiB)
26/08/14 00:27:33 INFO BlockManagerInfo: Added broadcast_110_piece0 in memory on spark-driver:40129 (size: 24.1 KiB, free: 191.2 MiB)
26/08/14 00:27:33 INFO SparkContext: Created broadcast 110 from broadcast at DAGScheduler.scala:1585
26/08/14 00:27:33 INFO DAGScheduler: Submitting 6 missing tasks from ShuffleMapStage 111 (MapPartitionsRDD[719] at count at <unknown>:0) (first 15 tasks are for partitions Vector(0, 1, 2, 3, 4, 5))
26/08/14 00:27:33 INFO TaskSchedulerImpl: Adding task set 111.0 with 6 tasks resource profile 0
26/08/14 00:27:33 INFO TaskSetManager: Starting task 2.0 in stage 111.0 (TID 400) (172.26.0.13, executor 1, partition 2, PROCESS_LOCAL, 9921 bytes) 
26/08/14 00:27:33 INFO TaskSetManager: Starting task 0.0 in stage 111.0 (TID 401) (172.26.0.12, executor 0, partition 0, PROCESS_LOCAL, 9921 bytes) 
26/08/14 00:27:33 INFO TaskSetManager: Starting task 3.0 in stage 111.0 (TID 402) (172.26.0.13, executor 1, partition 3, PROCESS_LOCAL, 9921 bytes) 
26/08/14 00:27:33 INFO TaskSetManager: Starting task 1.0 in stage 111.0 (TID 403) (172.26.0.12, executor 0, partition 1, PROCESS_LOCAL, 9921 bytes) 
26/08/14 00:27:33 INFO TaskSetManager: Starting task 4.0 in stage 111.0 (TID 404) (172.26.0.13, executor 1, partition 4, PROCESS_LOCAL, 9921 bytes) 
26/08/14 00:27:33 INFO TaskSetManager: Starting task 5.0 in stage 111.0 (TID 405) (172.26.0.12, executor 0, partition 5, PROCESS_LOCAL, 9921 bytes) 
26/08/14 00:27:33 INFO BlockManagerInfo: Added broadcast_110_piece0 in memory on 172.26.0.12:33073 (size: 24.1 KiB, free: 413.9 MiB)
26/08/14 00:27:33 INFO BlockManagerInfo: Added broadcast_110_piece0 in memory on 172.26.0.13:34511 (size: 24.1 KiB, free: 413.9 MiB)
26/08/14 00:27:34 INFO BlockManagerInfo: Added rdd_714_3 in memory on 172.26.0.13:34511 (size: 4.4 MiB, free: 409.5 MiB)
26/08/14 00:27:34 INFO BlockManagerInfo: Added rdd_714_2 in memory on 172.26.0.13:34511 (size: 4.3 MiB, free: 405.2 MiB)
26/08/14 00:27:34 INFO TaskSetManager: Finished task 3.0 in stage 111.0 (TID 402) in 1237 ms on 172.26.0.13 (executor 1) (1/6)
26/08/14 00:27:34 INFO TaskSetManager: Finished task 2.0 in stage 111.0 (TID 400) in 1238 ms on 172.26.0.13 (executor 1) (2/6)
26/08/14 00:27:34 INFO BlockManagerInfo: Added rdd_714_5 in memory on 172.26.0.12:33073 (size: 4.4 MiB, free: 409.5 MiB)
26/08/14 00:27:34 INFO BlockManagerInfo: Added rdd_714_1 in memory on 172.26.0.12:33073 (size: 4.5 MiB, free: 405.0 MiB)
26/08/14 00:27:34 INFO BlockManagerInfo: Added rdd_714_4 in memory on 172.26.0.13:34511 (size: 4.5 MiB, free: 400.7 MiB)
26/08/14 00:27:34 INFO BlockManagerInfo: Added rdd_714_0 in memory on 172.26.0.12:33073 (size: 4.5 MiB, free: 400.5 MiB)
26/08/14 00:27:34 INFO TaskSetManager: Finished task 5.0 in stage 111.0 (TID 405) in 1249 ms on 172.26.0.12 (executor 0) (3/6)
26/08/14 00:27:34 INFO TaskSetManager: Finished task 0.0 in stage 111.0 (TID 401) in 1249 ms on 172.26.0.12 (executor 0) (4/6)
26/08/14 00:27:34 INFO TaskSetManager: Finished task 1.0 in stage 111.0 (TID 403) in 1249 ms on 172.26.0.12 (executor 0) (5/6)
26/08/14 00:27:34 INFO TaskSetManager: Finished task 4.0 in stage 111.0 (TID 404) in 1249 ms on 172.26.0.13 (executor 1) (6/6)
26/08/14 00:27:34 INFO TaskSchedulerImpl: Removed TaskSet 111.0, whose tasks have all completed, from pool 
26/08/14 00:27:34 INFO DAGScheduler: ShuffleMapStage 111 (count at <unknown>:0) finished in 1.255 s
26/08/14 00:27:34 INFO DAGScheduler: looking for newly runnable stages
26/08/14 00:27:34 INFO DAGScheduler: running: Set()
26/08/14 00:27:34 INFO DAGScheduler: waiting: Set(ResultStage 112)
26/08/14 00:27:34 INFO DAGScheduler: failed: Set()
26/08/14 00:27:34 INFO DAGScheduler: Submitting ResultStage 112 (MapPartitionsRDD[722] at count at <unknown>:0), which has no missing parents
26/08/14 00:27:34 INFO MemoryStore: Block broadcast_111 stored as values in memory (estimated size 12.5 KiB, free 191.1 MiB)
26/08/14 00:27:34 INFO MemoryStore: Block broadcast_111_piece0 stored as bytes in memory (estimated size 5.9 KiB, free 191.1 MiB)
26/08/14 00:27:34 INFO BlockManagerInfo: Added broadcast_111_piece0 in memory on spark-driver:40129 (size: 5.9 KiB, free: 191.2 MiB)
26/08/14 00:27:34 INFO SparkContext: Created broadcast 111 from broadcast at DAGScheduler.scala:1585
26/08/14 00:27:34 INFO DAGScheduler: Submitting 1 missing tasks from ResultStage 112 (MapPartitionsRDD[722] at count at <unknown>:0) (first 15 tasks are for partitions Vector(0))
26/08/14 00:27:34 INFO TaskSchedulerImpl: Adding task set 112.0 with 1 tasks resource profile 0
26/08/14 00:27:34 INFO BlockManager: Removing RDD 295
26/08/14 00:27:34 INFO TaskSetManager: Starting task 0.0 in stage 112.0 (TID 406) (172.26.0.12, executor 0, partition 0, NODE_LOCAL, 9003 bytes) 
26/08/14 00:27:34 INFO BlockManager: Removing RDD 333
26/08/14 00:27:34 INFO BlockManagerInfo: Added broadcast_111_piece0 in memory on 172.26.0.12:33073 (size: 5.9 KiB, free: 400.5 MiB)
26/08/14 00:27:34 INFO MapOutputTrackerMasterEndpoint: Asked to send map output locations for shuffle 50 to 172.26.0.12:49600
26/08/14 00:27:34 INFO BlockManager: Removing RDD 126
26/08/14 00:27:34 INFO TaskSetManager: Finished task 0.0 in stage 112.0 (TID 406) in 20 ms on 172.26.0.12 (executor 0) (1/1)
26/08/14 00:27:34 INFO TaskSchedulerImpl: Removed TaskSet 112.0, whose tasks have all completed, from pool 
26/08/14 00:27:34 INFO DAGScheduler: ResultStage 112 (count at <unknown>:0) finished in 0.284 s
26/08/14 00:27:34 INFO DAGScheduler: Job 61 is finished. Cancelling potential speculative or zombie tasks for this job
26/08/14 00:27:34 INFO TaskSchedulerImpl: Killing all running tasks in stage 112: Stage finished
26/08/14 00:27:34 INFO DAGScheduler: Job 61 finished: count at <unknown>:0, took 1.543577 s
26/08/14 00:27:34 INFO BlockManager: Removing RDD 57
26/08/14 00:27:34 INFO BlockManager: Removing RDD 88
26/08/14 00:27:34 INFO BlockManager: Removing RDD 195
26/08/14 00:27:34 INFO BlockManager: Removing RDD 9
26/08/14 00:27:34 INFO BlockManager: Removing RDD 502
26/08/14 00:27:34 INFO SparkContext: Starting job: count at <unknown>:0
26/08/14 00:27:34 INFO DAGScheduler: Registering RDD 727 (count at <unknown>:0) as input to shuffle 51
26/08/14 00:27:34 INFO DAGScheduler: Got job 62 (count at <unknown>:0) with 1 output partitions
26/08/14 00:27:34 INFO DAGScheduler: Final stage: ResultStage 114 (count at <unknown>:0)
26/08/14 00:27:34 INFO DAGScheduler: Parents of final stage: List(ShuffleMapStage 113)
26/08/14 00:27:34 INFO DAGScheduler: Missing parents: List(ShuffleMapStage 113)
26/08/14 00:27:34 INFO BlockManager: Removing RDD 27
26/08/14 00:27:34 INFO DAGScheduler: Submitting ShuffleMapStage 113 (MapPartitionsRDD[727] at count at <unknown>:0), which has no missing parents
26/08/14 00:27:34 INFO MemoryStore: Block broadcast_112 stored as values in memory (estimated size 64.9 KiB, free 191.0 MiB)
26/08/14 00:27:34 INFO MemoryStore: Block broadcast_112_piece0 stored as bytes in memory (estimated size 24.2 KiB, free 191.0 MiB)
26/08/14 00:27:34 INFO BlockManagerInfo: Added broadcast_112_piece0 in memory on spark-driver:40129 (size: 24.2 KiB, free: 191.2 MiB)
26/08/14 00:27:34 INFO SparkContext: Created broadcast 112 from broadcast at DAGScheduler.scala:1585
26/08/14 00:27:34 INFO DAGScheduler: Submitting 6 missing tasks from ShuffleMapStage 113 (MapPartitionsRDD[727] at count at <unknown>:0) (first 15 tasks are for partitions Vector(0, 1, 2, 3, 4, 5))
26/08/14 00:27:34 INFO TaskSchedulerImpl: Adding task set 113.0 with 6 tasks resource profile 0
26/08/14 00:27:34 INFO BlockManager: Removing RDD 433
26/08/14 00:27:34 INFO TaskSetManager: Starting task 0.0 in stage 113.0 (TID 407) (172.26.0.12, executor 0, partition 0, PROCESS_LOCAL, 9921 bytes) 
26/08/14 00:27:34 INFO TaskSetManager: Starting task 2.0 in stage 113.0 (TID 408) (172.26.0.13, executor 1, partition 2, PROCESS_LOCAL, 9921 bytes) 
26/08/14 00:27:34 INFO TaskSetManager: Starting task 1.0 in stage 113.0 (TID 409) (172.26.0.12, executor 0, partition 1, PROCESS_LOCAL, 9921 bytes) 
26/08/14 00:27:34 INFO TaskSetManager: Starting task 3.0 in stage 113.0 (TID 410) (172.26.0.13, executor 1, partition 3, PROCESS_LOCAL, 9921 bytes) 
26/08/14 00:27:34 INFO TaskSetManager: Starting task 5.0 in stage 113.0 (TID 411) (172.26.0.12, executor 0, partition 5, PROCESS_LOCAL, 9921 bytes) 
26/08/14 00:27:34 INFO TaskSetManager: Starting task 4.0 in stage 113.0 (TID 412) (172.26.0.13, executor 1, partition 4, PROCESS_LOCAL, 9921 bytes) 
26/08/14 00:27:34 INFO BlockManager: Removing RDD 364
26/08/14 00:27:34 INFO BlockManager: Removing RDD 157
26/08/14 00:27:34 INFO BlockManagerInfo: Added broadcast_112_piece0 in memory on 172.26.0.12:33073 (size: 24.2 KiB, free: 400.5 MiB)
26/08/14 00:27:34 INFO BlockManagerInfo: Added broadcast_112_piece0 in memory on 172.26.0.13:34511 (size: 24.2 KiB, free: 400.7 MiB)
26/08/14 00:27:34 INFO BlockManager: Removing RDD 402
26/08/14 00:27:34 INFO TaskSetManager: Finished task 5.0 in stage 113.0 (TID 411) in 16 ms on 172.26.0.12 (executor 0) (1/6)
26/08/14 00:27:34 INFO TaskSetManager: Finished task 0.0 in stage 113.0 (TID 407) in 16 ms on 172.26.0.12 (executor 0) (2/6)
26/08/14 00:27:34 INFO TaskSetManager: Finished task 1.0 in stage 113.0 (TID 409) in 16 ms on 172.26.0.12 (executor 0) (3/6)
26/08/14 00:27:34 INFO BlockManager: Removing RDD 571
26/08/14 00:27:34 INFO BlockManager: Removing RDD 471
26/08/14 00:27:34 INFO BlockManager: Removing RDD 226
26/08/14 00:27:34 INFO BlockManager: Removing RDD 609
26/08/14 00:27:34 INFO BlockManager: Removing RDD 540
26/08/14 00:27:34 INFO TaskSetManager: Finished task 3.0 in stage 113.0 (TID 410) in 29 ms on 172.26.0.13 (executor 1) (4/6)
26/08/14 00:27:34 INFO BlockManager: Removing RDD 264
26/08/14 00:27:34 INFO TaskSetManager: Finished task 4.0 in stage 113.0 (TID 412) in 29 ms on 172.26.0.13 (executor 1) (5/6)
26/08/14 00:27:34 INFO TaskSetManager: Finished task 2.0 in stage 113.0 (TID 408) in 30 ms on 172.26.0.13 (executor 1) (6/6)
26/08/14 00:27:34 INFO TaskSchedulerImpl: Removed TaskSet 113.0, whose tasks have all completed, from pool 
26/08/14 00:27:34 INFO DAGScheduler: ShuffleMapStage 113 (count at <unknown>:0) finished in 0.034 s
26/08/14 00:27:34 INFO DAGScheduler: looking for newly runnable stages
26/08/14 00:27:34 INFO DAGScheduler: running: Set()
26/08/14 00:27:34 INFO DAGScheduler: waiting: Set(ResultStage 114)
26/08/14 00:27:34 INFO DAGScheduler: failed: Set()
26/08/14 00:27:34 INFO DAGScheduler: Submitting ResultStage 114 (MapPartitionsRDD[730] at count at <unknown>:0), which has no missing parents
26/08/14 00:27:34 INFO MemoryStore: Block broadcast_113 stored as values in memory (estimated size 12.5 KiB, free 191.0 MiB)
26/08/14 00:27:34 INFO MemoryStore: Block broadcast_113_piece0 stored as bytes in memory (estimated size 5.9 KiB, free 191.0 MiB)
26/08/14 00:27:34 INFO BlockManagerInfo: Added broadcast_113_piece0 in memory on spark-driver:40129 (size: 5.9 KiB, free: 191.2 MiB)
26/08/14 00:27:34 INFO SparkContext: Created broadcast 113 from broadcast at DAGScheduler.scala:1585
26/08/14 00:27:34 INFO DAGScheduler: Submitting 1 missing tasks from ResultStage 114 (MapPartitionsRDD[730] at count at <unknown>:0) (first 15 tasks are for partitions Vector(0))
26/08/14 00:27:34 INFO TaskSchedulerImpl: Adding task set 114.0 with 1 tasks resource profile 0
26/08/14 00:27:34 INFO TaskSetManager: Starting task 0.0 in stage 114.0 (TID 413) (172.26.0.13, executor 1, partition 0, NODE_LOCAL, 9003 bytes) 
26/08/14 00:27:34 INFO BlockManagerInfo: Added broadcast_113_piece0 in memory on 172.26.0.13:34511 (size: 5.9 KiB, free: 400.7 MiB)
26/08/14 00:27:34 INFO MapOutputTrackerMasterEndpoint: Asked to send map output locations for shuffle 51 to 172.26.0.13:50552
26/08/14 00:27:34 INFO TaskSetManager: Finished task 0.0 in stage 114.0 (TID 413) in 11 ms on 172.26.0.13 (executor 1) (1/1)
26/08/14 00:27:34 INFO TaskSchedulerImpl: Removed TaskSet 114.0, whose tasks have all completed, from pool 
26/08/14 00:27:34 INFO DAGScheduler: ResultStage 114 (count at <unknown>:0) finished in 0.013 s
26/08/14 00:27:34 INFO DAGScheduler: Job 62 is finished. Cancelling potential speculative or zombie tasks for this job
26/08/14 00:27:34 INFO TaskSchedulerImpl: Killing all running tasks in stage 114: Stage finished
26/08/14 00:27:34 INFO DAGScheduler: Job 62 finished: count at <unknown>:0, took 0.050868 s
26/08/14 00:27:34 INFO CodeGenerator: Code generated in 5.16375 ms
26/08/14 00:27:34 INFO DefaultCachedBatchSerializer: Predicate isnotnull(event_time#89-T120000ms) generates partition filter: ((event_time.count#35640 - event_time.nullCount#35639) > 0)
26/08/14 00:27:34 INFO DefaultCachedBatchSerializer: Predicate (event_time#89-T120000ms < 2026-08-14 00:20:45.209) generates partition filter: (event_time.lowerBound#35638 < 2026-08-14 00:20:45.209)
26/08/14 00:27:34 INFO BlockManagerInfo: Removed broadcast_113_piece0 on 172.26.0.13:34511 in memory (size: 5.9 KiB, free: 400.7 MiB)
26/08/14 00:27:34 INFO BlockManagerInfo: Removed broadcast_113_piece0 on spark-driver:40129 in memory (size: 5.9 KiB, free: 191.2 MiB)
26/08/14 00:27:34 INFO SparkContext: Starting job: count at <unknown>:0
26/08/14 00:27:34 INFO DAGScheduler: Registering RDD 735 (count at <unknown>:0) as input to shuffle 52
26/08/14 00:27:34 INFO DAGScheduler: Got job 63 (count at <unknown>:0) with 1 output partitions
26/08/14 00:27:34 INFO DAGScheduler: Final stage: ResultStage 116 (count at <unknown>:0)
26/08/14 00:27:34 INFO DAGScheduler: Parents of final stage: List(ShuffleMapStage 115)
26/08/14 00:27:34 INFO DAGScheduler: Missing parents: List(ShuffleMapStage 115)
26/08/14 00:27:34 INFO BlockManagerInfo: Removed broadcast_112_piece0 on spark-driver:40129 in memory (size: 24.2 KiB, free: 191.2 MiB)
26/08/14 00:27:34 INFO DAGScheduler: Submitting ShuffleMapStage 115 (MapPartitionsRDD[735] at count at <unknown>:0), which has no missing parents
26/08/14 00:27:34 INFO BlockManagerInfo: Removed broadcast_112_piece0 on 172.26.0.13:34511 in memory (size: 24.2 KiB, free: 400.7 MiB)
26/08/14 00:27:34 INFO BlockManagerInfo: Removed broadcast_112_piece0 on 172.26.0.12:33073 in memory (size: 24.2 KiB, free: 400.5 MiB)
26/08/14 00:27:34 INFO MemoryStore: Block broadcast_114 stored as values in memory (estimated size 67.2 KiB, free 191.0 MiB)
26/08/14 00:27:34 INFO MemoryStore: Block broadcast_114_piece0 stored as bytes in memory (estimated size 25.6 KiB, free 191.0 MiB)
26/08/14 00:27:34 INFO BlockManagerInfo: Added broadcast_114_piece0 in memory on spark-driver:40129 (size: 25.6 KiB, free: 191.2 MiB)
26/08/14 00:27:34 INFO SparkContext: Created broadcast 114 from broadcast at DAGScheduler.scala:1585
26/08/14 00:27:34 INFO DAGScheduler: Submitting 6 missing tasks from ShuffleMapStage 115 (MapPartitionsRDD[735] at count at <unknown>:0) (first 15 tasks are for partitions Vector(0, 1, 2, 3, 4, 5))
26/08/14 00:27:34 INFO TaskSchedulerImpl: Adding task set 115.0 with 6 tasks resource profile 0
26/08/14 00:27:34 INFO TaskSetManager: Starting task 2.0 in stage 115.0 (TID 414) (172.26.0.13, executor 1, partition 2, PROCESS_LOCAL, 9921 bytes) 
26/08/14 00:27:34 INFO TaskSetManager: Starting task 0.0 in stage 115.0 (TID 415) (172.26.0.12, executor 0, partition 0, PROCESS_LOCAL, 9921 bytes) 
26/08/14 00:27:34 INFO TaskSetManager: Starting task 3.0 in stage 115.0 (TID 416) (172.26.0.13, executor 1, partition 3, PROCESS_LOCAL, 9921 bytes) 
26/08/14 00:27:34 INFO TaskSetManager: Starting task 1.0 in stage 115.0 (TID 417) (172.26.0.12, executor 0, partition 1, PROCESS_LOCAL, 9921 bytes) 
26/08/14 00:27:34 INFO TaskSetManager: Starting task 4.0 in stage 115.0 (TID 418) (172.26.0.13, executor 1, partition 4, PROCESS_LOCAL, 9921 bytes) 
26/08/14 00:27:34 INFO TaskSetManager: Starting task 5.0 in stage 115.0 (TID 419) (172.26.0.12, executor 0, partition 5, PROCESS_LOCAL, 9921 bytes) 
26/08/14 00:27:34 INFO BlockManagerInfo: Added broadcast_114_piece0 in memory on 172.26.0.13:34511 (size: 25.6 KiB, free: 400.7 MiB)
26/08/14 00:27:34 INFO BlockManagerInfo: Added broadcast_114_piece0 in memory on 172.26.0.12:33073 (size: 25.6 KiB, free: 400.5 MiB)
26/08/14 00:27:34 INFO TaskSetManager: Finished task 4.0 in stage 115.0 (TID 418) in 18 ms on 172.26.0.13 (executor 1) (1/6)
26/08/14 00:27:34 INFO TaskSetManager: Finished task 5.0 in stage 115.0 (TID 419) in 20 ms on 172.26.0.12 (executor 0) (2/6)
26/08/14 00:27:34 INFO TaskSetManager: Finished task 3.0 in stage 115.0 (TID 416) in 20 ms on 172.26.0.13 (executor 1) (3/6)
26/08/14 00:27:34 INFO TaskSetManager: Finished task 1.0 in stage 115.0 (TID 417) in 20 ms on 172.26.0.12 (executor 0) (4/6)
26/08/14 00:27:34 INFO TaskSetManager: Finished task 2.0 in stage 115.0 (TID 414) in 20 ms on 172.26.0.13 (executor 1) (5/6)
26/08/14 00:27:34 INFO TaskSetManager: Finished task 0.0 in stage 115.0 (TID 415) in 20 ms on 172.26.0.12 (executor 0) (6/6)
26/08/14 00:27:34 INFO TaskSchedulerImpl: Removed TaskSet 115.0, whose tasks have all completed, from pool 
26/08/14 00:27:34 INFO DAGScheduler: ShuffleMapStage 115 (count at <unknown>:0) finished in 0.026 s
26/08/14 00:27:34 INFO DAGScheduler: looking for newly runnable stages
26/08/14 00:27:34 INFO DAGScheduler: running: Set()
26/08/14 00:27:34 INFO DAGScheduler: waiting: Set(ResultStage 116)
26/08/14 00:27:34 INFO DAGScheduler: failed: Set()
26/08/14 00:27:34 INFO DAGScheduler: Submitting ResultStage 116 (MapPartitionsRDD[738] at count at <unknown>:0), which has no missing parents
26/08/14 00:27:34 INFO MemoryStore: Block broadcast_115 stored as values in memory (estimated size 12.5 KiB, free 191.0 MiB)
26/08/14 00:27:34 INFO MemoryStore: Block broadcast_115_piece0 stored as bytes in memory (estimated size 5.9 KiB, free 191.0 MiB)
26/08/14 00:27:34 INFO BlockManagerInfo: Added broadcast_115_piece0 in memory on spark-driver:40129 (size: 5.9 KiB, free: 191.2 MiB)
26/08/14 00:27:34 INFO SparkContext: Created broadcast 115 from broadcast at DAGScheduler.scala:1585
26/08/14 00:27:34 INFO DAGScheduler: Submitting 1 missing tasks from ResultStage 116 (MapPartitionsRDD[738] at count at <unknown>:0) (first 15 tasks are for partitions Vector(0))
26/08/14 00:27:34 INFO TaskSchedulerImpl: Adding task set 116.0 with 1 tasks resource profile 0
26/08/14 00:27:34 INFO TaskSetManager: Starting task 0.0 in stage 116.0 (TID 420) (172.26.0.13, executor 1, partition 0, NODE_LOCAL, 9003 bytes) 
26/08/14 00:27:34 INFO BlockManagerInfo: Added broadcast_115_piece0 in memory on 172.26.0.13:34511 (size: 5.9 KiB, free: 400.7 MiB)
26/08/14 00:27:34 INFO MapOutputTrackerMasterEndpoint: Asked to send map output locations for shuffle 52 to 172.26.0.13:50552
26/08/14 00:27:34 INFO TaskSetManager: Finished task 0.0 in stage 116.0 (TID 420) in 8 ms on 172.26.0.13 (executor 1) (1/1)
26/08/14 00:27:34 INFO TaskSchedulerImpl: Removed TaskSet 116.0, whose tasks have all completed, from pool 
26/08/14 00:27:34 INFO DAGScheduler: ResultStage 116 (count at <unknown>:0) finished in 0.010 s
26/08/14 00:27:34 INFO DAGScheduler: Job 63 is finished. Cancelling potential speculative or zombie tasks for this job
26/08/14 00:27:34 INFO TaskSchedulerImpl: Killing all running tasks in stage 116: Stage finished
26/08/14 00:27:34 INFO DAGScheduler: Job 63 finished: count at <unknown>:0, took 0.038733 s
26/08/14 00:27:34 INFO DefaultCachedBatchSerializer: Predicate isnotnull(kind#36197) generates partition filter: ((kind.count#36266 - kind.nullCount#36265) > 0)
26/08/14 00:27:34 INFO DefaultCachedBatchSerializer: Predicate (kind#36197 = stats) generates partition filter: ((kind.lowerBound#36264 <= stats) AND (stats <= kind.upperBound#36263))
26/08/14 00:27:34 INFO SparkContext: Starting job: call at /opt/spark/python/lib/py4j-0.10.9.7-src.zip/py4j/clientserver.py:617
26/08/14 00:27:34 INFO DAGScheduler: Got job 64 (call at /opt/spark/python/lib/py4j-0.10.9.7-src.zip/py4j/clientserver.py:617) with 6 output partitions
26/08/14 00:27:34 INFO DAGScheduler: Final stage: ResultStage 117 (call at /opt/spark/python/lib/py4j-0.10.9.7-src.zip/py4j/clientserver.py:617)
26/08/14 00:27:34 INFO DAGScheduler: Parents of final stage: List()
26/08/14 00:27:34 INFO DAGScheduler: Missing parents: List()
26/08/14 00:27:34 INFO DAGScheduler: Submitting ResultStage 117 (MapPartitionsRDD[757] at call at /opt/spark/python/lib/py4j-0.10.9.7-src.zip/py4j/clientserver.py:617), which has no missing parents
26/08/14 00:27:34 INFO MemoryStore: Block broadcast_116 stored as values in memory (estimated size 90.0 KiB, free 190.9 MiB)
26/08/14 00:27:34 INFO MemoryStore: Block broadcast_116_piece0 stored as bytes in memory (estimated size 34.0 KiB, free 190.9 MiB)
26/08/14 00:27:34 INFO BlockManagerInfo: Added broadcast_116_piece0 in memory on spark-driver:40129 (size: 34.0 KiB, free: 191.1 MiB)
26/08/14 00:27:34 INFO SparkContext: Created broadcast 116 from broadcast at DAGScheduler.scala:1585
26/08/14 00:27:34 INFO DAGScheduler: Submitting 6 missing tasks from ResultStage 117 (MapPartitionsRDD[757] at call at /opt/spark/python/lib/py4j-0.10.9.7-src.zip/py4j/clientserver.py:617) (first 15 tasks are for partitions Vector(0, 1, 2, 3, 4, 5))
26/08/14 00:27:34 INFO TaskSchedulerImpl: Adding task set 117.0 with 6 tasks resource profile 0
26/08/14 00:27:34 INFO TaskSetManager: Starting task 2.0 in stage 117.0 (TID 421) (172.26.0.13, executor 1, partition 2, PROCESS_LOCAL, 9932 bytes) 
26/08/14 00:27:34 INFO TaskSetManager: Starting task 0.0 in stage 117.0 (TID 422) (172.26.0.12, executor 0, partition 0, PROCESS_LOCAL, 9932 bytes) 
26/08/14 00:27:34 INFO TaskSetManager: Starting task 3.0 in stage 117.0 (TID 423) (172.26.0.13, executor 1, partition 3, PROCESS_LOCAL, 9932 bytes) 
26/08/14 00:27:34 INFO TaskSetManager: Starting task 1.0 in stage 117.0 (TID 424) (172.26.0.12, executor 0, partition 1, PROCESS_LOCAL, 9932 bytes) 
26/08/14 00:27:34 INFO TaskSetManager: Starting task 4.0 in stage 117.0 (TID 425) (172.26.0.13, executor 1, partition 4, PROCESS_LOCAL, 9932 bytes) 
26/08/14 00:27:34 INFO TaskSetManager: Starting task 5.0 in stage 117.0 (TID 426) (172.26.0.12, executor 0, partition 5, PROCESS_LOCAL, 9932 bytes) 
26/08/14 00:27:34 INFO BlockManagerInfo: Added broadcast_116_piece0 in memory on 172.26.0.13:34511 (size: 34.0 KiB, free: 400.6 MiB)
26/08/14 00:27:34 INFO BlockManagerInfo: Added broadcast_116_piece0 in memory on 172.26.0.12:33073 (size: 34.0 KiB, free: 400.5 MiB)
26/08/14 00:27:49 INFO BlockManagerInfo: Added rdd_752_2 in memory on 172.26.0.13:34511 (size: 1832.0 B, free: 400.6 MiB)
26/08/14 00:27:49 INFO BlockManagerInfo: Added rdd_752_3 in memory on 172.26.0.13:34511 (size: 1832.0 B, free: 400.6 MiB)
26/08/14 00:27:49 INFO TaskSetManager: Finished task 3.0 in stage 117.0 (TID 423) in 14911 ms on 172.26.0.13 (executor 1) (1/6)
26/08/14 00:27:49 INFO TaskSetManager: Finished task 2.0 in stage 117.0 (TID 421) in 14912 ms on 172.26.0.13 (executor 1) (2/6)
26/08/14 00:27:49 INFO BlockManagerInfo: Added rdd_752_4 in memory on 172.26.0.13:34511 (size: 1832.0 B, free: 400.6 MiB)
26/08/14 00:27:49 INFO TaskSetManager: Finished task 4.0 in stage 117.0 (TID 425) in 15089 ms on 172.26.0.13 (executor 1) (3/6)
26/08/14 00:27:49 INFO BlockManagerInfo: Added rdd_752_5 in memory on 172.26.0.12:33073 (size: 1832.0 B, free: 400.5 MiB)
26/08/14 00:27:49 INFO TaskSetManager: Finished task 5.0 in stage 117.0 (TID 426) in 15144 ms on 172.26.0.12 (executor 0) (4/6)
26/08/14 00:27:50 INFO BlockManagerInfo: Added rdd_752_1 in memory on 172.26.0.12:33073 (size: 1832.0 B, free: 400.5 MiB)
26/08/14 00:27:50 INFO BlockManagerInfo: Removed broadcast_115_piece0 on spark-driver:40129 in memory (size: 5.9 KiB, free: 191.1 MiB)
26/08/14 00:27:50 INFO BlockManagerInfo: Removed broadcast_115_piece0 on 172.26.0.13:34511 in memory (size: 5.9 KiB, free: 400.6 MiB)
26/08/14 00:27:50 INFO BlockManagerInfo: Removed broadcast_114_piece0 on spark-driver:40129 in memory (size: 25.6 KiB, free: 191.2 MiB)
26/08/14 00:27:50 INFO BlockManagerInfo: Removed broadcast_114_piece0 on 172.26.0.13:34511 in memory (size: 25.6 KiB, free: 400.6 MiB)
26/08/14 00:27:50 INFO TaskSetManager: Finished task 1.0 in stage 117.0 (TID 424) in 15224 ms on 172.26.0.12 (executor 0) (5/6)
26/08/14 00:27:50 INFO BlockManagerInfo: Removed broadcast_114_piece0 on 172.26.0.12:33073 in memory (size: 25.6 KiB, free: 400.5 MiB)
26/08/14 00:27:50 INFO BlockManagerInfo: Added rdd_752_0 in memory on 172.26.0.12:33073 (size: 1832.0 B, free: 400.5 MiB)
26/08/14 00:27:50 INFO TaskSetManager: Finished task 0.0 in stage 117.0 (TID 422) in 15286 ms on 172.26.0.12 (executor 0) (6/6)
26/08/14 00:27:50 INFO TaskSchedulerImpl: Removed TaskSet 117.0, whose tasks have all completed, from pool 
26/08/14 00:27:50 INFO DAGScheduler: ResultStage 117 (call at /opt/spark/python/lib/py4j-0.10.9.7-src.zip/py4j/clientserver.py:617) finished in 15.292 s
26/08/14 00:27:50 INFO DAGScheduler: Job 64 is finished. Cancelling potential speculative or zombie tasks for this job
26/08/14 00:27:50 INFO TaskSchedulerImpl: Killing all running tasks in stage 117: Stage finished
26/08/14 00:27:50 INFO DAGScheduler: Job 64 finished: call at /opt/spark/python/lib/py4j-0.10.9.7-src.zip/py4j/clientserver.py:617, took 15.296848 s
26/08/14 00:27:50 INFO DefaultCachedBatchSerializer: Predicate isnotnull(kind#36197) generates partition filter: ((kind.count#36349 - kind.nullCount#36348) > 0)
26/08/14 00:27:50 INFO DefaultCachedBatchSerializer: Predicate (kind#36197 = dlq) generates partition filter: ((kind.lowerBound#36347 <= dlq) AND (dlq <= kind.upperBound#36346))
26/08/14 00:27:50 INFO SparkContext: Starting job: count at <unknown>:0
26/08/14 00:27:50 INFO DAGScheduler: Registering RDD 762 (count at <unknown>:0) as input to shuffle 53
26/08/14 00:27:50 INFO DAGScheduler: Got job 65 (count at <unknown>:0) with 1 output partitions
26/08/14 00:27:50 INFO DAGScheduler: Final stage: ResultStage 119 (count at <unknown>:0)
26/08/14 00:27:50 INFO DAGScheduler: Parents of final stage: List(ShuffleMapStage 118)
26/08/14 00:27:50 INFO DAGScheduler: Missing parents: List(ShuffleMapStage 118)
26/08/14 00:27:50 INFO DAGScheduler: Submitting ShuffleMapStage 118 (MapPartitionsRDD[762] at count at <unknown>:0), which has no missing parents
26/08/14 00:27:50 INFO MemoryStore: Block broadcast_117 stored as values in memory (estimated size 92.2 KiB, free 190.9 MiB)
26/08/14 00:27:50 INFO MemoryStore: Block broadcast_117_piece0 stored as bytes in memory (estimated size 35.3 KiB, free 190.9 MiB)
26/08/14 00:27:50 INFO BlockManagerInfo: Added broadcast_117_piece0 in memory on spark-driver:40129 (size: 35.3 KiB, free: 191.1 MiB)
26/08/14 00:27:50 INFO SparkContext: Created broadcast 117 from broadcast at DAGScheduler.scala:1585
26/08/14 00:27:50 INFO DAGScheduler: Submitting 6 missing tasks from ShuffleMapStage 118 (MapPartitionsRDD[762] at count at <unknown>:0) (first 15 tasks are for partitions Vector(0, 1, 2, 3, 4, 5))
26/08/14 00:27:50 INFO TaskSchedulerImpl: Adding task set 118.0 with 6 tasks resource profile 0
26/08/14 00:27:50 INFO TaskSetManager: Starting task 2.0 in stage 118.0 (TID 427) (172.26.0.13, executor 1, partition 2, PROCESS_LOCAL, 9921 bytes) 
26/08/14 00:27:50 INFO TaskSetManager: Starting task 0.0 in stage 118.0 (TID 428) (172.26.0.12, executor 0, partition 0, PROCESS_LOCAL, 9921 bytes) 
26/08/14 00:27:50 INFO TaskSetManager: Starting task 3.0 in stage 118.0 (TID 429) (172.26.0.13, executor 1, partition 3, PROCESS_LOCAL, 9921 bytes) 
26/08/14 00:27:50 INFO TaskSetManager: Starting task 1.0 in stage 118.0 (TID 430) (172.26.0.12, executor 0, partition 1, PROCESS_LOCAL, 9921 bytes) 
26/08/14 00:27:50 INFO TaskSetManager: Starting task 4.0 in stage 118.0 (TID 431) (172.26.0.13, executor 1, partition 4, PROCESS_LOCAL, 9921 bytes) 
26/08/14 00:27:50 INFO TaskSetManager: Starting task 5.0 in stage 118.0 (TID 432) (172.26.0.12, executor 0, partition 5, PROCESS_LOCAL, 9921 bytes) 
26/08/14 00:27:50 INFO BlockManagerInfo: Added broadcast_117_piece0 in memory on 172.26.0.13:34511 (size: 35.3 KiB, free: 400.6 MiB)
26/08/14 00:27:50 INFO BlockManagerInfo: Added broadcast_117_piece0 in memory on 172.26.0.12:33073 (size: 35.3 KiB, free: 400.5 MiB)
26/08/14 00:27:50 INFO TaskSetManager: Finished task 0.0 in stage 118.0 (TID 428) in 71 ms on 172.26.0.12 (executor 0) (1/6)
26/08/14 00:27:50 INFO TaskSetManager: Finished task 5.0 in stage 118.0 (TID 432) in 71 ms on 172.26.0.12 (executor 0) (2/6)
26/08/14 00:27:50 INFO TaskSetManager: Finished task 1.0 in stage 118.0 (TID 430) in 73 ms on 172.26.0.12 (executor 0) (3/6)
26/08/14 00:27:50 INFO TaskSetManager: Finished task 3.0 in stage 118.0 (TID 429) in 81 ms on 172.26.0.13 (executor 1) (4/6)
26/08/14 00:27:50 INFO TaskSetManager: Finished task 2.0 in stage 118.0 (TID 427) in 83 ms on 172.26.0.13 (executor 1) (5/6)
26/08/14 00:27:50 INFO TaskSetManager: Finished task 4.0 in stage 118.0 (TID 431) in 82 ms on 172.26.0.13 (executor 1) (6/6)
26/08/14 00:27:50 INFO TaskSchedulerImpl: Removed TaskSet 118.0, whose tasks have all completed, from pool 
26/08/14 00:27:50 INFO DAGScheduler: ShuffleMapStage 118 (count at <unknown>:0) finished in 0.109 s
26/08/14 00:27:50 INFO DAGScheduler: looking for newly runnable stages
26/08/14 00:27:50 INFO DAGScheduler: running: Set()
26/08/14 00:27:50 INFO DAGScheduler: waiting: Set(ResultStage 119)
26/08/14 00:27:50 INFO DAGScheduler: failed: Set()
26/08/14 00:27:50 INFO DAGScheduler: Submitting ResultStage 119 (MapPartitionsRDD[765] at count at <unknown>:0), which has no missing parents
26/08/14 00:27:50 INFO MemoryStore: Block broadcast_118 stored as values in memory (estimated size 12.5 KiB, free 190.9 MiB)
26/08/14 00:27:50 INFO MemoryStore: Block broadcast_118_piece0 stored as bytes in memory (estimated size 5.9 KiB, free 190.8 MiB)
26/08/14 00:27:50 INFO BlockManagerInfo: Added broadcast_118_piece0 in memory on spark-driver:40129 (size: 5.9 KiB, free: 191.1 MiB)
26/08/14 00:27:50 INFO SparkContext: Created broadcast 118 from broadcast at DAGScheduler.scala:1585
26/08/14 00:27:50 INFO DAGScheduler: Submitting 1 missing tasks from ResultStage 119 (MapPartitionsRDD[765] at count at <unknown>:0) (first 15 tasks are for partitions Vector(0))
26/08/14 00:27:50 INFO TaskSchedulerImpl: Adding task set 119.0 with 1 tasks resource profile 0
26/08/14 00:27:50 INFO TaskSetManager: Starting task 0.0 in stage 119.0 (TID 433) (172.26.0.12, executor 0, partition 0, NODE_LOCAL, 9003 bytes) 
26/08/14 00:27:50 INFO BlockManagerInfo: Added broadcast_118_piece0 in memory on 172.26.0.12:33073 (size: 5.9 KiB, free: 400.5 MiB)
26/08/14 00:27:50 INFO MapOutputTrackerMasterEndpoint: Asked to send map output locations for shuffle 53 to 172.26.0.12:49600
26/08/14 00:27:50 INFO TaskSetManager: Finished task 0.0 in stage 119.0 (TID 433) in 38 ms on 172.26.0.12 (executor 0) (1/1)
26/08/14 00:27:50 INFO TaskSchedulerImpl: Removed TaskSet 119.0, whose tasks have all completed, from pool 
26/08/14 00:27:50 INFO DAGScheduler: ResultStage 119 (count at <unknown>:0) finished in 0.045 s
26/08/14 00:27:50 INFO DAGScheduler: Job 65 is finished. Cancelling potential speculative or zombie tasks for this job
26/08/14 00:27:50 INFO TaskSchedulerImpl: Killing all running tasks in stage 119: Stage finished
26/08/14 00:27:50 INFO DAGScheduler: Job 65 finished: count at <unknown>:0, took 0.159810 s
26/08/14 00:27:50 INFO MapPartitionsRDD: Removing RDD 752 from persistence list
26/08/14 00:27:50 INFO BlockManager: Removing RDD 752
26/08/14 00:27:50 INFO SparkContext: Starting job: call at /opt/spark/python/lib/py4j-0.10.9.7-src.zip/py4j/clientserver.py:617
26/08/14 00:27:50 INFO DAGScheduler: Registering RDD 770 (call at /opt/spark/python/lib/py4j-0.10.9.7-src.zip/py4j/clientserver.py:617) as input to shuffle 54
26/08/14 00:27:50 INFO DAGScheduler: Got job 66 (call at /opt/spark/python/lib/py4j-0.10.9.7-src.zip/py4j/clientserver.py:617) with 1 output partitions
26/08/14 00:27:50 INFO DAGScheduler: Final stage: ResultStage 121 (call at /opt/spark/python/lib/py4j-0.10.9.7-src.zip/py4j/clientserver.py:617)
26/08/14 00:27:50 INFO DAGScheduler: Parents of final stage: List(ShuffleMapStage 120)
26/08/14 00:27:50 INFO DAGScheduler: Missing parents: List(ShuffleMapStage 120)
26/08/14 00:27:50 INFO DAGScheduler: Submitting ShuffleMapStage 120 (MapPartitionsRDD[770] at call at /opt/spark/python/lib/py4j-0.10.9.7-src.zip/py4j/clientserver.py:617), which has no missing parents
26/08/14 00:27:50 INFO MemoryStore: Block broadcast_119 stored as values in memory (estimated size 66.1 KiB, free 190.8 MiB)
26/08/14 00:27:50 INFO MemoryStore: Block broadcast_119_piece0 stored as bytes in memory (estimated size 24.8 KiB, free 190.8 MiB)
26/08/14 00:27:50 INFO BlockManagerInfo: Added broadcast_119_piece0 in memory on spark-driver:40129 (size: 24.8 KiB, free: 191.1 MiB)
26/08/14 00:27:50 INFO SparkContext: Created broadcast 119 from broadcast at DAGScheduler.scala:1585
26/08/14 00:27:50 INFO DAGScheduler: Submitting 6 missing tasks from ShuffleMapStage 120 (MapPartitionsRDD[770] at call at /opt/spark/python/lib/py4j-0.10.9.7-src.zip/py4j/clientserver.py:617) (first 15 tasks are for partitions Vector(0, 1, 2, 3, 4, 5))
26/08/14 00:27:50 INFO TaskSchedulerImpl: Adding task set 120.0 with 6 tasks resource profile 0
26/08/14 00:27:50 INFO TaskSetManager: Starting task 2.0 in stage 120.0 (TID 434) (172.26.0.13, executor 1, partition 2, PROCESS_LOCAL, 9921 bytes) 
26/08/14 00:27:50 INFO TaskSetManager: Starting task 0.0 in stage 120.0 (TID 435) (172.26.0.12, executor 0, partition 0, PROCESS_LOCAL, 9921 bytes) 
26/08/14 00:27:50 INFO TaskSetManager: Starting task 3.0 in stage 120.0 (TID 436) (172.26.0.13, executor 1, partition 3, PROCESS_LOCAL, 9921 bytes) 
26/08/14 00:27:50 INFO TaskSetManager: Starting task 1.0 in stage 120.0 (TID 437) (172.26.0.12, executor 0, partition 1, PROCESS_LOCAL, 9921 bytes) 
26/08/14 00:27:50 INFO TaskSetManager: Starting task 4.0 in stage 120.0 (TID 438) (172.26.0.13, executor 1, partition 4, PROCESS_LOCAL, 9921 bytes) 
26/08/14 00:27:50 INFO TaskSetManager: Starting task 5.0 in stage 120.0 (TID 439) (172.26.0.12, executor 0, partition 5, PROCESS_LOCAL, 9921 bytes) 
26/08/14 00:27:50 INFO BlockManagerInfo: Added broadcast_119_piece0 in memory on 172.26.0.13:34511 (size: 24.8 KiB, free: 400.6 MiB)
26/08/14 00:27:50 INFO BlockManagerInfo: Added broadcast_119_piece0 in memory on 172.26.0.12:33073 (size: 24.8 KiB, free: 400.4 MiB)
26/08/14 00:27:50 INFO TaskSetManager: Finished task 4.0 in stage 120.0 (TID 438) in 21 ms on 172.26.0.13 (executor 1) (1/6)
26/08/14 00:27:50 INFO TaskSetManager: Finished task 3.0 in stage 120.0 (TID 436) in 24 ms on 172.26.0.13 (executor 1) (2/6)
26/08/14 00:27:50 INFO TaskSetManager: Finished task 2.0 in stage 120.0 (TID 434) in 24 ms on 172.26.0.13 (executor 1) (3/6)
26/08/14 00:27:50 INFO TaskSetManager: Finished task 5.0 in stage 120.0 (TID 439) in 50 ms on 172.26.0.12 (executor 0) (4/6)
26/08/14 00:27:50 INFO TaskSetManager: Finished task 0.0 in stage 120.0 (TID 435) in 50 ms on 172.26.0.12 (executor 0) (5/6)
26/08/14 00:27:50 INFO TaskSetManager: Finished task 1.0 in stage 120.0 (TID 437) in 51 ms on 172.26.0.12 (executor 0) (6/6)
26/08/14 00:27:50 INFO TaskSchedulerImpl: Removed TaskSet 120.0, whose tasks have all completed, from pool 
26/08/14 00:27:50 INFO DAGScheduler: ShuffleMapStage 120 (call at /opt/spark/python/lib/py4j-0.10.9.7-src.zip/py4j/clientserver.py:617) finished in 0.059 s
26/08/14 00:27:50 INFO DAGScheduler: looking for newly runnable stages
26/08/14 00:27:50 INFO DAGScheduler: running: Set()
26/08/14 00:27:50 INFO DAGScheduler: waiting: Set(ResultStage 121)
26/08/14 00:27:50 INFO DAGScheduler: failed: Set()
26/08/14 00:27:50 INFO DAGScheduler: Submitting ResultStage 121 (MapPartitionsRDD[773] at call at /opt/spark/python/lib/py4j-0.10.9.7-src.zip/py4j/clientserver.py:617), which has no missing parents
26/08/14 00:27:50 INFO MemoryStore: Block broadcast_120 stored as values in memory (estimated size 13.1 KiB, free 190.7 MiB)
26/08/14 00:27:50 INFO MemoryStore: Block broadcast_120_piece0 stored as bytes in memory (estimated size 6.1 KiB, free 190.7 MiB)
26/08/14 00:27:50 INFO BlockManagerInfo: Added broadcast_120_piece0 in memory on spark-driver:40129 (size: 6.1 KiB, free: 191.1 MiB)
26/08/14 00:27:50 INFO BlockManagerInfo: Removed broadcast_116_piece0 on spark-driver:40129 in memory (size: 34.0 KiB, free: 191.1 MiB)
26/08/14 00:27:50 INFO SparkContext: Created broadcast 120 from broadcast at DAGScheduler.scala:1585
26/08/14 00:27:50 INFO DAGScheduler: Submitting 1 missing tasks from ResultStage 121 (MapPartitionsRDD[773] at call at /opt/spark/python/lib/py4j-0.10.9.7-src.zip/py4j/clientserver.py:617) (first 15 tasks are for partitions Vector(0))
26/08/14 00:27:50 INFO TaskSchedulerImpl: Adding task set 121.0 with 1 tasks resource profile 0
26/08/14 00:27:50 INFO TaskSetManager: Starting task 0.0 in stage 121.0 (TID 440) (172.26.0.12, executor 0, partition 0, NODE_LOCAL, 9003 bytes) 
26/08/14 00:27:50 INFO BlockManagerInfo: Removed broadcast_116_piece0 on 172.26.0.12:33073 in memory (size: 34.0 KiB, free: 400.5 MiB)
26/08/14 00:27:50 INFO BlockManagerInfo: Removed broadcast_116_piece0 on 172.26.0.13:34511 in memory (size: 34.0 KiB, free: 400.6 MiB)
26/08/14 00:27:50 INFO BlockManagerInfo: Removed broadcast_118_piece0 on spark-driver:40129 in memory (size: 5.9 KiB, free: 191.1 MiB)
26/08/14 00:27:50 INFO BlockManagerInfo: Removed broadcast_118_piece0 on 172.26.0.12:33073 in memory (size: 5.9 KiB, free: 400.5 MiB)
26/08/14 00:27:50 INFO BlockManagerInfo: Removed broadcast_117_piece0 on spark-driver:40129 in memory (size: 35.3 KiB, free: 191.2 MiB)
26/08/14 00:27:50 INFO BlockManagerInfo: Removed broadcast_117_piece0 on 172.26.0.12:33073 in memory (size: 35.3 KiB, free: 400.5 MiB)
26/08/14 00:27:50 INFO BlockManagerInfo: Added broadcast_120_piece0 in memory on 172.26.0.12:33073 (size: 6.1 KiB, free: 400.5 MiB)
26/08/14 00:27:50 INFO BlockManagerInfo: Removed broadcast_117_piece0 on 172.26.0.13:34511 in memory (size: 35.3 KiB, free: 400.7 MiB)
26/08/14 00:27:50 INFO MapOutputTrackerMasterEndpoint: Asked to send map output locations for shuffle 54 to 172.26.0.12:49600
26/08/14 00:27:50 INFO TaskSetManager: Finished task 0.0 in stage 121.0 (TID 440) in 32 ms on 172.26.0.12 (executor 0) (1/1)
26/08/14 00:27:50 INFO TaskSchedulerImpl: Removed TaskSet 121.0, whose tasks have all completed, from pool 
26/08/14 00:27:50 INFO DAGScheduler: ResultStage 121 (call at /opt/spark/python/lib/py4j-0.10.9.7-src.zip/py4j/clientserver.py:617) finished in 0.043 s
26/08/14 00:27:50 INFO DAGScheduler: Job 66 is finished. Cancelling potential speculative or zombie tasks for this job
26/08/14 00:27:50 INFO TaskSchedulerImpl: Killing all running tasks in stage 121: Stage finished
26/08/14 00:27:50 INFO DAGScheduler: Job 66 finished: call at /opt/spark/python/lib/py4j-0.10.9.7-src.zip/py4j/clientserver.py:617, took 0.106489 s
26/08/14 00:27:50 INFO MapPartitionsRDD: Removing RDD 714 from persistence list
26/08/14 00:27:50 INFO BlockManager: Removing RDD 714
26/08/14 00:27:50 INFO WatermarkTracker: Updating event-time watermark from 1786666845209 to 1786666901011 ms
26/08/14 00:27:50 INFO CheckpointFileManager: Writing atomically to file:/opt/checkpoints/trips/commits/11 using temp file file:/opt/checkpoints/trips/commits/.11.02f9d820-3aa3-4e1a-816f-48e3ce0c226a.tmp
26/08/14 00:27:50 INFO CheckpointFileManager: Renamed temp file file:/opt/checkpoints/trips/commits/.11.02f9d820-3aa3-4e1a-816f-48e3ce0c226a.tmp to file:/opt/checkpoints/trips/commits/11
26/08/14 00:27:50 INFO MicroBatchExecution: Streaming query made progress: {
  "id" : "b85a33a4-dee1-4170-b062-c47d2470428c",
  "runId" : "5a4a512e-2b33-436f-89d6-2ad644eee1fd",
  "name" : "trips-ingest-ab_ab_no_backoff_1",
  "timestamp" : "2026-08-14T00:27:32.956Z",
  "batchId" : 11,
  "numInputRows" : 44677,
  "inputRowsPerSecond" : 155.29940941939566,
  "processedRowsPerSecond" : 2532.4226278199753,
  "durationMs" : {
    "addBatch" : 17549,
    "commitOffsets" : 28,
    "getBatch" : 0,
    "latestOffset" : 6,
    "queryPlanning" : 18,
    "triggerExecution" : 17642,
    "walCommit" : 37
  },
  "eventTime" : {
    "avg" : "2026-08-14T00:23:11.691Z",
    "max" : "2026-08-14T00:23:41.011Z",
    "min" : "2026-08-14T00:22:42.340Z",
    "watermark" : "2026-08-14T00:20:45.209Z"
  },
  "stateOperators" : [ ],
  "sources" : [ {
    "description" : "KafkaV2[Subscribe[trips.raw]]",
    "startOffset" : {
      "trips.raw" : {
        "2" : 270425,
        "5" : 268851,
        "4" : 270138,
        "1" : 269882,
        "3" : 270345,
        "0" : 270229
      }
    },
    "endOffset" : {
      "trips.raw" : {
        "2" : 277961,
        "5" : 276279,
        "4" : 277660,
        "1" : 277384,
        "3" : 277623,
        "0" : 277640
      }
    },
    "latestOffset" : {
      "trips.raw" : {
        "2" : 277961,
        "5" : 276279,
        "4" : 277660,
        "1" : 277384,
        "3" : 277623,
        "0" : 277640
      }
    },
    "numInputRows" : 44677,
    "inputRowsPerSecond" : 155.29940941939566,
    "processedRowsPerSecond" : 2532.4226278199753,
    "metrics" : {
      "avgOffsetsBehindLatest" : "0.0",
      "maxOffsetsBehindLatest" : "0",
      "minOffsetsBehindLatest" : "0"
    }
  } ],
  "sink" : {
    "description" : "ForeachBatchSink",
    "numOutputRows" : -1
  }
}
26/08/14 00:27:53 INFO BlockManager: Removing RDD 752
26/08/14 00:27:53 INFO BlockManagerInfo: Removed broadcast_119_piece0 on spark-driver:40129 in memory (size: 24.8 KiB, free: 191.2 MiB)
26/08/14 00:27:53 INFO BlockManagerInfo: Removed broadcast_119_piece0 on 172.26.0.13:34511 in memory (size: 24.8 KiB, free: 413.9 MiB)
26/08/14 00:27:53 INFO BlockManagerInfo: Removed broadcast_119_piece0 on 172.26.0.12:33073 in memory (size: 24.8 KiB, free: 413.9 MiB)
26/08/14 00:27:53 INFO BlockManagerInfo: Removed broadcast_120_piece0 on spark-driver:40129 in memory (size: 6.1 KiB, free: 191.2 MiB)
26/08/14 00:27:53 INFO BlockManagerInfo: Removed broadcast_120_piece0 on 172.26.0.12:33073 in memory (size: 6.1 KiB, free: 413.9 MiB)
2026-08-14 00:27:55,499 INFO  [stream] stop file observed - shutting down
26/08/14 00:27:55 INFO DAGScheduler: Asked to cancel job group 5a4a512e-2b33-436f-89d6-2ad644eee1fd
26/08/14 00:27:55 INFO AppInfoParser: App info kafka.admin.client for adminclient-1 unregistered
26/08/14 00:27:55 INFO Metrics: Metrics scheduler closed
26/08/14 00:27:55 INFO Metrics: Closing reporter org.apache.kafka.common.metrics.JmxReporter
26/08/14 00:27:55 INFO Metrics: Metrics reporters closed
26/08/14 00:27:55 INFO MicroBatchExecution: Async log purge executor pool for query trips-ingest-ab_ab_no_backoff_1 [id = b85a33a4-dee1-4170-b062-c47d2470428c, runId = 5a4a512e-2b33-436f-89d6-2ad644eee1fd] has been shutdown
26/08/14 00:27:55 INFO DAGScheduler: Asked to cancel job group 5a4a512e-2b33-436f-89d6-2ad644eee1fd
26/08/14 00:27:55 INFO MicroBatchExecution: Query trips-ingest-ab_ab_no_backoff_1 [id = b85a33a4-dee1-4170-b062-c47d2470428c, runId = 5a4a512e-2b33-436f-89d6-2ad644eee1fd] was stopped
{
  "run_id": "ab_ab_no_backoff_1",
  "finished_at": "2026-08-14T00:27:55.540307+00:00",
  "batches": 12,
  "non_empty_batches": 11,
  "input_rows": 63999,
  "rows_written_cassandra": 191530,
  "write_amplification": 2.993,
  "tables": [
    "trips_by_id",
    "trips_by_driver_day",
    "trips_by_city_hour"
  ],
  "unparseable": 0,
  "late_events": 0,
  "dlq_total": 467,
  "cassandra_write_successes": 191530,
  "cassandra_write_retries": 5949,
  "avg_retries_to_success_all_writes": 0.03106,
  "writes_needing_retry": 5938,
  "avg_retries_among_retried_writes": 1.002,
  "mean_e2e_latency_ms_sampled": 188539.34,
  "latency_samples": 3254,
  "batch_seconds_p50": 2.762,
  "batch_seconds_p95": 287.5373,
  "batch_seconds_p99": 287.5373,
  "failure_reasons": {
    "NoHostAvailable": 6533,
    "OperationTimedOut": 4,
    "WriteTimeout": 1280
  },
  "config": {
    "backoff": "backoff=DISABLED max_attempts=4",
    "consistency": "QUORUM",
    "allowed_lateness_sec": 120,
    "late_policy": "dlq",
    "max_offsets_per_trigger": 200000,
    "trigger_interval": "",
    "executor_cores": 3,
    "total_cores": 6,
    "partitions": 6,
    "latency_sample_rate": 0.05
  }
}
2026-08-14 00:27:55,542 INFO  [stream] summary -> /opt/app/results/raw/ab_ab_no_backoff_1_stream.json
26/08/14 00:27:55 INFO SparkContext: SparkContext is stopping with exitCode 0.
26/08/14 00:27:55 INFO SparkUI: Stopped Spark web UI at http://spark-driver:4040
26/08/14 00:27:55 INFO StandaloneSchedulerBackend: Shutting down all executors
26/08/14 00:27:55 INFO StandaloneSchedulerBackend$StandaloneDriverEndpoint: Asking each executor to shut down
26/08/14 00:27:55 INFO MapOutputTrackerMasterEndpoint: MapOutputTrackerMasterEndpoint stopped!
26/08/14 00:27:55 INFO MemoryStore: MemoryStore cleared
26/08/14 00:27:55 INFO BlockManager: BlockManager stopped
26/08/14 00:27:55 INFO BlockManagerMaster: BlockManagerMaster stopped
26/08/14 00:27:55 INFO OutputCommitCoordinator$OutputCommitCoordinatorEndpoint: OutputCommitCoordinator stopped!
26/08/14 00:27:55 INFO SparkContext: Successfully stopped SparkContext
2026-08-14 00:27:56,057 INFO  [stream] Closing down clientserver connection
26/08/14 00:27:56 INFO ShutdownHookManager: Shutdown hook called
26/08/14 00:27:56 INFO ShutdownHookManager: Deleting directory /tmp/spark-61ecf3ae-8d17-419a-9ef8-22b2d190d1a3
26/08/14 00:27:56 INFO ShutdownHookManager: Deleting directory /tmp/spark-e0428a16-f981-403d-b683-5fca1bf42910/pyspark-5d54bc14-ab1e-44ac-9c19-3282049488af
26/08/14 00:27:56 INFO ShutdownHookManager: Deleting directory /tmp/spark-e0428a16-f981-403d-b683-5fca1bf42910
