2026-08-14 00:11:54,421 INFO  [stream] prometheus metrics on :9109/metrics
26/08/14 00:11:54 INFO SparkContext: Running Spark version 3.5.3
26/08/14 00:11:54 INFO SparkContext: OS info Linux, 6.10.14-linuxkit, aarch64
26/08/14 00:11:54 INFO SparkContext: Java version 11.0.24
26/08/14 00:11:54 WARN NativeCodeLoader: Unable to load native-hadoop library for your platform... using builtin-java classes where applicable
26/08/14 00:11:54 INFO ResourceUtils: ==============================================================
26/08/14 00:11:54 INFO ResourceUtils: No custom resources configured for spark.driver.
26/08/14 00:11:54 INFO ResourceUtils: ==============================================================
26/08/14 00:11:54 INFO SparkContext: Submitted application: rtdp-trips-chaos_kill_cassandra_1
26/08/14 00:11:54 INFO ResourceProfile: Default ResourceProfile created, executor resources: Map(cores -> name: cores, amount: 3, script: , vendor: , memory -> name: memory, amount: 1024, script: , vendor: , offHeap -> name: offHeap, amount: 0, script: , vendor: ), task resources: Map(cpus -> name: cpus, amount: 1.0)
26/08/14 00:11:54 INFO ResourceProfile: Limiting resource is cpus at 3 tasks per executor
26/08/14 00:11:54 INFO ResourceProfileManager: Added ResourceProfile id: 0
26/08/14 00:11:54 INFO SecurityManager: Changing view acls to: spark
26/08/14 00:11:54 INFO SecurityManager: Changing modify acls to: spark
26/08/14 00:11:54 INFO SecurityManager: Changing view acls groups to: 
26/08/14 00:11:54 INFO SecurityManager: Changing modify acls groups to: 
26/08/14 00:11:54 INFO SecurityManager: SecurityManager: authentication disabled; ui acls disabled; users with view permissions: spark; groups with view permissions: EMPTY; users with modify permissions: spark; groups with modify permissions: EMPTY
26/08/14 00:11:54 INFO Utils: Successfully started service 'sparkDriver' on port 46145.
26/08/14 00:11:54 INFO SparkEnv: Registering MapOutputTracker
26/08/14 00:11:54 INFO SparkEnv: Registering BlockManagerMaster
26/08/14 00:11:54 INFO BlockManagerMasterEndpoint: Using org.apache.spark.storage.DefaultTopologyMapper for getting topology information
26/08/14 00:11:54 INFO BlockManagerMasterEndpoint: BlockManagerMasterEndpoint up
26/08/14 00:11:54 INFO SparkEnv: Registering BlockManagerMasterHeartbeat
26/08/14 00:11:54 INFO DiskBlockManager: Created local directory at /tmp/blockmgr-1a62fcd1-9a80-4068-ba08-c60c1459b70e
26/08/14 00:11:54 INFO MemoryStore: MemoryStore started with capacity 191.2 MiB
26/08/14 00:11:54 INFO SparkEnv: Registering OutputCommitCoordinator
26/08/14 00:11:54 INFO JettyUtils: Start Jetty 0.0.0.0:4040 for SparkUI
26/08/14 00:11:54 INFO Utils: Successfully started service 'SparkUI' on port 4040.
26/08/14 00:11:54 INFO StandaloneAppClient$ClientEndpoint: Connecting to master spark://spark-master:7077...
26/08/14 00:11:55 INFO TransportClientFactory: Successfully created connection to spark-master/172.26.0.9:7077 after 17 ms (0 ms spent in bootstraps)
26/08/14 00:11:55 INFO StandaloneSchedulerBackend: Connected to Spark cluster with app ID app-20260814001155-0015
26/08/14 00:11:55 INFO StandaloneAppClient$ClientEndpoint: Executor added: app-20260814001155-0015/0 on worker-20260814001009-172.26.0.12-46199 (172.26.0.12:46199) with 3 core(s)
26/08/14 00:11:55 INFO StandaloneSchedulerBackend: Granted executor ID app-20260814001155-0015/0 on hostPort 172.26.0.12:46199 with 3 core(s), 1024.0 MiB RAM
26/08/14 00:11:55 INFO StandaloneAppClient$ClientEndpoint: Executor added: app-20260814001155-0015/1 on worker-20260813231309-172.26.0.13-34679 (172.26.0.13:34679) with 3 core(s)
26/08/14 00:11:55 INFO StandaloneSchedulerBackend: Granted executor ID app-20260814001155-0015/1 on hostPort 172.26.0.13:34679 with 3 core(s), 1024.0 MiB RAM
26/08/14 00:11:55 INFO Utils: Successfully started service 'org.apache.spark.network.netty.NettyBlockTransferService' on port 44031.
26/08/14 00:11:55 INFO NettyBlockTransferService: Server created on spark-driver 0.0.0.0:44031
26/08/14 00:11:55 INFO BlockManager: Using org.apache.spark.storage.RandomBlockReplicationPolicy for block replication policy
26/08/14 00:11:55 INFO BlockManagerMaster: Registering BlockManager BlockManagerId(driver, spark-driver, 44031, None)
26/08/14 00:11:55 INFO BlockManagerMasterEndpoint: Registering block manager spark-driver:44031 with 191.2 MiB RAM, BlockManagerId(driver, spark-driver, 44031, None)
26/08/14 00:11:55 INFO BlockManagerMaster: Registered BlockManager BlockManagerId(driver, spark-driver, 44031, None)
26/08/14 00:11:55 INFO BlockManager: Initialized BlockManager: BlockManagerId(driver, spark-driver, 44031, None)
26/08/14 00:11:55 INFO StandaloneAppClient$ClientEndpoint: Executor updated: app-20260814001155-0015/1 is now RUNNING
26/08/14 00:11:55 INFO StandaloneAppClient$ClientEndpoint: Executor updated: app-20260814001155-0015/0 is now RUNNING
26/08/14 00:11:55 INFO StandaloneSchedulerBackend: SchedulerBackend is ready for scheduling beginning after reached minRegisteredResourcesRatio: 0.0
2026-08-14 00:11:55,612 INFO  [stream] tables=['trips_by_id', 'trips_by_driver_day', 'trips_by_city_hour'] consistency=QUORUM backoff=1s -> 2s -> 4s max_attempts=4 jitter=+/-10% late_policy=dlq allowed_lateness=120s
26/08/14 00:11:55 INFO SharedState: Setting hive.metastore.warehouse.dir ('null') to the value of spark.sql.warehouse.dir.
26/08/14 00:11:55 INFO SharedState: Warehouse path is 'file:/opt/app/spark-warehouse'.
26/08/14 00:11:56 WARN KafkaSourceProvider: Kafka option 'kafka.group.id' has been set on this query, it is
 not recommended to set this option. This option is unsafe to use since multiple concurrent
 queries or sources using the same group id will interfere with each other as they are part
 of the same consumer group. Restarted queries may also suffer interference from the
 previous run having the same group id. The user should have only one query per group id,
 and/or set the option 'kafka.session.timeout.ms' to be very small so that the Kafka
 consumers from the previous query are marked dead by the Kafka group coordinator before the
 restarted query starts running.
    
26/08/14 00:11:57 INFO StandaloneSchedulerBackend$StandaloneDriverEndpoint: Registered executor NettyRpcEndpointRef(spark-client://Executor) (172.26.0.13:36452) with ID 1,  ResourceProfileId 0
26/08/14 00:11:57 INFO StandaloneSchedulerBackend$StandaloneDriverEndpoint: Registered executor NettyRpcEndpointRef(spark-client://Executor) (172.26.0.12:37282) with ID 0,  ResourceProfileId 0
26/08/14 00:11:58 INFO BlockManagerMasterEndpoint: Registering block manager 172.26.0.13:37779 with 413.9 MiB RAM, BlockManagerId(1, 172.26.0.13, 37779, None)
26/08/14 00:11:58 INFO BlockManagerMasterEndpoint: Registering block manager 172.26.0.12:33791 with 413.9 MiB RAM, BlockManagerId(0, 172.26.0.12, 33791, None)
2026-08-14 00:11:58,243 INFO  [stream] Callback Server Starting
2026-08-14 00:11:58,243 INFO  [stream] Socket listening on ('127.0.0.1', 44489)
26/08/14 00:11:58 INFO StateStoreCoordinatorRef: Registered StateStoreCoordinator endpoint
26/08/14 00:11:58 INFO ResolveWriteToStream: Checkpoint root /opt/checkpoints/trips resolved to file:/opt/checkpoints/trips.
26/08/14 00:11:58 WARN ResolveWriteToStream: spark.sql.adaptive.enabled is not supported in streaming DataFrames/Datasets and will be disabled.
26/08/14 00:11:58 INFO CheckpointFileManager: Writing atomically to file:/opt/checkpoints/trips/metadata using temp file file:/opt/checkpoints/trips/.metadata.ac198522-f7d3-4339-b14c-701bd380d42f.tmp
26/08/14 00:11:58 INFO CheckpointFileManager: Renamed temp file file:/opt/checkpoints/trips/.metadata.ac198522-f7d3-4339-b14c-701bd380d42f.tmp to file:/opt/checkpoints/trips/metadata
26/08/14 00:11:58 INFO MicroBatchExecution: Starting trips-ingest-chaos_kill_cassandra_1 [id = 673700e1-7609-4c3e-bff3-65e01579062f, runId = 684f6ae2-98d1-4139-a900-0d86eb048f89]. Use file:/opt/checkpoints/trips to store the query checkpoint.
2026-08-14 00:11:58,491 INFO  [stream] query id=673700e1-7609-4c3e-bff3-65e01579062f checkpoint=/opt/checkpoints/trips
26/08/14 00:11:58 INFO MicroBatchExecution: Reading table [org.apache.spark.sql.kafka010.KafkaSourceProvider$KafkaTable@69973b27] from DataSourceV2 named 'kafka' [org.apache.spark.sql.kafka010.KafkaSourceProvider@2160e660]
26/08/14 00:11:58 WARN KafkaSourceProvider: Kafka option 'kafka.group.id' has been set on this query, it is
 not recommended to set this option. This option is unsafe to use since multiple concurrent
 queries or sources using the same group id will interfere with each other as they are part
 of the same consumer group. Restarted queries may also suffer interference from the
 previous run having the same group id. The user should have only one query per group id,
 and/or set the option 'kafka.session.timeout.ms' to be very small so that the Kafka
 consumers from the previous query are marked dead by the Kafka group coordinator before the
 restarted query starts running.
    
26/08/14 00:11:58 INFO OffsetSeqLog: BatchIds found from listing: 
26/08/14 00:11:58 INFO OffsetSeqLog: BatchIds found from listing: 
26/08/14 00:11:58 INFO MicroBatchExecution: Starting new streaming query.
26/08/14 00:11:58 INFO MicroBatchExecution: Stream started from {}
26/08/14 00:11:58 INFO AdminClientConfig: AdminClientConfig values: 
	auto.include.jmx.reporter = true
	bootstrap.servers = [kafka1:9092, kafka2:9092, kafka3:9092]
	client.dns.lookup = use_all_dns_ips
	client.id = 
	connections.max.idle.ms = 300000
	default.api.timeout.ms = 60000
	metadata.max.age.ms = 300000
	metric.reporters = []
	metrics.num.samples = 2
	metrics.recording.level = INFO
	metrics.sample.window.ms = 30000
	receive.buffer.bytes = 65536
	reconnect.backoff.max.ms = 1000
	reconnect.backoff.ms = 50
	request.timeout.ms = 30000
	retries = 2147483647
	retry.backoff.ms = 100
	sasl.client.callback.handler.class = null
	sasl.jaas.config = null
	sasl.kerberos.kinit.cmd = /usr/bin/kinit
	sasl.kerberos.min.time.before.relogin = 60000
	sasl.kerberos.service.name = null
	sasl.kerberos.ticket.renew.jitter = 0.05
	sasl.kerberos.ticket.renew.window.factor = 0.8
	sasl.login.callback.handler.class = null
	sasl.login.class = null
	sasl.login.connect.timeout.ms = null
	sasl.login.read.timeout.ms = null
	sasl.login.refresh.buffer.seconds = 300
	sasl.login.refresh.min.period.seconds = 60
	sasl.login.refresh.window.factor = 0.8
	sasl.login.refresh.window.jitter = 0.05
	sasl.login.retry.backoff.max.ms = 10000
	sasl.login.retry.backoff.ms = 100
	sasl.mechanism = GSSAPI
	sasl.oauthbearer.clock.skew.seconds = 30
	sasl.oauthbearer.expected.audience = null
	sasl.oauthbearer.expected.issuer = null
	sasl.oauthbearer.jwks.endpoint.refresh.ms = 3600000
	sasl.oauthbearer.jwks.endpoint.retry.backoff.max.ms = 10000
	sasl.oauthbearer.jwks.endpoint.retry.backoff.ms = 100
	sasl.oauthbearer.jwks.endpoint.url = null
	sasl.oauthbearer.scope.claim.name = scope
	sasl.oauthbearer.sub.claim.name = sub
	sasl.oauthbearer.token.endpoint.url = null
	security.protocol = PLAINTEXT
	security.providers = null
	send.buffer.bytes = 131072
	socket.connection.setup.timeout.max.ms = 30000
	socket.connection.setup.timeout.ms = 10000
	ssl.cipher.suites = null
	ssl.enabled.protocols = [TLSv1.2, TLSv1.3]
	ssl.endpoint.identification.algorithm = https
	ssl.engine.factory.class = null
	ssl.key.password = null
	ssl.keymanager.algorithm = SunX509
	ssl.keystore.certificate.chain = null
	ssl.keystore.key = null
	ssl.keystore.location = null
	ssl.keystore.password = null
	ssl.keystore.type = JKS
	ssl.protocol = TLSv1.3
	ssl.provider = null
	ssl.secure.random.implementation = null
	ssl.trustmanager.algorithm = PKIX
	ssl.truststore.certificates = null
	ssl.truststore.location = null
	ssl.truststore.password = null
	ssl.truststore.type = JKS

26/08/14 00:11:58 WARN AdminClientConfig: These configurations '[key.deserializer, value.deserializer, enable.auto.commit, max.poll.records, group.id, auto.offset.reset]' were supplied but are not used yet.
26/08/14 00:11:58 INFO AppInfoParser: Kafka version: 3.4.1
26/08/14 00:11:58 INFO AppInfoParser: Kafka commitId: 8a516edc2755df89
26/08/14 00:11:58 INFO AppInfoParser: Kafka startTimeMs: 1786666318821
26/08/14 00:11:59 INFO CheckpointFileManager: Writing atomically to file:/opt/checkpoints/trips/sources/0/0 using temp file file:/opt/checkpoints/trips/sources/0/.0.3a08fa1a-22c3-4de8-a091-c53e66b1b335.tmp
26/08/14 00:11:59 INFO CheckpointFileManager: Renamed temp file file:/opt/checkpoints/trips/sources/0/.0.3a08fa1a-22c3-4de8-a091-c53e66b1b335.tmp to file:/opt/checkpoints/trips/sources/0/0
26/08/14 00:11:59 INFO KafkaMicroBatchStream: Initial offsets: {"trips.raw":{"2":229980,"5":228369,"4":229613,"1":229513,"3":229472,"0":229604}}
26/08/14 00:11:59 INFO CheckpointFileManager: Writing atomically to file:/opt/checkpoints/trips/offsets/0 using temp file file:/opt/checkpoints/trips/offsets/.0.a50369bc-cce1-4795-a1fb-1ff6b8fc16e9.tmp
26/08/14 00:11:59 INFO CheckpointFileManager: Renamed temp file file:/opt/checkpoints/trips/offsets/.0.a50369bc-cce1-4795-a1fb-1ff6b8fc16e9.tmp to file:/opt/checkpoints/trips/offsets/0
26/08/14 00:11:59 INFO MicroBatchExecution: Committed offsets for batch 0. Metadata OffsetSeqMetadata(0,1786666319070,Map(spark.sql.streaming.stateStore.providerClass -> org.apache.spark.sql.execution.streaming.state.HDFSBackedStateStoreProvider, spark.sql.streaming.join.stateFormatVersion -> 2, spark.sql.streaming.stateStore.compression.codec -> lz4, spark.sql.streaming.stateStore.rocksdb.formatVersion -> 5, spark.sql.streaming.statefulOperator.useStrictDistribution -> true, spark.sql.streaming.flatMapGroupsWithState.stateFormatVersion -> 2, spark.sql.streaming.multipleWatermarkPolicy -> min, spark.sql.streaming.aggregation.stateFormatVersion -> 2, spark.sql.shuffle.partitions -> 6))
26/08/14 00:11:59 INFO KafkaOffsetReaderAdmin: Partitions added: Map()
26/08/14 00:11:59 INFO KafkaOffsetReaderAdmin: Partitions added: Map()
26/08/14 00:11:59 INFO KafkaOffsetReaderAdmin: Partitions added: Map()
26/08/14 00:11:59 INFO KafkaOffsetReaderAdmin: Partitions added: Map()
26/08/14 00:11:59 INFO CodeGenerator: Code generated in 192.783875 ms
26/08/14 00:11:59 INFO CodeGenerator: Code generated in 18.382416 ms
2026-08-14 00:12:00,043 INFO  [stream] Python Server ready to receive messages
2026-08-14 00:12:00,044 INFO  [stream] Received command c on object id p0
26/08/14 00:12:00 INFO CodeGenerator: Code generated in 12.338125 ms
26/08/14 00:12:00 INFO CodeGenerator: Code generated in 17.02725 ms
26/08/14 00:12:00 INFO CodeGenerator: Code generated in 46.48875 ms
26/08/14 00:12:00 INFO SparkContext: Starting job: start at <unknown>:0
26/08/14 00:12:00 INFO DAGScheduler: Registering RDD 14 (start at <unknown>:0) as input to shuffle 0
26/08/14 00:12:00 INFO DAGScheduler: Got job 0 (start at <unknown>:0) with 1 output partitions
26/08/14 00:12:00 INFO DAGScheduler: Final stage: ResultStage 1 (start at <unknown>:0)
26/08/14 00:12:00 INFO DAGScheduler: Parents of final stage: List(ShuffleMapStage 0)
26/08/14 00:12:00 INFO DAGScheduler: Missing parents: List()
26/08/14 00:12:00 INFO DAGScheduler: Submitting ResultStage 1 (MapPartitionsRDD[17] at start at <unknown>:0), which has no missing parents
26/08/14 00:12:00 INFO MemoryStore: Block broadcast_0 stored as values in memory (estimated size 12.5 KiB, free 191.2 MiB)
26/08/14 00:12:00 INFO MemoryStore: Block broadcast_0_piece0 stored as bytes in memory (estimated size 5.9 KiB, free 191.2 MiB)
26/08/14 00:12:00 INFO BlockManagerInfo: Added broadcast_0_piece0 in memory on spark-driver:44031 (size: 5.9 KiB, free: 191.2 MiB)
26/08/14 00:12:00 INFO SparkContext: Created broadcast 0 from broadcast at DAGScheduler.scala:1585
26/08/14 00:12:00 INFO DAGScheduler: Submitting 1 missing tasks from ResultStage 1 (MapPartitionsRDD[17] at start at <unknown>:0) (first 15 tasks are for partitions Vector(0))
26/08/14 00:12:00 INFO TaskSchedulerImpl: Adding task set 1.0 with 1 tasks resource profile 0
26/08/14 00:12:00 INFO TaskSetManager: Starting task 0.0 in stage 1.0 (TID 0) (172.26.0.13, executor 1, partition 0, PROCESS_LOCAL, 9003 bytes) 
26/08/14 00:12:00 INFO BlockManagerInfo: Added broadcast_0_piece0 in memory on 172.26.0.13:37779 (size: 5.9 KiB, free: 413.9 MiB)
26/08/14 00:12:01 INFO MapOutputTrackerMasterEndpoint: Asked to send map output locations for shuffle 0 to 172.26.0.13:36452
26/08/14 00:12:01 INFO TaskSetManager: Finished task 0.0 in stage 1.0 (TID 0) in 934 ms on 172.26.0.13 (executor 1) (1/1)
26/08/14 00:12:01 INFO TaskSchedulerImpl: Removed TaskSet 1.0, whose tasks have all completed, from pool 
26/08/14 00:12:01 INFO DAGScheduler: ResultStage 1 (start at <unknown>:0) finished in 1.091 s
26/08/14 00:12:01 INFO DAGScheduler: Job 0 is finished. Cancelling potential speculative or zombie tasks for this job
26/08/14 00:12:01 INFO TaskSchedulerImpl: Killing all running tasks in stage 1: Stage finished
26/08/14 00:12:01 INFO DAGScheduler: Job 0 finished: start at <unknown>:0, took 1.143926 s
2026-08-14 00:12:01,616 INFO  [stream] batch=0 in=0 written=0 late=0 dlq=0 1.55s (0 rows/s)
26/08/14 00:12:01 INFO MapPartitionsRDD: Removing RDD 9 from persistence list
26/08/14 00:12:01 INFO BlockManager: Removing RDD 9
26/08/14 00:12:01 INFO CheckpointFileManager: Writing atomically to file:/opt/checkpoints/trips/commits/0 using temp file file:/opt/checkpoints/trips/commits/.0.6558d7b2-caa4-45e6-9619-c7a3615bf1dd.tmp
26/08/14 00:12:01 INFO CheckpointFileManager: Renamed temp file file:/opt/checkpoints/trips/commits/.0.6558d7b2-caa4-45e6-9619-c7a3615bf1dd.tmp to file:/opt/checkpoints/trips/commits/0
26/08/14 00:12:01 INFO MicroBatchExecution: Streaming query made progress: {
  "id" : "673700e1-7609-4c3e-bff3-65e01579062f",
  "runId" : "684f6ae2-98d1-4139-a900-0d86eb048f89",
  "name" : "trips-ingest-chaos_kill_cassandra_1",
  "timestamp" : "2026-08-14T00:11:58.513Z",
  "batchId" : 0,
  "numInputRows" : 0,
  "inputRowsPerSecond" : 0.0,
  "processedRowsPerSecond" : 0.0,
  "durationMs" : {
    "addBatch" : 2195,
    "commitOffsets" : 47,
    "getBatch" : 14,
    "latestOffset" : 545,
    "queryPlanning" : 369,
    "triggerExecution" : 3215,
    "walCommit" : 22
  },
  "eventTime" : {
    "watermark" : "1970-01-01T00:00:00.000Z"
  },
  "stateOperators" : [ ],
  "sources" : [ {
    "description" : "KafkaV2[Subscribe[trips.raw]]",
    "startOffset" : null,
    "endOffset" : {
      "trips.raw" : {
        "2" : 229980,
        "5" : 228369,
        "4" : 229613,
        "1" : 229513,
        "3" : 229472,
        "0" : 229604
      }
    },
    "latestOffset" : {
      "trips.raw" : {
        "2" : 229980,
        "5" : 228369,
        "4" : 229613,
        "1" : 229513,
        "3" : 229472,
        "0" : 229604
      }
    },
    "numInputRows" : 0,
    "inputRowsPerSecond" : 0.0,
    "processedRowsPerSecond" : 0.0,
    "metrics" : {
      "avgOffsetsBehindLatest" : "0.0",
      "maxOffsetsBehindLatest" : "0",
      "minOffsetsBehindLatest" : "0"
    }
  } ],
  "sink" : {
    "description" : "ForeachBatchSink",
    "numOutputRows" : -1
  }
}
26/08/14 00:12:03 INFO BlockManagerInfo: Removed broadcast_0_piece0 on spark-driver:44031 in memory (size: 5.9 KiB, free: 191.2 MiB)
26/08/14 00:12:03 INFO BlockManagerInfo: Removed broadcast_0_piece0 on 172.26.0.13:37779 in memory (size: 5.9 KiB, free: 413.9 MiB)
26/08/14 00:12:07 INFO CheckpointFileManager: Writing atomically to file:/opt/checkpoints/trips/offsets/1 using temp file file:/opt/checkpoints/trips/offsets/.1.03a55d86-f00f-4763-b15b-9c07ea56b60e.tmp
26/08/14 00:12:07 INFO CheckpointFileManager: Renamed temp file file:/opt/checkpoints/trips/offsets/.1.03a55d86-f00f-4763-b15b-9c07ea56b60e.tmp to file:/opt/checkpoints/trips/offsets/1
26/08/14 00:12:07 INFO MicroBatchExecution: Committed offsets for batch 1. Metadata OffsetSeqMetadata(0,1786666327425,Map(spark.sql.streaming.stateStore.providerClass -> org.apache.spark.sql.execution.streaming.state.HDFSBackedStateStoreProvider, spark.sql.streaming.join.stateFormatVersion -> 2, spark.sql.streaming.stateStore.compression.codec -> lz4, spark.sql.streaming.stateStore.rocksdb.formatVersion -> 5, spark.sql.streaming.statefulOperator.useStrictDistribution -> true, spark.sql.streaming.flatMapGroupsWithState.stateFormatVersion -> 2, spark.sql.streaming.multipleWatermarkPolicy -> min, spark.sql.streaming.aggregation.stateFormatVersion -> 2, spark.sql.shuffle.partitions -> 6))
26/08/14 00:12:07 INFO KafkaOffsetReaderAdmin: Partitions added: Map()
26/08/14 00:12:07 INFO KafkaOffsetReaderAdmin: Partitions added: Map()
26/08/14 00:12:07 INFO KafkaOffsetReaderAdmin: Partitions added: Map()
26/08/14 00:12:07 INFO KafkaOffsetReaderAdmin: Partitions added: Map()
2026-08-14 00:12:07,740 INFO  [stream] Received command c on object id p0
26/08/14 00:12:07 INFO SparkContext: Starting job: start at <unknown>:0
26/08/14 00:12:07 INFO DAGScheduler: Registering RDD 32 (start at <unknown>:0) as input to shuffle 1
26/08/14 00:12:07 INFO DAGScheduler: Got job 1 (start at <unknown>:0) with 1 output partitions
26/08/14 00:12:07 INFO DAGScheduler: Final stage: ResultStage 3 (start at <unknown>:0)
26/08/14 00:12:07 INFO DAGScheduler: Parents of final stage: List(ShuffleMapStage 2)
26/08/14 00:12:07 INFO DAGScheduler: Missing parents: List(ShuffleMapStage 2)
26/08/14 00:12:07 INFO DAGScheduler: Submitting ShuffleMapStage 2 (MapPartitionsRDD[32] at start at <unknown>:0), which has no missing parents
26/08/14 00:12:07 INFO MemoryStore: Block broadcast_1 stored as values in memory (estimated size 64.3 KiB, free 191.1 MiB)
26/08/14 00:12:07 INFO MemoryStore: Block broadcast_1_piece0 stored as bytes in memory (estimated size 23.9 KiB, free 191.1 MiB)
26/08/14 00:12:07 INFO BlockManagerInfo: Added broadcast_1_piece0 in memory on spark-driver:44031 (size: 23.9 KiB, free: 191.2 MiB)
26/08/14 00:12:07 INFO SparkContext: Created broadcast 1 from broadcast at DAGScheduler.scala:1585
26/08/14 00:12:07 INFO DAGScheduler: Submitting 3 missing tasks from ShuffleMapStage 2 (MapPartitionsRDD[32] at start at <unknown>:0) (first 15 tasks are for partitions Vector(0, 1, 2))
26/08/14 00:12:07 INFO TaskSchedulerImpl: Adding task set 2.0 with 3 tasks resource profile 0
26/08/14 00:12:07 INFO TaskSetManager: Starting task 1.0 in stage 2.0 (TID 1) (172.26.0.13, executor 1, partition 1, PROCESS_LOCAL, 9921 bytes) 
26/08/14 00:12:07 INFO TaskSetManager: Starting task 0.0 in stage 2.0 (TID 2) (172.26.0.12, executor 0, partition 0, PROCESS_LOCAL, 9921 bytes) 
26/08/14 00:12:07 INFO TaskSetManager: Starting task 2.0 in stage 2.0 (TID 3) (172.26.0.13, executor 1, partition 2, PROCESS_LOCAL, 9921 bytes) 
26/08/14 00:12:08 INFO BlockManagerInfo: Added broadcast_1_piece0 in memory on 172.26.0.13:37779 (size: 23.9 KiB, free: 413.9 MiB)
26/08/14 00:12:08 INFO BlockManagerInfo: Added broadcast_1_piece0 in memory on 172.26.0.12:33791 (size: 23.9 KiB, free: 413.9 MiB)
26/08/14 00:12:10 INFO BlockManagerInfo: Added rdd_27_2 in memory on 172.26.0.13:37779 (size: 7.5 KiB, free: 413.9 MiB)
26/08/14 00:12:10 INFO BlockManagerInfo: Added rdd_27_1 in memory on 172.26.0.13:37779 (size: 6.8 KiB, free: 413.9 MiB)
26/08/14 00:12:10 INFO TaskSetManager: Finished task 2.0 in stage 2.0 (TID 3) in 2515 ms on 172.26.0.13 (executor 1) (1/3)
26/08/14 00:12:10 INFO TaskSetManager: Finished task 1.0 in stage 2.0 (TID 1) in 2530 ms on 172.26.0.13 (executor 1) (2/3)
26/08/14 00:12:10 INFO BlockManagerInfo: Added rdd_27_0 in memory on 172.26.0.12:33791 (size: 6.9 KiB, free: 413.9 MiB)
26/08/14 00:12:10 INFO TaskSetManager: Finished task 0.0 in stage 2.0 (TID 2) in 2890 ms on 172.26.0.12 (executor 0) (3/3)
26/08/14 00:12:10 INFO TaskSchedulerImpl: Removed TaskSet 2.0, whose tasks have all completed, from pool 
26/08/14 00:12:10 INFO DAGScheduler: ShuffleMapStage 2 (start at <unknown>:0) finished in 2.969 s
26/08/14 00:12:10 INFO DAGScheduler: looking for newly runnable stages
26/08/14 00:12:10 INFO DAGScheduler: running: Set()
26/08/14 00:12:10 INFO DAGScheduler: waiting: Set(ResultStage 3)
26/08/14 00:12:10 INFO DAGScheduler: failed: Set()
26/08/14 00:12:10 INFO DAGScheduler: Submitting ResultStage 3 (MapPartitionsRDD[35] at start at <unknown>:0), which has no missing parents
26/08/14 00:12:10 INFO MemoryStore: Block broadcast_2 stored as values in memory (estimated size 12.5 KiB, free 191.1 MiB)
26/08/14 00:12:10 INFO MemoryStore: Block broadcast_2_piece0 stored as bytes in memory (estimated size 5.9 KiB, free 191.1 MiB)
26/08/14 00:12:10 INFO BlockManagerInfo: Added broadcast_2_piece0 in memory on spark-driver:44031 (size: 5.9 KiB, free: 191.2 MiB)
26/08/14 00:12:10 INFO SparkContext: Created broadcast 2 from broadcast at DAGScheduler.scala:1585
26/08/14 00:12:10 INFO DAGScheduler: Submitting 1 missing tasks from ResultStage 3 (MapPartitionsRDD[35] at start at <unknown>:0) (first 15 tasks are for partitions Vector(0))
26/08/14 00:12:10 INFO TaskSchedulerImpl: Adding task set 3.0 with 1 tasks resource profile 0
26/08/14 00:12:10 INFO TaskSetManager: Starting task 0.0 in stage 3.0 (TID 4) (172.26.0.13, executor 1, partition 0, NODE_LOCAL, 9003 bytes) 
26/08/14 00:12:10 INFO BlockManagerInfo: Added broadcast_2_piece0 in memory on 172.26.0.13:37779 (size: 5.9 KiB, free: 413.9 MiB)
26/08/14 00:12:10 INFO MapOutputTrackerMasterEndpoint: Asked to send map output locations for shuffle 1 to 172.26.0.13:36452
26/08/14 00:12:10 INFO TaskSetManager: Finished task 0.0 in stage 3.0 (TID 4) in 62 ms on 172.26.0.13 (executor 1) (1/1)
26/08/14 00:12:10 INFO TaskSchedulerImpl: Removed TaskSet 3.0, whose tasks have all completed, from pool 
26/08/14 00:12:10 INFO DAGScheduler: ResultStage 3 (start at <unknown>:0) finished in 0.083 s
26/08/14 00:12:10 INFO DAGScheduler: Job 1 is finished. Cancelling potential speculative or zombie tasks for this job
26/08/14 00:12:10 INFO TaskSchedulerImpl: Killing all running tasks in stage 3: Stage finished
26/08/14 00:12:10 INFO DAGScheduler: Job 1 finished: start at <unknown>:0, took 3.115108 s
26/08/14 00:12:11 INFO CodeGenerator: Code generated in 14.976959 ms
26/08/14 00:12:11 INFO SparkContext: Starting job: start at <unknown>:0
26/08/14 00:12:11 INFO DAGScheduler: Registering RDD 40 (start at <unknown>:0) as input to shuffle 2
26/08/14 00:12:11 INFO DAGScheduler: Got job 2 (start at <unknown>:0) with 1 output partitions
26/08/14 00:12:11 INFO DAGScheduler: Final stage: ResultStage 5 (start at <unknown>:0)
26/08/14 00:12:11 INFO DAGScheduler: Parents of final stage: List(ShuffleMapStage 4)
26/08/14 00:12:11 INFO DAGScheduler: Missing parents: List(ShuffleMapStage 4)
26/08/14 00:12:11 INFO DAGScheduler: Submitting ShuffleMapStage 4 (MapPartitionsRDD[40] at start at <unknown>:0), which has no missing parents
26/08/14 00:12:11 INFO MemoryStore: Block broadcast_3 stored as values in memory (estimated size 64.7 KiB, free 191.0 MiB)
26/08/14 00:12:11 INFO MemoryStore: Block broadcast_3_piece0 stored as bytes in memory (estimated size 24.1 KiB, free 191.0 MiB)
26/08/14 00:12:11 INFO BlockManagerInfo: Added broadcast_3_piece0 in memory on spark-driver:44031 (size: 24.1 KiB, free: 191.2 MiB)
26/08/14 00:12:11 INFO SparkContext: Created broadcast 3 from broadcast at DAGScheduler.scala:1585
26/08/14 00:12:11 INFO DAGScheduler: Submitting 3 missing tasks from ShuffleMapStage 4 (MapPartitionsRDD[40] at start at <unknown>:0) (first 15 tasks are for partitions Vector(0, 1, 2))
26/08/14 00:12:11 INFO TaskSchedulerImpl: Adding task set 4.0 with 3 tasks resource profile 0
26/08/14 00:12:11 INFO TaskSetManager: Starting task 0.0 in stage 4.0 (TID 5) (172.26.0.12, executor 0, partition 0, PROCESS_LOCAL, 9921 bytes) 
26/08/14 00:12:11 INFO TaskSetManager: Starting task 1.0 in stage 4.0 (TID 6) (172.26.0.13, executor 1, partition 1, PROCESS_LOCAL, 9921 bytes) 
26/08/14 00:12:11 INFO TaskSetManager: Starting task 2.0 in stage 4.0 (TID 7) (172.26.0.13, executor 1, partition 2, PROCESS_LOCAL, 9921 bytes) 
26/08/14 00:12:11 INFO BlockManagerInfo: Added broadcast_3_piece0 in memory on 172.26.0.13:37779 (size: 24.1 KiB, free: 413.9 MiB)
26/08/14 00:12:11 INFO BlockManagerInfo: Added broadcast_3_piece0 in memory on 172.26.0.12:33791 (size: 24.1 KiB, free: 413.9 MiB)
26/08/14 00:12:11 INFO TaskSetManager: Finished task 2.0 in stage 4.0 (TID 7) in 79 ms on 172.26.0.13 (executor 1) (1/3)
26/08/14 00:12:11 INFO TaskSetManager: Finished task 1.0 in stage 4.0 (TID 6) in 82 ms on 172.26.0.13 (executor 1) (2/3)
26/08/14 00:12:11 INFO TaskSetManager: Finished task 0.0 in stage 4.0 (TID 5) in 122 ms on 172.26.0.12 (executor 0) (3/3)
26/08/14 00:12:11 INFO TaskSchedulerImpl: Removed TaskSet 4.0, whose tasks have all completed, from pool 
26/08/14 00:12:11 INFO DAGScheduler: ShuffleMapStage 4 (start at <unknown>:0) finished in 0.136 s
26/08/14 00:12:11 INFO DAGScheduler: looking for newly runnable stages
26/08/14 00:12:11 INFO DAGScheduler: running: Set()
26/08/14 00:12:11 INFO DAGScheduler: waiting: Set(ResultStage 5)
26/08/14 00:12:11 INFO DAGScheduler: failed: Set()
26/08/14 00:12:11 INFO DAGScheduler: Submitting ResultStage 5 (MapPartitionsRDD[43] at start at <unknown>:0), which has no missing parents
26/08/14 00:12:11 INFO MemoryStore: Block broadcast_4 stored as values in memory (estimated size 12.5 KiB, free 191.0 MiB)
26/08/14 00:12:11 INFO MemoryStore: Block broadcast_4_piece0 stored as bytes in memory (estimated size 5.9 KiB, free 191.0 MiB)
26/08/14 00:12:11 INFO BlockManagerInfo: Added broadcast_4_piece0 in memory on spark-driver:44031 (size: 5.9 KiB, free: 191.2 MiB)
26/08/14 00:12:11 INFO BlockManagerInfo: Removed broadcast_2_piece0 on spark-driver:44031 in memory (size: 5.9 KiB, free: 191.2 MiB)
26/08/14 00:12:11 INFO SparkContext: Created broadcast 4 from broadcast at DAGScheduler.scala:1585
26/08/14 00:12:11 INFO BlockManagerInfo: Removed broadcast_2_piece0 on 172.26.0.13:37779 in memory (size: 5.9 KiB, free: 413.9 MiB)
26/08/14 00:12:11 INFO DAGScheduler: Submitting 1 missing tasks from ResultStage 5 (MapPartitionsRDD[43] at start at <unknown>:0) (first 15 tasks are for partitions Vector(0))
26/08/14 00:12:11 INFO TaskSchedulerImpl: Adding task set 5.0 with 1 tasks resource profile 0
26/08/14 00:12:11 INFO TaskSetManager: Starting task 0.0 in stage 5.0 (TID 8) (172.26.0.12, executor 0, partition 0, NODE_LOCAL, 9003 bytes) 
26/08/14 00:12:11 INFO BlockManagerInfo: Removed broadcast_1_piece0 on spark-driver:44031 in memory (size: 23.9 KiB, free: 191.2 MiB)
26/08/14 00:12:11 INFO BlockManagerInfo: Removed broadcast_1_piece0 on 172.26.0.13:37779 in memory (size: 23.9 KiB, free: 413.9 MiB)
26/08/14 00:12:11 INFO BlockManagerInfo: Removed broadcast_1_piece0 on 172.26.0.12:33791 in memory (size: 23.9 KiB, free: 413.9 MiB)
26/08/14 00:12:11 INFO BlockManagerInfo: Added broadcast_4_piece0 in memory on 172.26.0.12:33791 (size: 5.9 KiB, free: 413.9 MiB)
26/08/14 00:12:11 INFO MapOutputTrackerMasterEndpoint: Asked to send map output locations for shuffle 2 to 172.26.0.12:37282
26/08/14 00:12:11 INFO TaskSetManager: Finished task 0.0 in stage 5.0 (TID 8) in 143 ms on 172.26.0.12 (executor 0) (1/1)
26/08/14 00:12:11 INFO TaskSchedulerImpl: Removed TaskSet 5.0, whose tasks have all completed, from pool 
26/08/14 00:12:11 INFO DAGScheduler: ResultStage 5 (start at <unknown>:0) finished in 0.192 s
26/08/14 00:12:11 INFO DAGScheduler: Job 2 is finished. Cancelling potential speculative or zombie tasks for this job
26/08/14 00:12:11 INFO TaskSchedulerImpl: Killing all running tasks in stage 5: Stage finished
26/08/14 00:12:11 INFO DAGScheduler: Job 2 finished: start at <unknown>:0, took 0.344053 s
26/08/14 00:12:11 INFO CodeGenerator: Code generated in 34.318375 ms
26/08/14 00:12:11 INFO CodeGenerator: Code generated in 13.556292 ms
26/08/14 00:12:11 INFO CodeGenerator: Code generated in 7.901584 ms
26/08/14 00:12:11 INFO DefaultCachedBatchSerializer: Predicate isnotnull(kind#2841) generates partition filter: ((kind.count#2910 - kind.nullCount#2909) > 0)
26/08/14 00:12:11 INFO DefaultCachedBatchSerializer: Predicate (kind#2841 = stats) generates partition filter: ((kind.lowerBound#2908 <= stats) AND (stats <= kind.upperBound#2907))
26/08/14 00:12:11 INFO BlockManagerInfo: Removed broadcast_3_piece0 on spark-driver:44031 in memory (size: 24.1 KiB, free: 191.2 MiB)
26/08/14 00:12:11 INFO BlockManagerInfo: Removed broadcast_3_piece0 on 172.26.0.13:37779 in memory (size: 24.1 KiB, free: 413.9 MiB)
26/08/14 00:12:11 INFO BlockManagerInfo: Removed broadcast_3_piece0 on 172.26.0.12:33791 in memory (size: 24.1 KiB, free: 413.9 MiB)
26/08/14 00:12:11 INFO BlockManagerInfo: Removed broadcast_4_piece0 on spark-driver:44031 in memory (size: 5.9 KiB, free: 191.2 MiB)
26/08/14 00:12:11 INFO BlockManagerInfo: Removed broadcast_4_piece0 on 172.26.0.12:33791 in memory (size: 5.9 KiB, free: 413.9 MiB)
26/08/14 00:12:11 INFO SparkContext: Starting job: call at /opt/spark/python/lib/py4j-0.10.9.7-src.zip/py4j/clientserver.py:617
26/08/14 00:12:11 INFO DAGScheduler: Got job 3 (call at /opt/spark/python/lib/py4j-0.10.9.7-src.zip/py4j/clientserver.py:617) with 3 output partitions
26/08/14 00:12:11 INFO DAGScheduler: Final stage: ResultStage 6 (call at /opt/spark/python/lib/py4j-0.10.9.7-src.zip/py4j/clientserver.py:617)
26/08/14 00:12:11 INFO DAGScheduler: Parents of final stage: List()
26/08/14 00:12:11 INFO DAGScheduler: Missing parents: List()
26/08/14 00:12:11 INFO DAGScheduler: Submitting ResultStage 6 (MapPartitionsRDD[62] at call at /opt/spark/python/lib/py4j-0.10.9.7-src.zip/py4j/clientserver.py:617), which has no missing parents
26/08/14 00:12:11 INFO MemoryStore: Block broadcast_5 stored as values in memory (estimated size 89.7 KiB, free 191.1 MiB)
26/08/14 00:12:11 INFO MemoryStore: Block broadcast_5_piece0 stored as bytes in memory (estimated size 33.9 KiB, free 191.1 MiB)
26/08/14 00:12:11 INFO BlockManagerInfo: Added broadcast_5_piece0 in memory on spark-driver:44031 (size: 33.9 KiB, free: 191.2 MiB)
26/08/14 00:12:11 INFO SparkContext: Created broadcast 5 from broadcast at DAGScheduler.scala:1585
26/08/14 00:12:11 INFO DAGScheduler: Submitting 3 missing tasks from ResultStage 6 (MapPartitionsRDD[62] at call at /opt/spark/python/lib/py4j-0.10.9.7-src.zip/py4j/clientserver.py:617) (first 15 tasks are for partitions Vector(0, 1, 2))
26/08/14 00:12:11 INFO TaskSchedulerImpl: Adding task set 6.0 with 3 tasks resource profile 0
26/08/14 00:12:11 INFO TaskSetManager: Starting task 0.0 in stage 6.0 (TID 9) (172.26.0.12, executor 0, partition 0, PROCESS_LOCAL, 9932 bytes) 
26/08/14 00:12:11 INFO TaskSetManager: Starting task 1.0 in stage 6.0 (TID 10) (172.26.0.13, executor 1, partition 1, PROCESS_LOCAL, 9932 bytes) 
26/08/14 00:12:11 INFO TaskSetManager: Starting task 2.0 in stage 6.0 (TID 11) (172.26.0.13, executor 1, partition 2, PROCESS_LOCAL, 9932 bytes) 
26/08/14 00:12:11 INFO BlockManagerInfo: Added broadcast_5_piece0 in memory on 172.26.0.13:37779 (size: 33.9 KiB, free: 413.9 MiB)
26/08/14 00:12:11 INFO BlockManagerInfo: Added broadcast_5_piece0 in memory on 172.26.0.12:33791 (size: 33.9 KiB, free: 413.9 MiB)
26/08/14 00:12:13 INFO BlockManagerInfo: Added rdd_57_0 in memory on 172.26.0.12:33791 (size: 1760.0 B, free: 413.9 MiB)
26/08/14 00:12:13 INFO BlockManagerInfo: Added rdd_57_2 in memory on 172.26.0.13:37779 (size: 1760.0 B, free: 413.9 MiB)
26/08/14 00:12:13 INFO BlockManagerInfo: Added rdd_57_1 in memory on 172.26.0.13:37779 (size: 1760.0 B, free: 413.9 MiB)
26/08/14 00:12:13 INFO TaskSetManager: Finished task 0.0 in stage 6.0 (TID 9) in 2177 ms on 172.26.0.12 (executor 0) (1/3)
26/08/14 00:12:13 INFO PythonAccumulatorV2: Connected to AccumulatorServer at host: 127.0.0.1 port: 59079
26/08/14 00:12:14 INFO TaskSetManager: Finished task 1.0 in stage 6.0 (TID 10) in 2212 ms on 172.26.0.13 (executor 1) (2/3)
26/08/14 00:12:14 INFO TaskSetManager: Finished task 2.0 in stage 6.0 (TID 11) in 2218 ms on 172.26.0.13 (executor 1) (3/3)
26/08/14 00:12:14 INFO TaskSchedulerImpl: Removed TaskSet 6.0, whose tasks have all completed, from pool 
26/08/14 00:12:14 INFO DAGScheduler: ResultStage 6 (call at /opt/spark/python/lib/py4j-0.10.9.7-src.zip/py4j/clientserver.py:617) finished in 2.244 s
26/08/14 00:12:14 INFO DAGScheduler: Job 3 is finished. Cancelling potential speculative or zombie tasks for this job
26/08/14 00:12:14 INFO TaskSchedulerImpl: Killing all running tasks in stage 6: Stage finished
26/08/14 00:12:14 INFO DAGScheduler: Job 3 finished: call at /opt/spark/python/lib/py4j-0.10.9.7-src.zip/py4j/clientserver.py:617, took 2.263754 s
26/08/14 00:12:14 INFO CodeGenerator: Code generated in 13.221 ms
26/08/14 00:12:14 INFO DefaultCachedBatchSerializer: Predicate isnotnull(kind#2841) generates partition filter: ((kind.count#2993 - kind.nullCount#2992) > 0)
26/08/14 00:12:14 INFO DefaultCachedBatchSerializer: Predicate (kind#2841 = dlq) generates partition filter: ((kind.lowerBound#2991 <= dlq) AND (dlq <= kind.upperBound#2990))
26/08/14 00:12:14 INFO SparkContext: Starting job: count at <unknown>:0
26/08/14 00:12:14 INFO DAGScheduler: Registering RDD 67 (count at <unknown>:0) as input to shuffle 3
26/08/14 00:12:14 INFO DAGScheduler: Got job 4 (count at <unknown>:0) with 1 output partitions
26/08/14 00:12:14 INFO DAGScheduler: Final stage: ResultStage 8 (count at <unknown>:0)
26/08/14 00:12:14 INFO DAGScheduler: Parents of final stage: List(ShuffleMapStage 7)
26/08/14 00:12:14 INFO DAGScheduler: Missing parents: List(ShuffleMapStage 7)
26/08/14 00:12:14 INFO DAGScheduler: Submitting ShuffleMapStage 7 (MapPartitionsRDD[67] at count at <unknown>:0), which has no missing parents
26/08/14 00:12:14 INFO MemoryStore: Block broadcast_6 stored as values in memory (estimated size 92.0 KiB, free 191.0 MiB)
26/08/14 00:12:14 INFO MemoryStore: Block broadcast_6_piece0 stored as bytes in memory (estimated size 35.2 KiB, free 191.0 MiB)
26/08/14 00:12:14 INFO BlockManagerInfo: Added broadcast_6_piece0 in memory on spark-driver:44031 (size: 35.2 KiB, free: 191.1 MiB)
26/08/14 00:12:14 INFO SparkContext: Created broadcast 6 from broadcast at DAGScheduler.scala:1585
26/08/14 00:12:14 INFO DAGScheduler: Submitting 3 missing tasks from ShuffleMapStage 7 (MapPartitionsRDD[67] at count at <unknown>:0) (first 15 tasks are for partitions Vector(0, 1, 2))
26/08/14 00:12:14 INFO TaskSchedulerImpl: Adding task set 7.0 with 3 tasks resource profile 0
26/08/14 00:12:14 INFO TaskSetManager: Starting task 0.0 in stage 7.0 (TID 12) (172.26.0.12, executor 0, partition 0, PROCESS_LOCAL, 9921 bytes) 
26/08/14 00:12:14 INFO TaskSetManager: Starting task 1.0 in stage 7.0 (TID 13) (172.26.0.13, executor 1, partition 1, PROCESS_LOCAL, 9921 bytes) 
26/08/14 00:12:14 INFO TaskSetManager: Starting task 2.0 in stage 7.0 (TID 14) (172.26.0.13, executor 1, partition 2, PROCESS_LOCAL, 9921 bytes) 
26/08/14 00:12:14 INFO BlockManagerInfo: Added broadcast_6_piece0 in memory on 172.26.0.12:33791 (size: 35.2 KiB, free: 413.8 MiB)
26/08/14 00:12:14 INFO BlockManagerInfo: Added broadcast_6_piece0 in memory on 172.26.0.13:37779 (size: 35.2 KiB, free: 413.8 MiB)
26/08/14 00:12:14 INFO TaskSetManager: Finished task 0.0 in stage 7.0 (TID 12) in 142 ms on 172.26.0.12 (executor 0) (1/3)
26/08/14 00:12:14 INFO TaskSetManager: Finished task 2.0 in stage 7.0 (TID 14) in 172 ms on 172.26.0.13 (executor 1) (2/3)
26/08/14 00:12:14 INFO TaskSetManager: Finished task 1.0 in stage 7.0 (TID 13) in 173 ms on 172.26.0.13 (executor 1) (3/3)
26/08/14 00:12:14 INFO TaskSchedulerImpl: Removed TaskSet 7.0, whose tasks have all completed, from pool 
26/08/14 00:12:14 INFO DAGScheduler: ShuffleMapStage 7 (count at <unknown>:0) finished in 0.200 s
26/08/14 00:12:14 INFO DAGScheduler: looking for newly runnable stages
26/08/14 00:12:14 INFO DAGScheduler: running: Set()
26/08/14 00:12:14 INFO DAGScheduler: waiting: Set(ResultStage 8)
26/08/14 00:12:14 INFO DAGScheduler: failed: Set()
26/08/14 00:12:14 INFO DAGScheduler: Submitting ResultStage 8 (MapPartitionsRDD[70] at count at <unknown>:0), which has no missing parents
26/08/14 00:12:14 INFO BlockManagerInfo: Removed broadcast_5_piece0 on spark-driver:44031 in memory (size: 33.9 KiB, free: 191.2 MiB)
26/08/14 00:12:14 INFO MemoryStore: Block broadcast_7 stored as values in memory (estimated size 12.5 KiB, free 191.1 MiB)
26/08/14 00:12:14 INFO BlockManagerInfo: Removed broadcast_5_piece0 on 172.26.0.13:37779 in memory (size: 33.9 KiB, free: 413.9 MiB)
26/08/14 00:12:14 INFO BlockManagerInfo: Removed broadcast_5_piece0 on 172.26.0.12:33791 in memory (size: 33.9 KiB, free: 413.9 MiB)
26/08/14 00:12:14 INFO MemoryStore: Block broadcast_7_piece0 stored as bytes in memory (estimated size 5.9 KiB, free 191.1 MiB)
26/08/14 00:12:14 INFO BlockManagerInfo: Added broadcast_7_piece0 in memory on spark-driver:44031 (size: 5.9 KiB, free: 191.2 MiB)
26/08/14 00:12:14 INFO SparkContext: Created broadcast 7 from broadcast at DAGScheduler.scala:1585
26/08/14 00:12:14 INFO DAGScheduler: Submitting 1 missing tasks from ResultStage 8 (MapPartitionsRDD[70] at count at <unknown>:0) (first 15 tasks are for partitions Vector(0))
26/08/14 00:12:14 INFO TaskSchedulerImpl: Adding task set 8.0 with 1 tasks resource profile 0
26/08/14 00:12:14 INFO TaskSetManager: Starting task 0.0 in stage 8.0 (TID 15) (172.26.0.12, executor 0, partition 0, NODE_LOCAL, 9003 bytes) 
26/08/14 00:12:14 INFO BlockManagerInfo: Added broadcast_7_piece0 in memory on 172.26.0.12:33791 (size: 5.9 KiB, free: 413.9 MiB)
26/08/14 00:12:14 INFO MapOutputTrackerMasterEndpoint: Asked to send map output locations for shuffle 3 to 172.26.0.12:37282
26/08/14 00:12:14 INFO TaskSetManager: Finished task 0.0 in stage 8.0 (TID 15) in 48 ms on 172.26.0.12 (executor 0) (1/1)
26/08/14 00:12:14 INFO DAGScheduler: ResultStage 8 (count at <unknown>:0) finished in 0.075 s
26/08/14 00:12:14 INFO DAGScheduler: Job 4 is finished. Cancelling potential speculative or zombie tasks for this job
26/08/14 00:12:14 INFO TaskSchedulerImpl: Removed TaskSet 8.0, whose tasks have all completed, from pool 
26/08/14 00:12:14 INFO TaskSchedulerImpl: Killing all running tasks in stage 8: Stage finished
26/08/14 00:12:14 INFO DAGScheduler: Job 4 finished: count at <unknown>:0, took 0.321011 s
26/08/14 00:12:14 INFO MapPartitionsRDD: Removing RDD 57 from persistence list
26/08/14 00:12:14 INFO BlockManager: Removing RDD 57
26/08/14 00:12:14 INFO CodeGenerator: Code generated in 12.166084 ms
26/08/14 00:12:14 INFO CodeGenerator: Code generated in 9.863083 ms
26/08/14 00:12:14 INFO SparkContext: Starting job: call at /opt/spark/python/lib/py4j-0.10.9.7-src.zip/py4j/clientserver.py:617
26/08/14 00:12:14 INFO DAGScheduler: Registering RDD 75 (call at /opt/spark/python/lib/py4j-0.10.9.7-src.zip/py4j/clientserver.py:617) as input to shuffle 4
26/08/14 00:12:14 INFO DAGScheduler: Got job 5 (call at /opt/spark/python/lib/py4j-0.10.9.7-src.zip/py4j/clientserver.py:617) with 1 output partitions
26/08/14 00:12:14 INFO DAGScheduler: Final stage: ResultStage 10 (call at /opt/spark/python/lib/py4j-0.10.9.7-src.zip/py4j/clientserver.py:617)
26/08/14 00:12:14 INFO DAGScheduler: Parents of final stage: List(ShuffleMapStage 9)
26/08/14 00:12:14 INFO DAGScheduler: Missing parents: List(ShuffleMapStage 9)
26/08/14 00:12:14 INFO DAGScheduler: Submitting ShuffleMapStage 9 (MapPartitionsRDD[75] at call at /opt/spark/python/lib/py4j-0.10.9.7-src.zip/py4j/clientserver.py:617), which has no missing parents
26/08/14 00:12:14 INFO MemoryStore: Block broadcast_8 stored as values in memory (estimated size 65.9 KiB, free 191.0 MiB)
26/08/14 00:12:14 INFO MemoryStore: Block broadcast_8_piece0 stored as bytes in memory (estimated size 24.7 KiB, free 191.0 MiB)
26/08/14 00:12:14 INFO BlockManagerInfo: Added broadcast_8_piece0 in memory on spark-driver:44031 (size: 24.7 KiB, free: 191.1 MiB)
26/08/14 00:12:14 INFO SparkContext: Created broadcast 8 from broadcast at DAGScheduler.scala:1585
26/08/14 00:12:14 INFO DAGScheduler: Submitting 3 missing tasks from ShuffleMapStage 9 (MapPartitionsRDD[75] at call at /opt/spark/python/lib/py4j-0.10.9.7-src.zip/py4j/clientserver.py:617) (first 15 tasks are for partitions Vector(0, 1, 2))
26/08/14 00:12:14 INFO TaskSchedulerImpl: Adding task set 9.0 with 3 tasks resource profile 0
26/08/14 00:12:14 INFO TaskSetManager: Starting task 1.0 in stage 9.0 (TID 16) (172.26.0.13, executor 1, partition 1, PROCESS_LOCAL, 9921 bytes) 
26/08/14 00:12:14 INFO TaskSetManager: Starting task 0.0 in stage 9.0 (TID 17) (172.26.0.12, executor 0, partition 0, PROCESS_LOCAL, 9921 bytes) 
26/08/14 00:12:14 INFO TaskSetManager: Starting task 2.0 in stage 9.0 (TID 18) (172.26.0.13, executor 1, partition 2, PROCESS_LOCAL, 9921 bytes) 
26/08/14 00:12:14 INFO BlockManagerInfo: Added broadcast_8_piece0 in memory on 172.26.0.13:37779 (size: 24.7 KiB, free: 413.9 MiB)
26/08/14 00:12:14 INFO BlockManagerInfo: Added broadcast_8_piece0 in memory on 172.26.0.12:33791 (size: 24.7 KiB, free: 413.9 MiB)
26/08/14 00:12:14 INFO TaskSetManager: Finished task 1.0 in stage 9.0 (TID 16) in 98 ms on 172.26.0.13 (executor 1) (1/3)
26/08/14 00:12:14 INFO TaskSetManager: Finished task 2.0 in stage 9.0 (TID 18) in 99 ms on 172.26.0.13 (executor 1) (2/3)
26/08/14 00:12:14 INFO TaskSetManager: Finished task 0.0 in stage 9.0 (TID 17) in 121 ms on 172.26.0.12 (executor 0) (3/3)
26/08/14 00:12:14 INFO TaskSchedulerImpl: Removed TaskSet 9.0, whose tasks have all completed, from pool 
26/08/14 00:12:14 INFO DAGScheduler: ShuffleMapStage 9 (call at /opt/spark/python/lib/py4j-0.10.9.7-src.zip/py4j/clientserver.py:617) finished in 0.136 s
26/08/14 00:12:14 INFO DAGScheduler: looking for newly runnable stages
26/08/14 00:12:14 INFO DAGScheduler: running: Set()
26/08/14 00:12:14 INFO DAGScheduler: waiting: Set(ResultStage 10)
26/08/14 00:12:14 INFO DAGScheduler: failed: Set()
26/08/14 00:12:14 INFO DAGScheduler: Submitting ResultStage 10 (MapPartitionsRDD[78] at call at /opt/spark/python/lib/py4j-0.10.9.7-src.zip/py4j/clientserver.py:617), which has no missing parents
26/08/14 00:12:14 INFO MemoryStore: Block broadcast_9 stored as values in memory (estimated size 13.1 KiB, free 191.0 MiB)
26/08/14 00:12:14 INFO MemoryStore: Block broadcast_9_piece0 stored as bytes in memory (estimated size 6.1 KiB, free 191.0 MiB)
26/08/14 00:12:14 INFO BlockManagerInfo: Added broadcast_9_piece0 in memory on spark-driver:44031 (size: 6.1 KiB, free: 191.1 MiB)
26/08/14 00:12:14 INFO SparkContext: Created broadcast 9 from broadcast at DAGScheduler.scala:1585
26/08/14 00:12:14 INFO DAGScheduler: Submitting 1 missing tasks from ResultStage 10 (MapPartitionsRDD[78] at call at /opt/spark/python/lib/py4j-0.10.9.7-src.zip/py4j/clientserver.py:617) (first 15 tasks are for partitions Vector(0))
26/08/14 00:12:14 INFO TaskSchedulerImpl: Adding task set 10.0 with 1 tasks resource profile 0
26/08/14 00:12:14 INFO TaskSetManager: Starting task 0.0 in stage 10.0 (TID 19) (172.26.0.13, executor 1, partition 0, NODE_LOCAL, 9003 bytes) 
26/08/14 00:12:14 INFO BlockManagerInfo: Added broadcast_9_piece0 in memory on 172.26.0.13:37779 (size: 6.1 KiB, free: 413.8 MiB)
26/08/14 00:12:14 INFO MapOutputTrackerMasterEndpoint: Asked to send map output locations for shuffle 4 to 172.26.0.13:36452
26/08/14 00:12:14 INFO BlockManagerInfo: Removed broadcast_6_piece0 on spark-driver:44031 in memory (size: 35.2 KiB, free: 191.2 MiB)
26/08/14 00:12:14 INFO BlockManagerInfo: Removed broadcast_6_piece0 on 172.26.0.13:37779 in memory (size: 35.2 KiB, free: 413.9 MiB)
26/08/14 00:12:14 INFO BlockManagerInfo: Removed broadcast_6_piece0 on 172.26.0.12:33791 in memory (size: 35.2 KiB, free: 413.9 MiB)
26/08/14 00:12:14 INFO BlockManagerInfo: Removed broadcast_8_piece0 on spark-driver:44031 in memory (size: 24.7 KiB, free: 191.2 MiB)
26/08/14 00:12:14 INFO BlockManagerInfo: Removed broadcast_8_piece0 on 172.26.0.12:33791 in memory (size: 24.7 KiB, free: 413.9 MiB)
26/08/14 00:12:14 INFO BlockManagerInfo: Removed broadcast_8_piece0 on 172.26.0.13:37779 in memory (size: 24.7 KiB, free: 413.9 MiB)
26/08/14 00:12:14 INFO BlockManagerInfo: Removed broadcast_7_piece0 on spark-driver:44031 in memory (size: 5.9 KiB, free: 191.2 MiB)
26/08/14 00:12:14 INFO BlockManagerInfo: Removed broadcast_7_piece0 on 172.26.0.12:33791 in memory (size: 5.9 KiB, free: 413.9 MiB)
26/08/14 00:12:14 INFO TaskSetManager: Finished task 0.0 in stage 10.0 (TID 19) in 96 ms on 172.26.0.13 (executor 1) (1/1)
26/08/14 00:12:14 INFO TaskSchedulerImpl: Removed TaskSet 10.0, whose tasks have all completed, from pool 
26/08/14 00:12:14 INFO DAGScheduler: ResultStage 10 (call at /opt/spark/python/lib/py4j-0.10.9.7-src.zip/py4j/clientserver.py:617) finished in 0.104 s
26/08/14 00:12:14 INFO DAGScheduler: Job 5 is finished. Cancelling potential speculative or zombie tasks for this job
26/08/14 00:12:14 INFO TaskSchedulerImpl: Killing all running tasks in stage 10: Stage finished
26/08/14 00:12:14 INFO DAGScheduler: Job 5 finished: call at /opt/spark/python/lib/py4j-0.10.9.7-src.zip/py4j/clientserver.py:617, took 0.251186 s
26/08/14 00:12:14 INFO MapPartitionsRDD: Removing RDD 27 from persistence list
26/08/14 00:12:14 INFO BlockManager: Removing RDD 27
26/08/14 00:12:14 INFO WatermarkTracker: Updating event-time watermark from 0 to 1786666207387 ms
26/08/14 00:12:14 INFO CheckpointFileManager: Writing atomically to file:/opt/checkpoints/trips/commits/1 using temp file file:/opt/checkpoints/trips/commits/.1.0d64f40f-d3e8-4a52-9389-d6cf6e02175c.tmp
26/08/14 00:12:14 INFO CheckpointFileManager: Renamed temp file file:/opt/checkpoints/trips/commits/.1.0d64f40f-d3e8-4a52-9389-d6cf6e02175c.tmp to file:/opt/checkpoints/trips/commits/1
26/08/14 00:12:14 INFO MicroBatchExecution: Streaming query made progress: {
  "id" : "673700e1-7609-4c3e-bff3-65e01579062f",
  "runId" : "684f6ae2-98d1-4139-a900-0d86eb048f89",
  "name" : "trips-ingest-chaos_kill_cassandra_1",
  "timestamp" : "2026-08-14T00:12:07.401Z",
  "batchId" : 1,
  "numInputRows" : 13,
  "inputRowsPerSecond" : 812.5,
  "processedRowsPerSecond" : 1.7268862911795964,
  "durationMs" : {
    "addBatch" : 7274,
    "commitOffsets" : 40,
    "getBatch" : 0,
    "latestOffset" : 24,
    "queryPlanning" : 105,
    "triggerExecution" : 7528,
    "walCommit" : 73
  },
  "eventTime" : {
    "avg" : "2026-08-14T00:12:05.667Z",
    "max" : "2026-08-14T00:12:07.387Z",
    "min" : "2026-08-14T00:12:04.520Z",
    "watermark" : "1970-01-01T00:00:00.000Z"
  },
  "stateOperators" : [ ],
  "sources" : [ {
    "description" : "KafkaV2[Subscribe[trips.raw]]",
    "startOffset" : {
      "trips.raw" : {
        "2" : 229980,
        "5" : 228369,
        "4" : 229613,
        "1" : 229513,
        "3" : 229472,
        "0" : 229604
      }
    },
    "endOffset" : {
      "trips.raw" : {
        "2" : 229984,
        "5" : 228369,
        "4" : 229613,
        "1" : 229518,
        "3" : 229476,
        "0" : 229604
      }
    },
    "latestOffset" : {
      "trips.raw" : {
        "2" : 229984,
        "5" : 228369,
        "4" : 229613,
        "1" : 229518,
        "3" : 229476,
        "0" : 229604
      }
    },
    "numInputRows" : 13,
    "inputRowsPerSecond" : 812.5,
    "processedRowsPerSecond" : 1.7268862911795964,
    "metrics" : {
      "avgOffsetsBehindLatest" : "0.0",
      "maxOffsetsBehindLatest" : "0",
      "minOffsetsBehindLatest" : "0"
    }
  } ],
  "sink" : {
    "description" : "ForeachBatchSink",
    "numOutputRows" : -1
  }
}
26/08/14 00:12:14 INFO CheckpointFileManager: Writing atomically to file:/opt/checkpoints/trips/offsets/2 using temp file file:/opt/checkpoints/trips/offsets/.2.3ef87ed4-789f-4c78-9617-1207203e042c.tmp
26/08/14 00:12:14 INFO CheckpointFileManager: Renamed temp file file:/opt/checkpoints/trips/offsets/.2.3ef87ed4-789f-4c78-9617-1207203e042c.tmp to file:/opt/checkpoints/trips/offsets/2
26/08/14 00:12:14 INFO MicroBatchExecution: Committed offsets for batch 2. Metadata OffsetSeqMetadata(1786666207387,1786666334944,Map(spark.sql.streaming.stateStore.providerClass -> org.apache.spark.sql.execution.streaming.state.HDFSBackedStateStoreProvider, spark.sql.streaming.join.stateFormatVersion -> 2, spark.sql.streaming.stateStore.compression.codec -> lz4, spark.sql.streaming.stateStore.rocksdb.formatVersion -> 5, spark.sql.streaming.statefulOperator.useStrictDistribution -> true, spark.sql.streaming.flatMapGroupsWithState.stateFormatVersion -> 2, spark.sql.streaming.multipleWatermarkPolicy -> min, spark.sql.streaming.aggregation.stateFormatVersion -> 2, spark.sql.shuffle.partitions -> 6))
26/08/14 00:12:15 INFO KafkaOffsetReaderAdmin: Partitions added: Map()
26/08/14 00:12:15 INFO KafkaOffsetReaderAdmin: Partitions added: Map()
26/08/14 00:12:15 INFO KafkaOffsetReaderAdmin: Partitions added: Map()
26/08/14 00:12:15 INFO KafkaOffsetReaderAdmin: Partitions added: Map()
2026-08-14 00:12:15,053 INFO  [stream] Received command c on object id p0
26/08/14 00:12:15 INFO SparkContext: Starting job: count at <unknown>:0
26/08/14 00:12:15 INFO DAGScheduler: Registering RDD 93 (count at <unknown>:0) as input to shuffle 5
26/08/14 00:12:15 INFO DAGScheduler: Got job 6 (count at <unknown>:0) with 1 output partitions
26/08/14 00:12:15 INFO DAGScheduler: Final stage: ResultStage 12 (count at <unknown>:0)
26/08/14 00:12:15 INFO DAGScheduler: Parents of final stage: List(ShuffleMapStage 11)
26/08/14 00:12:15 INFO DAGScheduler: Missing parents: List(ShuffleMapStage 11)
26/08/14 00:12:15 INFO DAGScheduler: Submitting ShuffleMapStage 11 (MapPartitionsRDD[93] at count at <unknown>:0), which has no missing parents
26/08/14 00:12:15 INFO MemoryStore: Block broadcast_10 stored as values in memory (estimated size 64.6 KiB, free 191.1 MiB)
26/08/14 00:12:15 INFO MemoryStore: Block broadcast_10_piece0 stored as bytes in memory (estimated size 24.1 KiB, free 191.1 MiB)
26/08/14 00:12:15 INFO BlockManagerInfo: Removed broadcast_9_piece0 on spark-driver:44031 in memory (size: 6.1 KiB, free: 191.2 MiB)
26/08/14 00:12:15 INFO BlockManagerInfo: Added broadcast_10_piece0 in memory on spark-driver:44031 (size: 24.1 KiB, free: 191.2 MiB)
26/08/14 00:12:15 INFO SparkContext: Created broadcast 10 from broadcast at DAGScheduler.scala:1585
26/08/14 00:12:15 INFO DAGScheduler: Submitting 6 missing tasks from ShuffleMapStage 11 (MapPartitionsRDD[93] at count at <unknown>:0) (first 15 tasks are for partitions Vector(0, 1, 2, 3, 4, 5))
26/08/14 00:12:15 INFO TaskSchedulerImpl: Adding task set 11.0 with 6 tasks resource profile 0
26/08/14 00:12:15 INFO TaskSetManager: Starting task 2.0 in stage 11.0 (TID 20) (172.26.0.13, executor 1, partition 2, PROCESS_LOCAL, 9921 bytes) 
26/08/14 00:12:15 INFO TaskSetManager: Starting task 0.0 in stage 11.0 (TID 21) (172.26.0.12, executor 0, partition 0, PROCESS_LOCAL, 9921 bytes) 
26/08/14 00:12:15 INFO BlockManagerInfo: Removed broadcast_9_piece0 on 172.26.0.13:37779 in memory (size: 6.1 KiB, free: 413.9 MiB)
26/08/14 00:12:15 INFO TaskSetManager: Starting task 3.0 in stage 11.0 (TID 22) (172.26.0.13, executor 1, partition 3, PROCESS_LOCAL, 9921 bytes) 
26/08/14 00:12:15 INFO TaskSetManager: Starting task 1.0 in stage 11.0 (TID 23) (172.26.0.12, executor 0, partition 1, PROCESS_LOCAL, 9921 bytes) 
26/08/14 00:12:15 INFO TaskSetManager: Starting task 4.0 in stage 11.0 (TID 24) (172.26.0.13, executor 1, partition 4, PROCESS_LOCAL, 9921 bytes) 
26/08/14 00:12:15 INFO TaskSetManager: Starting task 5.0 in stage 11.0 (TID 25) (172.26.0.12, executor 0, partition 5, PROCESS_LOCAL, 9921 bytes) 
26/08/14 00:12:15 INFO BlockManagerInfo: Added broadcast_10_piece0 in memory on 172.26.0.13:37779 (size: 24.1 KiB, free: 413.9 MiB)
26/08/14 00:12:15 INFO BlockManagerInfo: Added broadcast_10_piece0 in memory on 172.26.0.12:33791 (size: 24.1 KiB, free: 413.9 MiB)
26/08/14 00:12:15 INFO BlockManagerInfo: Added rdd_88_3 in memory on 172.26.0.13:37779 (size: 623.6 KiB, free: 413.3 MiB)
26/08/14 00:12:15 INFO BlockManagerInfo: Added rdd_88_4 in memory on 172.26.0.13:37779 (size: 596.7 KiB, free: 412.7 MiB)
26/08/14 00:12:15 INFO BlockManagerInfo: Added rdd_88_2 in memory on 172.26.0.13:37779 (size: 625.4 KiB, free: 412.1 MiB)
26/08/14 00:12:16 INFO TaskSetManager: Finished task 3.0 in stage 11.0 (TID 22) in 872 ms on 172.26.0.13 (executor 1) (1/6)
26/08/14 00:12:16 INFO TaskSetManager: Finished task 4.0 in stage 11.0 (TID 24) in 882 ms on 172.26.0.13 (executor 1) (2/6)
26/08/14 00:12:16 INFO TaskSetManager: Finished task 2.0 in stage 11.0 (TID 20) in 890 ms on 172.26.0.13 (executor 1) (3/6)
26/08/14 00:12:16 INFO BlockManagerInfo: Added rdd_88_0 in memory on 172.26.0.12:33791 (size: 629.2 KiB, free: 413.3 MiB)
26/08/14 00:12:16 INFO BlockManagerInfo: Added rdd_88_5 in memory on 172.26.0.12:33791 (size: 614.0 KiB, free: 412.7 MiB)
26/08/14 00:12:16 INFO TaskSetManager: Finished task 0.0 in stage 11.0 (TID 21) in 1070 ms on 172.26.0.12 (executor 0) (4/6)
26/08/14 00:12:16 INFO TaskSetManager: Finished task 5.0 in stage 11.0 (TID 25) in 1075 ms on 172.26.0.12 (executor 0) (5/6)
26/08/14 00:12:16 INFO BlockManagerInfo: Added rdd_88_1 in memory on 172.26.0.12:33791 (size: 626.3 KiB, free: 412.1 MiB)
26/08/14 00:12:16 INFO TaskSetManager: Finished task 1.0 in stage 11.0 (TID 23) in 1097 ms on 172.26.0.12 (executor 0) (6/6)
26/08/14 00:12:16 INFO TaskSchedulerImpl: Removed TaskSet 11.0, whose tasks have all completed, from pool 
26/08/14 00:12:16 INFO DAGScheduler: ShuffleMapStage 11 (count at <unknown>:0) finished in 1.120 s
26/08/14 00:12:16 INFO DAGScheduler: looking for newly runnable stages
26/08/14 00:12:16 INFO DAGScheduler: running: Set()
26/08/14 00:12:16 INFO DAGScheduler: waiting: Set(ResultStage 12)
26/08/14 00:12:16 INFO DAGScheduler: failed: Set()
26/08/14 00:12:16 INFO DAGScheduler: Submitting ResultStage 12 (MapPartitionsRDD[96] at count at <unknown>:0), which has no missing parents
26/08/14 00:12:16 INFO MemoryStore: Block broadcast_11 stored as values in memory (estimated size 12.5 KiB, free 191.1 MiB)
26/08/14 00:12:16 INFO MemoryStore: Block broadcast_11_piece0 stored as bytes in memory (estimated size 5.9 KiB, free 191.1 MiB)
26/08/14 00:12:16 INFO BlockManagerInfo: Added broadcast_11_piece0 in memory on spark-driver:44031 (size: 5.9 KiB, free: 191.2 MiB)
26/08/14 00:12:16 INFO SparkContext: Created broadcast 11 from broadcast at DAGScheduler.scala:1585
26/08/14 00:12:16 INFO DAGScheduler: Submitting 1 missing tasks from ResultStage 12 (MapPartitionsRDD[96] at count at <unknown>:0) (first 15 tasks are for partitions Vector(0))
26/08/14 00:12:16 INFO TaskSchedulerImpl: Adding task set 12.0 with 1 tasks resource profile 0
26/08/14 00:12:16 INFO TaskSetManager: Starting task 0.0 in stage 12.0 (TID 26) (172.26.0.12, executor 0, partition 0, NODE_LOCAL, 9003 bytes) 
26/08/14 00:12:16 INFO BlockManagerInfo: Added broadcast_11_piece0 in memory on 172.26.0.12:33791 (size: 5.9 KiB, free: 412.1 MiB)
26/08/14 00:12:16 INFO MapOutputTrackerMasterEndpoint: Asked to send map output locations for shuffle 5 to 172.26.0.12:37282
26/08/14 00:12:16 INFO TaskSetManager: Finished task 0.0 in stage 12.0 (TID 26) in 40 ms on 172.26.0.12 (executor 0) (1/1)
26/08/14 00:12:16 INFO TaskSchedulerImpl: Removed TaskSet 12.0, whose tasks have all completed, from pool 
26/08/14 00:12:16 INFO DAGScheduler: ResultStage 12 (count at <unknown>:0) finished in 0.047 s
26/08/14 00:12:16 INFO DAGScheduler: Job 6 is finished. Cancelling potential speculative or zombie tasks for this job
26/08/14 00:12:16 INFO TaskSchedulerImpl: Killing all running tasks in stage 12: Stage finished
26/08/14 00:12:16 INFO DAGScheduler: Job 6 finished: count at <unknown>:0, took 1.177207 s
26/08/14 00:12:16 INFO SparkContext: Starting job: count at <unknown>:0
26/08/14 00:12:16 INFO DAGScheduler: Registering RDD 101 (count at <unknown>:0) as input to shuffle 6
26/08/14 00:12:16 INFO DAGScheduler: Got job 7 (count at <unknown>:0) with 1 output partitions
26/08/14 00:12:16 INFO DAGScheduler: Final stage: ResultStage 14 (count at <unknown>:0)
26/08/14 00:12:16 INFO DAGScheduler: Parents of final stage: List(ShuffleMapStage 13)
26/08/14 00:12:16 INFO DAGScheduler: Missing parents: List(ShuffleMapStage 13)
26/08/14 00:12:16 INFO DAGScheduler: Submitting ShuffleMapStage 13 (MapPartitionsRDD[101] at count at <unknown>:0), which has no missing parents
26/08/14 00:12:16 INFO MemoryStore: Block broadcast_12 stored as values in memory (estimated size 64.9 KiB, free 191.0 MiB)
26/08/14 00:12:16 INFO MemoryStore: Block broadcast_12_piece0 stored as bytes in memory (estimated size 24.2 KiB, free 191.0 MiB)
26/08/14 00:12:16 INFO BlockManagerInfo: Added broadcast_12_piece0 in memory on spark-driver:44031 (size: 24.2 KiB, free: 191.2 MiB)
26/08/14 00:12:16 INFO SparkContext: Created broadcast 12 from broadcast at DAGScheduler.scala:1585
26/08/14 00:12:16 INFO DAGScheduler: Submitting 6 missing tasks from ShuffleMapStage 13 (MapPartitionsRDD[101] at count at <unknown>:0) (first 15 tasks are for partitions Vector(0, 1, 2, 3, 4, 5))
26/08/14 00:12:16 INFO TaskSchedulerImpl: Adding task set 13.0 with 6 tasks resource profile 0
26/08/14 00:12:16 INFO TaskSetManager: Starting task 2.0 in stage 13.0 (TID 27) (172.26.0.13, executor 1, partition 2, PROCESS_LOCAL, 9921 bytes) 
26/08/14 00:12:16 INFO TaskSetManager: Starting task 0.0 in stage 13.0 (TID 28) (172.26.0.12, executor 0, partition 0, PROCESS_LOCAL, 9921 bytes) 
26/08/14 00:12:16 INFO TaskSetManager: Starting task 3.0 in stage 13.0 (TID 29) (172.26.0.13, executor 1, partition 3, PROCESS_LOCAL, 9921 bytes) 
26/08/14 00:12:16 INFO TaskSetManager: Starting task 1.0 in stage 13.0 (TID 30) (172.26.0.12, executor 0, partition 1, PROCESS_LOCAL, 9921 bytes) 
26/08/14 00:12:16 INFO TaskSetManager: Starting task 4.0 in stage 13.0 (TID 31) (172.26.0.13, executor 1, partition 4, PROCESS_LOCAL, 9921 bytes) 
26/08/14 00:12:16 INFO TaskSetManager: Starting task 5.0 in stage 13.0 (TID 32) (172.26.0.12, executor 0, partition 5, PROCESS_LOCAL, 9921 bytes) 
26/08/14 00:12:16 INFO BlockManagerInfo: Added broadcast_12_piece0 in memory on 172.26.0.13:37779 (size: 24.2 KiB, free: 412.1 MiB)
26/08/14 00:12:16 INFO BlockManagerInfo: Added broadcast_12_piece0 in memory on 172.26.0.12:33791 (size: 24.2 KiB, free: 412.0 MiB)
26/08/14 00:12:16 INFO TaskSetManager: Finished task 1.0 in stage 13.0 (TID 30) in 43 ms on 172.26.0.12 (executor 0) (1/6)
26/08/14 00:12:16 INFO TaskSetManager: Finished task 5.0 in stage 13.0 (TID 32) in 43 ms on 172.26.0.12 (executor 0) (2/6)
26/08/14 00:12:16 INFO TaskSetManager: Finished task 0.0 in stage 13.0 (TID 28) in 50 ms on 172.26.0.12 (executor 0) (3/6)
26/08/14 00:12:16 INFO TaskSetManager: Finished task 2.0 in stage 13.0 (TID 27) in 58 ms on 172.26.0.13 (executor 1) (4/6)
26/08/14 00:12:16 INFO TaskSetManager: Finished task 4.0 in stage 13.0 (TID 31) in 58 ms on 172.26.0.13 (executor 1) (5/6)
26/08/14 00:12:16 INFO TaskSetManager: Finished task 3.0 in stage 13.0 (TID 29) in 59 ms on 172.26.0.13 (executor 1) (6/6)
26/08/14 00:12:16 INFO TaskSchedulerImpl: Removed TaskSet 13.0, whose tasks have all completed, from pool 
26/08/14 00:12:16 INFO DAGScheduler: ShuffleMapStage 13 (count at <unknown>:0) finished in 0.067 s
26/08/14 00:12:16 INFO DAGScheduler: looking for newly runnable stages
26/08/14 00:12:16 INFO DAGScheduler: running: Set()
26/08/14 00:12:16 INFO DAGScheduler: waiting: Set(ResultStage 14)
26/08/14 00:12:16 INFO DAGScheduler: failed: Set()
26/08/14 00:12:16 INFO DAGScheduler: Submitting ResultStage 14 (MapPartitionsRDD[104] at count at <unknown>:0), which has no missing parents
26/08/14 00:12:16 INFO MemoryStore: Block broadcast_13 stored as values in memory (estimated size 12.5 KiB, free 191.0 MiB)
26/08/14 00:12:16 INFO MemoryStore: Block broadcast_13_piece0 stored as bytes in memory (estimated size 5.9 KiB, free 191.0 MiB)
26/08/14 00:12:16 INFO BlockManagerInfo: Added broadcast_13_piece0 in memory on spark-driver:44031 (size: 5.9 KiB, free: 191.2 MiB)
26/08/14 00:12:16 INFO SparkContext: Created broadcast 13 from broadcast at DAGScheduler.scala:1585
26/08/14 00:12:16 INFO DAGScheduler: Submitting 1 missing tasks from ResultStage 14 (MapPartitionsRDD[104] at count at <unknown>:0) (first 15 tasks are for partitions Vector(0))
26/08/14 00:12:16 INFO TaskSchedulerImpl: Adding task set 14.0 with 1 tasks resource profile 0
26/08/14 00:12:16 INFO TaskSetManager: Starting task 0.0 in stage 14.0 (TID 33) (172.26.0.13, executor 1, partition 0, NODE_LOCAL, 9003 bytes) 
26/08/14 00:12:16 INFO BlockManagerInfo: Removed broadcast_11_piece0 on 172.26.0.12:33791 in memory (size: 5.9 KiB, free: 412.1 MiB)
26/08/14 00:12:16 INFO BlockManagerInfo: Removed broadcast_11_piece0 on spark-driver:44031 in memory (size: 5.9 KiB, free: 191.2 MiB)
26/08/14 00:12:16 INFO BlockManagerInfo: Removed broadcast_10_piece0 on spark-driver:44031 in memory (size: 24.1 KiB, free: 191.2 MiB)
26/08/14 00:12:16 INFO BlockManagerInfo: Removed broadcast_10_piece0 on 172.26.0.13:37779 in memory (size: 24.1 KiB, free: 412.1 MiB)
26/08/14 00:12:16 INFO BlockManagerInfo: Removed broadcast_10_piece0 on 172.26.0.12:33791 in memory (size: 24.1 KiB, free: 412.1 MiB)
26/08/14 00:12:16 INFO BlockManagerInfo: Added broadcast_13_piece0 in memory on 172.26.0.13:37779 (size: 5.9 KiB, free: 412.1 MiB)
26/08/14 00:12:16 INFO MapOutputTrackerMasterEndpoint: Asked to send map output locations for shuffle 6 to 172.26.0.13:36452
26/08/14 00:12:16 INFO TaskSetManager: Finished task 0.0 in stage 14.0 (TID 33) in 35 ms on 172.26.0.13 (executor 1) (1/1)
26/08/14 00:12:16 INFO TaskSchedulerImpl: Removed TaskSet 14.0, whose tasks have all completed, from pool 
26/08/14 00:12:16 INFO DAGScheduler: ResultStage 14 (count at <unknown>:0) finished in 0.052 s
26/08/14 00:12:16 INFO DAGScheduler: Job 7 is finished. Cancelling potential speculative or zombie tasks for this job
26/08/14 00:12:16 INFO TaskSchedulerImpl: Killing all running tasks in stage 14: Stage finished
26/08/14 00:12:16 INFO DAGScheduler: Job 7 finished: count at <unknown>:0, took 0.124237 s
26/08/14 00:12:16 INFO CodeGenerator: Code generated in 7.016125 ms
26/08/14 00:12:16 INFO DefaultCachedBatchSerializer: Predicate isnotnull(event_time#89-T120000ms) generates partition filter: ((event_time.count#5613 - event_time.nullCount#5612) > 0)
26/08/14 00:12:16 INFO DefaultCachedBatchSerializer: Predicate (event_time#89-T120000ms < 2026-08-14 00:10:07.387) generates partition filter: (event_time.lowerBound#5611 < 2026-08-14 00:10:07.387)
26/08/14 00:12:16 INFO SparkContext: Starting job: count at <unknown>:0
26/08/14 00:12:16 INFO DAGScheduler: Registering RDD 109 (count at <unknown>:0) as input to shuffle 7
26/08/14 00:12:16 INFO DAGScheduler: Got job 8 (count at <unknown>:0) with 1 output partitions
26/08/14 00:12:16 INFO DAGScheduler: Final stage: ResultStage 16 (count at <unknown>:0)
26/08/14 00:12:16 INFO DAGScheduler: Parents of final stage: List(ShuffleMapStage 15)
26/08/14 00:12:16 INFO DAGScheduler: Missing parents: List(ShuffleMapStage 15)
26/08/14 00:12:16 INFO DAGScheduler: Submitting ShuffleMapStage 15 (MapPartitionsRDD[109] at count at <unknown>:0), which has no missing parents
26/08/14 00:12:16 INFO MemoryStore: Block broadcast_14 stored as values in memory (estimated size 67.2 KiB, free 191.0 MiB)
26/08/14 00:12:16 INFO MemoryStore: Block broadcast_14_piece0 stored as bytes in memory (estimated size 25.6 KiB, free 191.0 MiB)
26/08/14 00:12:16 INFO BlockManagerInfo: Added broadcast_14_piece0 in memory on spark-driver:44031 (size: 25.6 KiB, free: 191.2 MiB)
26/08/14 00:12:16 INFO SparkContext: Created broadcast 14 from broadcast at DAGScheduler.scala:1585
26/08/14 00:12:16 INFO DAGScheduler: Submitting 6 missing tasks from ShuffleMapStage 15 (MapPartitionsRDD[109] at count at <unknown>:0) (first 15 tasks are for partitions Vector(0, 1, 2, 3, 4, 5))
26/08/14 00:12:16 INFO TaskSchedulerImpl: Adding task set 15.0 with 6 tasks resource profile 0
26/08/14 00:12:16 INFO TaskSetManager: Starting task 0.0 in stage 15.0 (TID 34) (172.26.0.12, executor 0, partition 0, PROCESS_LOCAL, 9921 bytes) 
26/08/14 00:12:16 INFO TaskSetManager: Starting task 2.0 in stage 15.0 (TID 35) (172.26.0.13, executor 1, partition 2, PROCESS_LOCAL, 9921 bytes) 
26/08/14 00:12:16 INFO TaskSetManager: Starting task 1.0 in stage 15.0 (TID 36) (172.26.0.12, executor 0, partition 1, PROCESS_LOCAL, 9921 bytes) 
26/08/14 00:12:16 INFO TaskSetManager: Starting task 3.0 in stage 15.0 (TID 37) (172.26.0.13, executor 1, partition 3, PROCESS_LOCAL, 9921 bytes) 
26/08/14 00:12:16 INFO TaskSetManager: Starting task 5.0 in stage 15.0 (TID 38) (172.26.0.12, executor 0, partition 5, PROCESS_LOCAL, 9921 bytes) 
26/08/14 00:12:16 INFO TaskSetManager: Starting task 4.0 in stage 15.0 (TID 39) (172.26.0.13, executor 1, partition 4, PROCESS_LOCAL, 9921 bytes) 
26/08/14 00:12:16 INFO BlockManagerInfo: Added broadcast_14_piece0 in memory on 172.26.0.13:37779 (size: 25.6 KiB, free: 412.1 MiB)
26/08/14 00:12:16 INFO BlockManagerInfo: Added broadcast_14_piece0 in memory on 172.26.0.12:33791 (size: 25.6 KiB, free: 412.1 MiB)
26/08/14 00:12:16 INFO TaskSetManager: Finished task 4.0 in stage 15.0 (TID 39) in 44 ms on 172.26.0.13 (executor 1) (1/6)
26/08/14 00:12:16 INFO TaskSetManager: Finished task 2.0 in stage 15.0 (TID 35) in 46 ms on 172.26.0.13 (executor 1) (2/6)
26/08/14 00:12:16 INFO TaskSetManager: Finished task 3.0 in stage 15.0 (TID 37) in 46 ms on 172.26.0.13 (executor 1) (3/6)
26/08/14 00:12:16 INFO TaskSetManager: Finished task 1.0 in stage 15.0 (TID 36) in 71 ms on 172.26.0.12 (executor 0) (4/6)
26/08/14 00:12:16 INFO TaskSetManager: Finished task 0.0 in stage 15.0 (TID 34) in 74 ms on 172.26.0.12 (executor 0) (5/6)
26/08/14 00:12:16 INFO TaskSetManager: Finished task 5.0 in stage 15.0 (TID 38) in 86 ms on 172.26.0.12 (executor 0) (6/6)
26/08/14 00:12:16 INFO TaskSchedulerImpl: Removed TaskSet 15.0, whose tasks have all completed, from pool 
26/08/14 00:12:16 INFO DAGScheduler: ShuffleMapStage 15 (count at <unknown>:0) finished in 0.096 s
26/08/14 00:12:16 INFO DAGScheduler: looking for newly runnable stages
26/08/14 00:12:16 INFO DAGScheduler: running: Set()
26/08/14 00:12:16 INFO DAGScheduler: waiting: Set(ResultStage 16)
26/08/14 00:12:16 INFO DAGScheduler: failed: Set()
26/08/14 00:12:16 INFO DAGScheduler: Submitting ResultStage 16 (MapPartitionsRDD[112] at count at <unknown>:0), which has no missing parents
26/08/14 00:12:16 INFO MemoryStore: Block broadcast_15 stored as values in memory (estimated size 12.5 KiB, free 191.0 MiB)
26/08/14 00:12:16 INFO MemoryStore: Block broadcast_15_piece0 stored as bytes in memory (estimated size 5.9 KiB, free 191.0 MiB)
26/08/14 00:12:16 INFO BlockManagerInfo: Added broadcast_15_piece0 in memory on spark-driver:44031 (size: 5.9 KiB, free: 191.2 MiB)
26/08/14 00:12:16 INFO SparkContext: Created broadcast 15 from broadcast at DAGScheduler.scala:1585
26/08/14 00:12:16 INFO BlockManagerInfo: Removed broadcast_13_piece0 on spark-driver:44031 in memory (size: 5.9 KiB, free: 191.2 MiB)
26/08/14 00:12:16 INFO BlockManagerInfo: Removed broadcast_13_piece0 on 172.26.0.13:37779 in memory (size: 5.9 KiB, free: 412.1 MiB)
26/08/14 00:12:16 INFO DAGScheduler: Submitting 1 missing tasks from ResultStage 16 (MapPartitionsRDD[112] at count at <unknown>:0) (first 15 tasks are for partitions Vector(0))
26/08/14 00:12:16 INFO TaskSchedulerImpl: Adding task set 16.0 with 1 tasks resource profile 0
26/08/14 00:12:16 INFO TaskSetManager: Starting task 0.0 in stage 16.0 (TID 40) (172.26.0.12, executor 0, partition 0, NODE_LOCAL, 9003 bytes) 
26/08/14 00:12:16 INFO BlockManagerInfo: Removed broadcast_12_piece0 on spark-driver:44031 in memory (size: 24.2 KiB, free: 191.2 MiB)
26/08/14 00:12:16 INFO BlockManagerInfo: Removed broadcast_12_piece0 on 172.26.0.12:33791 in memory (size: 24.2 KiB, free: 412.1 MiB)
26/08/14 00:12:16 INFO BlockManagerInfo: Removed broadcast_12_piece0 on 172.26.0.13:37779 in memory (size: 24.2 KiB, free: 412.1 MiB)
26/08/14 00:12:16 INFO BlockManagerInfo: Added broadcast_15_piece0 in memory on 172.26.0.12:33791 (size: 5.9 KiB, free: 412.1 MiB)
26/08/14 00:12:16 INFO MapOutputTrackerMasterEndpoint: Asked to send map output locations for shuffle 7 to 172.26.0.12:37282
26/08/14 00:12:16 INFO TaskSetManager: Finished task 0.0 in stage 16.0 (TID 40) in 43 ms on 172.26.0.12 (executor 0) (1/1)
26/08/14 00:12:16 INFO TaskSchedulerImpl: Removed TaskSet 16.0, whose tasks have all completed, from pool 
26/08/14 00:12:16 INFO DAGScheduler: ResultStage 16 (count at <unknown>:0) finished in 0.054 s
26/08/14 00:12:16 INFO DAGScheduler: Job 8 is finished. Cancelling potential speculative or zombie tasks for this job
26/08/14 00:12:16 INFO TaskSchedulerImpl: Killing all running tasks in stage 16: Stage finished
26/08/14 00:12:16 INFO DAGScheduler: Job 8 finished: count at <unknown>:0, took 0.156034 s
26/08/14 00:12:16 INFO DefaultCachedBatchSerializer: Predicate isnotnull(kind#6170) generates partition filter: ((kind.count#6239 - kind.nullCount#6238) > 0)
26/08/14 00:12:16 INFO DefaultCachedBatchSerializer: Predicate (kind#6170 = stats) generates partition filter: ((kind.lowerBound#6237 <= stats) AND (stats <= kind.upperBound#6236))
26/08/14 00:12:16 INFO SparkContext: Starting job: call at /opt/spark/python/lib/py4j-0.10.9.7-src.zip/py4j/clientserver.py:617
26/08/14 00:12:16 INFO DAGScheduler: Got job 9 (call at /opt/spark/python/lib/py4j-0.10.9.7-src.zip/py4j/clientserver.py:617) with 6 output partitions
26/08/14 00:12:16 INFO DAGScheduler: Final stage: ResultStage 17 (call at /opt/spark/python/lib/py4j-0.10.9.7-src.zip/py4j/clientserver.py:617)
26/08/14 00:12:16 INFO DAGScheduler: Parents of final stage: List()
26/08/14 00:12:16 INFO DAGScheduler: Missing parents: List()
26/08/14 00:12:16 INFO DAGScheduler: Submitting ResultStage 17 (MapPartitionsRDD[131] at call at /opt/spark/python/lib/py4j-0.10.9.7-src.zip/py4j/clientserver.py:617), which has no missing parents
26/08/14 00:12:16 INFO MemoryStore: Block broadcast_16 stored as values in memory (estimated size 90.0 KiB, free 191.0 MiB)
26/08/14 00:12:16 INFO MemoryStore: Block broadcast_16_piece0 stored as bytes in memory (estimated size 34.0 KiB, free 191.0 MiB)
26/08/14 00:12:16 INFO BlockManagerInfo: Added broadcast_16_piece0 in memory on spark-driver:44031 (size: 34.0 KiB, free: 191.1 MiB)
26/08/14 00:12:16 INFO SparkContext: Created broadcast 16 from broadcast at DAGScheduler.scala:1585
26/08/14 00:12:16 INFO DAGScheduler: Submitting 6 missing tasks from ResultStage 17 (MapPartitionsRDD[131] at call at /opt/spark/python/lib/py4j-0.10.9.7-src.zip/py4j/clientserver.py:617) (first 15 tasks are for partitions Vector(0, 1, 2, 3, 4, 5))
26/08/14 00:12:16 INFO TaskSchedulerImpl: Adding task set 17.0 with 6 tasks resource profile 0
26/08/14 00:12:16 INFO TaskSetManager: Starting task 0.0 in stage 17.0 (TID 41) (172.26.0.12, executor 0, partition 0, PROCESS_LOCAL, 9932 bytes) 
26/08/14 00:12:16 INFO TaskSetManager: Starting task 2.0 in stage 17.0 (TID 42) (172.26.0.13, executor 1, partition 2, PROCESS_LOCAL, 9932 bytes) 
26/08/14 00:12:16 INFO TaskSetManager: Starting task 1.0 in stage 17.0 (TID 43) (172.26.0.12, executor 0, partition 1, PROCESS_LOCAL, 9932 bytes) 
26/08/14 00:12:16 INFO TaskSetManager: Starting task 3.0 in stage 17.0 (TID 44) (172.26.0.13, executor 1, partition 3, PROCESS_LOCAL, 9932 bytes) 
26/08/14 00:12:16 INFO TaskSetManager: Starting task 5.0 in stage 17.0 (TID 45) (172.26.0.12, executor 0, partition 5, PROCESS_LOCAL, 9932 bytes) 
26/08/14 00:12:16 INFO TaskSetManager: Starting task 4.0 in stage 17.0 (TID 46) (172.26.0.13, executor 1, partition 4, PROCESS_LOCAL, 9932 bytes) 
26/08/14 00:12:16 INFO BlockManagerInfo: Added broadcast_16_piece0 in memory on 172.26.0.12:33791 (size: 34.0 KiB, free: 412.0 MiB)
26/08/14 00:12:16 INFO BlockManagerInfo: Added broadcast_16_piece0 in memory on 172.26.0.13:37779 (size: 34.0 KiB, free: 412.1 MiB)
26/08/14 00:12:19 INFO BlockManagerInfo: Added rdd_126_4 in memory on 172.26.0.13:37779 (size: 1808.0 B, free: 412.1 MiB)
26/08/14 00:12:19 INFO BlockManagerInfo: Added rdd_126_3 in memory on 172.26.0.13:37779 (size: 1808.0 B, free: 412.1 MiB)
26/08/14 00:12:19 INFO BlockManagerInfo: Added rdd_126_5 in memory on 172.26.0.12:33791 (size: 1808.0 B, free: 412.0 MiB)
26/08/14 00:12:19 INFO TaskSetManager: Finished task 4.0 in stage 17.0 (TID 46) in 2698 ms on 172.26.0.13 (executor 1) (1/6)
26/08/14 00:12:19 INFO TaskSetManager: Finished task 3.0 in stage 17.0 (TID 44) in 2702 ms on 172.26.0.13 (executor 1) (2/6)
26/08/14 00:12:19 INFO BlockManagerInfo: Added rdd_126_1 in memory on 172.26.0.12:33791 (size: 1808.0 B, free: 412.0 MiB)
26/08/14 00:12:19 INFO BlockManagerInfo: Added rdd_126_0 in memory on 172.26.0.12:33791 (size: 1808.0 B, free: 412.0 MiB)
26/08/14 00:12:19 INFO TaskSetManager: Finished task 5.0 in stage 17.0 (TID 45) in 2827 ms on 172.26.0.12 (executor 0) (3/6)
26/08/14 00:12:19 INFO TaskSetManager: Finished task 0.0 in stage 17.0 (TID 41) in 2873 ms on 172.26.0.12 (executor 0) (4/6)
26/08/14 00:12:19 INFO TaskSetManager: Finished task 1.0 in stage 17.0 (TID 43) in 2890 ms on 172.26.0.12 (executor 0) (5/6)
26/08/14 00:12:19 INFO BlockManagerInfo: Removed broadcast_14_piece0 on 172.26.0.12:33791 in memory (size: 25.6 KiB, free: 412.1 MiB)
26/08/14 00:12:19 INFO BlockManagerInfo: Removed broadcast_14_piece0 on 172.26.0.13:37779 in memory (size: 25.6 KiB, free: 412.1 MiB)
26/08/14 00:12:19 INFO BlockManagerInfo: Removed broadcast_14_piece0 on spark-driver:44031 in memory (size: 25.6 KiB, free: 191.2 MiB)
26/08/14 00:12:19 INFO BlockManagerInfo: Added rdd_126_2 in memory on 172.26.0.13:37779 (size: 1808.0 B, free: 412.1 MiB)
26/08/14 00:12:19 INFO BlockManagerInfo: Removed broadcast_15_piece0 on spark-driver:44031 in memory (size: 5.9 KiB, free: 191.2 MiB)
26/08/14 00:12:19 INFO BlockManagerInfo: Removed broadcast_15_piece0 on 172.26.0.12:33791 in memory (size: 5.9 KiB, free: 412.1 MiB)
26/08/14 00:12:19 INFO TaskSetManager: Finished task 2.0 in stage 17.0 (TID 42) in 2931 ms on 172.26.0.13 (executor 1) (6/6)
26/08/14 00:12:19 INFO TaskSchedulerImpl: Removed TaskSet 17.0, whose tasks have all completed, from pool 
26/08/14 00:12:19 INFO DAGScheduler: ResultStage 17 (call at /opt/spark/python/lib/py4j-0.10.9.7-src.zip/py4j/clientserver.py:617) finished in 2.937 s
26/08/14 00:12:19 INFO DAGScheduler: Job 9 is finished. Cancelling potential speculative or zombie tasks for this job
26/08/14 00:12:19 INFO TaskSchedulerImpl: Killing all running tasks in stage 17: Stage finished
26/08/14 00:12:19 INFO DAGScheduler: Job 9 finished: call at /opt/spark/python/lib/py4j-0.10.9.7-src.zip/py4j/clientserver.py:617, took 2.946065 s
26/08/14 00:12:19 INFO DefaultCachedBatchSerializer: Predicate isnotnull(kind#6170) generates partition filter: ((kind.count#6322 - kind.nullCount#6321) > 0)
26/08/14 00:12:19 INFO DefaultCachedBatchSerializer: Predicate (kind#6170 = dlq) generates partition filter: ((kind.lowerBound#6320 <= dlq) AND (dlq <= kind.upperBound#6319))
26/08/14 00:12:19 INFO SparkContext: Starting job: count at <unknown>:0
26/08/14 00:12:19 INFO DAGScheduler: Registering RDD 136 (count at <unknown>:0) as input to shuffle 8
26/08/14 00:12:19 INFO DAGScheduler: Got job 10 (count at <unknown>:0) with 1 output partitions
26/08/14 00:12:19 INFO DAGScheduler: Final stage: ResultStage 19 (count at <unknown>:0)
26/08/14 00:12:19 INFO DAGScheduler: Parents of final stage: List(ShuffleMapStage 18)
26/08/14 00:12:19 INFO DAGScheduler: Missing parents: List(ShuffleMapStage 18)
26/08/14 00:12:19 INFO DAGScheduler: Submitting ShuffleMapStage 18 (MapPartitionsRDD[136] at count at <unknown>:0), which has no missing parents
26/08/14 00:12:19 INFO MemoryStore: Block broadcast_17 stored as values in memory (estimated size 92.2 KiB, free 191.0 MiB)
26/08/14 00:12:19 INFO MemoryStore: Block broadcast_17_piece0 stored as bytes in memory (estimated size 35.3 KiB, free 191.0 MiB)
26/08/14 00:12:19 INFO BlockManagerInfo: Added broadcast_17_piece0 in memory on spark-driver:44031 (size: 35.3 KiB, free: 191.1 MiB)
26/08/14 00:12:19 INFO SparkContext: Created broadcast 17 from broadcast at DAGScheduler.scala:1585
26/08/14 00:12:19 INFO DAGScheduler: Submitting 6 missing tasks from ShuffleMapStage 18 (MapPartitionsRDD[136] at count at <unknown>:0) (first 15 tasks are for partitions Vector(0, 1, 2, 3, 4, 5))
26/08/14 00:12:19 INFO TaskSchedulerImpl: Adding task set 18.0 with 6 tasks resource profile 0
26/08/14 00:12:19 INFO TaskSetManager: Starting task 0.0 in stage 18.0 (TID 47) (172.26.0.12, executor 0, partition 0, PROCESS_LOCAL, 9921 bytes) 
26/08/14 00:12:19 INFO TaskSetManager: Starting task 2.0 in stage 18.0 (TID 48) (172.26.0.13, executor 1, partition 2, PROCESS_LOCAL, 9921 bytes) 
26/08/14 00:12:19 INFO TaskSetManager: Starting task 1.0 in stage 18.0 (TID 49) (172.26.0.12, executor 0, partition 1, PROCESS_LOCAL, 9921 bytes) 
26/08/14 00:12:19 INFO TaskSetManager: Starting task 3.0 in stage 18.0 (TID 50) (172.26.0.13, executor 1, partition 3, PROCESS_LOCAL, 9921 bytes) 
26/08/14 00:12:19 INFO TaskSetManager: Starting task 5.0 in stage 18.0 (TID 51) (172.26.0.12, executor 0, partition 5, PROCESS_LOCAL, 9921 bytes) 
26/08/14 00:12:19 INFO TaskSetManager: Starting task 4.0 in stage 18.0 (TID 52) (172.26.0.13, executor 1, partition 4, PROCESS_LOCAL, 9921 bytes) 
26/08/14 00:12:19 INFO BlockManagerInfo: Added broadcast_17_piece0 in memory on 172.26.0.13:37779 (size: 35.3 KiB, free: 412.0 MiB)
26/08/14 00:12:19 INFO BlockManagerInfo: Added broadcast_17_piece0 in memory on 172.26.0.12:33791 (size: 35.3 KiB, free: 412.0 MiB)
26/08/14 00:12:19 INFO TaskSetManager: Finished task 0.0 in stage 18.0 (TID 47) in 85 ms on 172.26.0.12 (executor 0) (1/6)
26/08/14 00:12:19 INFO TaskSetManager: Finished task 1.0 in stage 18.0 (TID 49) in 93 ms on 172.26.0.12 (executor 0) (2/6)
26/08/14 00:12:19 INFO TaskSetManager: Finished task 4.0 in stage 18.0 (TID 52) in 92 ms on 172.26.0.13 (executor 1) (3/6)
26/08/14 00:12:19 INFO TaskSetManager: Finished task 3.0 in stage 18.0 (TID 50) in 98 ms on 172.26.0.13 (executor 1) (4/6)
26/08/14 00:12:19 INFO TaskSetManager: Finished task 5.0 in stage 18.0 (TID 51) in 98 ms on 172.26.0.12 (executor 0) (5/6)
26/08/14 00:12:19 INFO TaskSetManager: Finished task 2.0 in stage 18.0 (TID 48) in 104 ms on 172.26.0.13 (executor 1) (6/6)
26/08/14 00:12:19 INFO TaskSchedulerImpl: Removed TaskSet 18.0, whose tasks have all completed, from pool 
26/08/14 00:12:19 INFO DAGScheduler: ShuffleMapStage 18 (count at <unknown>:0) finished in 0.133 s
26/08/14 00:12:19 INFO DAGScheduler: looking for newly runnable stages
26/08/14 00:12:19 INFO DAGScheduler: running: Set()
26/08/14 00:12:19 INFO DAGScheduler: waiting: Set(ResultStage 19)
26/08/14 00:12:19 INFO DAGScheduler: failed: Set()
26/08/14 00:12:19 INFO DAGScheduler: Submitting ResultStage 19 (MapPartitionsRDD[139] at count at <unknown>:0), which has no missing parents
26/08/14 00:12:19 INFO MemoryStore: Block broadcast_18 stored as values in memory (estimated size 12.5 KiB, free 191.0 MiB)
26/08/14 00:12:20 INFO MemoryStore: Block broadcast_18_piece0 stored as bytes in memory (estimated size 5.9 KiB, free 190.9 MiB)
26/08/14 00:12:20 INFO BlockManagerInfo: Added broadcast_18_piece0 in memory on spark-driver:44031 (size: 5.9 KiB, free: 191.1 MiB)
26/08/14 00:12:20 INFO SparkContext: Created broadcast 18 from broadcast at DAGScheduler.scala:1585
26/08/14 00:12:20 INFO DAGScheduler: Submitting 1 missing tasks from ResultStage 19 (MapPartitionsRDD[139] at count at <unknown>:0) (first 15 tasks are for partitions Vector(0))
26/08/14 00:12:20 INFO TaskSchedulerImpl: Adding task set 19.0 with 1 tasks resource profile 0
26/08/14 00:12:20 INFO TaskSetManager: Starting task 0.0 in stage 19.0 (TID 53) (172.26.0.13, executor 1, partition 0, NODE_LOCAL, 9003 bytes) 
26/08/14 00:12:20 INFO BlockManagerInfo: Added broadcast_18_piece0 in memory on 172.26.0.13:37779 (size: 5.9 KiB, free: 412.0 MiB)
26/08/14 00:12:20 INFO MapOutputTrackerMasterEndpoint: Asked to send map output locations for shuffle 8 to 172.26.0.13:36452
26/08/14 00:12:20 INFO TaskSetManager: Finished task 0.0 in stage 19.0 (TID 53) in 38 ms on 172.26.0.13 (executor 1) (1/1)
26/08/14 00:12:20 INFO TaskSchedulerImpl: Removed TaskSet 19.0, whose tasks have all completed, from pool 
26/08/14 00:12:20 INFO DAGScheduler: ResultStage 19 (count at <unknown>:0) finished in 0.049 s
26/08/14 00:12:20 INFO DAGScheduler: Job 10 is finished. Cancelling potential speculative or zombie tasks for this job
26/08/14 00:12:20 INFO TaskSchedulerImpl: Killing all running tasks in stage 19: Stage finished
26/08/14 00:12:20 INFO DAGScheduler: Job 10 finished: count at <unknown>:0, took 0.197048 s
26/08/14 00:12:20 INFO MapPartitionsRDD: Removing RDD 126 from persistence list
26/08/14 00:12:20 INFO BlockManager: Removing RDD 126
26/08/14 00:12:20 INFO SparkContext: Starting job: call at /opt/spark/python/lib/py4j-0.10.9.7-src.zip/py4j/clientserver.py:617
26/08/14 00:12:20 INFO BlockManagerInfo: Removed broadcast_17_piece0 on spark-driver:44031 in memory (size: 35.3 KiB, free: 191.2 MiB)
26/08/14 00:12:20 INFO DAGScheduler: Registering RDD 144 (call at /opt/spark/python/lib/py4j-0.10.9.7-src.zip/py4j/clientserver.py:617) as input to shuffle 9
26/08/14 00:12:20 INFO DAGScheduler: Got job 11 (call at /opt/spark/python/lib/py4j-0.10.9.7-src.zip/py4j/clientserver.py:617) with 1 output partitions
26/08/14 00:12:20 INFO DAGScheduler: Final stage: ResultStage 21 (call at /opt/spark/python/lib/py4j-0.10.9.7-src.zip/py4j/clientserver.py:617)
26/08/14 00:12:20 INFO DAGScheduler: Parents of final stage: List(ShuffleMapStage 20)
26/08/14 00:12:20 INFO DAGScheduler: Missing parents: List(ShuffleMapStage 20)
26/08/14 00:12:20 INFO DAGScheduler: Submitting ShuffleMapStage 20 (MapPartitionsRDD[144] at call at /opt/spark/python/lib/py4j-0.10.9.7-src.zip/py4j/clientserver.py:617), which has no missing parents
26/08/14 00:12:20 INFO BlockManagerInfo: Removed broadcast_17_piece0 on 172.26.0.13:37779 in memory (size: 35.3 KiB, free: 412.1 MiB)
26/08/14 00:12:20 INFO BlockManagerInfo: Removed broadcast_17_piece0 on 172.26.0.12:33791 in memory (size: 35.3 KiB, free: 412.1 MiB)
26/08/14 00:12:20 INFO MemoryStore: Block broadcast_19 stored as values in memory (estimated size 66.2 KiB, free 191.0 MiB)
26/08/14 00:12:20 INFO MemoryStore: Block broadcast_19_piece0 stored as bytes in memory (estimated size 24.8 KiB, free 191.0 MiB)
26/08/14 00:12:20 INFO BlockManagerInfo: Added broadcast_19_piece0 in memory on spark-driver:44031 (size: 24.8 KiB, free: 191.1 MiB)
26/08/14 00:12:20 INFO SparkContext: Created broadcast 19 from broadcast at DAGScheduler.scala:1585
26/08/14 00:12:20 INFO DAGScheduler: Submitting 6 missing tasks from ShuffleMapStage 20 (MapPartitionsRDD[144] at call at /opt/spark/python/lib/py4j-0.10.9.7-src.zip/py4j/clientserver.py:617) (first 15 tasks are for partitions Vector(0, 1, 2, 3, 4, 5))
26/08/14 00:12:20 INFO BlockManagerInfo: Removed broadcast_18_piece0 on 172.26.0.13:37779 in memory (size: 5.9 KiB, free: 412.1 MiB)
26/08/14 00:12:20 INFO TaskSchedulerImpl: Adding task set 20.0 with 6 tasks resource profile 0
26/08/14 00:12:20 INFO BlockManagerInfo: Removed broadcast_18_piece0 on spark-driver:44031 in memory (size: 5.9 KiB, free: 191.2 MiB)
26/08/14 00:12:20 INFO TaskSetManager: Starting task 2.0 in stage 20.0 (TID 54) (172.26.0.13, executor 1, partition 2, PROCESS_LOCAL, 9921 bytes) 
26/08/14 00:12:20 INFO TaskSetManager: Starting task 0.0 in stage 20.0 (TID 55) (172.26.0.12, executor 0, partition 0, PROCESS_LOCAL, 9921 bytes) 
26/08/14 00:12:20 INFO TaskSetManager: Starting task 3.0 in stage 20.0 (TID 56) (172.26.0.13, executor 1, partition 3, PROCESS_LOCAL, 9921 bytes) 
26/08/14 00:12:20 INFO TaskSetManager: Starting task 1.0 in stage 20.0 (TID 57) (172.26.0.12, executor 0, partition 1, PROCESS_LOCAL, 9921 bytes) 
26/08/14 00:12:20 INFO TaskSetManager: Starting task 4.0 in stage 20.0 (TID 58) (172.26.0.13, executor 1, partition 4, PROCESS_LOCAL, 9921 bytes) 
26/08/14 00:12:20 INFO TaskSetManager: Starting task 5.0 in stage 20.0 (TID 59) (172.26.0.12, executor 0, partition 5, PROCESS_LOCAL, 9921 bytes) 
26/08/14 00:12:20 INFO BlockManagerInfo: Removed broadcast_16_piece0 on spark-driver:44031 in memory (size: 34.0 KiB, free: 191.2 MiB)
26/08/14 00:12:20 INFO BlockManagerInfo: Removed broadcast_16_piece0 on 172.26.0.12:33791 in memory (size: 34.0 KiB, free: 412.1 MiB)
26/08/14 00:12:20 INFO BlockManagerInfo: Removed broadcast_16_piece0 on 172.26.0.13:37779 in memory (size: 34.0 KiB, free: 412.1 MiB)
26/08/14 00:12:20 INFO BlockManagerInfo: Added broadcast_19_piece0 in memory on 172.26.0.13:37779 (size: 24.8 KiB, free: 412.1 MiB)
26/08/14 00:12:20 INFO BlockManagerInfo: Added broadcast_19_piece0 in memory on 172.26.0.12:33791 (size: 24.8 KiB, free: 412.1 MiB)
26/08/14 00:12:20 INFO TaskSetManager: Finished task 3.0 in stage 20.0 (TID 56) in 49 ms on 172.26.0.13 (executor 1) (1/6)
26/08/14 00:12:20 INFO TaskSetManager: Finished task 2.0 in stage 20.0 (TID 54) in 51 ms on 172.26.0.13 (executor 1) (2/6)
26/08/14 00:12:20 INFO TaskSetManager: Finished task 4.0 in stage 20.0 (TID 58) in 50 ms on 172.26.0.13 (executor 1) (3/6)
26/08/14 00:12:20 INFO TaskSetManager: Finished task 5.0 in stage 20.0 (TID 59) in 54 ms on 172.26.0.12 (executor 0) (4/6)
26/08/14 00:12:20 INFO TaskSetManager: Finished task 0.0 in stage 20.0 (TID 55) in 60 ms on 172.26.0.12 (executor 0) (5/6)
26/08/14 00:12:20 INFO TaskSetManager: Finished task 1.0 in stage 20.0 (TID 57) in 60 ms on 172.26.0.12 (executor 0) (6/6)
26/08/14 00:12:20 INFO TaskSchedulerImpl: Removed TaskSet 20.0, whose tasks have all completed, from pool 
26/08/14 00:12:20 INFO DAGScheduler: ShuffleMapStage 20 (call at /opt/spark/python/lib/py4j-0.10.9.7-src.zip/py4j/clientserver.py:617) finished in 0.075 s
26/08/14 00:12:20 INFO DAGScheduler: looking for newly runnable stages
26/08/14 00:12:20 INFO DAGScheduler: running: Set()
26/08/14 00:12:20 INFO DAGScheduler: waiting: Set(ResultStage 21)
26/08/14 00:12:20 INFO DAGScheduler: failed: Set()
26/08/14 00:12:20 INFO DAGScheduler: Submitting ResultStage 21 (MapPartitionsRDD[147] at call at /opt/spark/python/lib/py4j-0.10.9.7-src.zip/py4j/clientserver.py:617), which has no missing parents
26/08/14 00:12:20 INFO MemoryStore: Block broadcast_20 stored as values in memory (estimated size 13.1 KiB, free 191.1 MiB)
26/08/14 00:12:20 INFO MemoryStore: Block broadcast_20_piece0 stored as bytes in memory (estimated size 6.1 KiB, free 191.1 MiB)
26/08/14 00:12:20 INFO BlockManagerInfo: Added broadcast_20_piece0 in memory on spark-driver:44031 (size: 6.1 KiB, free: 191.2 MiB)
26/08/14 00:12:20 INFO SparkContext: Created broadcast 20 from broadcast at DAGScheduler.scala:1585
26/08/14 00:12:20 INFO DAGScheduler: Submitting 1 missing tasks from ResultStage 21 (MapPartitionsRDD[147] at call at /opt/spark/python/lib/py4j-0.10.9.7-src.zip/py4j/clientserver.py:617) (first 15 tasks are for partitions Vector(0))
26/08/14 00:12:20 INFO TaskSchedulerImpl: Adding task set 21.0 with 1 tasks resource profile 0
26/08/14 00:12:20 INFO TaskSetManager: Starting task 0.0 in stage 21.0 (TID 60) (172.26.0.13, executor 1, partition 0, NODE_LOCAL, 9003 bytes) 
26/08/14 00:12:20 INFO BlockManagerInfo: Added broadcast_20_piece0 in memory on 172.26.0.13:37779 (size: 6.1 KiB, free: 412.1 MiB)
26/08/14 00:12:20 INFO MapOutputTrackerMasterEndpoint: Asked to send map output locations for shuffle 9 to 172.26.0.13:36452
26/08/14 00:12:20 INFO TaskSetManager: Finished task 0.0 in stage 21.0 (TID 60) in 34 ms on 172.26.0.13 (executor 1) (1/1)
26/08/14 00:12:20 INFO TaskSchedulerImpl: Removed TaskSet 21.0, whose tasks have all completed, from pool 
26/08/14 00:12:20 INFO DAGScheduler: ResultStage 21 (call at /opt/spark/python/lib/py4j-0.10.9.7-src.zip/py4j/clientserver.py:617) finished in 0.040 s
26/08/14 00:12:20 INFO DAGScheduler: Job 11 is finished. Cancelling potential speculative or zombie tasks for this job
26/08/14 00:12:20 INFO TaskSchedulerImpl: Killing all running tasks in stage 21: Stage finished
26/08/14 00:12:20 INFO DAGScheduler: Job 11 finished: call at /opt/spark/python/lib/py4j-0.10.9.7-src.zip/py4j/clientserver.py:617, took 0.121575 s
26/08/14 00:12:20 INFO MapPartitionsRDD: Removing RDD 88 from persistence list
26/08/14 00:12:20 INFO BlockManager: Removing RDD 88
26/08/14 00:12:20 INFO WatermarkTracker: Updating event-time watermark from 1786666207387 to 1786666214832 ms
26/08/14 00:12:20 INFO CheckpointFileManager: Writing atomically to file:/opt/checkpoints/trips/commits/2 using temp file file:/opt/checkpoints/trips/commits/.2.4cd7dec3-c6bd-41ef-8e6d-fa468ed9c854.tmp
26/08/14 00:12:20 INFO CheckpointFileManager: Renamed temp file file:/opt/checkpoints/trips/commits/.2.4cd7dec3-c6bd-41ef-8e6d-fa468ed9c854.tmp to file:/opt/checkpoints/trips/commits/2
26/08/14 00:12:20 INFO MicroBatchExecution: Streaming query made progress: {
  "id" : "673700e1-7609-4c3e-bff3-65e01579062f",
  "runId" : "684f6ae2-98d1-4139-a900-0d86eb048f89",
  "name" : "trips-ingest-chaos_kill_cassandra_1",
  "timestamp" : "2026-08-14T00:12:14.933Z",
  "batchId" : 2,
  "numInputRows" : 6031,
  "inputRowsPerSecond" : 800.7169410515136,
  "processedRowsPerSecond" : 1120.3789708341073,
  "durationMs" : {
    "addBatch" : 5249,
    "commitOffsets" : 53,
    "getBatch" : 1,
    "latestOffset" : 11,
    "queryPlanning" : 28,
    "triggerExecution" : 5382,
    "walCommit" : 35
  },
  "eventTime" : {
    "avg" : "2026-08-14T00:12:09.661Z",
    "max" : "2026-08-14T00:12:14.832Z",
    "min" : "2026-08-14T00:12:04.400Z",
    "watermark" : "2026-08-14T00:10:07.387Z"
  },
  "stateOperators" : [ ],
  "sources" : [ {
    "description" : "KafkaV2[Subscribe[trips.raw]]",
    "startOffset" : {
      "trips.raw" : {
        "2" : 229984,
        "5" : 228369,
        "4" : 229613,
        "1" : 229518,
        "3" : 229476,
        "0" : 229604
      }
    },
    "endOffset" : {
      "trips.raw" : {
        "2" : 231006,
        "5" : 229381,
        "4" : 230630,
        "1" : 230486,
        "3" : 230491,
        "0" : 230601
      }
    },
    "latestOffset" : {
      "trips.raw" : {
        "2" : 231006,
        "5" : 229381,
        "4" : 230630,
        "1" : 230486,
        "3" : 230491,
        "0" : 230601
      }
    },
    "numInputRows" : 6031,
    "inputRowsPerSecond" : 800.7169410515136,
    "processedRowsPerSecond" : 1120.3789708341073,
    "metrics" : {
      "avgOffsetsBehindLatest" : "0.0",
      "maxOffsetsBehindLatest" : "0",
      "minOffsetsBehindLatest" : "0"
    }
  } ],
  "sink" : {
    "description" : "ForeachBatchSink",
    "numOutputRows" : -1
  }
}
26/08/14 00:12:20 INFO CheckpointFileManager: Writing atomically to file:/opt/checkpoints/trips/offsets/3 using temp file file:/opt/checkpoints/trips/offsets/.3.3f853099-0677-4495-8a7e-2e992a022f09.tmp
26/08/14 00:12:20 INFO CheckpointFileManager: Renamed temp file file:/opt/checkpoints/trips/offsets/.3.3f853099-0677-4495-8a7e-2e992a022f09.tmp to file:/opt/checkpoints/trips/offsets/3
26/08/14 00:12:20 INFO MicroBatchExecution: Committed offsets for batch 3. Metadata OffsetSeqMetadata(1786666214832,1786666340377,Map(spark.sql.streaming.stateStore.providerClass -> org.apache.spark.sql.execution.streaming.state.HDFSBackedStateStoreProvider, spark.sql.streaming.join.stateFormatVersion -> 2, spark.sql.streaming.stateStore.compression.codec -> lz4, spark.sql.streaming.stateStore.rocksdb.formatVersion -> 5, spark.sql.streaming.statefulOperator.useStrictDistribution -> true, spark.sql.streaming.flatMapGroupsWithState.stateFormatVersion -> 2, spark.sql.streaming.multipleWatermarkPolicy -> min, spark.sql.streaming.aggregation.stateFormatVersion -> 2, spark.sql.shuffle.partitions -> 6))
26/08/14 00:12:20 INFO KafkaOffsetReaderAdmin: Partitions added: Map()
26/08/14 00:12:20 INFO KafkaOffsetReaderAdmin: Partitions added: Map()
26/08/14 00:12:20 INFO KafkaOffsetReaderAdmin: Partitions added: Map()
26/08/14 00:12:20 INFO KafkaOffsetReaderAdmin: Partitions added: Map()
2026-08-14 00:12:20,482 INFO  [stream] Received command c on object id p0
26/08/14 00:12:20 INFO BlockManagerInfo: Removed broadcast_19_piece0 on spark-driver:44031 in memory (size: 24.8 KiB, free: 191.2 MiB)
26/08/14 00:12:20 INFO BlockManagerInfo: Removed broadcast_19_piece0 on 172.26.0.13:37779 in memory (size: 24.8 KiB, free: 413.9 MiB)
26/08/14 00:12:20 INFO BlockManagerInfo: Removed broadcast_19_piece0 on 172.26.0.12:33791 in memory (size: 24.8 KiB, free: 413.9 MiB)
26/08/14 00:12:20 INFO BlockManagerInfo: Removed broadcast_20_piece0 on spark-driver:44031 in memory (size: 6.1 KiB, free: 191.2 MiB)
26/08/14 00:12:20 INFO BlockManagerInfo: Removed broadcast_20_piece0 on 172.26.0.13:37779 in memory (size: 6.1 KiB, free: 413.9 MiB)
26/08/14 00:12:20 INFO SparkContext: Starting job: count at <unknown>:0
26/08/14 00:12:20 INFO DAGScheduler: Registering RDD 162 (count at <unknown>:0) as input to shuffle 10
26/08/14 00:12:20 INFO DAGScheduler: Got job 12 (count at <unknown>:0) with 1 output partitions
26/08/14 00:12:20 INFO DAGScheduler: Final stage: ResultStage 23 (count at <unknown>:0)
26/08/14 00:12:20 INFO DAGScheduler: Parents of final stage: List(ShuffleMapStage 22)
26/08/14 00:12:20 INFO DAGScheduler: Missing parents: List(ShuffleMapStage 22)
26/08/14 00:12:20 INFO DAGScheduler: Submitting ShuffleMapStage 22 (MapPartitionsRDD[162] at count at <unknown>:0), which has no missing parents
26/08/14 00:12:20 INFO MemoryStore: Block broadcast_21 stored as values in memory (estimated size 64.6 KiB, free 191.1 MiB)
26/08/14 00:12:20 INFO MemoryStore: Block broadcast_21_piece0 stored as bytes in memory (estimated size 24.0 KiB, free 191.1 MiB)
26/08/14 00:12:20 INFO BlockManagerInfo: Added broadcast_21_piece0 in memory on spark-driver:44031 (size: 24.0 KiB, free: 191.2 MiB)
26/08/14 00:12:20 INFO SparkContext: Created broadcast 21 from broadcast at DAGScheduler.scala:1585
26/08/14 00:12:20 INFO DAGScheduler: Submitting 6 missing tasks from ShuffleMapStage 22 (MapPartitionsRDD[162] at count at <unknown>:0) (first 15 tasks are for partitions Vector(0, 1, 2, 3, 4, 5))
26/08/14 00:12:20 INFO TaskSchedulerImpl: Adding task set 22.0 with 6 tasks resource profile 0
26/08/14 00:12:20 INFO TaskSetManager: Starting task 2.0 in stage 22.0 (TID 61) (172.26.0.13, executor 1, partition 2, PROCESS_LOCAL, 9921 bytes) 
26/08/14 00:12:20 INFO TaskSetManager: Starting task 0.0 in stage 22.0 (TID 62) (172.26.0.12, executor 0, partition 0, PROCESS_LOCAL, 9921 bytes) 
26/08/14 00:12:20 INFO TaskSetManager: Starting task 3.0 in stage 22.0 (TID 63) (172.26.0.13, executor 1, partition 3, PROCESS_LOCAL, 9921 bytes) 
26/08/14 00:12:20 INFO TaskSetManager: Starting task 1.0 in stage 22.0 (TID 64) (172.26.0.12, executor 0, partition 1, PROCESS_LOCAL, 9921 bytes) 
26/08/14 00:12:20 INFO TaskSetManager: Starting task 4.0 in stage 22.0 (TID 65) (172.26.0.13, executor 1, partition 4, PROCESS_LOCAL, 9921 bytes) 
26/08/14 00:12:20 INFO TaskSetManager: Starting task 5.0 in stage 22.0 (TID 66) (172.26.0.12, executor 0, partition 5, PROCESS_LOCAL, 9921 bytes) 
26/08/14 00:12:20 INFO BlockManagerInfo: Added broadcast_21_piece0 in memory on 172.26.0.12:33791 (size: 24.0 KiB, free: 413.9 MiB)
26/08/14 00:12:20 INFO BlockManagerInfo: Added broadcast_21_piece0 in memory on 172.26.0.13:37779 (size: 24.0 KiB, free: 413.9 MiB)
26/08/14 00:12:20 INFO BlockManagerInfo: Added rdd_157_0 in memory on 172.26.0.12:33791 (size: 438.4 KiB, free: 413.5 MiB)
26/08/14 00:12:20 INFO BlockManagerInfo: Added rdd_157_5 in memory on 172.26.0.12:33791 (size: 442.0 KiB, free: 413.0 MiB)
26/08/14 00:12:20 INFO BlockManagerInfo: Added rdd_157_2 in memory on 172.26.0.13:37779 (size: 456.6 KiB, free: 413.5 MiB)
26/08/14 00:12:20 INFO TaskSetManager: Finished task 2.0 in stage 22.0 (TID 61) in 249 ms on 172.26.0.13 (executor 1) (1/6)
26/08/14 00:12:20 INFO TaskSetManager: Finished task 0.0 in stage 22.0 (TID 62) in 256 ms on 172.26.0.12 (executor 0) (2/6)
26/08/14 00:12:20 INFO BlockManagerInfo: Added rdd_157_3 in memory on 172.26.0.13:37779 (size: 442.9 KiB, free: 413.0 MiB)
26/08/14 00:12:20 INFO TaskSetManager: Finished task 5.0 in stage 22.0 (TID 66) in 256 ms on 172.26.0.12 (executor 0) (3/6)
26/08/14 00:12:20 INFO BlockManagerInfo: Added rdd_157_4 in memory on 172.26.0.13:37779 (size: 436.7 KiB, free: 412.6 MiB)
26/08/14 00:12:20 INFO BlockManagerInfo: Added rdd_157_1 in memory on 172.26.0.12:33791 (size: 467.1 KiB, free: 412.6 MiB)
26/08/14 00:12:20 INFO TaskSetManager: Finished task 3.0 in stage 22.0 (TID 63) in 269 ms on 172.26.0.13 (executor 1) (4/6)
26/08/14 00:12:20 INFO TaskSetManager: Finished task 4.0 in stage 22.0 (TID 65) in 270 ms on 172.26.0.13 (executor 1) (5/6)
26/08/14 00:12:20 INFO TaskSetManager: Finished task 1.0 in stage 22.0 (TID 64) in 273 ms on 172.26.0.12 (executor 0) (6/6)
26/08/14 00:12:20 INFO TaskSchedulerImpl: Removed TaskSet 22.0, whose tasks have all completed, from pool 
26/08/14 00:12:20 INFO DAGScheduler: ShuffleMapStage 22 (count at <unknown>:0) finished in 0.281 s
26/08/14 00:12:20 INFO DAGScheduler: looking for newly runnable stages
26/08/14 00:12:20 INFO DAGScheduler: running: Set()
26/08/14 00:12:20 INFO DAGScheduler: waiting: Set(ResultStage 23)
26/08/14 00:12:20 INFO DAGScheduler: failed: Set()
26/08/14 00:12:20 INFO DAGScheduler: Submitting ResultStage 23 (MapPartitionsRDD[165] at count at <unknown>:0), which has no missing parents
26/08/14 00:12:20 INFO MemoryStore: Block broadcast_22 stored as values in memory (estimated size 12.5 KiB, free 191.1 MiB)
26/08/14 00:12:20 INFO MemoryStore: Block broadcast_22_piece0 stored as bytes in memory (estimated size 5.9 KiB, free 191.1 MiB)
26/08/14 00:12:20 INFO BlockManagerInfo: Added broadcast_22_piece0 in memory on spark-driver:44031 (size: 5.9 KiB, free: 191.2 MiB)
26/08/14 00:12:20 INFO SparkContext: Created broadcast 22 from broadcast at DAGScheduler.scala:1585
26/08/14 00:12:20 INFO DAGScheduler: Submitting 1 missing tasks from ResultStage 23 (MapPartitionsRDD[165] at count at <unknown>:0) (first 15 tasks are for partitions Vector(0))
26/08/14 00:12:20 INFO TaskSchedulerImpl: Adding task set 23.0 with 1 tasks resource profile 0
26/08/14 00:12:20 INFO TaskSetManager: Starting task 0.0 in stage 23.0 (TID 67) (172.26.0.13, executor 1, partition 0, NODE_LOCAL, 9003 bytes) 
26/08/14 00:12:20 INFO BlockManagerInfo: Added broadcast_22_piece0 in memory on 172.26.0.13:37779 (size: 5.9 KiB, free: 412.6 MiB)
26/08/14 00:12:20 INFO MapOutputTrackerMasterEndpoint: Asked to send map output locations for shuffle 10 to 172.26.0.13:36452
26/08/14 00:12:20 INFO TaskSetManager: Finished task 0.0 in stage 23.0 (TID 67) in 21 ms on 172.26.0.13 (executor 1) (1/1)
26/08/14 00:12:20 INFO TaskSchedulerImpl: Removed TaskSet 23.0, whose tasks have all completed, from pool 
26/08/14 00:12:20 INFO DAGScheduler: ResultStage 23 (count at <unknown>:0) finished in 0.026 s
26/08/14 00:12:20 INFO DAGScheduler: Job 12 is finished. Cancelling potential speculative or zombie tasks for this job
26/08/14 00:12:20 INFO TaskSchedulerImpl: Killing all running tasks in stage 23: Stage finished
26/08/14 00:12:20 INFO DAGScheduler: Job 12 finished: count at <unknown>:0, took 0.312848 s
26/08/14 00:12:20 INFO BlockManagerInfo: Removed broadcast_21_piece0 on spark-driver:44031 in memory (size: 24.0 KiB, free: 191.2 MiB)
26/08/14 00:12:20 INFO SparkContext: Starting job: count at <unknown>:0
26/08/14 00:12:20 INFO BlockManagerInfo: Removed broadcast_21_piece0 on 172.26.0.13:37779 in memory (size: 24.0 KiB, free: 412.6 MiB)
26/08/14 00:12:20 INFO DAGScheduler: Registering RDD 170 (count at <unknown>:0) as input to shuffle 11
26/08/14 00:12:20 INFO DAGScheduler: Got job 13 (count at <unknown>:0) with 1 output partitions
26/08/14 00:12:20 INFO BlockManagerInfo: Removed broadcast_21_piece0 on 172.26.0.12:33791 in memory (size: 24.0 KiB, free: 412.6 MiB)
26/08/14 00:12:20 INFO DAGScheduler: Final stage: ResultStage 25 (count at <unknown>:0)
26/08/14 00:12:20 INFO DAGScheduler: Parents of final stage: List(ShuffleMapStage 24)
26/08/14 00:12:20 INFO DAGScheduler: Missing parents: List(ShuffleMapStage 24)
26/08/14 00:12:20 INFO DAGScheduler: Submitting ShuffleMapStage 24 (MapPartitionsRDD[170] at count at <unknown>:0), which has no missing parents
26/08/14 00:12:20 INFO MemoryStore: Block broadcast_23 stored as values in memory (estimated size 64.9 KiB, free 191.1 MiB)
26/08/14 00:12:20 INFO MemoryStore: Block broadcast_23_piece0 stored as bytes in memory (estimated size 24.2 KiB, free 191.1 MiB)
26/08/14 00:12:20 INFO BlockManagerInfo: Added broadcast_23_piece0 in memory on spark-driver:44031 (size: 24.2 KiB, free: 191.2 MiB)
26/08/14 00:12:20 INFO SparkContext: Created broadcast 23 from broadcast at DAGScheduler.scala:1585
26/08/14 00:12:20 INFO BlockManagerInfo: Removed broadcast_22_piece0 on spark-driver:44031 in memory (size: 5.9 KiB, free: 191.2 MiB)
26/08/14 00:12:20 INFO DAGScheduler: Submitting 6 missing tasks from ShuffleMapStage 24 (MapPartitionsRDD[170] at count at <unknown>:0) (first 15 tasks are for partitions Vector(0, 1, 2, 3, 4, 5))
26/08/14 00:12:20 INFO TaskSchedulerImpl: Adding task set 24.0 with 6 tasks resource profile 0
26/08/14 00:12:20 INFO BlockManagerInfo: Removed broadcast_22_piece0 on 172.26.0.13:37779 in memory (size: 5.9 KiB, free: 412.6 MiB)
26/08/14 00:12:20 INFO TaskSetManager: Starting task 2.0 in stage 24.0 (TID 68) (172.26.0.13, executor 1, partition 2, PROCESS_LOCAL, 9921 bytes) 
26/08/14 00:12:20 INFO TaskSetManager: Starting task 0.0 in stage 24.0 (TID 69) (172.26.0.12, executor 0, partition 0, PROCESS_LOCAL, 9921 bytes) 
26/08/14 00:12:20 INFO TaskSetManager: Starting task 3.0 in stage 24.0 (TID 70) (172.26.0.13, executor 1, partition 3, PROCESS_LOCAL, 9921 bytes) 
26/08/14 00:12:20 INFO TaskSetManager: Starting task 1.0 in stage 24.0 (TID 71) (172.26.0.12, executor 0, partition 1, PROCESS_LOCAL, 9921 bytes) 
26/08/14 00:12:20 INFO TaskSetManager: Starting task 4.0 in stage 24.0 (TID 72) (172.26.0.13, executor 1, partition 4, PROCESS_LOCAL, 9921 bytes) 
26/08/14 00:12:20 INFO TaskSetManager: Starting task 5.0 in stage 24.0 (TID 73) (172.26.0.12, executor 0, partition 5, PROCESS_LOCAL, 9921 bytes) 
26/08/14 00:12:20 INFO BlockManagerInfo: Added broadcast_23_piece0 in memory on 172.26.0.12:33791 (size: 24.2 KiB, free: 412.6 MiB)
26/08/14 00:12:20 INFO BlockManagerInfo: Added broadcast_23_piece0 in memory on 172.26.0.13:37779 (size: 24.2 KiB, free: 412.6 MiB)
26/08/14 00:12:20 INFO TaskSetManager: Finished task 5.0 in stage 24.0 (TID 73) in 32 ms on 172.26.0.12 (executor 0) (1/6)
26/08/14 00:12:20 INFO TaskSetManager: Finished task 1.0 in stage 24.0 (TID 71) in 36 ms on 172.26.0.12 (executor 0) (2/6)
26/08/14 00:12:20 INFO TaskSetManager: Finished task 4.0 in stage 24.0 (TID 72) in 38 ms on 172.26.0.13 (executor 1) (3/6)
26/08/14 00:12:20 INFO TaskSetManager: Finished task 2.0 in stage 24.0 (TID 68) in 41 ms on 172.26.0.13 (executor 1) (4/6)
26/08/14 00:12:20 INFO TaskSetManager: Finished task 0.0 in stage 24.0 (TID 69) in 42 ms on 172.26.0.12 (executor 0) (5/6)
26/08/14 00:12:20 INFO TaskSetManager: Finished task 3.0 in stage 24.0 (TID 70) in 43 ms on 172.26.0.13 (executor 1) (6/6)
26/08/14 00:12:20 INFO TaskSchedulerImpl: Removed TaskSet 24.0, whose tasks have all completed, from pool 
26/08/14 00:12:20 INFO DAGScheduler: ShuffleMapStage 24 (count at <unknown>:0) finished in 0.059 s
26/08/14 00:12:20 INFO DAGScheduler: looking for newly runnable stages
26/08/14 00:12:20 INFO DAGScheduler: running: Set()
26/08/14 00:12:20 INFO DAGScheduler: waiting: Set(ResultStage 25)
26/08/14 00:12:20 INFO DAGScheduler: failed: Set()
26/08/14 00:12:20 INFO DAGScheduler: Submitting ResultStage 25 (MapPartitionsRDD[173] at count at <unknown>:0), which has no missing parents
26/08/14 00:12:20 INFO MemoryStore: Block broadcast_24 stored as values in memory (estimated size 12.5 KiB, free 191.1 MiB)
26/08/14 00:12:20 INFO MemoryStore: Block broadcast_24_piece0 stored as bytes in memory (estimated size 5.9 KiB, free 191.1 MiB)
26/08/14 00:12:20 INFO BlockManagerInfo: Added broadcast_24_piece0 in memory on spark-driver:44031 (size: 5.9 KiB, free: 191.2 MiB)
26/08/14 00:12:20 INFO SparkContext: Created broadcast 24 from broadcast at DAGScheduler.scala:1585
26/08/14 00:12:20 INFO DAGScheduler: Submitting 1 missing tasks from ResultStage 25 (MapPartitionsRDD[173] at count at <unknown>:0) (first 15 tasks are for partitions Vector(0))
26/08/14 00:12:20 INFO TaskSchedulerImpl: Adding task set 25.0 with 1 tasks resource profile 0
26/08/14 00:12:20 INFO TaskSetManager: Starting task 0.0 in stage 25.0 (TID 74) (172.26.0.12, executor 0, partition 0, NODE_LOCAL, 9003 bytes) 
26/08/14 00:12:20 INFO BlockManagerInfo: Added broadcast_24_piece0 in memory on 172.26.0.12:33791 (size: 5.9 KiB, free: 412.6 MiB)
26/08/14 00:12:20 INFO MapOutputTrackerMasterEndpoint: Asked to send map output locations for shuffle 11 to 172.26.0.12:37282
26/08/14 00:12:20 INFO TaskSetManager: Finished task 0.0 in stage 25.0 (TID 74) in 23 ms on 172.26.0.12 (executor 0) (1/1)
26/08/14 00:12:20 INFO TaskSchedulerImpl: Removed TaskSet 25.0, whose tasks have all completed, from pool 
26/08/14 00:12:20 INFO DAGScheduler: ResultStage 25 (count at <unknown>:0) finished in 0.026 s
26/08/14 00:12:20 INFO DAGScheduler: Job 13 is finished. Cancelling potential speculative or zombie tasks for this job
26/08/14 00:12:20 INFO TaskSchedulerImpl: Killing all running tasks in stage 25: Stage finished
26/08/14 00:12:20 INFO DAGScheduler: Job 13 finished: count at <unknown>:0, took 0.090208 s
26/08/14 00:12:21 INFO CodeGenerator: Code generated in 17.805791 ms
26/08/14 00:12:21 INFO DefaultCachedBatchSerializer: Predicate isnotnull(event_time#89-T120000ms) generates partition filter: ((event_time.count#8942 - event_time.nullCount#8941) > 0)
26/08/14 00:12:21 INFO DefaultCachedBatchSerializer: Predicate (event_time#89-T120000ms < 2026-08-14 00:10:14.832) generates partition filter: (event_time.lowerBound#8940 < 2026-08-14 00:10:14.832)
26/08/14 00:12:21 INFO SparkContext: Starting job: count at <unknown>:0
26/08/14 00:12:21 INFO DAGScheduler: Registering RDD 178 (count at <unknown>:0) as input to shuffle 12
26/08/14 00:12:21 INFO DAGScheduler: Got job 14 (count at <unknown>:0) with 1 output partitions
26/08/14 00:12:21 INFO DAGScheduler: Final stage: ResultStage 27 (count at <unknown>:0)
26/08/14 00:12:21 INFO DAGScheduler: Parents of final stage: List(ShuffleMapStage 26)
26/08/14 00:12:21 INFO DAGScheduler: Missing parents: List(ShuffleMapStage 26)
26/08/14 00:12:21 INFO DAGScheduler: Submitting ShuffleMapStage 26 (MapPartitionsRDD[178] at count at <unknown>:0), which has no missing parents
26/08/14 00:12:21 INFO MemoryStore: Block broadcast_25 stored as values in memory (estimated size 67.2 KiB, free 191.0 MiB)
26/08/14 00:12:21 INFO MemoryStore: Block broadcast_25_piece0 stored as bytes in memory (estimated size 25.6 KiB, free 191.0 MiB)
26/08/14 00:12:21 INFO BlockManagerInfo: Added broadcast_25_piece0 in memory on spark-driver:44031 (size: 25.6 KiB, free: 191.2 MiB)
26/08/14 00:12:21 INFO BlockManagerInfo: Removed broadcast_24_piece0 on spark-driver:44031 in memory (size: 5.9 KiB, free: 191.2 MiB)
26/08/14 00:12:21 INFO SparkContext: Created broadcast 25 from broadcast at DAGScheduler.scala:1585
26/08/14 00:12:21 INFO DAGScheduler: Submitting 6 missing tasks from ShuffleMapStage 26 (MapPartitionsRDD[178] at count at <unknown>:0) (first 15 tasks are for partitions Vector(0, 1, 2, 3, 4, 5))
26/08/14 00:12:21 INFO TaskSchedulerImpl: Adding task set 26.0 with 6 tasks resource profile 0
26/08/14 00:12:21 INFO BlockManagerInfo: Removed broadcast_24_piece0 on 172.26.0.12:33791 in memory (size: 5.9 KiB, free: 412.6 MiB)
26/08/14 00:12:21 INFO TaskSetManager: Starting task 2.0 in stage 26.0 (TID 75) (172.26.0.13, executor 1, partition 2, PROCESS_LOCAL, 9921 bytes) 
26/08/14 00:12:21 INFO TaskSetManager: Starting task 0.0 in stage 26.0 (TID 76) (172.26.0.12, executor 0, partition 0, PROCESS_LOCAL, 9921 bytes) 
26/08/14 00:12:21 INFO TaskSetManager: Starting task 3.0 in stage 26.0 (TID 77) (172.26.0.13, executor 1, partition 3, PROCESS_LOCAL, 9921 bytes) 
26/08/14 00:12:21 INFO TaskSetManager: Starting task 1.0 in stage 26.0 (TID 78) (172.26.0.12, executor 0, partition 1, PROCESS_LOCAL, 9921 bytes) 
26/08/14 00:12:21 INFO TaskSetManager: Starting task 4.0 in stage 26.0 (TID 79) (172.26.0.13, executor 1, partition 4, PROCESS_LOCAL, 9921 bytes) 
26/08/14 00:12:21 INFO TaskSetManager: Starting task 5.0 in stage 26.0 (TID 80) (172.26.0.12, executor 0, partition 5, PROCESS_LOCAL, 9921 bytes) 
26/08/14 00:12:21 INFO BlockManagerInfo: Removed broadcast_23_piece0 on spark-driver:44031 in memory (size: 24.2 KiB, free: 191.2 MiB)
26/08/14 00:12:21 INFO BlockManagerInfo: Removed broadcast_23_piece0 on 172.26.0.13:37779 in memory (size: 24.2 KiB, free: 412.6 MiB)
26/08/14 00:12:21 INFO BlockManagerInfo: Removed broadcast_23_piece0 on 172.26.0.12:33791 in memory (size: 24.2 KiB, free: 412.6 MiB)
26/08/14 00:12:21 INFO BlockManagerInfo: Added broadcast_25_piece0 in memory on 172.26.0.12:33791 (size: 25.6 KiB, free: 412.6 MiB)
26/08/14 00:12:21 INFO BlockManagerInfo: Added broadcast_25_piece0 in memory on 172.26.0.13:37779 (size: 25.6 KiB, free: 412.6 MiB)
26/08/14 00:12:21 INFO TaskSetManager: Finished task 1.0 in stage 26.0 (TID 78) in 62 ms on 172.26.0.12 (executor 0) (1/6)
26/08/14 00:12:21 INFO TaskSetManager: Finished task 5.0 in stage 26.0 (TID 80) in 63 ms on 172.26.0.12 (executor 0) (2/6)
26/08/14 00:12:21 INFO TaskSetManager: Finished task 0.0 in stage 26.0 (TID 76) in 64 ms on 172.26.0.12 (executor 0) (3/6)
26/08/14 00:12:21 INFO TaskSetManager: Finished task 4.0 in stage 26.0 (TID 79) in 71 ms on 172.26.0.13 (executor 1) (4/6)
26/08/14 00:12:21 INFO TaskSetManager: Finished task 2.0 in stage 26.0 (TID 75) in 72 ms on 172.26.0.13 (executor 1) (5/6)
26/08/14 00:12:21 INFO TaskSetManager: Finished task 3.0 in stage 26.0 (TID 77) in 73 ms on 172.26.0.13 (executor 1) (6/6)
26/08/14 00:12:21 INFO TaskSchedulerImpl: Removed TaskSet 26.0, whose tasks have all completed, from pool 
26/08/14 00:12:21 INFO DAGScheduler: ShuffleMapStage 26 (count at <unknown>:0) finished in 0.087 s
26/08/14 00:12:21 INFO DAGScheduler: looking for newly runnable stages
26/08/14 00:12:21 INFO DAGScheduler: running: Set()
26/08/14 00:12:21 INFO DAGScheduler: waiting: Set(ResultStage 27)
26/08/14 00:12:21 INFO DAGScheduler: failed: Set()
26/08/14 00:12:21 INFO DAGScheduler: Submitting ResultStage 27 (MapPartitionsRDD[181] at count at <unknown>:0), which has no missing parents
26/08/14 00:12:21 INFO MemoryStore: Block broadcast_26 stored as values in memory (estimated size 12.5 KiB, free 191.1 MiB)
26/08/14 00:12:21 INFO MemoryStore: Block broadcast_26_piece0 stored as bytes in memory (estimated size 5.9 KiB, free 191.1 MiB)
26/08/14 00:12:21 INFO BlockManagerInfo: Added broadcast_26_piece0 in memory on spark-driver:44031 (size: 5.9 KiB, free: 191.2 MiB)
26/08/14 00:12:21 INFO SparkContext: Created broadcast 26 from broadcast at DAGScheduler.scala:1585
26/08/14 00:12:21 INFO DAGScheduler: Submitting 1 missing tasks from ResultStage 27 (MapPartitionsRDD[181] at count at <unknown>:0) (first 15 tasks are for partitions Vector(0))
26/08/14 00:12:21 INFO TaskSchedulerImpl: Adding task set 27.0 with 1 tasks resource profile 0
26/08/14 00:12:21 INFO TaskSetManager: Starting task 0.0 in stage 27.0 (TID 81) (172.26.0.13, executor 1, partition 0, NODE_LOCAL, 9003 bytes) 
26/08/14 00:12:21 INFO BlockManagerInfo: Added broadcast_26_piece0 in memory on 172.26.0.13:37779 (size: 5.9 KiB, free: 412.6 MiB)
26/08/14 00:12:21 INFO MapOutputTrackerMasterEndpoint: Asked to send map output locations for shuffle 12 to 172.26.0.13:36452
26/08/14 00:12:21 INFO TaskSetManager: Finished task 0.0 in stage 27.0 (TID 81) in 30 ms on 172.26.0.13 (executor 1) (1/1)
26/08/14 00:12:21 INFO TaskSchedulerImpl: Removed TaskSet 27.0, whose tasks have all completed, from pool 
26/08/14 00:12:21 INFO DAGScheduler: ResultStage 27 (count at <unknown>:0) finished in 0.034 s
26/08/14 00:12:21 INFO DAGScheduler: Job 14 is finished. Cancelling potential speculative or zombie tasks for this job
26/08/14 00:12:21 INFO TaskSchedulerImpl: Killing all running tasks in stage 27: Stage finished
26/08/14 00:12:21 INFO DAGScheduler: Job 14 finished: count at <unknown>:0, took 0.124730 s
26/08/14 00:12:21 INFO DefaultCachedBatchSerializer: Predicate isnotnull(kind#9499) generates partition filter: ((kind.count#9568 - kind.nullCount#9567) > 0)
26/08/14 00:12:21 INFO DefaultCachedBatchSerializer: Predicate (kind#9499 = stats) generates partition filter: ((kind.lowerBound#9566 <= stats) AND (stats <= kind.upperBound#9565))
26/08/14 00:12:21 INFO SparkContext: Starting job: call at /opt/spark/python/lib/py4j-0.10.9.7-src.zip/py4j/clientserver.py:617
26/08/14 00:12:21 INFO DAGScheduler: Got job 15 (call at /opt/spark/python/lib/py4j-0.10.9.7-src.zip/py4j/clientserver.py:617) with 6 output partitions
26/08/14 00:12:21 INFO DAGScheduler: Final stage: ResultStage 28 (call at /opt/spark/python/lib/py4j-0.10.9.7-src.zip/py4j/clientserver.py:617)
26/08/14 00:12:21 INFO DAGScheduler: Parents of final stage: List()
26/08/14 00:12:21 INFO DAGScheduler: Missing parents: List()
26/08/14 00:12:21 INFO DAGScheduler: Submitting ResultStage 28 (MapPartitionsRDD[200] at call at /opt/spark/python/lib/py4j-0.10.9.7-src.zip/py4j/clientserver.py:617), which has no missing parents
26/08/14 00:12:21 INFO MemoryStore: Block broadcast_27 stored as values in memory (estimated size 90.0 KiB, free 191.0 MiB)
26/08/14 00:12:21 INFO MemoryStore: Block broadcast_27_piece0 stored as bytes in memory (estimated size 34.0 KiB, free 191.0 MiB)
26/08/14 00:12:21 INFO BlockManagerInfo: Added broadcast_27_piece0 in memory on spark-driver:44031 (size: 34.0 KiB, free: 191.1 MiB)
26/08/14 00:12:21 INFO SparkContext: Created broadcast 27 from broadcast at DAGScheduler.scala:1585
26/08/14 00:12:21 INFO DAGScheduler: Submitting 6 missing tasks from ResultStage 28 (MapPartitionsRDD[200] at call at /opt/spark/python/lib/py4j-0.10.9.7-src.zip/py4j/clientserver.py:617) (first 15 tasks are for partitions Vector(0, 1, 2, 3, 4, 5))
26/08/14 00:12:21 INFO TaskSchedulerImpl: Adding task set 28.0 with 6 tasks resource profile 0
26/08/14 00:12:21 INFO BlockManagerInfo: Removed broadcast_26_piece0 on spark-driver:44031 in memory (size: 5.9 KiB, free: 191.2 MiB)
26/08/14 00:12:21 INFO BlockManagerInfo: Removed broadcast_26_piece0 on 172.26.0.13:37779 in memory (size: 5.9 KiB, free: 412.6 MiB)
26/08/14 00:12:21 INFO TaskSetManager: Starting task 2.0 in stage 28.0 (TID 82) (172.26.0.13, executor 1, partition 2, PROCESS_LOCAL, 9932 bytes) 
26/08/14 00:12:21 INFO TaskSetManager: Starting task 0.0 in stage 28.0 (TID 83) (172.26.0.12, executor 0, partition 0, PROCESS_LOCAL, 9932 bytes) 
26/08/14 00:12:21 INFO TaskSetManager: Starting task 3.0 in stage 28.0 (TID 84) (172.26.0.13, executor 1, partition 3, PROCESS_LOCAL, 9932 bytes) 
26/08/14 00:12:21 INFO TaskSetManager: Starting task 1.0 in stage 28.0 (TID 85) (172.26.0.12, executor 0, partition 1, PROCESS_LOCAL, 9932 bytes) 
26/08/14 00:12:21 INFO TaskSetManager: Starting task 4.0 in stage 28.0 (TID 86) (172.26.0.13, executor 1, partition 4, PROCESS_LOCAL, 9932 bytes) 
26/08/14 00:12:21 INFO TaskSetManager: Starting task 5.0 in stage 28.0 (TID 87) (172.26.0.12, executor 0, partition 5, PROCESS_LOCAL, 9932 bytes) 
26/08/14 00:12:21 INFO BlockManagerInfo: Removed broadcast_25_piece0 on spark-driver:44031 in memory (size: 25.6 KiB, free: 191.2 MiB)
26/08/14 00:12:21 INFO BlockManagerInfo: Removed broadcast_25_piece0 on 172.26.0.12:33791 in memory (size: 25.6 KiB, free: 412.6 MiB)
26/08/14 00:12:21 INFO BlockManagerInfo: Removed broadcast_25_piece0 on 172.26.0.13:37779 in memory (size: 25.6 KiB, free: 412.6 MiB)
26/08/14 00:12:21 INFO BlockManagerInfo: Added broadcast_27_piece0 in memory on 172.26.0.13:37779 (size: 34.0 KiB, free: 412.6 MiB)
26/08/14 00:12:21 INFO BlockManagerInfo: Added broadcast_27_piece0 in memory on 172.26.0.12:33791 (size: 34.0 KiB, free: 412.6 MiB)
26/08/14 00:12:23 INFO BlockManagerInfo: Added rdd_195_3 in memory on 172.26.0.13:37779 (size: 1808.0 B, free: 412.6 MiB)
26/08/14 00:12:23 INFO BlockManagerInfo: Added rdd_195_4 in memory on 172.26.0.13:37779 (size: 1808.0 B, free: 412.6 MiB)
26/08/14 00:12:23 INFO BlockManagerInfo: Added rdd_195_0 in memory on 172.26.0.12:33791 (size: 1808.0 B, free: 412.6 MiB)
26/08/14 00:12:23 INFO BlockManagerInfo: Added rdd_195_5 in memory on 172.26.0.12:33791 (size: 1808.0 B, free: 412.6 MiB)
26/08/14 00:12:23 INFO TaskSetManager: Finished task 4.0 in stage 28.0 (TID 86) in 2681 ms on 172.26.0.13 (executor 1) (1/6)
26/08/14 00:12:23 INFO TaskSetManager: Finished task 3.0 in stage 28.0 (TID 84) in 2684 ms on 172.26.0.13 (executor 1) (2/6)
26/08/14 00:12:23 INFO BlockManagerInfo: Added rdd_195_2 in memory on 172.26.0.13:37779 (size: 1808.0 B, free: 412.6 MiB)
26/08/14 00:12:23 INFO TaskSetManager: Finished task 5.0 in stage 28.0 (TID 87) in 2721 ms on 172.26.0.12 (executor 0) (3/6)
26/08/14 00:12:23 INFO TaskSetManager: Finished task 0.0 in stage 28.0 (TID 83) in 2725 ms on 172.26.0.12 (executor 0) (4/6)
26/08/14 00:12:23 INFO TaskSetManager: Finished task 2.0 in stage 28.0 (TID 82) in 2742 ms on 172.26.0.13 (executor 1) (5/6)
26/08/14 00:12:24 INFO BlockManagerInfo: Added rdd_195_1 in memory on 172.26.0.12:33791 (size: 1808.0 B, free: 412.6 MiB)
26/08/14 00:12:24 INFO TaskSetManager: Finished task 1.0 in stage 28.0 (TID 85) in 2911 ms on 172.26.0.12 (executor 0) (6/6)
26/08/14 00:12:24 INFO TaskSchedulerImpl: Removed TaskSet 28.0, whose tasks have all completed, from pool 
26/08/14 00:12:24 INFO DAGScheduler: ResultStage 28 (call at /opt/spark/python/lib/py4j-0.10.9.7-src.zip/py4j/clientserver.py:617) finished in 2.928 s
26/08/14 00:12:24 INFO DAGScheduler: Job 15 is finished. Cancelling potential speculative or zombie tasks for this job
26/08/14 00:12:24 INFO TaskSchedulerImpl: Killing all running tasks in stage 28: Stage finished
26/08/14 00:12:24 INFO DAGScheduler: Job 15 finished: call at /opt/spark/python/lib/py4j-0.10.9.7-src.zip/py4j/clientserver.py:617, took 2.935797 s
26/08/14 00:12:24 INFO DefaultCachedBatchSerializer: Predicate isnotnull(kind#9499) generates partition filter: ((kind.count#9651 - kind.nullCount#9650) > 0)
26/08/14 00:12:24 INFO DefaultCachedBatchSerializer: Predicate (kind#9499 = dlq) generates partition filter: ((kind.lowerBound#9649 <= dlq) AND (dlq <= kind.upperBound#9648))
26/08/14 00:12:24 INFO SparkContext: Starting job: count at <unknown>:0
26/08/14 00:12:24 INFO DAGScheduler: Registering RDD 205 (count at <unknown>:0) as input to shuffle 13
26/08/14 00:12:24 INFO DAGScheduler: Got job 16 (count at <unknown>:0) with 1 output partitions
26/08/14 00:12:24 INFO DAGScheduler: Final stage: ResultStage 30 (count at <unknown>:0)
26/08/14 00:12:24 INFO DAGScheduler: Parents of final stage: List(ShuffleMapStage 29)
26/08/14 00:12:24 INFO DAGScheduler: Missing parents: List(ShuffleMapStage 29)
26/08/14 00:12:24 INFO DAGScheduler: Submitting ShuffleMapStage 29 (MapPartitionsRDD[205] at count at <unknown>:0), which has no missing parents
26/08/14 00:12:24 INFO MemoryStore: Block broadcast_28 stored as values in memory (estimated size 92.2 KiB, free 191.0 MiB)
26/08/14 00:12:24 INFO MemoryStore: Block broadcast_28_piece0 stored as bytes in memory (estimated size 35.3 KiB, free 191.0 MiB)
26/08/14 00:12:24 INFO BlockManagerInfo: Added broadcast_28_piece0 in memory on spark-driver:44031 (size: 35.3 KiB, free: 191.1 MiB)
26/08/14 00:12:24 INFO SparkContext: Created broadcast 28 from broadcast at DAGScheduler.scala:1585
26/08/14 00:12:24 INFO DAGScheduler: Submitting 6 missing tasks from ShuffleMapStage 29 (MapPartitionsRDD[205] at count at <unknown>:0) (first 15 tasks are for partitions Vector(0, 1, 2, 3, 4, 5))
26/08/14 00:12:24 INFO TaskSchedulerImpl: Adding task set 29.0 with 6 tasks resource profile 0
26/08/14 00:12:24 INFO TaskSetManager: Starting task 0.0 in stage 29.0 (TID 88) (172.26.0.12, executor 0, partition 0, PROCESS_LOCAL, 9921 bytes) 
26/08/14 00:12:24 INFO TaskSetManager: Starting task 2.0 in stage 29.0 (TID 89) (172.26.0.13, executor 1, partition 2, PROCESS_LOCAL, 9921 bytes) 
26/08/14 00:12:24 INFO TaskSetManager: Starting task 1.0 in stage 29.0 (TID 90) (172.26.0.12, executor 0, partition 1, PROCESS_LOCAL, 9921 bytes) 
26/08/14 00:12:24 INFO TaskSetManager: Starting task 3.0 in stage 29.0 (TID 91) (172.26.0.13, executor 1, partition 3, PROCESS_LOCAL, 9921 bytes) 
26/08/14 00:12:24 INFO TaskSetManager: Starting task 5.0 in stage 29.0 (TID 92) (172.26.0.12, executor 0, partition 5, PROCESS_LOCAL, 9921 bytes) 
26/08/14 00:12:24 INFO TaskSetManager: Starting task 4.0 in stage 29.0 (TID 93) (172.26.0.13, executor 1, partition 4, PROCESS_LOCAL, 9921 bytes) 
26/08/14 00:12:24 INFO BlockManagerInfo: Added broadcast_28_piece0 in memory on 172.26.0.12:33791 (size: 35.3 KiB, free: 412.5 MiB)
26/08/14 00:12:24 INFO BlockManagerInfo: Added broadcast_28_piece0 in memory on 172.26.0.13:37779 (size: 35.3 KiB, free: 412.5 MiB)
26/08/14 00:12:24 INFO TaskSetManager: Finished task 0.0 in stage 29.0 (TID 88) in 183 ms on 172.26.0.12 (executor 0) (1/6)
26/08/14 00:12:24 INFO TaskSetManager: Finished task 2.0 in stage 29.0 (TID 89) in 203 ms on 172.26.0.13 (executor 1) (2/6)
26/08/14 00:12:24 INFO TaskSetManager: Finished task 3.0 in stage 29.0 (TID 91) in 194 ms on 172.26.0.13 (executor 1) (3/6)
26/08/14 00:12:24 INFO TaskSetManager: Finished task 4.0 in stage 29.0 (TID 93) in 209 ms on 172.26.0.13 (executor 1) (4/6)
26/08/14 00:12:24 INFO TaskSetManager: Finished task 5.0 in stage 29.0 (TID 92) in 233 ms on 172.26.0.12 (executor 0) (5/6)
26/08/14 00:12:24 INFO TaskSetManager: Finished task 1.0 in stage 29.0 (TID 90) in 249 ms on 172.26.0.12 (executor 0) (6/6)
26/08/14 00:12:24 INFO TaskSchedulerImpl: Removed TaskSet 29.0, whose tasks have all completed, from pool 
26/08/14 00:12:24 INFO DAGScheduler: ShuffleMapStage 29 (count at <unknown>:0) finished in 0.317 s
26/08/14 00:12:24 INFO DAGScheduler: looking for newly runnable stages
26/08/14 00:12:24 INFO DAGScheduler: running: Set()
26/08/14 00:12:24 INFO DAGScheduler: waiting: Set(ResultStage 30)
26/08/14 00:12:24 INFO DAGScheduler: failed: Set()
26/08/14 00:12:24 INFO DAGScheduler: Submitting ResultStage 30 (MapPartitionsRDD[208] at count at <unknown>:0), which has no missing parents
26/08/14 00:12:24 INFO MemoryStore: Block broadcast_29 stored as values in memory (estimated size 12.5 KiB, free 191.0 MiB)
26/08/14 00:12:24 INFO MemoryStore: Block broadcast_29_piece0 stored as bytes in memory (estimated size 5.9 KiB, free 190.9 MiB)
26/08/14 00:12:24 INFO BlockManagerInfo: Added broadcast_29_piece0 in memory on spark-driver:44031 (size: 5.9 KiB, free: 191.1 MiB)
26/08/14 00:12:24 INFO SparkContext: Created broadcast 29 from broadcast at DAGScheduler.scala:1585
26/08/14 00:12:24 INFO DAGScheduler: Submitting 1 missing tasks from ResultStage 30 (MapPartitionsRDD[208] at count at <unknown>:0) (first 15 tasks are for partitions Vector(0))
26/08/14 00:12:24 INFO TaskSchedulerImpl: Adding task set 30.0 with 1 tasks resource profile 0
26/08/14 00:12:24 INFO TaskSetManager: Starting task 0.0 in stage 30.0 (TID 94) (172.26.0.12, executor 0, partition 0, NODE_LOCAL, 9003 bytes) 
26/08/14 00:12:24 INFO BlockManagerInfo: Added broadcast_29_piece0 in memory on 172.26.0.12:33791 (size: 5.9 KiB, free: 412.5 MiB)
26/08/14 00:12:24 INFO MapOutputTrackerMasterEndpoint: Asked to send map output locations for shuffle 13 to 172.26.0.12:37282
26/08/14 00:12:24 INFO TaskSetManager: Finished task 0.0 in stage 30.0 (TID 94) in 130 ms on 172.26.0.12 (executor 0) (1/1)
26/08/14 00:12:24 INFO TaskSchedulerImpl: Removed TaskSet 30.0, whose tasks have all completed, from pool 
26/08/14 00:12:24 INFO DAGScheduler: ResultStage 30 (count at <unknown>:0) finished in 0.152 s
26/08/14 00:12:24 INFO DAGScheduler: Job 16 is finished. Cancelling potential speculative or zombie tasks for this job
26/08/14 00:12:24 INFO TaskSchedulerImpl: Killing all running tasks in stage 30: Stage finished
26/08/14 00:12:24 INFO DAGScheduler: Job 16 finished: count at <unknown>:0, took 0.490482 s
26/08/14 00:12:24 INFO MapPartitionsRDD: Removing RDD 195 from persistence list
26/08/14 00:12:24 INFO BlockManager: Removing RDD 195
26/08/14 00:12:25 INFO BlockManagerInfo: Removed broadcast_29_piece0 on spark-driver:44031 in memory (size: 5.9 KiB, free: 191.1 MiB)
26/08/14 00:12:25 INFO BlockManagerInfo: Removed broadcast_29_piece0 on 172.26.0.12:33791 in memory (size: 5.9 KiB, free: 412.5 MiB)
26/08/14 00:12:25 INFO BlockManagerInfo: Removed broadcast_27_piece0 on spark-driver:44031 in memory (size: 34.0 KiB, free: 191.2 MiB)
26/08/14 00:12:25 INFO BlockManagerInfo: Removed broadcast_27_piece0 on 172.26.0.12:33791 in memory (size: 34.0 KiB, free: 412.6 MiB)
26/08/14 00:12:25 INFO BlockManagerInfo: Removed broadcast_27_piece0 on 172.26.0.13:37779 in memory (size: 34.0 KiB, free: 412.6 MiB)
26/08/14 00:12:25 INFO BlockManagerInfo: Removed broadcast_28_piece0 on spark-driver:44031 in memory (size: 35.3 KiB, free: 191.2 MiB)
26/08/14 00:12:25 INFO BlockManagerInfo: Removed broadcast_28_piece0 on 172.26.0.13:37779 in memory (size: 35.3 KiB, free: 412.6 MiB)
26/08/14 00:12:25 INFO BlockManagerInfo: Removed broadcast_28_piece0 on 172.26.0.12:33791 in memory (size: 35.3 KiB, free: 412.6 MiB)
26/08/14 00:12:25 INFO SparkContext: Starting job: call at /opt/spark/python/lib/py4j-0.10.9.7-src.zip/py4j/clientserver.py:617
26/08/14 00:12:25 INFO DAGScheduler: Registering RDD 213 (call at /opt/spark/python/lib/py4j-0.10.9.7-src.zip/py4j/clientserver.py:617) as input to shuffle 14
26/08/14 00:12:25 INFO DAGScheduler: Got job 17 (call at /opt/spark/python/lib/py4j-0.10.9.7-src.zip/py4j/clientserver.py:617) with 1 output partitions
26/08/14 00:12:25 INFO DAGScheduler: Final stage: ResultStage 32 (call at /opt/spark/python/lib/py4j-0.10.9.7-src.zip/py4j/clientserver.py:617)
26/08/14 00:12:25 INFO DAGScheduler: Parents of final stage: List(ShuffleMapStage 31)
26/08/14 00:12:25 INFO DAGScheduler: Missing parents: List(ShuffleMapStage 31)
26/08/14 00:12:25 INFO DAGScheduler: Submitting ShuffleMapStage 31 (MapPartitionsRDD[213] at call at /opt/spark/python/lib/py4j-0.10.9.7-src.zip/py4j/clientserver.py:617), which has no missing parents
26/08/14 00:12:25 INFO MemoryStore: Block broadcast_30 stored as values in memory (estimated size 66.2 KiB, free 191.1 MiB)
26/08/14 00:12:25 INFO MemoryStore: Block broadcast_30_piece0 stored as bytes in memory (estimated size 24.8 KiB, free 191.1 MiB)
26/08/14 00:12:25 INFO BlockManagerInfo: Added broadcast_30_piece0 in memory on spark-driver:44031 (size: 24.8 KiB, free: 191.2 MiB)
26/08/14 00:12:25 INFO SparkContext: Created broadcast 30 from broadcast at DAGScheduler.scala:1585
26/08/14 00:12:25 INFO DAGScheduler: Submitting 6 missing tasks from ShuffleMapStage 31 (MapPartitionsRDD[213] at call at /opt/spark/python/lib/py4j-0.10.9.7-src.zip/py4j/clientserver.py:617) (first 15 tasks are for partitions Vector(0, 1, 2, 3, 4, 5))
26/08/14 00:12:25 INFO TaskSchedulerImpl: Adding task set 31.0 with 6 tasks resource profile 0
26/08/14 00:12:25 INFO TaskSetManager: Starting task 2.0 in stage 31.0 (TID 95) (172.26.0.13, executor 1, partition 2, PROCESS_LOCAL, 9921 bytes) 
26/08/14 00:12:25 INFO TaskSetManager: Starting task 0.0 in stage 31.0 (TID 96) (172.26.0.12, executor 0, partition 0, PROCESS_LOCAL, 9921 bytes) 
26/08/14 00:12:25 INFO TaskSetManager: Starting task 3.0 in stage 31.0 (TID 97) (172.26.0.13, executor 1, partition 3, PROCESS_LOCAL, 9921 bytes) 
26/08/14 00:12:25 INFO TaskSetManager: Starting task 1.0 in stage 31.0 (TID 98) (172.26.0.12, executor 0, partition 1, PROCESS_LOCAL, 9921 bytes) 
26/08/14 00:12:25 INFO TaskSetManager: Starting task 4.0 in stage 31.0 (TID 99) (172.26.0.13, executor 1, partition 4, PROCESS_LOCAL, 9921 bytes) 
26/08/14 00:12:25 INFO TaskSetManager: Starting task 5.0 in stage 31.0 (TID 100) (172.26.0.12, executor 0, partition 5, PROCESS_LOCAL, 9921 bytes) 
26/08/14 00:12:25 INFO BlockManagerInfo: Added broadcast_30_piece0 in memory on 172.26.0.13:37779 (size: 24.8 KiB, free: 412.6 MiB)
26/08/14 00:12:25 INFO BlockManagerInfo: Added broadcast_30_piece0 in memory on 172.26.0.12:33791 (size: 24.8 KiB, free: 412.6 MiB)
26/08/14 00:12:25 INFO TaskSetManager: Finished task 3.0 in stage 31.0 (TID 97) in 141 ms on 172.26.0.13 (executor 1) (1/6)
26/08/14 00:12:25 INFO TaskSetManager: Finished task 4.0 in stage 31.0 (TID 99) in 141 ms on 172.26.0.13 (executor 1) (2/6)
26/08/14 00:12:25 INFO TaskSetManager: Finished task 1.0 in stage 31.0 (TID 98) in 182 ms on 172.26.0.12 (executor 0) (3/6)
26/08/14 00:12:25 INFO TaskSetManager: Finished task 5.0 in stage 31.0 (TID 100) in 188 ms on 172.26.0.12 (executor 0) (4/6)
26/08/14 00:12:25 INFO TaskSetManager: Finished task 2.0 in stage 31.0 (TID 95) in 195 ms on 172.26.0.13 (executor 1) (5/6)
26/08/14 00:12:25 INFO TaskSetManager: Finished task 0.0 in stage 31.0 (TID 96) in 196 ms on 172.26.0.12 (executor 0) (6/6)
26/08/14 00:12:25 INFO TaskSchedulerImpl: Removed TaskSet 31.0, whose tasks have all completed, from pool 
26/08/14 00:12:25 INFO DAGScheduler: ShuffleMapStage 31 (call at /opt/spark/python/lib/py4j-0.10.9.7-src.zip/py4j/clientserver.py:617) finished in 0.226 s
26/08/14 00:12:25 INFO DAGScheduler: looking for newly runnable stages
26/08/14 00:12:25 INFO DAGScheduler: running: Set()
26/08/14 00:12:25 INFO DAGScheduler: waiting: Set(ResultStage 32)
26/08/14 00:12:25 INFO DAGScheduler: failed: Set()
26/08/14 00:12:25 INFO DAGScheduler: Submitting ResultStage 32 (MapPartitionsRDD[216] at call at /opt/spark/python/lib/py4j-0.10.9.7-src.zip/py4j/clientserver.py:617), which has no missing parents
26/08/14 00:12:25 INFO MemoryStore: Block broadcast_31 stored as values in memory (estimated size 13.1 KiB, free 191.1 MiB)
26/08/14 00:12:25 INFO MemoryStore: Block broadcast_31_piece0 stored as bytes in memory (estimated size 6.1 KiB, free 191.1 MiB)
26/08/14 00:12:25 INFO BlockManagerInfo: Added broadcast_31_piece0 in memory on spark-driver:44031 (size: 6.1 KiB, free: 191.2 MiB)
26/08/14 00:12:25 INFO SparkContext: Created broadcast 31 from broadcast at DAGScheduler.scala:1585
26/08/14 00:12:25 INFO DAGScheduler: Submitting 1 missing tasks from ResultStage 32 (MapPartitionsRDD[216] at call at /opt/spark/python/lib/py4j-0.10.9.7-src.zip/py4j/clientserver.py:617) (first 15 tasks are for partitions Vector(0))
26/08/14 00:12:25 INFO TaskSchedulerImpl: Adding task set 32.0 with 1 tasks resource profile 0
26/08/14 00:12:25 INFO TaskSetManager: Starting task 0.0 in stage 32.0 (TID 101) (172.26.0.13, executor 1, partition 0, NODE_LOCAL, 9003 bytes) 
26/08/14 00:12:25 INFO BlockManagerInfo: Added broadcast_31_piece0 in memory on 172.26.0.13:37779 (size: 6.1 KiB, free: 412.6 MiB)
26/08/14 00:12:25 INFO MapOutputTrackerMasterEndpoint: Asked to send map output locations for shuffle 14 to 172.26.0.13:36452
26/08/14 00:12:25 INFO TaskSetManager: Finished task 0.0 in stage 32.0 (TID 101) in 112 ms on 172.26.0.13 (executor 1) (1/1)
26/08/14 00:12:25 INFO TaskSchedulerImpl: Removed TaskSet 32.0, whose tasks have all completed, from pool 
26/08/14 00:12:25 INFO DAGScheduler: ResultStage 32 (call at /opt/spark/python/lib/py4j-0.10.9.7-src.zip/py4j/clientserver.py:617) finished in 0.128 s
26/08/14 00:12:25 INFO DAGScheduler: Job 17 is finished. Cancelling potential speculative or zombie tasks for this job
26/08/14 00:12:25 INFO TaskSchedulerImpl: Killing all running tasks in stage 32: Stage finished
26/08/14 00:12:25 INFO DAGScheduler: Job 17 finished: call at /opt/spark/python/lib/py4j-0.10.9.7-src.zip/py4j/clientserver.py:617, took 0.398122 s
26/08/14 00:12:25 INFO MapPartitionsRDD: Removing RDD 157 from persistence list
26/08/14 00:12:25 INFO WatermarkTracker: Updating event-time watermark from 1786666214832 to 1786666220340 ms
26/08/14 00:12:25 INFO BlockManager: Removing RDD 157
26/08/14 00:12:25 INFO CheckpointFileManager: Writing atomically to file:/opt/checkpoints/trips/commits/3 using temp file file:/opt/checkpoints/trips/commits/.3.b8ed53fe-0e3e-4625-a474-ee926f4275b8.tmp
26/08/14 00:12:25 INFO CheckpointFileManager: Renamed temp file file:/opt/checkpoints/trips/commits/.3.b8ed53fe-0e3e-4625-a474-ee926f4275b8.tmp to file:/opt/checkpoints/trips/commits/3
26/08/14 00:12:25 INFO MicroBatchExecution: Streaming query made progress: {
  "id" : "673700e1-7609-4c3e-bff3-65e01579062f",
  "runId" : "684f6ae2-98d1-4139-a900-0d86eb048f89",
  "name" : "trips-ingest-chaos_kill_cassandra_1",
  "timestamp" : "2026-08-14T00:12:20.334Z",
  "batchId" : 3,
  "numInputRows" : 4342,
  "inputRowsPerSecond" : 803.9251990372154,
  "processedRowsPerSecond" : 804.074074074074,
  "durationMs" : {
    "addBatch" : 5217,
    "commitOffsets" : 68,
    "getBatch" : 0,
    "latestOffset" : 42,
    "queryPlanning" : 27,
    "triggerExecution" : 5400,
    "walCommit" : 39
  },
  "eventTime" : {
    "avg" : "2026-08-14T00:12:16.117Z",
    "max" : "2026-08-14T00:12:20.340Z",
    "min" : "2026-08-14T00:12:12.019Z",
    "watermark" : "2026-08-14T00:10:14.832Z"
  },
  "stateOperators" : [ ],
  "sources" : [ {
    "description" : "KafkaV2[Subscribe[trips.raw]]",
    "startOffset" : {
      "trips.raw" : {
        "2" : 231006,
        "5" : 229381,
        "4" : 230630,
        "1" : 230486,
        "3" : 230491,
        "0" : 230601
      }
    },
    "endOffset" : {
      "trips.raw" : {
        "2" : 231715,
        "5" : 230098,
        "4" : 231386,
        "1" : 231192,
        "3" : 231230,
        "0" : 231316
      }
    },
    "latestOffset" : {
      "trips.raw" : {
        "2" : 231715,
        "5" : 230098,
        "4" : 231386,
        "1" : 231192,
        "3" : 231230,
        "0" : 231316
      }
    },
    "numInputRows" : 4342,
    "inputRowsPerSecond" : 803.9251990372154,
    "processedRowsPerSecond" : 804.074074074074,
    "metrics" : {
      "avgOffsetsBehindLatest" : "0.0",
      "maxOffsetsBehindLatest" : "0",
      "minOffsetsBehindLatest" : "0"
    }
  } ],
  "sink" : {
    "description" : "ForeachBatchSink",
    "numOutputRows" : -1
  }
}
26/08/14 00:12:25 INFO CheckpointFileManager: Writing atomically to file:/opt/checkpoints/trips/offsets/4 using temp file file:/opt/checkpoints/trips/offsets/.4.e9be2d6b-ca6e-4cac-87c1-c701b9430e90.tmp
26/08/14 00:12:25 INFO CheckpointFileManager: Renamed temp file file:/opt/checkpoints/trips/offsets/.4.e9be2d6b-ca6e-4cac-87c1-c701b9430e90.tmp to file:/opt/checkpoints/trips/offsets/4
26/08/14 00:12:25 INFO MicroBatchExecution: Committed offsets for batch 4. Metadata OffsetSeqMetadata(1786666220340,1786666345765,Map(spark.sql.streaming.stateStore.providerClass -> org.apache.spark.sql.execution.streaming.state.HDFSBackedStateStoreProvider, spark.sql.streaming.join.stateFormatVersion -> 2, spark.sql.streaming.stateStore.compression.codec -> lz4, spark.sql.streaming.stateStore.rocksdb.formatVersion -> 5, spark.sql.streaming.statefulOperator.useStrictDistribution -> true, spark.sql.streaming.flatMapGroupsWithState.stateFormatVersion -> 2, spark.sql.streaming.multipleWatermarkPolicy -> min, spark.sql.streaming.aggregation.stateFormatVersion -> 2, spark.sql.shuffle.partitions -> 6))
26/08/14 00:12:25 INFO KafkaOffsetReaderAdmin: Partitions added: Map()
26/08/14 00:12:25 INFO KafkaOffsetReaderAdmin: Partitions added: Map()
26/08/14 00:12:25 INFO KafkaOffsetReaderAdmin: Partitions added: Map()
26/08/14 00:12:25 INFO KafkaOffsetReaderAdmin: Partitions added: Map()
26/08/14 00:12:25 INFO BlockManagerInfo: Removed broadcast_30_piece0 on spark-driver:44031 in memory (size: 24.8 KiB, free: 191.2 MiB)
26/08/14 00:12:25 INFO BlockManagerInfo: Removed broadcast_30_piece0 on 172.26.0.13:37779 in memory (size: 24.8 KiB, free: 413.9 MiB)
26/08/14 00:12:25 INFO BlockManagerInfo: Removed broadcast_30_piece0 on 172.26.0.12:33791 in memory (size: 24.8 KiB, free: 413.9 MiB)
26/08/14 00:12:25 INFO BlockManagerInfo: Removed broadcast_31_piece0 on 172.26.0.13:37779 in memory (size: 6.1 KiB, free: 413.9 MiB)
26/08/14 00:12:26 INFO BlockManagerInfo: Removed broadcast_31_piece0 on spark-driver:44031 in memory (size: 6.1 KiB, free: 191.2 MiB)
2026-08-14 00:12:26,071 INFO  [stream] Received command c on object id p0
26/08/14 00:12:26 INFO SparkContext: Starting job: count at <unknown>:0
26/08/14 00:12:26 INFO DAGScheduler: Registering RDD 231 (count at <unknown>:0) as input to shuffle 15
26/08/14 00:12:26 INFO DAGScheduler: Got job 18 (count at <unknown>:0) with 1 output partitions
26/08/14 00:12:26 INFO DAGScheduler: Final stage: ResultStage 34 (count at <unknown>:0)
26/08/14 00:12:26 INFO DAGScheduler: Parents of final stage: List(ShuffleMapStage 33)
26/08/14 00:12:26 INFO DAGScheduler: Missing parents: List(ShuffleMapStage 33)
26/08/14 00:12:26 INFO DAGScheduler: Submitting ShuffleMapStage 33 (MapPartitionsRDD[231] at count at <unknown>:0), which has no missing parents
26/08/14 00:12:26 INFO MemoryStore: Block broadcast_32 stored as values in memory (estimated size 64.6 KiB, free 191.1 MiB)
26/08/14 00:12:26 INFO MemoryStore: Block broadcast_32_piece0 stored as bytes in memory (estimated size 24.1 KiB, free 191.1 MiB)
26/08/14 00:12:26 INFO BlockManagerInfo: Added broadcast_32_piece0 in memory on spark-driver:44031 (size: 24.1 KiB, free: 191.2 MiB)
26/08/14 00:12:26 INFO SparkContext: Created broadcast 32 from broadcast at DAGScheduler.scala:1585
26/08/14 00:12:26 INFO DAGScheduler: Submitting 6 missing tasks from ShuffleMapStage 33 (MapPartitionsRDD[231] at count at <unknown>:0) (first 15 tasks are for partitions Vector(0, 1, 2, 3, 4, 5))
26/08/14 00:12:26 INFO TaskSchedulerImpl: Adding task set 33.0 with 6 tasks resource profile 0
26/08/14 00:12:26 INFO TaskSetManager: Starting task 2.0 in stage 33.0 (TID 102) (172.26.0.13, executor 1, partition 2, PROCESS_LOCAL, 9921 bytes) 
26/08/14 00:12:26 INFO TaskSetManager: Starting task 0.0 in stage 33.0 (TID 103) (172.26.0.12, executor 0, partition 0, PROCESS_LOCAL, 9921 bytes) 
26/08/14 00:12:26 INFO TaskSetManager: Starting task 3.0 in stage 33.0 (TID 104) (172.26.0.13, executor 1, partition 3, PROCESS_LOCAL, 9921 bytes) 
26/08/14 00:12:26 INFO TaskSetManager: Starting task 1.0 in stage 33.0 (TID 105) (172.26.0.12, executor 0, partition 1, PROCESS_LOCAL, 9921 bytes) 
26/08/14 00:12:26 INFO TaskSetManager: Starting task 4.0 in stage 33.0 (TID 106) (172.26.0.13, executor 1, partition 4, PROCESS_LOCAL, 9921 bytes) 
26/08/14 00:12:26 INFO TaskSetManager: Starting task 5.0 in stage 33.0 (TID 107) (172.26.0.12, executor 0, partition 5, PROCESS_LOCAL, 9921 bytes) 
26/08/14 00:12:26 INFO BlockManagerInfo: Added broadcast_32_piece0 in memory on 172.26.0.13:37779 (size: 24.1 KiB, free: 413.9 MiB)
26/08/14 00:12:26 INFO BlockManagerInfo: Added broadcast_32_piece0 in memory on 172.26.0.12:33791 (size: 24.1 KiB, free: 413.9 MiB)
26/08/14 00:12:26 INFO BlockManagerInfo: Added rdd_226_4 in memory on 172.26.0.13:37779 (size: 440.1 KiB, free: 413.5 MiB)
26/08/14 00:12:26 INFO BlockManagerInfo: Added rdd_226_3 in memory on 172.26.0.13:37779 (size: 470.0 KiB, free: 413.0 MiB)
26/08/14 00:12:26 INFO TaskSetManager: Finished task 3.0 in stage 33.0 (TID 104) in 722 ms on 172.26.0.13 (executor 1) (1/6)
26/08/14 00:12:26 INFO BlockManagerInfo: Added rdd_226_0 in memory on 172.26.0.12:33791 (size: 424.9 KiB, free: 413.5 MiB)
26/08/14 00:12:27 INFO TaskSetManager: Finished task 4.0 in stage 33.0 (TID 106) in 747 ms on 172.26.0.13 (executor 1) (2/6)
26/08/14 00:12:27 INFO BlockManagerInfo: Added rdd_226_5 in memory on 172.26.0.12:33791 (size: 423.1 KiB, free: 413.1 MiB)
26/08/14 00:12:27 INFO TaskSetManager: Finished task 0.0 in stage 33.0 (TID 103) in 781 ms on 172.26.0.12 (executor 0) (3/6)
26/08/14 00:12:27 INFO TaskSetManager: Finished task 5.0 in stage 33.0 (TID 107) in 784 ms on 172.26.0.12 (executor 0) (4/6)
26/08/14 00:12:27 INFO BlockManagerInfo: Added rdd_226_2 in memory on 172.26.0.13:37779 (size: 464.6 KiB, free: 412.6 MiB)
26/08/14 00:12:27 INFO TaskSetManager: Finished task 2.0 in stage 33.0 (TID 102) in 824 ms on 172.26.0.13 (executor 1) (5/6)
26/08/14 00:12:27 INFO BlockManagerInfo: Added rdd_226_1 in memory on 172.26.0.12:33791 (size: 441.8 KiB, free: 412.6 MiB)
26/08/14 00:12:27 INFO TaskSetManager: Finished task 1.0 in stage 33.0 (TID 105) in 833 ms on 172.26.0.12 (executor 0) (6/6)
26/08/14 00:12:27 INFO TaskSchedulerImpl: Removed TaskSet 33.0, whose tasks have all completed, from pool 
26/08/14 00:12:27 INFO DAGScheduler: ShuffleMapStage 33 (count at <unknown>:0) finished in 0.868 s
26/08/14 00:12:27 INFO DAGScheduler: looking for newly runnable stages
26/08/14 00:12:27 INFO DAGScheduler: running: Set()
26/08/14 00:12:27 INFO DAGScheduler: waiting: Set(ResultStage 34)
26/08/14 00:12:27 INFO DAGScheduler: failed: Set()
26/08/14 00:12:27 INFO DAGScheduler: Submitting ResultStage 34 (MapPartitionsRDD[234] at count at <unknown>:0), which has no missing parents
26/08/14 00:12:27 INFO MemoryStore: Block broadcast_33 stored as values in memory (estimated size 12.5 KiB, free 191.1 MiB)
26/08/14 00:12:27 INFO MemoryStore: Block broadcast_33_piece0 stored as bytes in memory (estimated size 5.9 KiB, free 191.1 MiB)
26/08/14 00:12:27 INFO BlockManagerInfo: Added broadcast_33_piece0 in memory on spark-driver:44031 (size: 5.9 KiB, free: 191.2 MiB)
26/08/14 00:12:27 INFO SparkContext: Created broadcast 33 from broadcast at DAGScheduler.scala:1585
26/08/14 00:12:27 INFO DAGScheduler: Submitting 1 missing tasks from ResultStage 34 (MapPartitionsRDD[234] at count at <unknown>:0) (first 15 tasks are for partitions Vector(0))
26/08/14 00:12:27 INFO TaskSchedulerImpl: Adding task set 34.0 with 1 tasks resource profile 0
26/08/14 00:12:27 INFO TaskSetManager: Starting task 0.0 in stage 34.0 (TID 108) (172.26.0.12, executor 0, partition 0, NODE_LOCAL, 9003 bytes) 
26/08/14 00:12:27 INFO BlockManagerInfo: Added broadcast_33_piece0 in memory on 172.26.0.12:33791 (size: 5.9 KiB, free: 412.6 MiB)
26/08/14 00:12:27 INFO MapOutputTrackerMasterEndpoint: Asked to send map output locations for shuffle 15 to 172.26.0.12:37282
26/08/14 00:12:27 INFO BlockManagerInfo: Removed broadcast_32_piece0 on spark-driver:44031 in memory (size: 24.1 KiB, free: 191.2 MiB)
26/08/14 00:12:27 INFO BlockManagerInfo: Removed broadcast_32_piece0 on 172.26.0.12:33791 in memory (size: 24.1 KiB, free: 412.7 MiB)
26/08/14 00:12:27 INFO BlockManagerInfo: Removed broadcast_32_piece0 on 172.26.0.13:37779 in memory (size: 24.1 KiB, free: 412.6 MiB)
26/08/14 00:12:27 INFO TaskSetManager: Finished task 0.0 in stage 34.0 (TID 108) in 341 ms on 172.26.0.12 (executor 0) (1/1)
26/08/14 00:12:27 INFO TaskSchedulerImpl: Removed TaskSet 34.0, whose tasks have all completed, from pool 
26/08/14 00:12:27 INFO DAGScheduler: ResultStage 34 (count at <unknown>:0) finished in 0.361 s
26/08/14 00:12:27 INFO DAGScheduler: Job 18 is finished. Cancelling potential speculative or zombie tasks for this job
26/08/14 00:12:27 INFO TaskSchedulerImpl: Killing all running tasks in stage 34: Stage finished
26/08/14 00:12:27 INFO DAGScheduler: Job 18 finished: count at <unknown>:0, took 1.244929 s
26/08/14 00:12:27 INFO SparkContext: Starting job: count at <unknown>:0
26/08/14 00:12:27 INFO DAGScheduler: Registering RDD 239 (count at <unknown>:0) as input to shuffle 16
26/08/14 00:12:27 INFO DAGScheduler: Got job 19 (count at <unknown>:0) with 1 output partitions
26/08/14 00:12:27 INFO DAGScheduler: Final stage: ResultStage 36 (count at <unknown>:0)
26/08/14 00:12:27 INFO DAGScheduler: Parents of final stage: List(ShuffleMapStage 35)
26/08/14 00:12:27 INFO DAGScheduler: Missing parents: List(ShuffleMapStage 35)
26/08/14 00:12:27 INFO DAGScheduler: Submitting ShuffleMapStage 35 (MapPartitionsRDD[239] at count at <unknown>:0), which has no missing parents
26/08/14 00:12:27 INFO MemoryStore: Block broadcast_34 stored as values in memory (estimated size 64.9 KiB, free 191.1 MiB)
26/08/14 00:12:27 INFO MemoryStore: Block broadcast_34_piece0 stored as bytes in memory (estimated size 24.2 KiB, free 191.1 MiB)
26/08/14 00:12:27 INFO BlockManagerInfo: Added broadcast_34_piece0 in memory on spark-driver:44031 (size: 24.2 KiB, free: 191.2 MiB)
26/08/14 00:12:27 INFO SparkContext: Created broadcast 34 from broadcast at DAGScheduler.scala:1585
26/08/14 00:12:27 INFO DAGScheduler: Submitting 6 missing tasks from ShuffleMapStage 35 (MapPartitionsRDD[239] at count at <unknown>:0) (first 15 tasks are for partitions Vector(0, 1, 2, 3, 4, 5))
26/08/14 00:12:27 INFO TaskSchedulerImpl: Adding task set 35.0 with 6 tasks resource profile 0
26/08/14 00:12:27 INFO TaskSetManager: Starting task 2.0 in stage 35.0 (TID 109) (172.26.0.13, executor 1, partition 2, PROCESS_LOCAL, 9921 bytes) 
26/08/14 00:12:27 INFO TaskSetManager: Starting task 0.0 in stage 35.0 (TID 110) (172.26.0.12, executor 0, partition 0, PROCESS_LOCAL, 9921 bytes) 
26/08/14 00:12:27 INFO TaskSetManager: Starting task 3.0 in stage 35.0 (TID 111) (172.26.0.13, executor 1, partition 3, PROCESS_LOCAL, 9921 bytes) 
26/08/14 00:12:27 INFO TaskSetManager: Starting task 1.0 in stage 35.0 (TID 112) (172.26.0.12, executor 0, partition 1, PROCESS_LOCAL, 9921 bytes) 
26/08/14 00:12:27 INFO TaskSetManager: Starting task 4.0 in stage 35.0 (TID 113) (172.26.0.13, executor 1, partition 4, PROCESS_LOCAL, 9921 bytes) 
26/08/14 00:12:27 INFO TaskSetManager: Starting task 5.0 in stage 35.0 (TID 114) (172.26.0.12, executor 0, partition 5, PROCESS_LOCAL, 9921 bytes) 
26/08/14 00:12:27 INFO BlockManagerInfo: Added broadcast_34_piece0 in memory on 172.26.0.13:37779 (size: 24.2 KiB, free: 412.6 MiB)
26/08/14 00:12:27 INFO BlockManagerInfo: Added broadcast_34_piece0 in memory on 172.26.0.12:33791 (size: 24.2 KiB, free: 412.6 MiB)
26/08/14 00:12:27 INFO TaskSetManager: Finished task 3.0 in stage 35.0 (TID 111) in 69 ms on 172.26.0.13 (executor 1) (1/6)
26/08/14 00:12:27 INFO TaskSetManager: Finished task 5.0 in stage 35.0 (TID 114) in 77 ms on 172.26.0.12 (executor 0) (2/6)
26/08/14 00:12:27 INFO TaskSetManager: Finished task 2.0 in stage 35.0 (TID 109) in 80 ms on 172.26.0.13 (executor 1) (3/6)
26/08/14 00:12:27 INFO TaskSetManager: Finished task 4.0 in stage 35.0 (TID 113) in 79 ms on 172.26.0.13 (executor 1) (4/6)
26/08/14 00:12:27 INFO TaskSetManager: Finished task 0.0 in stage 35.0 (TID 110) in 80 ms on 172.26.0.12 (executor 0) (5/6)
26/08/14 00:12:27 INFO TaskSetManager: Finished task 1.0 in stage 35.0 (TID 112) in 86 ms on 172.26.0.12 (executor 0) (6/6)
26/08/14 00:12:27 INFO TaskSchedulerImpl: Removed TaskSet 35.0, whose tasks have all completed, from pool 
26/08/14 00:12:27 INFO DAGScheduler: ShuffleMapStage 35 (count at <unknown>:0) finished in 0.100 s
26/08/14 00:12:27 INFO DAGScheduler: looking for newly runnable stages
26/08/14 00:12:27 INFO DAGScheduler: running: Set()
26/08/14 00:12:27 INFO DAGScheduler: waiting: Set(ResultStage 36)
26/08/14 00:12:27 INFO DAGScheduler: failed: Set()
26/08/14 00:12:27 INFO DAGScheduler: Submitting ResultStage 36 (MapPartitionsRDD[242] at count at <unknown>:0), which has no missing parents
26/08/14 00:12:27 INFO MemoryStore: Block broadcast_35 stored as values in memory (estimated size 12.5 KiB, free 191.1 MiB)
26/08/14 00:12:27 INFO MemoryStore: Block broadcast_35_piece0 stored as bytes in memory (estimated size 5.9 KiB, free 191.1 MiB)
26/08/14 00:12:27 INFO BlockManagerInfo: Added broadcast_35_piece0 in memory on spark-driver:44031 (size: 5.9 KiB, free: 191.2 MiB)
26/08/14 00:12:27 INFO SparkContext: Created broadcast 35 from broadcast at DAGScheduler.scala:1585
26/08/14 00:12:27 INFO DAGScheduler: Submitting 1 missing tasks from ResultStage 36 (MapPartitionsRDD[242] at count at <unknown>:0) (first 15 tasks are for partitions Vector(0))
26/08/14 00:12:27 INFO TaskSchedulerImpl: Adding task set 36.0 with 1 tasks resource profile 0
26/08/14 00:12:27 INFO TaskSetManager: Starting task 0.0 in stage 36.0 (TID 115) (172.26.0.13, executor 1, partition 0, NODE_LOCAL, 9003 bytes) 
26/08/14 00:12:27 INFO BlockManagerInfo: Added broadcast_35_piece0 in memory on 172.26.0.13:37779 (size: 5.9 KiB, free: 412.6 MiB)
26/08/14 00:12:27 INFO MapOutputTrackerMasterEndpoint: Asked to send map output locations for shuffle 16 to 172.26.0.13:36452
26/08/14 00:12:27 INFO TaskSetManager: Finished task 0.0 in stage 36.0 (TID 115) in 91 ms on 172.26.0.13 (executor 1) (1/1)
26/08/14 00:12:27 INFO TaskSchedulerImpl: Removed TaskSet 36.0, whose tasks have all completed, from pool 
26/08/14 00:12:27 INFO DAGScheduler: ResultStage 36 (count at <unknown>:0) finished in 0.112 s
26/08/14 00:12:27 INFO DAGScheduler: Job 19 is finished. Cancelling potential speculative or zombie tasks for this job
26/08/14 00:12:27 INFO TaskSchedulerImpl: Killing all running tasks in stage 36: Stage finished
26/08/14 00:12:27 INFO DAGScheduler: Job 19 finished: count at <unknown>:0, took 0.224631 s
26/08/14 00:12:27 INFO CodeGenerator: Code generated in 16.949834 ms
26/08/14 00:12:27 INFO DefaultCachedBatchSerializer: Predicate isnotnull(event_time#89-T120000ms) generates partition filter: ((event_time.count#12271 - event_time.nullCount#12270) > 0)
26/08/14 00:12:27 INFO DefaultCachedBatchSerializer: Predicate (event_time#89-T120000ms < 2026-08-14 00:10:20.34) generates partition filter: (event_time.lowerBound#12269 < 2026-08-14 00:10:20.34)
26/08/14 00:12:28 INFO BlockManagerInfo: Removed broadcast_34_piece0 on spark-driver:44031 in memory (size: 24.2 KiB, free: 191.2 MiB)
26/08/14 00:12:28 INFO BlockManagerInfo: Removed broadcast_34_piece0 on 172.26.0.13:37779 in memory (size: 24.2 KiB, free: 412.6 MiB)
26/08/14 00:12:28 INFO SparkContext: Starting job: count at <unknown>:0
26/08/14 00:12:28 INFO BlockManagerInfo: Removed broadcast_34_piece0 on 172.26.0.12:33791 in memory (size: 24.2 KiB, free: 412.7 MiB)
26/08/14 00:12:28 INFO DAGScheduler: Registering RDD 247 (count at <unknown>:0) as input to shuffle 17
26/08/14 00:12:28 INFO DAGScheduler: Got job 20 (count at <unknown>:0) with 1 output partitions
26/08/14 00:12:28 INFO DAGScheduler: Final stage: ResultStage 38 (count at <unknown>:0)
26/08/14 00:12:28 INFO DAGScheduler: Parents of final stage: List(ShuffleMapStage 37)
26/08/14 00:12:28 INFO DAGScheduler: Missing parents: List(ShuffleMapStage 37)
26/08/14 00:12:28 INFO DAGScheduler: Submitting ShuffleMapStage 37 (MapPartitionsRDD[247] at count at <unknown>:0), which has no missing parents
26/08/14 00:12:28 INFO BlockManagerInfo: Removed broadcast_35_piece0 on spark-driver:44031 in memory (size: 5.9 KiB, free: 191.2 MiB)
26/08/14 00:12:28 INFO BlockManagerInfo: Removed broadcast_35_piece0 on 172.26.0.13:37779 in memory (size: 5.9 KiB, free: 412.6 MiB)
26/08/14 00:12:28 INFO MemoryStore: Block broadcast_36 stored as values in memory (estimated size 67.2 KiB, free 191.1 MiB)
26/08/14 00:12:28 INFO MemoryStore: Block broadcast_36_piece0 stored as bytes in memory (estimated size 25.6 KiB, free 191.1 MiB)
26/08/14 00:12:28 INFO BlockManagerInfo: Added broadcast_36_piece0 in memory on spark-driver:44031 (size: 25.6 KiB, free: 191.2 MiB)
26/08/14 00:12:28 INFO SparkContext: Created broadcast 36 from broadcast at DAGScheduler.scala:1585
26/08/14 00:12:28 INFO DAGScheduler: Submitting 6 missing tasks from ShuffleMapStage 37 (MapPartitionsRDD[247] at count at <unknown>:0) (first 15 tasks are for partitions Vector(0, 1, 2, 3, 4, 5))
26/08/14 00:12:28 INFO TaskSchedulerImpl: Adding task set 37.0 with 6 tasks resource profile 0
26/08/14 00:12:28 INFO BlockManagerInfo: Removed broadcast_33_piece0 on spark-driver:44031 in memory (size: 5.9 KiB, free: 191.2 MiB)
26/08/14 00:12:28 INFO TaskSetManager: Starting task 2.0 in stage 37.0 (TID 116) (172.26.0.13, executor 1, partition 2, PROCESS_LOCAL, 9921 bytes) 
26/08/14 00:12:28 INFO TaskSetManager: Starting task 0.0 in stage 37.0 (TID 117) (172.26.0.12, executor 0, partition 0, PROCESS_LOCAL, 9921 bytes) 
26/08/14 00:12:28 INFO TaskSetManager: Starting task 3.0 in stage 37.0 (TID 118) (172.26.0.13, executor 1, partition 3, PROCESS_LOCAL, 9921 bytes) 
26/08/14 00:12:28 INFO TaskSetManager: Starting task 1.0 in stage 37.0 (TID 119) (172.26.0.12, executor 0, partition 1, PROCESS_LOCAL, 9921 bytes) 
26/08/14 00:12:28 INFO TaskSetManager: Starting task 4.0 in stage 37.0 (TID 120) (172.26.0.13, executor 1, partition 4, PROCESS_LOCAL, 9921 bytes) 
26/08/14 00:12:28 INFO TaskSetManager: Starting task 5.0 in stage 37.0 (TID 121) (172.26.0.12, executor 0, partition 5, PROCESS_LOCAL, 9921 bytes) 
26/08/14 00:12:28 INFO BlockManagerInfo: Removed broadcast_33_piece0 on 172.26.0.12:33791 in memory (size: 5.9 KiB, free: 412.7 MiB)
26/08/14 00:12:28 INFO BlockManagerInfo: Added broadcast_36_piece0 in memory on 172.26.0.12:33791 (size: 25.6 KiB, free: 412.6 MiB)
26/08/14 00:12:28 INFO BlockManagerInfo: Added broadcast_36_piece0 in memory on 172.26.0.13:37779 (size: 25.6 KiB, free: 412.6 MiB)
26/08/14 00:12:28 INFO TaskSetManager: Finished task 2.0 in stage 37.0 (TID 116) in 79 ms on 172.26.0.13 (executor 1) (1/6)
26/08/14 00:12:28 INFO TaskSetManager: Finished task 3.0 in stage 37.0 (TID 118) in 81 ms on 172.26.0.13 (executor 1) (2/6)
26/08/14 00:12:28 INFO TaskSetManager: Finished task 4.0 in stage 37.0 (TID 120) in 92 ms on 172.26.0.13 (executor 1) (3/6)
26/08/14 00:12:28 INFO TaskSetManager: Finished task 1.0 in stage 37.0 (TID 119) in 92 ms on 172.26.0.12 (executor 0) (4/6)
26/08/14 00:12:28 INFO TaskSetManager: Finished task 5.0 in stage 37.0 (TID 121) in 92 ms on 172.26.0.12 (executor 0) (5/6)
26/08/14 00:12:28 INFO TaskSetManager: Finished task 0.0 in stage 37.0 (TID 117) in 94 ms on 172.26.0.12 (executor 0) (6/6)
26/08/14 00:12:28 INFO TaskSchedulerImpl: Removed TaskSet 37.0, whose tasks have all completed, from pool 
26/08/14 00:12:28 INFO DAGScheduler: ShuffleMapStage 37 (count at <unknown>:0) finished in 0.111 s
26/08/14 00:12:28 INFO DAGScheduler: looking for newly runnable stages
26/08/14 00:12:28 INFO DAGScheduler: running: Set()
26/08/14 00:12:28 INFO DAGScheduler: waiting: Set(ResultStage 38)
26/08/14 00:12:28 INFO DAGScheduler: failed: Set()
26/08/14 00:12:28 INFO DAGScheduler: Submitting ResultStage 38 (MapPartitionsRDD[250] at count at <unknown>:0), which has no missing parents
26/08/14 00:12:28 INFO MemoryStore: Block broadcast_37 stored as values in memory (estimated size 12.5 KiB, free 191.1 MiB)
26/08/14 00:12:28 INFO MemoryStore: Block broadcast_37_piece0 stored as bytes in memory (estimated size 5.9 KiB, free 191.1 MiB)
26/08/14 00:12:28 INFO BlockManagerInfo: Added broadcast_37_piece0 in memory on spark-driver:44031 (size: 5.9 KiB, free: 191.2 MiB)
26/08/14 00:12:28 INFO SparkContext: Created broadcast 37 from broadcast at DAGScheduler.scala:1585
26/08/14 00:12:28 INFO DAGScheduler: Submitting 1 missing tasks from ResultStage 38 (MapPartitionsRDD[250] at count at <unknown>:0) (first 15 tasks are for partitions Vector(0))
26/08/14 00:12:28 INFO TaskSchedulerImpl: Adding task set 38.0 with 1 tasks resource profile 0
26/08/14 00:12:28 INFO TaskSetManager: Starting task 0.0 in stage 38.0 (TID 122) (172.26.0.12, executor 0, partition 0, NODE_LOCAL, 9003 bytes) 
26/08/14 00:12:28 INFO BlockManagerInfo: Added broadcast_37_piece0 in memory on 172.26.0.12:33791 (size: 5.9 KiB, free: 412.6 MiB)
26/08/14 00:12:28 INFO MapOutputTrackerMasterEndpoint: Asked to send map output locations for shuffle 17 to 172.26.0.12:37282
26/08/14 00:12:28 INFO TaskSetManager: Finished task 0.0 in stage 38.0 (TID 122) in 45 ms on 172.26.0.12 (executor 0) (1/1)
26/08/14 00:12:28 INFO TaskSchedulerImpl: Removed TaskSet 38.0, whose tasks have all completed, from pool 
26/08/14 00:12:28 INFO DAGScheduler: ResultStage 38 (count at <unknown>:0) finished in 0.053 s
26/08/14 00:12:28 INFO DAGScheduler: Job 20 is finished. Cancelling potential speculative or zombie tasks for this job
26/08/14 00:12:28 INFO TaskSchedulerImpl: Killing all running tasks in stage 38: Stage finished
26/08/14 00:12:28 INFO DAGScheduler: Job 20 finished: count at <unknown>:0, took 0.172838 s
26/08/14 00:12:28 INFO DefaultCachedBatchSerializer: Predicate isnotnull(kind#12828) generates partition filter: ((kind.count#12897 - kind.nullCount#12896) > 0)
26/08/14 00:12:28 INFO DefaultCachedBatchSerializer: Predicate (kind#12828 = stats) generates partition filter: ((kind.lowerBound#12895 <= stats) AND (stats <= kind.upperBound#12894))
26/08/14 00:12:28 INFO BlockManagerInfo: Removed broadcast_37_piece0 on spark-driver:44031 in memory (size: 5.9 KiB, free: 191.2 MiB)
26/08/14 00:12:28 INFO BlockManagerInfo: Removed broadcast_37_piece0 on 172.26.0.12:33791 in memory (size: 5.9 KiB, free: 412.6 MiB)
26/08/14 00:12:28 INFO SparkContext: Starting job: call at /opt/spark/python/lib/py4j-0.10.9.7-src.zip/py4j/clientserver.py:617
26/08/14 00:12:28 INFO DAGScheduler: Got job 21 (call at /opt/spark/python/lib/py4j-0.10.9.7-src.zip/py4j/clientserver.py:617) with 6 output partitions
26/08/14 00:12:28 INFO DAGScheduler: Final stage: ResultStage 39 (call at /opt/spark/python/lib/py4j-0.10.9.7-src.zip/py4j/clientserver.py:617)
26/08/14 00:12:28 INFO DAGScheduler: Parents of final stage: List()
26/08/14 00:12:28 INFO DAGScheduler: Missing parents: List()
26/08/14 00:12:28 INFO DAGScheduler: Submitting ResultStage 39 (MapPartitionsRDD[269] at call at /opt/spark/python/lib/py4j-0.10.9.7-src.zip/py4j/clientserver.py:617), which has no missing parents
26/08/14 00:12:28 INFO BlockManagerInfo: Removed broadcast_36_piece0 on spark-driver:44031 in memory (size: 25.6 KiB, free: 191.2 MiB)
26/08/14 00:12:28 INFO MemoryStore: Block broadcast_38 stored as values in memory (estimated size 90.0 KiB, free 191.1 MiB)
26/08/14 00:12:28 INFO MemoryStore: Block broadcast_38_piece0 stored as bytes in memory (estimated size 34.0 KiB, free 191.1 MiB)
26/08/14 00:12:28 INFO BlockManagerInfo: Removed broadcast_36_piece0 on 172.26.0.12:33791 in memory (size: 25.6 KiB, free: 412.7 MiB)
26/08/14 00:12:28 INFO BlockManagerInfo: Added broadcast_38_piece0 in memory on spark-driver:44031 (size: 34.0 KiB, free: 191.2 MiB)
26/08/14 00:12:28 INFO BlockManagerInfo: Removed broadcast_36_piece0 on 172.26.0.13:37779 in memory (size: 25.6 KiB, free: 412.6 MiB)
26/08/14 00:12:28 INFO SparkContext: Created broadcast 38 from broadcast at DAGScheduler.scala:1585
26/08/14 00:12:28 INFO DAGScheduler: Submitting 6 missing tasks from ResultStage 39 (MapPartitionsRDD[269] at call at /opt/spark/python/lib/py4j-0.10.9.7-src.zip/py4j/clientserver.py:617) (first 15 tasks are for partitions Vector(0, 1, 2, 3, 4, 5))
26/08/14 00:12:28 INFO TaskSchedulerImpl: Adding task set 39.0 with 6 tasks resource profile 0
26/08/14 00:12:28 INFO TaskSetManager: Starting task 0.0 in stage 39.0 (TID 123) (172.26.0.12, executor 0, partition 0, PROCESS_LOCAL, 9932 bytes) 
26/08/14 00:12:28 INFO TaskSetManager: Starting task 2.0 in stage 39.0 (TID 124) (172.26.0.13, executor 1, partition 2, PROCESS_LOCAL, 9932 bytes) 
26/08/14 00:12:28 INFO TaskSetManager: Starting task 1.0 in stage 39.0 (TID 125) (172.26.0.12, executor 0, partition 1, PROCESS_LOCAL, 9932 bytes) 
26/08/14 00:12:28 INFO TaskSetManager: Starting task 3.0 in stage 39.0 (TID 126) (172.26.0.13, executor 1, partition 3, PROCESS_LOCAL, 9932 bytes) 
26/08/14 00:12:28 INFO TaskSetManager: Starting task 5.0 in stage 39.0 (TID 127) (172.26.0.12, executor 0, partition 5, PROCESS_LOCAL, 9932 bytes) 
26/08/14 00:12:28 INFO TaskSetManager: Starting task 4.0 in stage 39.0 (TID 128) (172.26.0.13, executor 1, partition 4, PROCESS_LOCAL, 9932 bytes) 
26/08/14 00:12:28 INFO BlockManagerInfo: Added broadcast_38_piece0 in memory on 172.26.0.12:33791 (size: 34.0 KiB, free: 412.6 MiB)
26/08/14 00:12:28 INFO BlockManagerInfo: Added broadcast_38_piece0 in memory on 172.26.0.13:37779 (size: 34.0 KiB, free: 412.5 MiB)
26/08/14 00:12:30 INFO BlockManagerInfo: Added rdd_264_5 in memory on 172.26.0.12:33791 (size: 1808.0 B, free: 412.6 MiB)
26/08/14 00:12:30 INFO BlockManagerInfo: Added rdd_264_0 in memory on 172.26.0.12:33791 (size: 1808.0 B, free: 412.6 MiB)
26/08/14 00:12:30 INFO BlockManagerInfo: Added rdd_264_1 in memory on 172.26.0.12:33791 (size: 1808.0 B, free: 412.6 MiB)
26/08/14 00:12:30 INFO BlockManagerInfo: Added rdd_264_4 in memory on 172.26.0.13:37779 (size: 1808.0 B, free: 412.5 MiB)
26/08/14 00:12:30 INFO BlockManagerInfo: Added rdd_264_3 in memory on 172.26.0.13:37779 (size: 1808.0 B, free: 412.5 MiB)
26/08/14 00:12:30 INFO TaskSetManager: Finished task 0.0 in stage 39.0 (TID 123) in 2297 ms on 172.26.0.12 (executor 0) (1/6)
26/08/14 00:12:30 INFO TaskSetManager: Finished task 1.0 in stage 39.0 (TID 125) in 2301 ms on 172.26.0.12 (executor 0) (2/6)
26/08/14 00:12:30 INFO TaskSetManager: Finished task 5.0 in stage 39.0 (TID 127) in 2302 ms on 172.26.0.12 (executor 0) (3/6)
26/08/14 00:12:30 INFO BlockManagerInfo: Added rdd_264_2 in memory on 172.26.0.13:37779 (size: 1808.0 B, free: 412.5 MiB)
26/08/14 00:12:30 INFO TaskSetManager: Finished task 3.0 in stage 39.0 (TID 126) in 2323 ms on 172.26.0.13 (executor 1) (4/6)
26/08/14 00:12:30 INFO TaskSetManager: Finished task 4.0 in stage 39.0 (TID 128) in 2324 ms on 172.26.0.13 (executor 1) (5/6)
26/08/14 00:12:30 INFO TaskSetManager: Finished task 2.0 in stage 39.0 (TID 124) in 2335 ms on 172.26.0.13 (executor 1) (6/6)
26/08/14 00:12:30 INFO TaskSchedulerImpl: Removed TaskSet 39.0, whose tasks have all completed, from pool 
26/08/14 00:12:30 INFO DAGScheduler: ResultStage 39 (call at /opt/spark/python/lib/py4j-0.10.9.7-src.zip/py4j/clientserver.py:617) finished in 2.354 s
26/08/14 00:12:30 INFO DAGScheduler: Job 21 is finished. Cancelling potential speculative or zombie tasks for this job
26/08/14 00:12:30 INFO TaskSchedulerImpl: Killing all running tasks in stage 39: Stage finished
26/08/14 00:12:30 INFO DAGScheduler: Job 21 finished: call at /opt/spark/python/lib/py4j-0.10.9.7-src.zip/py4j/clientserver.py:617, took 2.380605 s
26/08/14 00:12:30 INFO DefaultCachedBatchSerializer: Predicate isnotnull(kind#12828) generates partition filter: ((kind.count#12980 - kind.nullCount#12979) > 0)
26/08/14 00:12:30 INFO DefaultCachedBatchSerializer: Predicate (kind#12828 = dlq) generates partition filter: ((kind.lowerBound#12978 <= dlq) AND (dlq <= kind.upperBound#12977))
26/08/14 00:12:30 INFO SparkContext: Starting job: count at <unknown>:0
26/08/14 00:12:30 INFO DAGScheduler: Registering RDD 274 (count at <unknown>:0) as input to shuffle 18
26/08/14 00:12:30 INFO DAGScheduler: Got job 22 (count at <unknown>:0) with 1 output partitions
26/08/14 00:12:30 INFO DAGScheduler: Final stage: ResultStage 41 (count at <unknown>:0)
26/08/14 00:12:30 INFO DAGScheduler: Parents of final stage: List(ShuffleMapStage 40)
26/08/14 00:12:30 INFO DAGScheduler: Missing parents: List(ShuffleMapStage 40)
26/08/14 00:12:30 INFO DAGScheduler: Submitting ShuffleMapStage 40 (MapPartitionsRDD[274] at count at <unknown>:0), which has no missing parents
26/08/14 00:12:30 INFO MemoryStore: Block broadcast_39 stored as values in memory (estimated size 92.2 KiB, free 191.0 MiB)
26/08/14 00:12:30 INFO MemoryStore: Block broadcast_39_piece0 stored as bytes in memory (estimated size 35.3 KiB, free 191.0 MiB)
26/08/14 00:12:30 INFO BlockManagerInfo: Added broadcast_39_piece0 in memory on spark-driver:44031 (size: 35.3 KiB, free: 191.1 MiB)
26/08/14 00:12:30 INFO SparkContext: Created broadcast 39 from broadcast at DAGScheduler.scala:1585
26/08/14 00:12:30 INFO DAGScheduler: Submitting 6 missing tasks from ShuffleMapStage 40 (MapPartitionsRDD[274] at count at <unknown>:0) (first 15 tasks are for partitions Vector(0, 1, 2, 3, 4, 5))
26/08/14 00:12:30 INFO TaskSchedulerImpl: Adding task set 40.0 with 6 tasks resource profile 0
26/08/14 00:12:30 INFO TaskSetManager: Starting task 0.0 in stage 40.0 (TID 129) (172.26.0.12, executor 0, partition 0, PROCESS_LOCAL, 9921 bytes) 
26/08/14 00:12:30 INFO TaskSetManager: Starting task 2.0 in stage 40.0 (TID 130) (172.26.0.13, executor 1, partition 2, PROCESS_LOCAL, 9921 bytes) 
26/08/14 00:12:30 INFO TaskSetManager: Starting task 1.0 in stage 40.0 (TID 131) (172.26.0.12, executor 0, partition 1, PROCESS_LOCAL, 9921 bytes) 
26/08/14 00:12:30 INFO TaskSetManager: Starting task 3.0 in stage 40.0 (TID 132) (172.26.0.13, executor 1, partition 3, PROCESS_LOCAL, 9921 bytes) 
26/08/14 00:12:30 INFO TaskSetManager: Starting task 5.0 in stage 40.0 (TID 133) (172.26.0.12, executor 0, partition 5, PROCESS_LOCAL, 9921 bytes) 
26/08/14 00:12:30 INFO TaskSetManager: Starting task 4.0 in stage 40.0 (TID 134) (172.26.0.13, executor 1, partition 4, PROCESS_LOCAL, 9921 bytes) 
26/08/14 00:12:30 INFO BlockManagerInfo: Added broadcast_39_piece0 in memory on 172.26.0.13:37779 (size: 35.3 KiB, free: 412.5 MiB)
26/08/14 00:12:30 INFO BlockManagerInfo: Added broadcast_39_piece0 in memory on 172.26.0.12:33791 (size: 35.3 KiB, free: 412.6 MiB)
26/08/14 00:12:30 INFO TaskSetManager: Finished task 4.0 in stage 40.0 (TID 134) in 74 ms on 172.26.0.13 (executor 1) (1/6)
26/08/14 00:12:30 INFO TaskSetManager: Finished task 3.0 in stage 40.0 (TID 132) in 76 ms on 172.26.0.13 (executor 1) (2/6)
26/08/14 00:12:30 INFO TaskSetManager: Finished task 2.0 in stage 40.0 (TID 130) in 77 ms on 172.26.0.13 (executor 1) (3/6)
26/08/14 00:12:30 INFO TaskSetManager: Finished task 5.0 in stage 40.0 (TID 133) in 93 ms on 172.26.0.12 (executor 0) (4/6)
26/08/14 00:12:30 INFO TaskSetManager: Finished task 1.0 in stage 40.0 (TID 131) in 95 ms on 172.26.0.12 (executor 0) (5/6)
26/08/14 00:12:30 INFO TaskSetManager: Finished task 0.0 in stage 40.0 (TID 129) in 95 ms on 172.26.0.12 (executor 0) (6/6)
26/08/14 00:12:30 INFO TaskSchedulerImpl: Removed TaskSet 40.0, whose tasks have all completed, from pool 
26/08/14 00:12:30 INFO DAGScheduler: ShuffleMapStage 40 (count at <unknown>:0) finished in 0.123 s
26/08/14 00:12:30 INFO DAGScheduler: looking for newly runnable stages
26/08/14 00:12:30 INFO DAGScheduler: running: Set()
26/08/14 00:12:30 INFO DAGScheduler: waiting: Set(ResultStage 41)
26/08/14 00:12:30 INFO DAGScheduler: failed: Set()
26/08/14 00:12:30 INFO DAGScheduler: Submitting ResultStage 41 (MapPartitionsRDD[277] at count at <unknown>:0), which has no missing parents
26/08/14 00:12:30 INFO MemoryStore: Block broadcast_40 stored as values in memory (estimated size 12.5 KiB, free 191.0 MiB)
26/08/14 00:12:31 INFO MemoryStore: Block broadcast_40_piece0 stored as bytes in memory (estimated size 5.9 KiB, free 191.1 MiB)
26/08/14 00:12:31 INFO BlockManagerInfo: Removed broadcast_38_piece0 on spark-driver:44031 in memory (size: 34.0 KiB, free: 191.2 MiB)
26/08/14 00:12:31 INFO BlockManagerInfo: Added broadcast_40_piece0 in memory on spark-driver:44031 (size: 5.9 KiB, free: 191.2 MiB)
26/08/14 00:12:31 INFO SparkContext: Created broadcast 40 from broadcast at DAGScheduler.scala:1585
26/08/14 00:12:31 INFO DAGScheduler: Submitting 1 missing tasks from ResultStage 41 (MapPartitionsRDD[277] at count at <unknown>:0) (first 15 tasks are for partitions Vector(0))
26/08/14 00:12:31 INFO TaskSchedulerImpl: Adding task set 41.0 with 1 tasks resource profile 0
26/08/14 00:12:31 INFO BlockManagerInfo: Removed broadcast_38_piece0 on 172.26.0.13:37779 in memory (size: 34.0 KiB, free: 412.5 MiB)
26/08/14 00:12:31 INFO BlockManagerInfo: Removed broadcast_38_piece0 on 172.26.0.12:33791 in memory (size: 34.0 KiB, free: 412.6 MiB)
26/08/14 00:12:31 INFO TaskSetManager: Starting task 0.0 in stage 41.0 (TID 135) (172.26.0.12, executor 0, partition 0, NODE_LOCAL, 9003 bytes) 
26/08/14 00:12:31 INFO BlockManagerInfo: Added broadcast_40_piece0 in memory on 172.26.0.12:33791 (size: 5.9 KiB, free: 412.6 MiB)
26/08/14 00:12:31 INFO MapOutputTrackerMasterEndpoint: Asked to send map output locations for shuffle 18 to 172.26.0.12:37282
26/08/14 00:12:31 INFO TaskSetManager: Finished task 0.0 in stage 41.0 (TID 135) in 40 ms on 172.26.0.12 (executor 0) (1/1)
26/08/14 00:12:31 INFO TaskSchedulerImpl: Removed TaskSet 41.0, whose tasks have all completed, from pool 
26/08/14 00:12:31 INFO DAGScheduler: ResultStage 41 (count at <unknown>:0) finished in 0.075 s
26/08/14 00:12:31 INFO DAGScheduler: Job 22 is finished. Cancelling potential speculative or zombie tasks for this job
26/08/14 00:12:31 INFO TaskSchedulerImpl: Killing all running tasks in stage 41: Stage finished
26/08/14 00:12:31 INFO DAGScheduler: Job 22 finished: count at <unknown>:0, took 0.209090 s
26/08/14 00:12:31 INFO MapPartitionsRDD: Removing RDD 264 from persistence list
26/08/14 00:12:31 INFO BlockManager: Removing RDD 264
26/08/14 00:12:31 INFO SparkContext: Starting job: call at /opt/spark/python/lib/py4j-0.10.9.7-src.zip/py4j/clientserver.py:617
26/08/14 00:12:31 INFO DAGScheduler: Registering RDD 282 (call at /opt/spark/python/lib/py4j-0.10.9.7-src.zip/py4j/clientserver.py:617) as input to shuffle 19
26/08/14 00:12:31 INFO DAGScheduler: Got job 23 (call at /opt/spark/python/lib/py4j-0.10.9.7-src.zip/py4j/clientserver.py:617) with 1 output partitions
26/08/14 00:12:31 INFO DAGScheduler: Final stage: ResultStage 43 (call at /opt/spark/python/lib/py4j-0.10.9.7-src.zip/py4j/clientserver.py:617)
26/08/14 00:12:31 INFO DAGScheduler: Parents of final stage: List(ShuffleMapStage 42)
26/08/14 00:12:31 INFO DAGScheduler: Missing parents: List(ShuffleMapStage 42)
26/08/14 00:12:31 INFO DAGScheduler: Submitting ShuffleMapStage 42 (MapPartitionsRDD[282] at call at /opt/spark/python/lib/py4j-0.10.9.7-src.zip/py4j/clientserver.py:617), which has no missing parents
26/08/14 00:12:31 INFO MemoryStore: Block broadcast_41 stored as values in memory (estimated size 66.2 KiB, free 191.0 MiB)
26/08/14 00:12:31 INFO MemoryStore: Block broadcast_41_piece0 stored as bytes in memory (estimated size 24.8 KiB, free 191.0 MiB)
26/08/14 00:12:31 INFO BlockManagerInfo: Added broadcast_41_piece0 in memory on spark-driver:44031 (size: 24.8 KiB, free: 191.1 MiB)
26/08/14 00:12:31 INFO SparkContext: Created broadcast 41 from broadcast at DAGScheduler.scala:1585
26/08/14 00:12:31 INFO DAGScheduler: Submitting 6 missing tasks from ShuffleMapStage 42 (MapPartitionsRDD[282] at call at /opt/spark/python/lib/py4j-0.10.9.7-src.zip/py4j/clientserver.py:617) (first 15 tasks are for partitions Vector(0, 1, 2, 3, 4, 5))
26/08/14 00:12:31 INFO TaskSchedulerImpl: Adding task set 42.0 with 6 tasks resource profile 0
26/08/14 00:12:31 INFO TaskSetManager: Starting task 0.0 in stage 42.0 (TID 136) (172.26.0.12, executor 0, partition 0, PROCESS_LOCAL, 9921 bytes) 
26/08/14 00:12:31 INFO TaskSetManager: Starting task 2.0 in stage 42.0 (TID 137) (172.26.0.13, executor 1, partition 2, PROCESS_LOCAL, 9921 bytes) 
26/08/14 00:12:31 INFO TaskSetManager: Starting task 1.0 in stage 42.0 (TID 138) (172.26.0.12, executor 0, partition 1, PROCESS_LOCAL, 9921 bytes) 
26/08/14 00:12:31 INFO TaskSetManager: Starting task 3.0 in stage 42.0 (TID 139) (172.26.0.13, executor 1, partition 3, PROCESS_LOCAL, 9921 bytes) 
26/08/14 00:12:31 INFO TaskSetManager: Starting task 5.0 in stage 42.0 (TID 140) (172.26.0.12, executor 0, partition 5, PROCESS_LOCAL, 9921 bytes) 
26/08/14 00:12:31 INFO TaskSetManager: Starting task 4.0 in stage 42.0 (TID 141) (172.26.0.13, executor 1, partition 4, PROCESS_LOCAL, 9921 bytes) 
26/08/14 00:12:31 INFO BlockManagerInfo: Added broadcast_41_piece0 in memory on 172.26.0.13:37779 (size: 24.8 KiB, free: 412.5 MiB)
26/08/14 00:12:31 INFO BlockManagerInfo: Added broadcast_41_piece0 in memory on 172.26.0.12:33791 (size: 24.8 KiB, free: 412.6 MiB)
26/08/14 00:12:31 INFO TaskSetManager: Finished task 3.0 in stage 42.0 (TID 139) in 30 ms on 172.26.0.13 (executor 1) (1/6)
26/08/14 00:12:31 INFO TaskSetManager: Finished task 4.0 in stage 42.0 (TID 141) in 31 ms on 172.26.0.13 (executor 1) (2/6)
26/08/14 00:12:31 INFO TaskSetManager: Finished task 1.0 in stage 42.0 (TID 138) in 41 ms on 172.26.0.12 (executor 0) (3/6)
26/08/14 00:12:31 INFO TaskSetManager: Finished task 2.0 in stage 42.0 (TID 137) in 46 ms on 172.26.0.13 (executor 1) (4/6)
26/08/14 00:12:31 INFO TaskSetManager: Finished task 5.0 in stage 42.0 (TID 140) in 48 ms on 172.26.0.12 (executor 0) (5/6)
26/08/14 00:12:31 INFO TaskSetManager: Finished task 0.0 in stage 42.0 (TID 136) in 48 ms on 172.26.0.12 (executor 0) (6/6)
26/08/14 00:12:31 INFO TaskSchedulerImpl: Removed TaskSet 42.0, whose tasks have all completed, from pool 
26/08/14 00:12:31 INFO DAGScheduler: ShuffleMapStage 42 (call at /opt/spark/python/lib/py4j-0.10.9.7-src.zip/py4j/clientserver.py:617) finished in 0.054 s
26/08/14 00:12:31 INFO DAGScheduler: looking for newly runnable stages
26/08/14 00:12:31 INFO DAGScheduler: running: Set()
26/08/14 00:12:31 INFO DAGScheduler: waiting: Set(ResultStage 43)
26/08/14 00:12:31 INFO DAGScheduler: failed: Set()
26/08/14 00:12:31 INFO DAGScheduler: Submitting ResultStage 43 (MapPartitionsRDD[285] at call at /opt/spark/python/lib/py4j-0.10.9.7-src.zip/py4j/clientserver.py:617), which has no missing parents
26/08/14 00:12:31 INFO MemoryStore: Block broadcast_42 stored as values in memory (estimated size 13.1 KiB, free 191.0 MiB)
26/08/14 00:12:31 INFO MemoryStore: Block broadcast_42_piece0 stored as bytes in memory (estimated size 6.2 KiB, free 191.0 MiB)
26/08/14 00:12:31 INFO BlockManagerInfo: Added broadcast_42_piece0 in memory on spark-driver:44031 (size: 6.2 KiB, free: 191.1 MiB)
26/08/14 00:12:31 INFO SparkContext: Created broadcast 42 from broadcast at DAGScheduler.scala:1585
26/08/14 00:12:31 INFO DAGScheduler: Submitting 1 missing tasks from ResultStage 43 (MapPartitionsRDD[285] at call at /opt/spark/python/lib/py4j-0.10.9.7-src.zip/py4j/clientserver.py:617) (first 15 tasks are for partitions Vector(0))
26/08/14 00:12:31 INFO TaskSchedulerImpl: Adding task set 43.0 with 1 tasks resource profile 0
26/08/14 00:12:31 INFO TaskSetManager: Starting task 0.0 in stage 43.0 (TID 142) (172.26.0.12, executor 0, partition 0, NODE_LOCAL, 9003 bytes) 
26/08/14 00:12:31 INFO BlockManagerInfo: Added broadcast_42_piece0 in memory on 172.26.0.12:33791 (size: 6.2 KiB, free: 412.6 MiB)
26/08/14 00:12:31 INFO MapOutputTrackerMasterEndpoint: Asked to send map output locations for shuffle 19 to 172.26.0.12:37282
26/08/14 00:12:31 INFO TaskSetManager: Finished task 0.0 in stage 43.0 (TID 142) in 48 ms on 172.26.0.12 (executor 0) (1/1)
26/08/14 00:12:31 INFO TaskSchedulerImpl: Removed TaskSet 43.0, whose tasks have all completed, from pool 
26/08/14 00:12:31 INFO DAGScheduler: ResultStage 43 (call at /opt/spark/python/lib/py4j-0.10.9.7-src.zip/py4j/clientserver.py:617) finished in 0.053 s
26/08/14 00:12:31 INFO DAGScheduler: Job 23 is finished. Cancelling potential speculative or zombie tasks for this job
26/08/14 00:12:31 INFO TaskSchedulerImpl: Killing all running tasks in stage 43: Stage finished
26/08/14 00:12:31 INFO DAGScheduler: Job 23 finished: call at /opt/spark/python/lib/py4j-0.10.9.7-src.zip/py4j/clientserver.py:617, took 0.110992 s
26/08/14 00:12:31 INFO MapPartitionsRDD: Removing RDD 226 from persistence list
26/08/14 00:12:31 INFO BlockManager: Removing RDD 226
26/08/14 00:12:31 INFO WatermarkTracker: Updating event-time watermark from 1786666220340 to 1786666225665 ms
26/08/14 00:12:31 INFO CheckpointFileManager: Writing atomically to file:/opt/checkpoints/trips/commits/4 using temp file file:/opt/checkpoints/trips/commits/.4.a248c4ad-37c1-4f32-9372-08e875b9780e.tmp
26/08/14 00:12:31 INFO CheckpointFileManager: Renamed temp file file:/opt/checkpoints/trips/commits/.4.a248c4ad-37c1-4f32-9372-08e875b9780e.tmp to file:/opt/checkpoints/trips/commits/4
26/08/14 00:12:31 INFO MicroBatchExecution: Streaming query made progress: {
  "id" : "673700e1-7609-4c3e-bff3-65e01579062f",
  "runId" : "684f6ae2-98d1-4139-a900-0d86eb048f89",
  "name" : "trips-ingest-chaos_kill_cassandra_1",
  "timestamp" : "2026-08-14T00:12:25.739Z",
  "batchId" : 4,
  "numInputRows" : 4311,
  "inputRowsPerSecond" : 797.5948196114708,
  "processedRowsPerSecond" : 778.4398699891657,
  "durationMs" : {
    "addBatch" : 5363,
    "commitOffsets" : 41,
    "getBatch" : 0,
    "latestOffset" : 26,
    "queryPlanning" : 45,
    "triggerExecution" : 5538,
    "walCommit" : 59
  },
  "eventTime" : {
    "avg" : "2026-08-14T00:12:21.540Z",
    "max" : "2026-08-14T00:12:25.665Z",
    "min" : "2026-08-14T00:12:17.468Z",
    "watermark" : "2026-08-14T00:10:20.340Z"
  },
  "stateOperators" : [ ],
  "sources" : [ {
    "description" : "KafkaV2[Subscribe[trips.raw]]",
    "startOffset" : {
      "trips.raw" : {
        "2" : 231715,
        "5" : 230098,
        "4" : 231386,
        "1" : 231192,
        "3" : 231230,
        "0" : 231316
      }
    },
    "endOffset" : {
      "trips.raw" : {
        "2" : 232402,
        "5" : 230859,
        "4" : 232101,
        "1" : 231904,
        "3" : 231982,
        "0" : 232000
      }
    },
    "latestOffset" : {
      "trips.raw" : {
        "2" : 232402,
        "5" : 230859,
        "4" : 232101,
        "1" : 231904,
        "3" : 231982,
        "0" : 232000
      }
    },
    "numInputRows" : 4311,
    "inputRowsPerSecond" : 797.5948196114708,
    "processedRowsPerSecond" : 778.4398699891657,
    "metrics" : {
      "avgOffsetsBehindLatest" : "0.0",
      "maxOffsetsBehindLatest" : "0",
      "minOffsetsBehindLatest" : "0"
    }
  } ],
  "sink" : {
    "description" : "ForeachBatchSink",
    "numOutputRows" : -1
  }
}
26/08/14 00:12:31 INFO CheckpointFileManager: Writing atomically to file:/opt/checkpoints/trips/offsets/5 using temp file file:/opt/checkpoints/trips/offsets/.5.f7de0de3-9dc4-499e-b583-38eb9a86af62.tmp
26/08/14 00:12:31 INFO BlockManagerInfo: Removed broadcast_41_piece0 on spark-driver:44031 in memory (size: 24.8 KiB, free: 191.2 MiB)
26/08/14 00:12:31 INFO CheckpointFileManager: Renamed temp file file:/opt/checkpoints/trips/offsets/.5.f7de0de3-9dc4-499e-b583-38eb9a86af62.tmp to file:/opt/checkpoints/trips/offsets/5
26/08/14 00:12:31 INFO MicroBatchExecution: Committed offsets for batch 5. Metadata OffsetSeqMetadata(1786666225665,1786666351290,Map(spark.sql.streaming.stateStore.providerClass -> org.apache.spark.sql.execution.streaming.state.HDFSBackedStateStoreProvider, spark.sql.streaming.join.stateFormatVersion -> 2, spark.sql.streaming.stateStore.compression.codec -> lz4, spark.sql.streaming.stateStore.rocksdb.formatVersion -> 5, spark.sql.streaming.statefulOperator.useStrictDistribution -> true, spark.sql.streaming.flatMapGroupsWithState.stateFormatVersion -> 2, spark.sql.streaming.multipleWatermarkPolicy -> min, spark.sql.streaming.aggregation.stateFormatVersion -> 2, spark.sql.shuffle.partitions -> 6))
26/08/14 00:12:31 INFO BlockManagerInfo: Removed broadcast_41_piece0 on 172.26.0.12:33791 in memory (size: 24.8 KiB, free: 413.9 MiB)
26/08/14 00:12:31 INFO BlockManagerInfo: Removed broadcast_41_piece0 on 172.26.0.13:37779 in memory (size: 24.8 KiB, free: 413.9 MiB)
26/08/14 00:12:31 INFO BlockManagerInfo: Removed broadcast_42_piece0 on 172.26.0.12:33791 in memory (size: 6.2 KiB, free: 413.9 MiB)
26/08/14 00:12:31 INFO BlockManagerInfo: Removed broadcast_42_piece0 on spark-driver:44031 in memory (size: 6.2 KiB, free: 191.2 MiB)
26/08/14 00:12:31 INFO BlockManagerInfo: Removed broadcast_40_piece0 on spark-driver:44031 in memory (size: 5.9 KiB, free: 191.2 MiB)
26/08/14 00:12:31 INFO BlockManagerInfo: Removed broadcast_40_piece0 on 172.26.0.12:33791 in memory (size: 5.9 KiB, free: 413.9 MiB)
26/08/14 00:12:31 INFO KafkaOffsetReaderAdmin: Partitions added: Map()
26/08/14 00:12:31 INFO KafkaOffsetReaderAdmin: Partitions added: Map()
26/08/14 00:12:31 INFO BlockManagerInfo: Removed broadcast_39_piece0 on spark-driver:44031 in memory (size: 35.3 KiB, free: 191.2 MiB)
26/08/14 00:12:31 INFO BlockManagerInfo: Removed broadcast_39_piece0 on 172.26.0.12:33791 in memory (size: 35.3 KiB, free: 413.9 MiB)
26/08/14 00:12:31 INFO BlockManagerInfo: Removed broadcast_39_piece0 on 172.26.0.13:37779 in memory (size: 35.3 KiB, free: 413.9 MiB)
26/08/14 00:12:31 INFO KafkaOffsetReaderAdmin: Partitions added: Map()
26/08/14 00:12:31 INFO KafkaOffsetReaderAdmin: Partitions added: Map()
2026-08-14 00:12:31,380 INFO  [stream] Received command c on object id p0
26/08/14 00:12:31 INFO SparkContext: Starting job: count at <unknown>:0
26/08/14 00:12:31 INFO DAGScheduler: Registering RDD 300 (count at <unknown>:0) as input to shuffle 20
26/08/14 00:12:31 INFO DAGScheduler: Got job 24 (count at <unknown>:0) with 1 output partitions
26/08/14 00:12:31 INFO DAGScheduler: Final stage: ResultStage 45 (count at <unknown>:0)
26/08/14 00:12:31 INFO DAGScheduler: Parents of final stage: List(ShuffleMapStage 44)
26/08/14 00:12:31 INFO DAGScheduler: Missing parents: List(ShuffleMapStage 44)
26/08/14 00:12:31 INFO DAGScheduler: Submitting ShuffleMapStage 44 (MapPartitionsRDD[300] at count at <unknown>:0), which has no missing parents
26/08/14 00:12:31 INFO MemoryStore: Block broadcast_43 stored as values in memory (estimated size 64.6 KiB, free 191.1 MiB)
26/08/14 00:12:31 INFO MemoryStore: Block broadcast_43_piece0 stored as bytes in memory (estimated size 24.1 KiB, free 191.1 MiB)
26/08/14 00:12:31 INFO BlockManagerInfo: Added broadcast_43_piece0 in memory on spark-driver:44031 (size: 24.1 KiB, free: 191.2 MiB)
26/08/14 00:12:31 INFO SparkContext: Created broadcast 43 from broadcast at DAGScheduler.scala:1585
26/08/14 00:12:31 INFO DAGScheduler: Submitting 6 missing tasks from ShuffleMapStage 44 (MapPartitionsRDD[300] at count at <unknown>:0) (first 15 tasks are for partitions Vector(0, 1, 2, 3, 4, 5))
26/08/14 00:12:31 INFO TaskSchedulerImpl: Adding task set 44.0 with 6 tasks resource profile 0
26/08/14 00:12:31 INFO TaskSetManager: Starting task 0.0 in stage 44.0 (TID 143) (172.26.0.12, executor 0, partition 0, PROCESS_LOCAL, 9921 bytes) 
26/08/14 00:12:31 INFO TaskSetManager: Starting task 2.0 in stage 44.0 (TID 144) (172.26.0.13, executor 1, partition 2, PROCESS_LOCAL, 9921 bytes) 
26/08/14 00:12:31 INFO TaskSetManager: Starting task 1.0 in stage 44.0 (TID 145) (172.26.0.12, executor 0, partition 1, PROCESS_LOCAL, 9921 bytes) 
26/08/14 00:12:31 INFO TaskSetManager: Starting task 3.0 in stage 44.0 (TID 146) (172.26.0.13, executor 1, partition 3, PROCESS_LOCAL, 9921 bytes) 
26/08/14 00:12:31 INFO TaskSetManager: Starting task 5.0 in stage 44.0 (TID 147) (172.26.0.12, executor 0, partition 5, PROCESS_LOCAL, 9921 bytes) 
26/08/14 00:12:31 INFO TaskSetManager: Starting task 4.0 in stage 44.0 (TID 148) (172.26.0.13, executor 1, partition 4, PROCESS_LOCAL, 9921 bytes) 
26/08/14 00:12:31 INFO BlockManagerInfo: Added broadcast_43_piece0 in memory on 172.26.0.12:33791 (size: 24.1 KiB, free: 413.9 MiB)
26/08/14 00:12:31 INFO BlockManagerInfo: Added broadcast_43_piece0 in memory on 172.26.0.13:37779 (size: 24.1 KiB, free: 413.9 MiB)
26/08/14 00:12:31 INFO BlockManagerInfo: Added rdd_295_1 in memory on 172.26.0.12:33791 (size: 445.6 KiB, free: 413.5 MiB)
26/08/14 00:12:31 INFO TaskSetManager: Finished task 1.0 in stage 44.0 (TID 145) in 390 ms on 172.26.0.12 (executor 0) (1/6)
26/08/14 00:12:31 INFO BlockManagerInfo: Added rdd_295_5 in memory on 172.26.0.12:33791 (size: 460.0 KiB, free: 413.0 MiB)
26/08/14 00:12:31 INFO BlockManagerInfo: Added rdd_295_0 in memory on 172.26.0.12:33791 (size: 456.6 KiB, free: 412.6 MiB)
26/08/14 00:12:31 INFO BlockManagerInfo: Added rdd_295_3 in memory on 172.26.0.13:37779 (size: 426.8 KiB, free: 413.5 MiB)
26/08/14 00:12:31 INFO TaskSetManager: Finished task 5.0 in stage 44.0 (TID 147) in 429 ms on 172.26.0.12 (executor 0) (2/6)
26/08/14 00:12:31 INFO TaskSetManager: Finished task 0.0 in stage 44.0 (TID 143) in 429 ms on 172.26.0.12 (executor 0) (3/6)
26/08/14 00:12:31 INFO TaskSetManager: Finished task 3.0 in stage 44.0 (TID 146) in 440 ms on 172.26.0.13 (executor 1) (4/6)
26/08/14 00:12:31 INFO BlockManagerInfo: Added rdd_295_4 in memory on 172.26.0.13:37779 (size: 468.9 KiB, free: 413.0 MiB)
26/08/14 00:12:31 INFO TaskSetManager: Finished task 4.0 in stage 44.0 (TID 148) in 445 ms on 172.26.0.13 (executor 1) (5/6)
26/08/14 00:12:31 INFO BlockManagerInfo: Added rdd_295_2 in memory on 172.26.0.13:37779 (size: 474.9 KiB, free: 412.6 MiB)
26/08/14 00:12:31 INFO TaskSetManager: Finished task 2.0 in stage 44.0 (TID 144) in 454 ms on 172.26.0.13 (executor 1) (6/6)
26/08/14 00:12:31 INFO TaskSchedulerImpl: Removed TaskSet 44.0, whose tasks have all completed, from pool 
26/08/14 00:12:31 INFO DAGScheduler: ShuffleMapStage 44 (count at <unknown>:0) finished in 0.459 s
26/08/14 00:12:31 INFO DAGScheduler: looking for newly runnable stages
26/08/14 00:12:31 INFO DAGScheduler: running: Set()
26/08/14 00:12:31 INFO DAGScheduler: waiting: Set(ResultStage 45)
26/08/14 00:12:31 INFO DAGScheduler: failed: Set()
26/08/14 00:12:31 INFO DAGScheduler: Submitting ResultStage 45 (MapPartitionsRDD[303] at count at <unknown>:0), which has no missing parents
26/08/14 00:12:31 INFO MemoryStore: Block broadcast_44 stored as values in memory (estimated size 12.5 KiB, free 191.1 MiB)
26/08/14 00:12:31 INFO MemoryStore: Block broadcast_44_piece0 stored as bytes in memory (estimated size 5.9 KiB, free 191.1 MiB)
26/08/14 00:12:31 INFO BlockManagerInfo: Added broadcast_44_piece0 in memory on spark-driver:44031 (size: 5.9 KiB, free: 191.2 MiB)
26/08/14 00:12:31 INFO SparkContext: Created broadcast 44 from broadcast at DAGScheduler.scala:1585
26/08/14 00:12:31 INFO DAGScheduler: Submitting 1 missing tasks from ResultStage 45 (MapPartitionsRDD[303] at count at <unknown>:0) (first 15 tasks are for partitions Vector(0))
26/08/14 00:12:31 INFO TaskSchedulerImpl: Adding task set 45.0 with 1 tasks resource profile 0
26/08/14 00:12:31 INFO TaskSetManager: Starting task 0.0 in stage 45.0 (TID 149) (172.26.0.13, executor 1, partition 0, NODE_LOCAL, 9003 bytes) 
26/08/14 00:12:31 INFO BlockManagerInfo: Added broadcast_44_piece0 in memory on 172.26.0.13:37779 (size: 5.9 KiB, free: 412.6 MiB)
26/08/14 00:12:31 INFO MapOutputTrackerMasterEndpoint: Asked to send map output locations for shuffle 20 to 172.26.0.13:36452
26/08/14 00:12:31 INFO TaskSetManager: Finished task 0.0 in stage 45.0 (TID 149) in 24 ms on 172.26.0.13 (executor 1) (1/1)
26/08/14 00:12:31 INFO TaskSchedulerImpl: Removed TaskSet 45.0, whose tasks have all completed, from pool 
26/08/14 00:12:31 INFO DAGScheduler: ResultStage 45 (count at <unknown>:0) finished in 0.028 s
26/08/14 00:12:31 INFO DAGScheduler: Job 24 is finished. Cancelling potential speculative or zombie tasks for this job
26/08/14 00:12:31 INFO TaskSchedulerImpl: Killing all running tasks in stage 45: Stage finished
26/08/14 00:12:31 INFO DAGScheduler: Job 24 finished: count at <unknown>:0, took 0.491751 s
26/08/14 00:12:31 INFO SparkContext: Starting job: count at <unknown>:0
26/08/14 00:12:31 INFO DAGScheduler: Registering RDD 308 (count at <unknown>:0) as input to shuffle 21
26/08/14 00:12:31 INFO DAGScheduler: Got job 25 (count at <unknown>:0) with 1 output partitions
26/08/14 00:12:31 INFO DAGScheduler: Final stage: ResultStage 47 (count at <unknown>:0)
26/08/14 00:12:31 INFO DAGScheduler: Parents of final stage: List(ShuffleMapStage 46)
26/08/14 00:12:31 INFO DAGScheduler: Missing parents: List(ShuffleMapStage 46)
26/08/14 00:12:31 INFO DAGScheduler: Submitting ShuffleMapStage 46 (MapPartitionsRDD[308] at count at <unknown>:0), which has no missing parents
26/08/14 00:12:31 INFO MemoryStore: Block broadcast_45 stored as values in memory (estimated size 64.9 KiB, free 191.0 MiB)
26/08/14 00:12:31 INFO MemoryStore: Block broadcast_45_piece0 stored as bytes in memory (estimated size 24.2 KiB, free 191.0 MiB)
26/08/14 00:12:31 INFO BlockManagerInfo: Added broadcast_45_piece0 in memory on spark-driver:44031 (size: 24.2 KiB, free: 191.2 MiB)
26/08/14 00:12:31 INFO SparkContext: Created broadcast 45 from broadcast at DAGScheduler.scala:1585
26/08/14 00:12:31 INFO DAGScheduler: Submitting 6 missing tasks from ShuffleMapStage 46 (MapPartitionsRDD[308] at count at <unknown>:0) (first 15 tasks are for partitions Vector(0, 1, 2, 3, 4, 5))
26/08/14 00:12:31 INFO TaskSchedulerImpl: Adding task set 46.0 with 6 tasks resource profile 0
26/08/14 00:12:31 INFO TaskSetManager: Starting task 0.0 in stage 46.0 (TID 150) (172.26.0.12, executor 0, partition 0, PROCESS_LOCAL, 9921 bytes) 
26/08/14 00:12:31 INFO TaskSetManager: Starting task 2.0 in stage 46.0 (TID 151) (172.26.0.13, executor 1, partition 2, PROCESS_LOCAL, 9921 bytes) 
26/08/14 00:12:31 INFO TaskSetManager: Starting task 1.0 in stage 46.0 (TID 152) (172.26.0.12, executor 0, partition 1, PROCESS_LOCAL, 9921 bytes) 
26/08/14 00:12:31 INFO TaskSetManager: Starting task 3.0 in stage 46.0 (TID 153) (172.26.0.13, executor 1, partition 3, PROCESS_LOCAL, 9921 bytes) 
26/08/14 00:12:31 INFO TaskSetManager: Starting task 5.0 in stage 46.0 (TID 154) (172.26.0.12, executor 0, partition 5, PROCESS_LOCAL, 9921 bytes) 
26/08/14 00:12:31 INFO TaskSetManager: Starting task 4.0 in stage 46.0 (TID 155) (172.26.0.13, executor 1, partition 4, PROCESS_LOCAL, 9921 bytes) 
26/08/14 00:12:31 INFO BlockManagerInfo: Added broadcast_45_piece0 in memory on 172.26.0.13:37779 (size: 24.2 KiB, free: 412.5 MiB)
26/08/14 00:12:31 INFO BlockManagerInfo: Added broadcast_45_piece0 in memory on 172.26.0.12:33791 (size: 24.2 KiB, free: 412.5 MiB)
26/08/14 00:12:31 INFO TaskSetManager: Finished task 3.0 in stage 46.0 (TID 153) in 21 ms on 172.26.0.13 (executor 1) (1/6)
26/08/14 00:12:31 INFO TaskSetManager: Finished task 2.0 in stage 46.0 (TID 151) in 22 ms on 172.26.0.13 (executor 1) (2/6)
26/08/14 00:12:31 INFO TaskSetManager: Finished task 4.0 in stage 46.0 (TID 155) in 21 ms on 172.26.0.13 (executor 1) (3/6)
26/08/14 00:12:31 INFO TaskSetManager: Finished task 5.0 in stage 46.0 (TID 154) in 39 ms on 172.26.0.12 (executor 0) (4/6)
26/08/14 00:12:31 INFO TaskSetManager: Finished task 1.0 in stage 46.0 (TID 152) in 40 ms on 172.26.0.12 (executor 0) (5/6)
26/08/14 00:12:31 INFO TaskSetManager: Finished task 0.0 in stage 46.0 (TID 150) in 40 ms on 172.26.0.12 (executor 0) (6/6)
26/08/14 00:12:31 INFO TaskSchedulerImpl: Removed TaskSet 46.0, whose tasks have all completed, from pool 
26/08/14 00:12:31 INFO DAGScheduler: ShuffleMapStage 46 (count at <unknown>:0) finished in 0.046 s
26/08/14 00:12:31 INFO DAGScheduler: looking for newly runnable stages
26/08/14 00:12:31 INFO DAGScheduler: running: Set()
26/08/14 00:12:31 INFO DAGScheduler: waiting: Set(ResultStage 47)
26/08/14 00:12:31 INFO DAGScheduler: failed: Set()
26/08/14 00:12:31 INFO DAGScheduler: Submitting ResultStage 47 (MapPartitionsRDD[311] at count at <unknown>:0), which has no missing parents
26/08/14 00:12:31 INFO MemoryStore: Block broadcast_46 stored as values in memory (estimated size 12.5 KiB, free 191.0 MiB)
26/08/14 00:12:31 INFO MemoryStore: Block broadcast_46_piece0 stored as bytes in memory (estimated size 5.9 KiB, free 191.0 MiB)
26/08/14 00:12:31 INFO BlockManagerInfo: Added broadcast_46_piece0 in memory on spark-driver:44031 (size: 5.9 KiB, free: 191.2 MiB)
26/08/14 00:12:31 INFO SparkContext: Created broadcast 46 from broadcast at DAGScheduler.scala:1585
26/08/14 00:12:31 INFO DAGScheduler: Submitting 1 missing tasks from ResultStage 47 (MapPartitionsRDD[311] at count at <unknown>:0) (first 15 tasks are for partitions Vector(0))
26/08/14 00:12:31 INFO TaskSchedulerImpl: Adding task set 47.0 with 1 tasks resource profile 0
26/08/14 00:12:31 INFO TaskSetManager: Starting task 0.0 in stage 47.0 (TID 156) (172.26.0.13, executor 1, partition 0, NODE_LOCAL, 9003 bytes) 
26/08/14 00:12:32 INFO BlockManagerInfo: Added broadcast_46_piece0 in memory on 172.26.0.13:37779 (size: 5.9 KiB, free: 412.5 MiB)
26/08/14 00:12:32 INFO MapOutputTrackerMasterEndpoint: Asked to send map output locations for shuffle 21 to 172.26.0.13:36452
26/08/14 00:12:32 INFO TaskSetManager: Finished task 0.0 in stage 47.0 (TID 156) in 21 ms on 172.26.0.13 (executor 1) (1/1)
26/08/14 00:12:32 INFO TaskSchedulerImpl: Removed TaskSet 47.0, whose tasks have all completed, from pool 
26/08/14 00:12:32 INFO DAGScheduler: ResultStage 47 (count at <unknown>:0) finished in 0.027 s
26/08/14 00:12:32 INFO DAGScheduler: Job 25 is finished. Cancelling potential speculative or zombie tasks for this job
26/08/14 00:12:32 INFO TaskSchedulerImpl: Killing all running tasks in stage 47: Stage finished
26/08/14 00:12:32 INFO DAGScheduler: Job 25 finished: count at <unknown>:0, took 0.078507 s
26/08/14 00:12:32 INFO BlockManagerInfo: Removed broadcast_46_piece0 on spark-driver:44031 in memory (size: 5.9 KiB, free: 191.2 MiB)
26/08/14 00:12:32 INFO BlockManagerInfo: Removed broadcast_46_piece0 on 172.26.0.13:37779 in memory (size: 5.9 KiB, free: 412.5 MiB)
26/08/14 00:12:32 INFO BlockManagerInfo: Removed broadcast_43_piece0 on spark-driver:44031 in memory (size: 24.1 KiB, free: 191.2 MiB)
26/08/14 00:12:32 INFO BlockManagerInfo: Removed broadcast_43_piece0 on 172.26.0.13:37779 in memory (size: 24.1 KiB, free: 412.6 MiB)
26/08/14 00:12:32 INFO BlockManagerInfo: Removed broadcast_43_piece0 on 172.26.0.12:33791 in memory (size: 24.1 KiB, free: 412.6 MiB)
26/08/14 00:12:32 INFO BlockManagerInfo: Removed broadcast_45_piece0 on spark-driver:44031 in memory (size: 24.2 KiB, free: 191.2 MiB)
26/08/14 00:12:32 INFO BlockManagerInfo: Removed broadcast_45_piece0 on 172.26.0.13:37779 in memory (size: 24.2 KiB, free: 412.6 MiB)
26/08/14 00:12:32 INFO BlockManagerInfo: Removed broadcast_45_piece0 on 172.26.0.12:33791 in memory (size: 24.2 KiB, free: 412.6 MiB)
26/08/14 00:12:32 INFO BlockManagerInfo: Removed broadcast_44_piece0 on spark-driver:44031 in memory (size: 5.9 KiB, free: 191.2 MiB)
26/08/14 00:12:32 INFO BlockManagerInfo: Removed broadcast_44_piece0 on 172.26.0.13:37779 in memory (size: 5.9 KiB, free: 412.6 MiB)
26/08/14 00:12:32 INFO CodeGenerator: Code generated in 17.47675 ms
26/08/14 00:12:32 INFO DefaultCachedBatchSerializer: Predicate isnotnull(event_time#89-T120000ms) generates partition filter: ((event_time.count#15600 - event_time.nullCount#15599) > 0)
26/08/14 00:12:32 INFO DefaultCachedBatchSerializer: Predicate (event_time#89-T120000ms < 2026-08-14 00:10:25.665) generates partition filter: (event_time.lowerBound#15598 < 2026-08-14 00:10:25.665)
26/08/14 00:12:32 INFO SparkContext: Starting job: count at <unknown>:0
26/08/14 00:12:32 INFO DAGScheduler: Registering RDD 316 (count at <unknown>:0) as input to shuffle 22
26/08/14 00:12:32 INFO DAGScheduler: Got job 26 (count at <unknown>:0) with 1 output partitions
26/08/14 00:12:32 INFO DAGScheduler: Final stage: ResultStage 49 (count at <unknown>:0)
26/08/14 00:12:32 INFO DAGScheduler: Parents of final stage: List(ShuffleMapStage 48)
26/08/14 00:12:32 INFO DAGScheduler: Missing parents: List(ShuffleMapStage 48)
26/08/14 00:12:32 INFO DAGScheduler: Submitting ShuffleMapStage 48 (MapPartitionsRDD[316] at count at <unknown>:0), which has no missing parents
26/08/14 00:12:32 INFO MemoryStore: Block broadcast_47 stored as values in memory (estimated size 67.2 KiB, free 191.1 MiB)
26/08/14 00:12:32 INFO MemoryStore: Block broadcast_47_piece0 stored as bytes in memory (estimated size 25.6 KiB, free 191.1 MiB)
26/08/14 00:12:32 INFO BlockManagerInfo: Added broadcast_47_piece0 in memory on spark-driver:44031 (size: 25.6 KiB, free: 191.2 MiB)
26/08/14 00:12:32 INFO SparkContext: Created broadcast 47 from broadcast at DAGScheduler.scala:1585
26/08/14 00:12:32 INFO DAGScheduler: Submitting 6 missing tasks from ShuffleMapStage 48 (MapPartitionsRDD[316] at count at <unknown>:0) (first 15 tasks are for partitions Vector(0, 1, 2, 3, 4, 5))
26/08/14 00:12:32 INFO TaskSchedulerImpl: Adding task set 48.0 with 6 tasks resource profile 0
26/08/14 00:12:32 INFO TaskSetManager: Starting task 2.0 in stage 48.0 (TID 157) (172.26.0.13, executor 1, partition 2, PROCESS_LOCAL, 9921 bytes) 
26/08/14 00:12:32 INFO TaskSetManager: Starting task 0.0 in stage 48.0 (TID 158) (172.26.0.12, executor 0, partition 0, PROCESS_LOCAL, 9921 bytes) 
26/08/14 00:12:32 INFO TaskSetManager: Starting task 3.0 in stage 48.0 (TID 159) (172.26.0.13, executor 1, partition 3, PROCESS_LOCAL, 9921 bytes) 
26/08/14 00:12:32 INFO TaskSetManager: Starting task 1.0 in stage 48.0 (TID 160) (172.26.0.12, executor 0, partition 1, PROCESS_LOCAL, 9921 bytes) 
26/08/14 00:12:32 INFO TaskSetManager: Starting task 4.0 in stage 48.0 (TID 161) (172.26.0.13, executor 1, partition 4, PROCESS_LOCAL, 9921 bytes) 
26/08/14 00:12:32 INFO TaskSetManager: Starting task 5.0 in stage 48.0 (TID 162) (172.26.0.12, executor 0, partition 5, PROCESS_LOCAL, 9921 bytes) 
26/08/14 00:12:32 INFO BlockManagerInfo: Added broadcast_47_piece0 in memory on 172.26.0.12:33791 (size: 25.6 KiB, free: 412.6 MiB)
26/08/14 00:12:32 INFO BlockManagerInfo: Added broadcast_47_piece0 in memory on 172.26.0.13:37779 (size: 25.6 KiB, free: 412.6 MiB)
26/08/14 00:12:32 INFO TaskSetManager: Finished task 1.0 in stage 48.0 (TID 160) in 35 ms on 172.26.0.12 (executor 0) (1/6)
26/08/14 00:12:32 INFO TaskSetManager: Finished task 0.0 in stage 48.0 (TID 158) in 35 ms on 172.26.0.12 (executor 0) (2/6)
26/08/14 00:12:32 INFO TaskSetManager: Finished task 5.0 in stage 48.0 (TID 162) in 35 ms on 172.26.0.12 (executor 0) (3/6)
26/08/14 00:12:32 INFO TaskSetManager: Finished task 4.0 in stage 48.0 (TID 161) in 39 ms on 172.26.0.13 (executor 1) (4/6)
26/08/14 00:12:32 INFO TaskSetManager: Finished task 3.0 in stage 48.0 (TID 159) in 40 ms on 172.26.0.13 (executor 1) (5/6)
26/08/14 00:12:32 INFO TaskSetManager: Finished task 2.0 in stage 48.0 (TID 157) in 42 ms on 172.26.0.13 (executor 1) (6/6)
26/08/14 00:12:32 INFO TaskSchedulerImpl: Removed TaskSet 48.0, whose tasks have all completed, from pool 
26/08/14 00:12:32 INFO DAGScheduler: ShuffleMapStage 48 (count at <unknown>:0) finished in 0.049 s
26/08/14 00:12:32 INFO DAGScheduler: looking for newly runnable stages
26/08/14 00:12:32 INFO DAGScheduler: running: Set()
26/08/14 00:12:32 INFO DAGScheduler: waiting: Set(ResultStage 49)
26/08/14 00:12:32 INFO DAGScheduler: failed: Set()
26/08/14 00:12:32 INFO DAGScheduler: Submitting ResultStage 49 (MapPartitionsRDD[319] at count at <unknown>:0), which has no missing parents
26/08/14 00:12:32 INFO MemoryStore: Block broadcast_48 stored as values in memory (estimated size 12.5 KiB, free 191.1 MiB)
26/08/14 00:12:32 INFO MemoryStore: Block broadcast_48_piece0 stored as bytes in memory (estimated size 5.9 KiB, free 191.1 MiB)
26/08/14 00:12:32 INFO BlockManagerInfo: Added broadcast_48_piece0 in memory on spark-driver:44031 (size: 5.9 KiB, free: 191.2 MiB)
26/08/14 00:12:32 INFO SparkContext: Created broadcast 48 from broadcast at DAGScheduler.scala:1585
26/08/14 00:12:32 INFO DAGScheduler: Submitting 1 missing tasks from ResultStage 49 (MapPartitionsRDD[319] at count at <unknown>:0) (first 15 tasks are for partitions Vector(0))
26/08/14 00:12:32 INFO TaskSchedulerImpl: Adding task set 49.0 with 1 tasks resource profile 0
26/08/14 00:12:32 INFO TaskSetManager: Starting task 0.0 in stage 49.0 (TID 163) (172.26.0.13, executor 1, partition 0, NODE_LOCAL, 9003 bytes) 
26/08/14 00:12:32 INFO BlockManagerInfo: Added broadcast_48_piece0 in memory on 172.26.0.13:37779 (size: 5.9 KiB, free: 412.6 MiB)
26/08/14 00:12:32 INFO MapOutputTrackerMasterEndpoint: Asked to send map output locations for shuffle 22 to 172.26.0.13:36452
26/08/14 00:12:32 INFO TaskSetManager: Finished task 0.0 in stage 49.0 (TID 163) in 23 ms on 172.26.0.13 (executor 1) (1/1)
26/08/14 00:12:32 INFO TaskSchedulerImpl: Removed TaskSet 49.0, whose tasks have all completed, from pool 
26/08/14 00:12:32 INFO DAGScheduler: ResultStage 49 (count at <unknown>:0) finished in 0.027 s
26/08/14 00:12:32 INFO DAGScheduler: Job 26 is finished. Cancelling potential speculative or zombie tasks for this job
26/08/14 00:12:32 INFO TaskSchedulerImpl: Killing all running tasks in stage 49: Stage finished
26/08/14 00:12:32 INFO DAGScheduler: Job 26 finished: count at <unknown>:0, took 0.079635 s
26/08/14 00:12:32 INFO BlockManagerInfo: Removed broadcast_48_piece0 on spark-driver:44031 in memory (size: 5.9 KiB, free: 191.2 MiB)
26/08/14 00:12:32 INFO BlockManagerInfo: Removed broadcast_48_piece0 on 172.26.0.13:37779 in memory (size: 5.9 KiB, free: 412.6 MiB)
26/08/14 00:12:32 INFO BlockManagerInfo: Removed broadcast_47_piece0 on spark-driver:44031 in memory (size: 25.6 KiB, free: 191.2 MiB)
26/08/14 00:12:32 INFO BlockManagerInfo: Removed broadcast_47_piece0 on 172.26.0.12:33791 in memory (size: 25.6 KiB, free: 412.6 MiB)
26/08/14 00:12:32 INFO BlockManagerInfo: Removed broadcast_47_piece0 on 172.26.0.13:37779 in memory (size: 25.6 KiB, free: 412.6 MiB)
26/08/14 00:12:32 INFO DefaultCachedBatchSerializer: Predicate isnotnull(kind#16157) generates partition filter: ((kind.count#16226 - kind.nullCount#16225) > 0)
26/08/14 00:12:32 INFO DefaultCachedBatchSerializer: Predicate (kind#16157 = stats) generates partition filter: ((kind.lowerBound#16224 <= stats) AND (stats <= kind.upperBound#16223))
26/08/14 00:12:32 INFO SparkContext: Starting job: call at /opt/spark/python/lib/py4j-0.10.9.7-src.zip/py4j/clientserver.py:617
26/08/14 00:12:32 INFO DAGScheduler: Got job 27 (call at /opt/spark/python/lib/py4j-0.10.9.7-src.zip/py4j/clientserver.py:617) with 6 output partitions
26/08/14 00:12:32 INFO DAGScheduler: Final stage: ResultStage 50 (call at /opt/spark/python/lib/py4j-0.10.9.7-src.zip/py4j/clientserver.py:617)
26/08/14 00:12:32 INFO DAGScheduler: Parents of final stage: List()
26/08/14 00:12:32 INFO DAGScheduler: Missing parents: List()
26/08/14 00:12:32 INFO DAGScheduler: Submitting ResultStage 50 (MapPartitionsRDD[338] at call at /opt/spark/python/lib/py4j-0.10.9.7-src.zip/py4j/clientserver.py:617), which has no missing parents
26/08/14 00:12:32 INFO MemoryStore: Block broadcast_49 stored as values in memory (estimated size 90.0 KiB, free 191.1 MiB)
26/08/14 00:12:32 INFO MemoryStore: Block broadcast_49_piece0 stored as bytes in memory (estimated size 34.0 KiB, free 191.1 MiB)
26/08/14 00:12:32 INFO BlockManagerInfo: Added broadcast_49_piece0 in memory on spark-driver:44031 (size: 34.0 KiB, free: 191.2 MiB)
26/08/14 00:12:32 INFO SparkContext: Created broadcast 49 from broadcast at DAGScheduler.scala:1585
26/08/14 00:12:32 INFO DAGScheduler: Submitting 6 missing tasks from ResultStage 50 (MapPartitionsRDD[338] at call at /opt/spark/python/lib/py4j-0.10.9.7-src.zip/py4j/clientserver.py:617) (first 15 tasks are for partitions Vector(0, 1, 2, 3, 4, 5))
26/08/14 00:12:32 INFO TaskSchedulerImpl: Adding task set 50.0 with 6 tasks resource profile 0
26/08/14 00:12:32 INFO TaskSetManager: Starting task 0.0 in stage 50.0 (TID 164) (172.26.0.12, executor 0, partition 0, PROCESS_LOCAL, 9932 bytes) 
26/08/14 00:12:32 INFO TaskSetManager: Starting task 2.0 in stage 50.0 (TID 165) (172.26.0.13, executor 1, partition 2, PROCESS_LOCAL, 9932 bytes) 
26/08/14 00:12:32 INFO TaskSetManager: Starting task 1.0 in stage 50.0 (TID 166) (172.26.0.12, executor 0, partition 1, PROCESS_LOCAL, 9932 bytes) 
26/08/14 00:12:32 INFO TaskSetManager: Starting task 3.0 in stage 50.0 (TID 167) (172.26.0.13, executor 1, partition 3, PROCESS_LOCAL, 9932 bytes) 
26/08/14 00:12:32 INFO TaskSetManager: Starting task 5.0 in stage 50.0 (TID 168) (172.26.0.12, executor 0, partition 5, PROCESS_LOCAL, 9932 bytes) 
26/08/14 00:12:32 INFO TaskSetManager: Starting task 4.0 in stage 50.0 (TID 169) (172.26.0.13, executor 1, partition 4, PROCESS_LOCAL, 9932 bytes) 
26/08/14 00:12:32 INFO BlockManagerInfo: Added broadcast_49_piece0 in memory on 172.26.0.12:33791 (size: 34.0 KiB, free: 412.6 MiB)
26/08/14 00:12:32 INFO BlockManagerInfo: Added broadcast_49_piece0 in memory on 172.26.0.13:37779 (size: 34.0 KiB, free: 412.6 MiB)
26/08/14 00:12:35 INFO BlockManagerInfo: Added rdd_333_3 in memory on 172.26.0.13:37779 (size: 1808.0 B, free: 412.6 MiB)
26/08/14 00:12:35 INFO BlockManagerInfo: Added rdd_333_0 in memory on 172.26.0.12:33791 (size: 1808.0 B, free: 412.6 MiB)
26/08/14 00:12:35 INFO BlockManagerInfo: Added rdd_333_5 in memory on 172.26.0.12:33791 (size: 1808.0 B, free: 412.6 MiB)
26/08/14 00:12:35 INFO BlockManagerInfo: Added rdd_333_1 in memory on 172.26.0.12:33791 (size: 1808.0 B, free: 412.6 MiB)
26/08/14 00:12:35 INFO BlockManagerInfo: Added rdd_333_2 in memory on 172.26.0.13:37779 (size: 1808.0 B, free: 412.5 MiB)
26/08/14 00:12:35 INFO BlockManagerInfo: Added rdd_333_4 in memory on 172.26.0.13:37779 (size: 1808.0 B, free: 412.5 MiB)
26/08/14 00:12:35 INFO TaskSetManager: Finished task 2.0 in stage 50.0 (TID 165) in 2872 ms on 172.26.0.13 (executor 1) (1/6)
26/08/14 00:12:35 INFO TaskSetManager: Finished task 5.0 in stage 50.0 (TID 168) in 2874 ms on 172.26.0.12 (executor 0) (2/6)
26/08/14 00:12:35 INFO TaskSetManager: Finished task 3.0 in stage 50.0 (TID 167) in 2875 ms on 172.26.0.13 (executor 1) (3/6)
26/08/14 00:12:35 INFO TaskSetManager: Finished task 1.0 in stage 50.0 (TID 166) in 2876 ms on 172.26.0.12 (executor 0) (4/6)
26/08/14 00:12:35 INFO TaskSetManager: Finished task 0.0 in stage 50.0 (TID 164) in 2877 ms on 172.26.0.12 (executor 0) (5/6)
26/08/14 00:12:35 INFO TaskSetManager: Finished task 4.0 in stage 50.0 (TID 169) in 2876 ms on 172.26.0.13 (executor 1) (6/6)
26/08/14 00:12:35 INFO TaskSchedulerImpl: Removed TaskSet 50.0, whose tasks have all completed, from pool 
26/08/14 00:12:35 INFO DAGScheduler: ResultStage 50 (call at /opt/spark/python/lib/py4j-0.10.9.7-src.zip/py4j/clientserver.py:617) finished in 2.892 s
26/08/14 00:12:35 INFO DAGScheduler: Job 27 is finished. Cancelling potential speculative or zombie tasks for this job
26/08/14 00:12:35 INFO TaskSchedulerImpl: Killing all running tasks in stage 50: Stage finished
26/08/14 00:12:35 INFO DAGScheduler: Job 27 finished: call at /opt/spark/python/lib/py4j-0.10.9.7-src.zip/py4j/clientserver.py:617, took 2.903515 s
26/08/14 00:12:35 INFO DefaultCachedBatchSerializer: Predicate isnotnull(kind#16157) generates partition filter: ((kind.count#16309 - kind.nullCount#16308) > 0)
26/08/14 00:12:35 INFO DefaultCachedBatchSerializer: Predicate (kind#16157 = dlq) generates partition filter: ((kind.lowerBound#16307 <= dlq) AND (dlq <= kind.upperBound#16306))
26/08/14 00:12:35 INFO SparkContext: Starting job: count at <unknown>:0
26/08/14 00:12:35 INFO DAGScheduler: Registering RDD 343 (count at <unknown>:0) as input to shuffle 23
26/08/14 00:12:35 INFO DAGScheduler: Got job 28 (count at <unknown>:0) with 1 output partitions
26/08/14 00:12:35 INFO DAGScheduler: Final stage: ResultStage 52 (count at <unknown>:0)
26/08/14 00:12:35 INFO DAGScheduler: Parents of final stage: List(ShuffleMapStage 51)
26/08/14 00:12:35 INFO DAGScheduler: Missing parents: List(ShuffleMapStage 51)
26/08/14 00:12:35 INFO DAGScheduler: Submitting ShuffleMapStage 51 (MapPartitionsRDD[343] at count at <unknown>:0), which has no missing parents
26/08/14 00:12:35 INFO MemoryStore: Block broadcast_50 stored as values in memory (estimated size 92.2 KiB, free 191.0 MiB)
26/08/14 00:12:35 INFO MemoryStore: Block broadcast_50_piece0 stored as bytes in memory (estimated size 35.3 KiB, free 191.0 MiB)
26/08/14 00:12:35 INFO BlockManagerInfo: Added broadcast_50_piece0 in memory on spark-driver:44031 (size: 35.3 KiB, free: 191.1 MiB)
26/08/14 00:12:35 INFO SparkContext: Created broadcast 50 from broadcast at DAGScheduler.scala:1585
26/08/14 00:12:35 INFO DAGScheduler: Submitting 6 missing tasks from ShuffleMapStage 51 (MapPartitionsRDD[343] at count at <unknown>:0) (first 15 tasks are for partitions Vector(0, 1, 2, 3, 4, 5))
26/08/14 00:12:35 INFO TaskSchedulerImpl: Adding task set 51.0 with 6 tasks resource profile 0
26/08/14 00:12:35 INFO TaskSetManager: Starting task 0.0 in stage 51.0 (TID 170) (172.26.0.12, executor 0, partition 0, PROCESS_LOCAL, 9921 bytes) 
26/08/14 00:12:35 INFO TaskSetManager: Starting task 2.0 in stage 51.0 (TID 171) (172.26.0.13, executor 1, partition 2, PROCESS_LOCAL, 9921 bytes) 
26/08/14 00:12:35 INFO TaskSetManager: Starting task 1.0 in stage 51.0 (TID 172) (172.26.0.12, executor 0, partition 1, PROCESS_LOCAL, 9921 bytes) 
26/08/14 00:12:35 INFO TaskSetManager: Starting task 3.0 in stage 51.0 (TID 173) (172.26.0.13, executor 1, partition 3, PROCESS_LOCAL, 9921 bytes) 
26/08/14 00:12:35 INFO TaskSetManager: Starting task 5.0 in stage 51.0 (TID 174) (172.26.0.12, executor 0, partition 5, PROCESS_LOCAL, 9921 bytes) 
26/08/14 00:12:35 INFO TaskSetManager: Starting task 4.0 in stage 51.0 (TID 175) (172.26.0.13, executor 1, partition 4, PROCESS_LOCAL, 9921 bytes) 
26/08/14 00:12:35 INFO BlockManagerInfo: Added broadcast_50_piece0 in memory on 172.26.0.12:33791 (size: 35.3 KiB, free: 412.5 MiB)
26/08/14 00:12:35 INFO BlockManagerInfo: Added broadcast_50_piece0 in memory on 172.26.0.13:37779 (size: 35.3 KiB, free: 412.5 MiB)
26/08/14 00:12:35 INFO TaskSetManager: Finished task 2.0 in stage 51.0 (TID 171) in 55 ms on 172.26.0.13 (executor 1) (1/6)
26/08/14 00:12:35 INFO TaskSetManager: Finished task 0.0 in stage 51.0 (TID 170) in 79 ms on 172.26.0.12 (executor 0) (2/6)
26/08/14 00:12:35 INFO TaskSetManager: Finished task 1.0 in stage 51.0 (TID 172) in 79 ms on 172.26.0.12 (executor 0) (3/6)
26/08/14 00:12:35 INFO TaskSetManager: Finished task 5.0 in stage 51.0 (TID 174) in 79 ms on 172.26.0.12 (executor 0) (4/6)
26/08/14 00:12:35 INFO TaskSetManager: Finished task 3.0 in stage 51.0 (TID 173) in 79 ms on 172.26.0.13 (executor 1) (5/6)
26/08/14 00:12:35 INFO TaskSetManager: Finished task 4.0 in stage 51.0 (TID 175) in 78 ms on 172.26.0.13 (executor 1) (6/6)
26/08/14 00:12:35 INFO TaskSchedulerImpl: Removed TaskSet 51.0, whose tasks have all completed, from pool 
26/08/14 00:12:35 INFO BlockManagerInfo: Removed broadcast_49_piece0 on spark-driver:44031 in memory (size: 34.0 KiB, free: 191.2 MiB)
26/08/14 00:12:35 INFO BlockManagerInfo: Removed broadcast_49_piece0 on 172.26.0.13:37779 in memory (size: 34.0 KiB, free: 412.5 MiB)
26/08/14 00:12:35 INFO BlockManagerInfo: Removed broadcast_49_piece0 on 172.26.0.12:33791 in memory (size: 34.0 KiB, free: 412.6 MiB)
26/08/14 00:12:35 INFO DAGScheduler: ShuffleMapStage 51 (count at <unknown>:0) finished in 0.113 s
26/08/14 00:12:35 INFO DAGScheduler: looking for newly runnable stages
26/08/14 00:12:35 INFO DAGScheduler: running: Set()
26/08/14 00:12:35 INFO DAGScheduler: waiting: Set(ResultStage 52)
26/08/14 00:12:35 INFO DAGScheduler: failed: Set()
26/08/14 00:12:35 INFO DAGScheduler: Submitting ResultStage 52 (MapPartitionsRDD[346] at count at <unknown>:0), which has no missing parents
26/08/14 00:12:35 INFO MemoryStore: Block broadcast_51 stored as values in memory (estimated size 12.5 KiB, free 191.1 MiB)
26/08/14 00:12:35 INFO MemoryStore: Block broadcast_51_piece0 stored as bytes in memory (estimated size 5.9 KiB, free 191.1 MiB)
26/08/14 00:12:35 INFO BlockManagerInfo: Added broadcast_51_piece0 in memory on spark-driver:44031 (size: 5.9 KiB, free: 191.2 MiB)
26/08/14 00:12:35 INFO SparkContext: Created broadcast 51 from broadcast at DAGScheduler.scala:1585
26/08/14 00:12:35 INFO DAGScheduler: Submitting 1 missing tasks from ResultStage 52 (MapPartitionsRDD[346] at count at <unknown>:0) (first 15 tasks are for partitions Vector(0))
26/08/14 00:12:35 INFO TaskSchedulerImpl: Adding task set 52.0 with 1 tasks resource profile 0
26/08/14 00:12:35 INFO TaskSetManager: Starting task 0.0 in stage 52.0 (TID 176) (172.26.0.13, executor 1, partition 0, NODE_LOCAL, 9003 bytes) 
26/08/14 00:12:35 INFO BlockManagerInfo: Added broadcast_51_piece0 in memory on 172.26.0.13:37779 (size: 5.9 KiB, free: 412.5 MiB)
26/08/14 00:12:35 INFO MapOutputTrackerMasterEndpoint: Asked to send map output locations for shuffle 23 to 172.26.0.13:36452
26/08/14 00:12:35 INFO TaskSetManager: Finished task 0.0 in stage 52.0 (TID 176) in 39 ms on 172.26.0.13 (executor 1) (1/1)
26/08/14 00:12:35 INFO TaskSchedulerImpl: Removed TaskSet 52.0, whose tasks have all completed, from pool 
26/08/14 00:12:35 INFO DAGScheduler: ResultStage 52 (count at <unknown>:0) finished in 0.053 s
26/08/14 00:12:35 INFO DAGScheduler: Job 28 is finished. Cancelling potential speculative or zombie tasks for this job
26/08/14 00:12:35 INFO TaskSchedulerImpl: Killing all running tasks in stage 52: Stage finished
26/08/14 00:12:35 INFO DAGScheduler: Job 28 finished: count at <unknown>:0, took 0.174575 s
26/08/14 00:12:35 INFO MapPartitionsRDD: Removing RDD 333 from persistence list
26/08/14 00:12:35 INFO BlockManager: Removing RDD 333
26/08/14 00:12:35 INFO SparkContext: Starting job: call at /opt/spark/python/lib/py4j-0.10.9.7-src.zip/py4j/clientserver.py:617
26/08/14 00:12:35 INFO DAGScheduler: Registering RDD 351 (call at /opt/spark/python/lib/py4j-0.10.9.7-src.zip/py4j/clientserver.py:617) as input to shuffle 24
26/08/14 00:12:35 INFO DAGScheduler: Got job 29 (call at /opt/spark/python/lib/py4j-0.10.9.7-src.zip/py4j/clientserver.py:617) with 1 output partitions
26/08/14 00:12:35 INFO DAGScheduler: Final stage: ResultStage 54 (call at /opt/spark/python/lib/py4j-0.10.9.7-src.zip/py4j/clientserver.py:617)
26/08/14 00:12:35 INFO DAGScheduler: Parents of final stage: List(ShuffleMapStage 53)
26/08/14 00:12:35 INFO DAGScheduler: Missing parents: List(ShuffleMapStage 53)
26/08/14 00:12:35 INFO DAGScheduler: Submitting ShuffleMapStage 53 (MapPartitionsRDD[351] at call at /opt/spark/python/lib/py4j-0.10.9.7-src.zip/py4j/clientserver.py:617), which has no missing parents
26/08/14 00:12:35 INFO MemoryStore: Block broadcast_52 stored as values in memory (estimated size 66.2 KiB, free 191.0 MiB)
26/08/14 00:12:35 INFO MemoryStore: Block broadcast_52_piece0 stored as bytes in memory (estimated size 24.8 KiB, free 191.0 MiB)
26/08/14 00:12:35 INFO BlockManagerInfo: Added broadcast_52_piece0 in memory on spark-driver:44031 (size: 24.8 KiB, free: 191.1 MiB)
26/08/14 00:12:35 INFO SparkContext: Created broadcast 52 from broadcast at DAGScheduler.scala:1585
26/08/14 00:12:35 INFO DAGScheduler: Submitting 6 missing tasks from ShuffleMapStage 53 (MapPartitionsRDD[351] at call at /opt/spark/python/lib/py4j-0.10.9.7-src.zip/py4j/clientserver.py:617) (first 15 tasks are for partitions Vector(0, 1, 2, 3, 4, 5))
26/08/14 00:12:35 INFO TaskSchedulerImpl: Adding task set 53.0 with 6 tasks resource profile 0
26/08/14 00:12:35 INFO TaskSetManager: Starting task 2.0 in stage 53.0 (TID 177) (172.26.0.13, executor 1, partition 2, PROCESS_LOCAL, 9921 bytes) 
26/08/14 00:12:35 INFO TaskSetManager: Starting task 0.0 in stage 53.0 (TID 178) (172.26.0.12, executor 0, partition 0, PROCESS_LOCAL, 9921 bytes) 
26/08/14 00:12:35 INFO TaskSetManager: Starting task 3.0 in stage 53.0 (TID 179) (172.26.0.13, executor 1, partition 3, PROCESS_LOCAL, 9921 bytes) 
26/08/14 00:12:35 INFO TaskSetManager: Starting task 1.0 in stage 53.0 (TID 180) (172.26.0.12, executor 0, partition 1, PROCESS_LOCAL, 9921 bytes) 
26/08/14 00:12:35 INFO TaskSetManager: Starting task 4.0 in stage 53.0 (TID 181) (172.26.0.13, executor 1, partition 4, PROCESS_LOCAL, 9921 bytes) 
26/08/14 00:12:35 INFO TaskSetManager: Starting task 5.0 in stage 53.0 (TID 182) (172.26.0.12, executor 0, partition 5, PROCESS_LOCAL, 9921 bytes) 
26/08/14 00:12:35 INFO BlockManagerInfo: Added broadcast_52_piece0 in memory on 172.26.0.13:37779 (size: 24.8 KiB, free: 412.5 MiB)
26/08/14 00:12:35 INFO BlockManagerInfo: Added broadcast_52_piece0 in memory on 172.26.0.12:33791 (size: 24.8 KiB, free: 412.5 MiB)
26/08/14 00:12:35 INFO TaskSetManager: Finished task 4.0 in stage 53.0 (TID 181) in 34 ms on 172.26.0.13 (executor 1) (1/6)
26/08/14 00:12:35 INFO TaskSetManager: Finished task 2.0 in stage 53.0 (TID 177) in 36 ms on 172.26.0.13 (executor 1) (2/6)
26/08/14 00:12:35 INFO TaskSetManager: Finished task 3.0 in stage 53.0 (TID 179) in 35 ms on 172.26.0.13 (executor 1) (3/6)
26/08/14 00:12:35 INFO TaskSetManager: Finished task 1.0 in stage 53.0 (TID 180) in 36 ms on 172.26.0.12 (executor 0) (4/6)
26/08/14 00:12:35 INFO TaskSetManager: Finished task 0.0 in stage 53.0 (TID 178) in 37 ms on 172.26.0.12 (executor 0) (5/6)
26/08/14 00:12:35 INFO TaskSetManager: Finished task 5.0 in stage 53.0 (TID 182) in 37 ms on 172.26.0.12 (executor 0) (6/6)
26/08/14 00:12:35 INFO TaskSchedulerImpl: Removed TaskSet 53.0, whose tasks have all completed, from pool 
26/08/14 00:12:35 INFO DAGScheduler: ShuffleMapStage 53 (call at /opt/spark/python/lib/py4j-0.10.9.7-src.zip/py4j/clientserver.py:617) finished in 0.049 s
26/08/14 00:12:35 INFO DAGScheduler: looking for newly runnable stages
26/08/14 00:12:35 INFO DAGScheduler: running: Set()
26/08/14 00:12:35 INFO DAGScheduler: waiting: Set(ResultStage 54)
26/08/14 00:12:35 INFO DAGScheduler: failed: Set()
26/08/14 00:12:35 INFO DAGScheduler: Submitting ResultStage 54 (MapPartitionsRDD[354] at call at /opt/spark/python/lib/py4j-0.10.9.7-src.zip/py4j/clientserver.py:617), which has no missing parents
26/08/14 00:12:35 INFO MemoryStore: Block broadcast_53 stored as values in memory (estimated size 13.1 KiB, free 191.0 MiB)
26/08/14 00:12:35 INFO MemoryStore: Block broadcast_53_piece0 stored as bytes in memory (estimated size 6.1 KiB, free 191.0 MiB)
26/08/14 00:12:35 INFO BlockManagerInfo: Added broadcast_53_piece0 in memory on spark-driver:44031 (size: 6.1 KiB, free: 191.1 MiB)
26/08/14 00:12:35 INFO SparkContext: Created broadcast 53 from broadcast at DAGScheduler.scala:1585
26/08/14 00:12:35 INFO DAGScheduler: Submitting 1 missing tasks from ResultStage 54 (MapPartitionsRDD[354] at call at /opt/spark/python/lib/py4j-0.10.9.7-src.zip/py4j/clientserver.py:617) (first 15 tasks are for partitions Vector(0))
26/08/14 00:12:35 INFO TaskSchedulerImpl: Adding task set 54.0 with 1 tasks resource profile 0
26/08/14 00:12:35 INFO TaskSetManager: Starting task 0.0 in stage 54.0 (TID 183) (172.26.0.12, executor 0, partition 0, NODE_LOCAL, 9003 bytes) 
26/08/14 00:12:35 INFO BlockManagerInfo: Added broadcast_53_piece0 in memory on 172.26.0.12:33791 (size: 6.1 KiB, free: 412.5 MiB)
26/08/14 00:12:35 INFO MapOutputTrackerMasterEndpoint: Asked to send map output locations for shuffle 24 to 172.26.0.12:37282
26/08/14 00:12:35 INFO TaskSetManager: Finished task 0.0 in stage 54.0 (TID 183) in 18 ms on 172.26.0.12 (executor 0) (1/1)
26/08/14 00:12:35 INFO TaskSchedulerImpl: Removed TaskSet 54.0, whose tasks have all completed, from pool 
26/08/14 00:12:35 INFO DAGScheduler: ResultStage 54 (call at /opt/spark/python/lib/py4j-0.10.9.7-src.zip/py4j/clientserver.py:617) finished in 0.020 s
26/08/14 00:12:35 INFO DAGScheduler: Job 29 is finished. Cancelling potential speculative or zombie tasks for this job
26/08/14 00:12:35 INFO TaskSchedulerImpl: Killing all running tasks in stage 54: Stage finished
26/08/14 00:12:35 INFO DAGScheduler: Job 29 finished: call at /opt/spark/python/lib/py4j-0.10.9.7-src.zip/py4j/clientserver.py:617, took 0.078062 s
26/08/14 00:12:35 INFO MapPartitionsRDD: Removing RDD 295 from persistence list
26/08/14 00:12:35 INFO BlockManager: Removing RDD 295
26/08/14 00:12:35 INFO WatermarkTracker: Updating event-time watermark from 1786666225665 to 1786666231211 ms
26/08/14 00:12:35 INFO CheckpointFileManager: Writing atomically to file:/opt/checkpoints/trips/commits/5 using temp file file:/opt/checkpoints/trips/commits/.5.e8e3ab4b-f9fc-4fa9-b008-bba18ce4c779.tmp
26/08/14 00:12:35 INFO CheckpointFileManager: Renamed temp file file:/opt/checkpoints/trips/commits/.5.e8e3ab4b-f9fc-4fa9-b008-bba18ce4c779.tmp to file:/opt/checkpoints/trips/commits/5
26/08/14 00:12:35 INFO MicroBatchExecution: Streaming query made progress: {
  "id" : "673700e1-7609-4c3e-bff3-65e01579062f",
  "runId" : "684f6ae2-98d1-4139-a900-0d86eb048f89",
  "name" : "trips-ingest-chaos_kill_cassandra_1",
  "timestamp" : "2026-08-14T00:12:31.280Z",
  "batchId" : 5,
  "numInputRows" : 4424,
  "inputRowsPerSecond" : 798.4118390182277,
  "processedRowsPerSecond" : 1017.7133655394524,
  "durationMs" : {
    "addBatch" : 4248,
    "commitOffsets" : 29,
    "getBatch" : 0,
    "latestOffset" : 10,
    "queryPlanning" : 19,
    "triggerExecution" : 4347,
    "walCommit" : 37
  },
  "eventTime" : {
    "avg" : "2026-08-14T00:12:27.015Z",
    "max" : "2026-08-14T00:12:31.211Z",
    "min" : "2026-08-14T00:12:22.932Z",
    "watermark" : "2026-08-14T00:10:25.665Z"
  },
  "stateOperators" : [ ],
  "sources" : [ {
    "description" : "KafkaV2[Subscribe[trips.raw]]",
    "startOffset" : {
      "trips.raw" : {
        "2" : 232402,
        "5" : 230859,
        "4" : 232101,
        "1" : 231904,
        "3" : 231982,
        "0" : 232000
      }
    },
    "endOffset" : {
      "trips.raw" : {
        "2" : 233141,
        "5" : 231549,
        "4" : 232822,
        "1" : 232663,
        "3" : 232752,
        "0" : 232745
      }
    },
    "latestOffset" : {
      "trips.raw" : {
        "2" : 233141,
        "5" : 231549,
        "4" : 232822,
        "1" : 232663,
        "3" : 232752,
        "0" : 232745
      }
    },
    "numInputRows" : 4424,
    "inputRowsPerSecond" : 798.4118390182277,
    "processedRowsPerSecond" : 1017.7133655394524,
    "metrics" : {
      "avgOffsetsBehindLatest" : "0.0",
      "maxOffsetsBehindLatest" : "0",
      "minOffsetsBehindLatest" : "0"
    }
  } ],
  "sink" : {
    "description" : "ForeachBatchSink",
    "numOutputRows" : -1
  }
}
26/08/14 00:12:35 INFO BlockManagerInfo: Removed broadcast_50_piece0 on spark-driver:44031 in memory (size: 35.3 KiB, free: 191.2 MiB)
26/08/14 00:12:35 INFO BlockManagerInfo: Removed broadcast_50_piece0 on 172.26.0.12:33791 in memory (size: 35.3 KiB, free: 413.9 MiB)
26/08/14 00:12:35 INFO CheckpointFileManager: Writing atomically to file:/opt/checkpoints/trips/offsets/6 using temp file file:/opt/checkpoints/trips/offsets/.6.4093fc46-0351-43ec-8371-69e2e1945f50.tmp
26/08/14 00:12:35 INFO BlockManagerInfo: Removed broadcast_50_piece0 on 172.26.0.13:37779 in memory (size: 35.3 KiB, free: 413.9 MiB)
26/08/14 00:12:35 INFO BlockManagerInfo: Removed broadcast_51_piece0 on spark-driver:44031 in memory (size: 5.9 KiB, free: 191.2 MiB)
26/08/14 00:12:35 INFO BlockManagerInfo: Removed broadcast_51_piece0 on 172.26.0.13:37779 in memory (size: 5.9 KiB, free: 413.9 MiB)
26/08/14 00:12:35 INFO BlockManagerInfo: Removed broadcast_53_piece0 on spark-driver:44031 in memory (size: 6.1 KiB, free: 191.2 MiB)
26/08/14 00:12:35 INFO BlockManagerInfo: Removed broadcast_53_piece0 on 172.26.0.12:33791 in memory (size: 6.1 KiB, free: 413.9 MiB)
26/08/14 00:12:35 INFO BlockManagerInfo: Removed broadcast_52_piece0 on spark-driver:44031 in memory (size: 24.8 KiB, free: 191.2 MiB)
26/08/14 00:12:35 INFO BlockManagerInfo: Removed broadcast_52_piece0 on 172.26.0.12:33791 in memory (size: 24.8 KiB, free: 413.9 MiB)
26/08/14 00:12:35 INFO BlockManagerInfo: Removed broadcast_52_piece0 on 172.26.0.13:37779 in memory (size: 24.8 KiB, free: 413.9 MiB)
26/08/14 00:12:35 INFO CheckpointFileManager: Renamed temp file file:/opt/checkpoints/trips/offsets/.6.4093fc46-0351-43ec-8371-69e2e1945f50.tmp to file:/opt/checkpoints/trips/offsets/6
26/08/14 00:12:35 INFO MicroBatchExecution: Committed offsets for batch 6. Metadata OffsetSeqMetadata(1786666231211,1786666355638,Map(spark.sql.streaming.stateStore.providerClass -> org.apache.spark.sql.execution.streaming.state.HDFSBackedStateStoreProvider, spark.sql.streaming.join.stateFormatVersion -> 2, spark.sql.streaming.stateStore.compression.codec -> lz4, spark.sql.streaming.stateStore.rocksdb.formatVersion -> 5, spark.sql.streaming.statefulOperator.useStrictDistribution -> true, spark.sql.streaming.flatMapGroupsWithState.stateFormatVersion -> 2, spark.sql.streaming.multipleWatermarkPolicy -> min, spark.sql.streaming.aggregation.stateFormatVersion -> 2, spark.sql.shuffle.partitions -> 6))
26/08/14 00:12:35 INFO KafkaOffsetReaderAdmin: Partitions added: Map()
26/08/14 00:12:35 INFO KafkaOffsetReaderAdmin: Partitions added: Map()
26/08/14 00:12:35 INFO KafkaOffsetReaderAdmin: Partitions added: Map()
26/08/14 00:12:35 INFO KafkaOffsetReaderAdmin: Partitions added: Map()
2026-08-14 00:12:35,716 INFO  [stream] Received command c on object id p0
26/08/14 00:12:35 INFO SparkContext: Starting job: count at <unknown>:0
26/08/14 00:12:35 INFO DAGScheduler: Registering RDD 369 (count at <unknown>:0) as input to shuffle 25
26/08/14 00:12:35 INFO DAGScheduler: Got job 30 (count at <unknown>:0) with 1 output partitions
26/08/14 00:12:35 INFO DAGScheduler: Final stage: ResultStage 56 (count at <unknown>:0)
26/08/14 00:12:35 INFO DAGScheduler: Parents of final stage: List(ShuffleMapStage 55)
26/08/14 00:12:35 INFO DAGScheduler: Missing parents: List(ShuffleMapStage 55)
26/08/14 00:12:35 INFO DAGScheduler: Submitting ShuffleMapStage 55 (MapPartitionsRDD[369] at count at <unknown>:0), which has no missing parents
26/08/14 00:12:35 INFO MemoryStore: Block broadcast_54 stored as values in memory (estimated size 64.6 KiB, free 191.1 MiB)
26/08/14 00:12:35 INFO MemoryStore: Block broadcast_54_piece0 stored as bytes in memory (estimated size 24.1 KiB, free 191.1 MiB)
26/08/14 00:12:35 INFO BlockManagerInfo: Added broadcast_54_piece0 in memory on spark-driver:44031 (size: 24.1 KiB, free: 191.2 MiB)
26/08/14 00:12:35 INFO SparkContext: Created broadcast 54 from broadcast at DAGScheduler.scala:1585
26/08/14 00:12:35 INFO DAGScheduler: Submitting 6 missing tasks from ShuffleMapStage 55 (MapPartitionsRDD[369] at count at <unknown>:0) (first 15 tasks are for partitions Vector(0, 1, 2, 3, 4, 5))
26/08/14 00:12:35 INFO TaskSchedulerImpl: Adding task set 55.0 with 6 tasks resource profile 0
26/08/14 00:12:35 INFO TaskSetManager: Starting task 2.0 in stage 55.0 (TID 184) (172.26.0.13, executor 1, partition 2, PROCESS_LOCAL, 9921 bytes) 
26/08/14 00:12:35 INFO TaskSetManager: Starting task 0.0 in stage 55.0 (TID 185) (172.26.0.12, executor 0, partition 0, PROCESS_LOCAL, 9921 bytes) 
26/08/14 00:12:35 INFO TaskSetManager: Starting task 3.0 in stage 55.0 (TID 186) (172.26.0.13, executor 1, partition 3, PROCESS_LOCAL, 9921 bytes) 
26/08/14 00:12:35 INFO TaskSetManager: Starting task 1.0 in stage 55.0 (TID 187) (172.26.0.12, executor 0, partition 1, PROCESS_LOCAL, 9921 bytes) 
26/08/14 00:12:35 INFO TaskSetManager: Starting task 4.0 in stage 55.0 (TID 188) (172.26.0.13, executor 1, partition 4, PROCESS_LOCAL, 9921 bytes) 
26/08/14 00:12:35 INFO TaskSetManager: Starting task 5.0 in stage 55.0 (TID 189) (172.26.0.12, executor 0, partition 5, PROCESS_LOCAL, 9921 bytes) 
26/08/14 00:12:35 INFO BlockManagerInfo: Added broadcast_54_piece0 in memory on 172.26.0.13:37779 (size: 24.1 KiB, free: 413.9 MiB)
26/08/14 00:12:35 INFO BlockManagerInfo: Added broadcast_54_piece0 in memory on 172.26.0.12:33791 (size: 24.1 KiB, free: 413.9 MiB)
26/08/14 00:12:35 INFO BlockManagerInfo: Added rdd_364_0 in memory on 172.26.0.12:33791 (size: 357.9 KiB, free: 413.6 MiB)
26/08/14 00:12:35 INFO BlockManagerInfo: Added rdd_364_1 in memory on 172.26.0.12:33791 (size: 350.4 KiB, free: 413.2 MiB)
26/08/14 00:12:35 INFO BlockManagerInfo: Added rdd_364_3 in memory on 172.26.0.13:37779 (size: 345.4 KiB, free: 413.6 MiB)
26/08/14 00:12:35 INFO TaskSetManager: Finished task 0.0 in stage 55.0 (TID 185) in 161 ms on 172.26.0.12 (executor 0) (1/6)
26/08/14 00:12:35 INFO TaskSetManager: Finished task 1.0 in stage 55.0 (TID 187) in 160 ms on 172.26.0.12 (executor 0) (2/6)
26/08/14 00:12:35 INFO BlockManagerInfo: Added rdd_364_5 in memory on 172.26.0.12:33791 (size: 365.0 KiB, free: 412.9 MiB)
26/08/14 00:12:35 INFO BlockManagerInfo: Added rdd_364_4 in memory on 172.26.0.13:37779 (size: 382.6 KiB, free: 413.2 MiB)
26/08/14 00:12:35 INFO BlockManagerInfo: Added rdd_364_2 in memory on 172.26.0.13:37779 (size: 352.7 KiB, free: 412.8 MiB)
26/08/14 00:12:35 INFO TaskSetManager: Finished task 3.0 in stage 55.0 (TID 186) in 171 ms on 172.26.0.13 (executor 1) (3/6)
26/08/14 00:12:35 INFO TaskSetManager: Finished task 4.0 in stage 55.0 (TID 188) in 173 ms on 172.26.0.13 (executor 1) (4/6)
26/08/14 00:12:35 INFO TaskSetManager: Finished task 5.0 in stage 55.0 (TID 189) in 173 ms on 172.26.0.12 (executor 0) (5/6)
26/08/14 00:12:35 INFO TaskSetManager: Finished task 2.0 in stage 55.0 (TID 184) in 184 ms on 172.26.0.13 (executor 1) (6/6)
26/08/14 00:12:35 INFO TaskSchedulerImpl: Removed TaskSet 55.0, whose tasks have all completed, from pool 
26/08/14 00:12:35 INFO DAGScheduler: ShuffleMapStage 55 (count at <unknown>:0) finished in 0.192 s
26/08/14 00:12:35 INFO DAGScheduler: looking for newly runnable stages
26/08/14 00:12:35 INFO DAGScheduler: running: Set()
26/08/14 00:12:35 INFO DAGScheduler: waiting: Set(ResultStage 56)
26/08/14 00:12:35 INFO DAGScheduler: failed: Set()
26/08/14 00:12:35 INFO DAGScheduler: Submitting ResultStage 56 (MapPartitionsRDD[372] at count at <unknown>:0), which has no missing parents
26/08/14 00:12:35 INFO MemoryStore: Block broadcast_55 stored as values in memory (estimated size 12.5 KiB, free 191.1 MiB)
26/08/14 00:12:35 INFO MemoryStore: Block broadcast_55_piece0 stored as bytes in memory (estimated size 5.9 KiB, free 191.1 MiB)
26/08/14 00:12:35 INFO BlockManagerInfo: Added broadcast_55_piece0 in memory on spark-driver:44031 (size: 5.9 KiB, free: 191.2 MiB)
26/08/14 00:12:35 INFO SparkContext: Created broadcast 55 from broadcast at DAGScheduler.scala:1585
26/08/14 00:12:35 INFO DAGScheduler: Submitting 1 missing tasks from ResultStage 56 (MapPartitionsRDD[372] at count at <unknown>:0) (first 15 tasks are for partitions Vector(0))
26/08/14 00:12:35 INFO TaskSchedulerImpl: Adding task set 56.0 with 1 tasks resource profile 0
26/08/14 00:12:35 INFO TaskSetManager: Starting task 0.0 in stage 56.0 (TID 190) (172.26.0.12, executor 0, partition 0, NODE_LOCAL, 9003 bytes) 
26/08/14 00:12:35 INFO BlockManagerInfo: Added broadcast_55_piece0 in memory on 172.26.0.12:33791 (size: 5.9 KiB, free: 412.8 MiB)
26/08/14 00:12:35 INFO MapOutputTrackerMasterEndpoint: Asked to send map output locations for shuffle 25 to 172.26.0.12:37282
26/08/14 00:12:35 INFO TaskSetManager: Finished task 0.0 in stage 56.0 (TID 190) in 31 ms on 172.26.0.12 (executor 0) (1/1)
26/08/14 00:12:35 INFO TaskSchedulerImpl: Removed TaskSet 56.0, whose tasks have all completed, from pool 
26/08/14 00:12:35 INFO DAGScheduler: ResultStage 56 (count at <unknown>:0) finished in 0.037 s
26/08/14 00:12:35 INFO DAGScheduler: Job 30 is finished. Cancelling potential speculative or zombie tasks for this job
26/08/14 00:12:35 INFO TaskSchedulerImpl: Killing all running tasks in stage 56: Stage finished
26/08/14 00:12:35 INFO DAGScheduler: Job 30 finished: count at <unknown>:0, took 0.237207 s
26/08/14 00:12:36 INFO SparkContext: Starting job: count at <unknown>:0
26/08/14 00:12:36 INFO DAGScheduler: Registering RDD 377 (count at <unknown>:0) as input to shuffle 26
26/08/14 00:12:36 INFO DAGScheduler: Got job 31 (count at <unknown>:0) with 1 output partitions
26/08/14 00:12:36 INFO DAGScheduler: Final stage: ResultStage 58 (count at <unknown>:0)
26/08/14 00:12:36 INFO DAGScheduler: Parents of final stage: List(ShuffleMapStage 57)
26/08/14 00:12:36 INFO DAGScheduler: Missing parents: List(ShuffleMapStage 57)
26/08/14 00:12:36 INFO DAGScheduler: Submitting ShuffleMapStage 57 (MapPartitionsRDD[377] at count at <unknown>:0), which has no missing parents
26/08/14 00:12:36 INFO MemoryStore: Block broadcast_56 stored as values in memory (estimated size 64.9 KiB, free 191.0 MiB)
26/08/14 00:12:36 INFO MemoryStore: Block broadcast_56_piece0 stored as bytes in memory (estimated size 24.2 KiB, free 191.0 MiB)
26/08/14 00:12:36 INFO BlockManagerInfo: Added broadcast_56_piece0 in memory on spark-driver:44031 (size: 24.2 KiB, free: 191.2 MiB)
26/08/14 00:12:36 INFO SparkContext: Created broadcast 56 from broadcast at DAGScheduler.scala:1585
26/08/14 00:12:36 INFO DAGScheduler: Submitting 6 missing tasks from ShuffleMapStage 57 (MapPartitionsRDD[377] at count at <unknown>:0) (first 15 tasks are for partitions Vector(0, 1, 2, 3, 4, 5))
26/08/14 00:12:36 INFO TaskSchedulerImpl: Adding task set 57.0 with 6 tasks resource profile 0
26/08/14 00:12:36 INFO TaskSetManager: Starting task 0.0 in stage 57.0 (TID 191) (172.26.0.12, executor 0, partition 0, PROCESS_LOCAL, 9921 bytes) 
26/08/14 00:12:36 INFO TaskSetManager: Starting task 2.0 in stage 57.0 (TID 192) (172.26.0.13, executor 1, partition 2, PROCESS_LOCAL, 9921 bytes) 
26/08/14 00:12:36 INFO TaskSetManager: Starting task 1.0 in stage 57.0 (TID 193) (172.26.0.12, executor 0, partition 1, PROCESS_LOCAL, 9921 bytes) 
26/08/14 00:12:36 INFO TaskSetManager: Starting task 3.0 in stage 57.0 (TID 194) (172.26.0.13, executor 1, partition 3, PROCESS_LOCAL, 9921 bytes) 
26/08/14 00:12:36 INFO TaskSetManager: Starting task 5.0 in stage 57.0 (TID 195) (172.26.0.12, executor 0, partition 5, PROCESS_LOCAL, 9921 bytes) 
26/08/14 00:12:36 INFO TaskSetManager: Starting task 4.0 in stage 57.0 (TID 196) (172.26.0.13, executor 1, partition 4, PROCESS_LOCAL, 9921 bytes) 
26/08/14 00:12:36 INFO BlockManagerInfo: Added broadcast_56_piece0 in memory on 172.26.0.12:33791 (size: 24.2 KiB, free: 412.8 MiB)
26/08/14 00:12:36 INFO BlockManagerInfo: Added broadcast_56_piece0 in memory on 172.26.0.13:37779 (size: 24.2 KiB, free: 412.8 MiB)
26/08/14 00:12:36 INFO TaskSetManager: Finished task 3.0 in stage 57.0 (TID 194) in 22 ms on 172.26.0.13 (executor 1) (1/6)
26/08/14 00:12:36 INFO TaskSetManager: Finished task 2.0 in stage 57.0 (TID 192) in 25 ms on 172.26.0.13 (executor 1) (2/6)
26/08/14 00:12:36 INFO TaskSetManager: Finished task 4.0 in stage 57.0 (TID 196) in 25 ms on 172.26.0.13 (executor 1) (3/6)
26/08/14 00:12:36 INFO TaskSetManager: Finished task 5.0 in stage 57.0 (TID 195) in 37 ms on 172.26.0.12 (executor 0) (4/6)
26/08/14 00:12:36 INFO TaskSetManager: Finished task 1.0 in stage 57.0 (TID 193) in 39 ms on 172.26.0.12 (executor 0) (5/6)
26/08/14 00:12:36 INFO TaskSetManager: Finished task 0.0 in stage 57.0 (TID 191) in 41 ms on 172.26.0.12 (executor 0) (6/6)
26/08/14 00:12:36 INFO TaskSchedulerImpl: Removed TaskSet 57.0, whose tasks have all completed, from pool 
26/08/14 00:12:36 INFO DAGScheduler: ShuffleMapStage 57 (count at <unknown>:0) finished in 0.045 s
26/08/14 00:12:36 INFO DAGScheduler: looking for newly runnable stages
26/08/14 00:12:36 INFO DAGScheduler: running: Set()
26/08/14 00:12:36 INFO DAGScheduler: waiting: Set(ResultStage 58)
26/08/14 00:12:36 INFO DAGScheduler: failed: Set()
26/08/14 00:12:36 INFO DAGScheduler: Submitting ResultStage 58 (MapPartitionsRDD[380] at count at <unknown>:0), which has no missing parents
26/08/14 00:12:36 INFO MemoryStore: Block broadcast_57 stored as values in memory (estimated size 12.5 KiB, free 191.0 MiB)
26/08/14 00:12:36 INFO MemoryStore: Block broadcast_57_piece0 stored as bytes in memory (estimated size 5.9 KiB, free 191.0 MiB)
26/08/14 00:12:36 INFO BlockManagerInfo: Added broadcast_57_piece0 in memory on spark-driver:44031 (size: 5.9 KiB, free: 191.2 MiB)
26/08/14 00:12:36 INFO SparkContext: Created broadcast 57 from broadcast at DAGScheduler.scala:1585
26/08/14 00:12:36 INFO DAGScheduler: Submitting 1 missing tasks from ResultStage 58 (MapPartitionsRDD[380] at count at <unknown>:0) (first 15 tasks are for partitions Vector(0))
26/08/14 00:12:36 INFO TaskSchedulerImpl: Adding task set 58.0 with 1 tasks resource profile 0
26/08/14 00:12:36 INFO TaskSetManager: Starting task 0.0 in stage 58.0 (TID 197) (172.26.0.12, executor 0, partition 0, NODE_LOCAL, 9003 bytes) 
26/08/14 00:12:36 INFO BlockManagerInfo: Added broadcast_57_piece0 in memory on 172.26.0.12:33791 (size: 5.9 KiB, free: 412.8 MiB)
26/08/14 00:12:36 INFO MapOutputTrackerMasterEndpoint: Asked to send map output locations for shuffle 26 to 172.26.0.12:37282
26/08/14 00:12:36 INFO TaskSetManager: Finished task 0.0 in stage 58.0 (TID 197) in 31 ms on 172.26.0.12 (executor 0) (1/1)
26/08/14 00:12:36 INFO TaskSchedulerImpl: Removed TaskSet 58.0, whose tasks have all completed, from pool 
26/08/14 00:12:36 INFO DAGScheduler: ResultStage 58 (count at <unknown>:0) finished in 0.037 s
26/08/14 00:12:36 INFO DAGScheduler: Job 31 is finished. Cancelling potential speculative or zombie tasks for this job
26/08/14 00:12:36 INFO TaskSchedulerImpl: Killing all running tasks in stage 58: Stage finished
26/08/14 00:12:36 INFO DAGScheduler: Job 31 finished: count at <unknown>:0, took 0.087983 s
26/08/14 00:12:36 INFO BlockManagerInfo: Removed broadcast_57_piece0 on spark-driver:44031 in memory (size: 5.9 KiB, free: 191.2 MiB)
26/08/14 00:12:36 INFO BlockManagerInfo: Removed broadcast_57_piece0 on 172.26.0.12:33791 in memory (size: 5.9 KiB, free: 412.8 MiB)
26/08/14 00:12:36 INFO BlockManagerInfo: Removed broadcast_55_piece0 on spark-driver:44031 in memory (size: 5.9 KiB, free: 191.2 MiB)
26/08/14 00:12:36 INFO BlockManagerInfo: Removed broadcast_55_piece0 on 172.26.0.12:33791 in memory (size: 5.9 KiB, free: 412.8 MiB)
26/08/14 00:12:36 INFO BlockManagerInfo: Removed broadcast_56_piece0 on spark-driver:44031 in memory (size: 24.2 KiB, free: 191.2 MiB)
26/08/14 00:12:36 INFO BlockManagerInfo: Removed broadcast_56_piece0 on 172.26.0.13:37779 in memory (size: 24.2 KiB, free: 412.8 MiB)
26/08/14 00:12:36 INFO BlockManagerInfo: Removed broadcast_56_piece0 on 172.26.0.12:33791 in memory (size: 24.2 KiB, free: 412.9 MiB)
26/08/14 00:12:36 INFO BlockManagerInfo: Removed broadcast_54_piece0 on spark-driver:44031 in memory (size: 24.1 KiB, free: 191.2 MiB)
26/08/14 00:12:36 INFO BlockManagerInfo: Removed broadcast_54_piece0 on 172.26.0.12:33791 in memory (size: 24.1 KiB, free: 412.9 MiB)
26/08/14 00:12:36 INFO BlockManagerInfo: Removed broadcast_54_piece0 on 172.26.0.13:37779 in memory (size: 24.1 KiB, free: 412.9 MiB)
26/08/14 00:12:36 INFO CodeGenerator: Code generated in 12.0775 ms
26/08/14 00:12:36 INFO DefaultCachedBatchSerializer: Predicate isnotnull(event_time#89-T120000ms) generates partition filter: ((event_time.count#18929 - event_time.nullCount#18928) > 0)
26/08/14 00:12:36 INFO DefaultCachedBatchSerializer: Predicate (event_time#89-T120000ms < 2026-08-14 00:10:31.211) generates partition filter: (event_time.lowerBound#18927 < 2026-08-14 00:10:31.211)
26/08/14 00:12:36 INFO SparkContext: Starting job: count at <unknown>:0
26/08/14 00:12:36 INFO DAGScheduler: Registering RDD 385 (count at <unknown>:0) as input to shuffle 27
26/08/14 00:12:36 INFO DAGScheduler: Got job 32 (count at <unknown>:0) with 1 output partitions
26/08/14 00:12:36 INFO DAGScheduler: Final stage: ResultStage 60 (count at <unknown>:0)
26/08/14 00:12:36 INFO DAGScheduler: Parents of final stage: List(ShuffleMapStage 59)
26/08/14 00:12:36 INFO DAGScheduler: Missing parents: List(ShuffleMapStage 59)
26/08/14 00:12:36 INFO DAGScheduler: Submitting ShuffleMapStage 59 (MapPartitionsRDD[385] at count at <unknown>:0), which has no missing parents
26/08/14 00:12:36 INFO MemoryStore: Block broadcast_58 stored as values in memory (estimated size 67.2 KiB, free 191.1 MiB)
26/08/14 00:12:36 INFO MemoryStore: Block broadcast_58_piece0 stored as bytes in memory (estimated size 25.6 KiB, free 191.1 MiB)
26/08/14 00:12:36 INFO BlockManagerInfo: Added broadcast_58_piece0 in memory on spark-driver:44031 (size: 25.6 KiB, free: 191.2 MiB)
26/08/14 00:12:36 INFO SparkContext: Created broadcast 58 from broadcast at DAGScheduler.scala:1585
26/08/14 00:12:36 INFO DAGScheduler: Submitting 6 missing tasks from ShuffleMapStage 59 (MapPartitionsRDD[385] at count at <unknown>:0) (first 15 tasks are for partitions Vector(0, 1, 2, 3, 4, 5))
26/08/14 00:12:36 INFO TaskSchedulerImpl: Adding task set 59.0 with 6 tasks resource profile 0
26/08/14 00:12:36 INFO TaskSetManager: Starting task 0.0 in stage 59.0 (TID 198) (172.26.0.12, executor 0, partition 0, PROCESS_LOCAL, 9921 bytes) 
26/08/14 00:12:36 INFO TaskSetManager: Starting task 2.0 in stage 59.0 (TID 199) (172.26.0.13, executor 1, partition 2, PROCESS_LOCAL, 9921 bytes) 
26/08/14 00:12:36 INFO TaskSetManager: Starting task 1.0 in stage 59.0 (TID 200) (172.26.0.12, executor 0, partition 1, PROCESS_LOCAL, 9921 bytes) 
26/08/14 00:12:36 INFO TaskSetManager: Starting task 3.0 in stage 59.0 (TID 201) (172.26.0.13, executor 1, partition 3, PROCESS_LOCAL, 9921 bytes) 
26/08/14 00:12:36 INFO TaskSetManager: Starting task 5.0 in stage 59.0 (TID 202) (172.26.0.12, executor 0, partition 5, PROCESS_LOCAL, 9921 bytes) 
26/08/14 00:12:36 INFO TaskSetManager: Starting task 4.0 in stage 59.0 (TID 203) (172.26.0.13, executor 1, partition 4, PROCESS_LOCAL, 9921 bytes) 
26/08/14 00:12:36 INFO BlockManagerInfo: Added broadcast_58_piece0 in memory on 172.26.0.13:37779 (size: 25.6 KiB, free: 412.8 MiB)
26/08/14 00:12:36 INFO BlockManagerInfo: Added broadcast_58_piece0 in memory on 172.26.0.12:33791 (size: 25.6 KiB, free: 412.9 MiB)
26/08/14 00:12:36 INFO TaskSetManager: Finished task 1.0 in stage 59.0 (TID 200) in 102 ms on 172.26.0.12 (executor 0) (1/6)
26/08/14 00:12:36 INFO TaskSetManager: Finished task 5.0 in stage 59.0 (TID 202) in 101 ms on 172.26.0.12 (executor 0) (2/6)
26/08/14 00:12:36 INFO TaskSetManager: Finished task 0.0 in stage 59.0 (TID 198) in 103 ms on 172.26.0.12 (executor 0) (3/6)
26/08/14 00:12:36 INFO TaskSetManager: Finished task 2.0 in stage 59.0 (TID 199) in 108 ms on 172.26.0.13 (executor 1) (4/6)
26/08/14 00:12:36 INFO TaskSetManager: Finished task 3.0 in stage 59.0 (TID 201) in 107 ms on 172.26.0.13 (executor 1) (5/6)
26/08/14 00:12:36 INFO TaskSetManager: Finished task 4.0 in stage 59.0 (TID 203) in 107 ms on 172.26.0.13 (executor 1) (6/6)
26/08/14 00:12:36 INFO TaskSchedulerImpl: Removed TaskSet 59.0, whose tasks have all completed, from pool 
26/08/14 00:12:36 INFO DAGScheduler: ShuffleMapStage 59 (count at <unknown>:0) finished in 0.114 s
26/08/14 00:12:36 INFO DAGScheduler: looking for newly runnable stages
26/08/14 00:12:36 INFO DAGScheduler: running: Set()
26/08/14 00:12:36 INFO DAGScheduler: waiting: Set(ResultStage 60)
26/08/14 00:12:36 INFO DAGScheduler: failed: Set()
26/08/14 00:12:36 INFO DAGScheduler: Submitting ResultStage 60 (MapPartitionsRDD[388] at count at <unknown>:0), which has no missing parents
26/08/14 00:12:36 INFO MemoryStore: Block broadcast_59 stored as values in memory (estimated size 12.5 KiB, free 191.1 MiB)
26/08/14 00:12:36 INFO MemoryStore: Block broadcast_59_piece0 stored as bytes in memory (estimated size 5.9 KiB, free 191.1 MiB)
26/08/14 00:12:36 INFO BlockManagerInfo: Added broadcast_59_piece0 in memory on spark-driver:44031 (size: 5.9 KiB, free: 191.2 MiB)
26/08/14 00:12:36 INFO SparkContext: Created broadcast 59 from broadcast at DAGScheduler.scala:1585
26/08/14 00:12:36 INFO DAGScheduler: Submitting 1 missing tasks from ResultStage 60 (MapPartitionsRDD[388] at count at <unknown>:0) (first 15 tasks are for partitions Vector(0))
26/08/14 00:12:36 INFO TaskSchedulerImpl: Adding task set 60.0 with 1 tasks resource profile 0
26/08/14 00:12:36 INFO TaskSetManager: Starting task 0.0 in stage 60.0 (TID 204) (172.26.0.13, executor 1, partition 0, NODE_LOCAL, 9003 bytes) 
26/08/14 00:12:36 INFO BlockManagerInfo: Added broadcast_59_piece0 in memory on 172.26.0.13:37779 (size: 5.9 KiB, free: 412.8 MiB)
26/08/14 00:12:36 INFO MapOutputTrackerMasterEndpoint: Asked to send map output locations for shuffle 27 to 172.26.0.13:36452
26/08/14 00:12:36 INFO TaskSetManager: Finished task 0.0 in stage 60.0 (TID 204) in 16 ms on 172.26.0.13 (executor 1) (1/1)
26/08/14 00:12:36 INFO TaskSchedulerImpl: Removed TaskSet 60.0, whose tasks have all completed, from pool 
26/08/14 00:12:36 INFO DAGScheduler: ResultStage 60 (count at <unknown>:0) finished in 0.018 s
26/08/14 00:12:36 INFO DAGScheduler: Job 32 is finished. Cancelling potential speculative or zombie tasks for this job
26/08/14 00:12:36 INFO TaskSchedulerImpl: Killing all running tasks in stage 60: Stage finished
26/08/14 00:12:36 INFO DAGScheduler: Job 32 finished: count at <unknown>:0, took 0.136600 s
26/08/14 00:12:36 INFO BlockManagerInfo: Removed broadcast_59_piece0 on spark-driver:44031 in memory (size: 5.9 KiB, free: 191.2 MiB)
26/08/14 00:12:36 INFO BlockManagerInfo: Removed broadcast_59_piece0 on 172.26.0.13:37779 in memory (size: 5.9 KiB, free: 412.8 MiB)
26/08/14 00:12:36 INFO BlockManagerInfo: Removed broadcast_58_piece0 on spark-driver:44031 in memory (size: 25.6 KiB, free: 191.2 MiB)
26/08/14 00:12:36 INFO BlockManagerInfo: Removed broadcast_58_piece0 on 172.26.0.13:37779 in memory (size: 25.6 KiB, free: 412.9 MiB)
26/08/14 00:12:36 INFO BlockManagerInfo: Removed broadcast_58_piece0 on 172.26.0.12:33791 in memory (size: 25.6 KiB, free: 412.9 MiB)
26/08/14 00:12:36 INFO DefaultCachedBatchSerializer: Predicate isnotnull(kind#19486) generates partition filter: ((kind.count#19555 - kind.nullCount#19554) > 0)
26/08/14 00:12:36 INFO DefaultCachedBatchSerializer: Predicate (kind#19486 = stats) generates partition filter: ((kind.lowerBound#19553 <= stats) AND (stats <= kind.upperBound#19552))
26/08/14 00:12:36 INFO SparkContext: Starting job: call at /opt/spark/python/lib/py4j-0.10.9.7-src.zip/py4j/clientserver.py:617
26/08/14 00:12:36 INFO DAGScheduler: Got job 33 (call at /opt/spark/python/lib/py4j-0.10.9.7-src.zip/py4j/clientserver.py:617) with 6 output partitions
26/08/14 00:12:36 INFO DAGScheduler: Final stage: ResultStage 61 (call at /opt/spark/python/lib/py4j-0.10.9.7-src.zip/py4j/clientserver.py:617)
26/08/14 00:12:36 INFO DAGScheduler: Parents of final stage: List()
26/08/14 00:12:36 INFO DAGScheduler: Missing parents: List()
26/08/14 00:12:36 INFO DAGScheduler: Submitting ResultStage 61 (MapPartitionsRDD[407] at call at /opt/spark/python/lib/py4j-0.10.9.7-src.zip/py4j/clientserver.py:617), which has no missing parents
26/08/14 00:12:36 INFO MemoryStore: Block broadcast_60 stored as values in memory (estimated size 90.0 KiB, free 191.1 MiB)
26/08/14 00:12:36 INFO MemoryStore: Block broadcast_60_piece0 stored as bytes in memory (estimated size 34.0 KiB, free 191.1 MiB)
26/08/14 00:12:36 INFO BlockManagerInfo: Added broadcast_60_piece0 in memory on spark-driver:44031 (size: 34.0 KiB, free: 191.2 MiB)
26/08/14 00:12:36 INFO SparkContext: Created broadcast 60 from broadcast at DAGScheduler.scala:1585
26/08/14 00:12:36 INFO DAGScheduler: Submitting 6 missing tasks from ResultStage 61 (MapPartitionsRDD[407] at call at /opt/spark/python/lib/py4j-0.10.9.7-src.zip/py4j/clientserver.py:617) (first 15 tasks are for partitions Vector(0, 1, 2, 3, 4, 5))
26/08/14 00:12:36 INFO TaskSchedulerImpl: Adding task set 61.0 with 6 tasks resource profile 0
26/08/14 00:12:36 INFO TaskSetManager: Starting task 2.0 in stage 61.0 (TID 205) (172.26.0.13, executor 1, partition 2, PROCESS_LOCAL, 9932 bytes) 
26/08/14 00:12:36 INFO TaskSetManager: Starting task 0.0 in stage 61.0 (TID 206) (172.26.0.12, executor 0, partition 0, PROCESS_LOCAL, 9932 bytes) 
26/08/14 00:12:36 INFO TaskSetManager: Starting task 3.0 in stage 61.0 (TID 207) (172.26.0.13, executor 1, partition 3, PROCESS_LOCAL, 9932 bytes) 
26/08/14 00:12:36 INFO TaskSetManager: Starting task 1.0 in stage 61.0 (TID 208) (172.26.0.12, executor 0, partition 1, PROCESS_LOCAL, 9932 bytes) 
26/08/14 00:12:36 INFO TaskSetManager: Starting task 4.0 in stage 61.0 (TID 209) (172.26.0.13, executor 1, partition 4, PROCESS_LOCAL, 9932 bytes) 
26/08/14 00:12:36 INFO TaskSetManager: Starting task 5.0 in stage 61.0 (TID 210) (172.26.0.12, executor 0, partition 5, PROCESS_LOCAL, 9932 bytes) 
26/08/14 00:12:36 INFO BlockManagerInfo: Added broadcast_60_piece0 in memory on 172.26.0.13:37779 (size: 34.0 KiB, free: 412.8 MiB)
26/08/14 00:12:36 INFO BlockManagerInfo: Added broadcast_60_piece0 in memory on 172.26.0.12:33791 (size: 34.0 KiB, free: 412.8 MiB)
26/08/14 00:12:37 INFO BlockManagerInfo: Added rdd_402_5 in memory on 172.26.0.12:33791 (size: 1808.0 B, free: 412.8 MiB)
26/08/14 00:12:37 INFO BlockManagerInfo: Added rdd_402_1 in memory on 172.26.0.12:33791 (size: 1808.0 B, free: 412.8 MiB)
26/08/14 00:12:37 INFO BlockManagerInfo: Added rdd_402_2 in memory on 172.26.0.13:37779 (size: 1808.0 B, free: 412.8 MiB)
26/08/14 00:12:37 INFO BlockManagerInfo: Added rdd_402_3 in memory on 172.26.0.13:37779 (size: 1808.0 B, free: 412.8 MiB)
26/08/14 00:12:37 INFO BlockManagerInfo: Added rdd_402_4 in memory on 172.26.0.13:37779 (size: 1808.0 B, free: 412.8 MiB)
26/08/14 00:12:37 INFO BlockManagerInfo: Added rdd_402_0 in memory on 172.26.0.12:33791 (size: 1792.0 B, free: 412.8 MiB)
26/08/14 00:12:37 INFO TaskSetManager: Finished task 5.0 in stage 61.0 (TID 210) in 1249 ms on 172.26.0.12 (executor 0) (1/6)
26/08/14 00:12:37 INFO TaskSetManager: Finished task 1.0 in stage 61.0 (TID 208) in 1255 ms on 172.26.0.12 (executor 0) (2/6)
26/08/14 00:12:37 INFO TaskSetManager: Finished task 0.0 in stage 61.0 (TID 206) in 1256 ms on 172.26.0.12 (executor 0) (3/6)
26/08/14 00:12:37 INFO TaskSetManager: Finished task 3.0 in stage 61.0 (TID 207) in 1314 ms on 172.26.0.13 (executor 1) (4/6)
26/08/14 00:12:37 INFO TaskSetManager: Finished task 4.0 in stage 61.0 (TID 209) in 1315 ms on 172.26.0.13 (executor 1) (5/6)
26/08/14 00:12:37 INFO TaskSetManager: Finished task 2.0 in stage 61.0 (TID 205) in 1317 ms on 172.26.0.13 (executor 1) (6/6)
26/08/14 00:12:37 INFO TaskSchedulerImpl: Removed TaskSet 61.0, whose tasks have all completed, from pool 
26/08/14 00:12:37 INFO DAGScheduler: ResultStage 61 (call at /opt/spark/python/lib/py4j-0.10.9.7-src.zip/py4j/clientserver.py:617) finished in 1.322 s
26/08/14 00:12:37 INFO DAGScheduler: Job 33 is finished. Cancelling potential speculative or zombie tasks for this job
26/08/14 00:12:37 INFO TaskSchedulerImpl: Killing all running tasks in stage 61: Stage finished
26/08/14 00:12:37 INFO DAGScheduler: Job 33 finished: call at /opt/spark/python/lib/py4j-0.10.9.7-src.zip/py4j/clientserver.py:617, took 1.327670 s
26/08/14 00:12:37 INFO DefaultCachedBatchSerializer: Predicate isnotnull(kind#19486) generates partition filter: ((kind.count#19638 - kind.nullCount#19637) > 0)
26/08/14 00:12:37 INFO DefaultCachedBatchSerializer: Predicate (kind#19486 = dlq) generates partition filter: ((kind.lowerBound#19636 <= dlq) AND (dlq <= kind.upperBound#19635))
26/08/14 00:12:37 INFO SparkContext: Starting job: count at <unknown>:0
26/08/14 00:12:37 INFO DAGScheduler: Registering RDD 412 (count at <unknown>:0) as input to shuffle 28
26/08/14 00:12:37 INFO DAGScheduler: Got job 34 (count at <unknown>:0) with 1 output partitions
26/08/14 00:12:37 INFO DAGScheduler: Final stage: ResultStage 63 (count at <unknown>:0)
26/08/14 00:12:37 INFO DAGScheduler: Parents of final stage: List(ShuffleMapStage 62)
26/08/14 00:12:37 INFO DAGScheduler: Missing parents: List(ShuffleMapStage 62)
26/08/14 00:12:37 INFO DAGScheduler: Submitting ShuffleMapStage 62 (MapPartitionsRDD[412] at count at <unknown>:0), which has no missing parents
26/08/14 00:12:37 INFO MemoryStore: Block broadcast_61 stored as values in memory (estimated size 92.2 KiB, free 191.0 MiB)
26/08/14 00:12:37 INFO MemoryStore: Block broadcast_61_piece0 stored as bytes in memory (estimated size 35.3 KiB, free 191.0 MiB)
26/08/14 00:12:37 INFO BlockManagerInfo: Added broadcast_61_piece0 in memory on spark-driver:44031 (size: 35.3 KiB, free: 191.1 MiB)
26/08/14 00:12:37 INFO SparkContext: Created broadcast 61 from broadcast at DAGScheduler.scala:1585
26/08/14 00:12:37 INFO DAGScheduler: Submitting 6 missing tasks from ShuffleMapStage 62 (MapPartitionsRDD[412] at count at <unknown>:0) (first 15 tasks are for partitions Vector(0, 1, 2, 3, 4, 5))
26/08/14 00:12:37 INFO TaskSchedulerImpl: Adding task set 62.0 with 6 tasks resource profile 0
26/08/14 00:12:38 INFO TaskSetManager: Starting task 2.0 in stage 62.0 (TID 211) (172.26.0.13, executor 1, partition 2, PROCESS_LOCAL, 9921 bytes) 
26/08/14 00:12:38 INFO TaskSetManager: Starting task 0.0 in stage 62.0 (TID 212) (172.26.0.12, executor 0, partition 0, PROCESS_LOCAL, 9921 bytes) 
26/08/14 00:12:38 INFO TaskSetManager: Starting task 3.0 in stage 62.0 (TID 213) (172.26.0.13, executor 1, partition 3, PROCESS_LOCAL, 9921 bytes) 
26/08/14 00:12:38 INFO TaskSetManager: Starting task 1.0 in stage 62.0 (TID 214) (172.26.0.12, executor 0, partition 1, PROCESS_LOCAL, 9921 bytes) 
26/08/14 00:12:38 INFO TaskSetManager: Starting task 4.0 in stage 62.0 (TID 215) (172.26.0.13, executor 1, partition 4, PROCESS_LOCAL, 9921 bytes) 
26/08/14 00:12:38 INFO TaskSetManager: Starting task 5.0 in stage 62.0 (TID 216) (172.26.0.12, executor 0, partition 5, PROCESS_LOCAL, 9921 bytes) 
26/08/14 00:12:38 INFO BlockManagerInfo: Removed broadcast_60_piece0 on spark-driver:44031 in memory (size: 34.0 KiB, free: 191.2 MiB)
26/08/14 00:12:38 INFO BlockManagerInfo: Removed broadcast_60_piece0 on 172.26.0.13:37779 in memory (size: 34.0 KiB, free: 412.9 MiB)
26/08/14 00:12:38 INFO BlockManagerInfo: Removed broadcast_60_piece0 on 172.26.0.12:33791 in memory (size: 34.0 KiB, free: 412.9 MiB)
26/08/14 00:12:38 INFO BlockManagerInfo: Added broadcast_61_piece0 in memory on 172.26.0.13:37779 (size: 35.3 KiB, free: 412.8 MiB)
26/08/14 00:12:38 INFO BlockManagerInfo: Added broadcast_61_piece0 in memory on 172.26.0.12:33791 (size: 35.3 KiB, free: 412.8 MiB)
26/08/14 00:12:38 INFO TaskSetManager: Finished task 3.0 in stage 62.0 (TID 213) in 253 ms on 172.26.0.13 (executor 1) (1/6)
26/08/14 00:12:38 INFO TaskSetManager: Finished task 2.0 in stage 62.0 (TID 211) in 270 ms on 172.26.0.13 (executor 1) (2/6)
26/08/14 00:12:38 INFO TaskSetManager: Finished task 4.0 in stage 62.0 (TID 215) in 286 ms on 172.26.0.13 (executor 1) (3/6)
26/08/14 00:12:38 INFO TaskSetManager: Finished task 0.0 in stage 62.0 (TID 212) in 313 ms on 172.26.0.12 (executor 0) (4/6)
26/08/14 00:12:38 INFO TaskSetManager: Finished task 1.0 in stage 62.0 (TID 214) in 309 ms on 172.26.0.12 (executor 0) (5/6)
26/08/14 00:12:38 INFO TaskSetManager: Finished task 5.0 in stage 62.0 (TID 216) in 300 ms on 172.26.0.12 (executor 0) (6/6)
26/08/14 00:12:38 INFO TaskSchedulerImpl: Removed TaskSet 62.0, whose tasks have all completed, from pool 
26/08/14 00:12:38 INFO DAGScheduler: ShuffleMapStage 62 (count at <unknown>:0) finished in 0.401 s
26/08/14 00:12:38 INFO DAGScheduler: looking for newly runnable stages
26/08/14 00:12:38 INFO DAGScheduler: running: Set()
26/08/14 00:12:38 INFO DAGScheduler: waiting: Set(ResultStage 63)
26/08/14 00:12:38 INFO DAGScheduler: failed: Set()
26/08/14 00:12:38 INFO DAGScheduler: Submitting ResultStage 63 (MapPartitionsRDD[415] at count at <unknown>:0), which has no missing parents
26/08/14 00:12:38 INFO MemoryStore: Block broadcast_62 stored as values in memory (estimated size 12.5 KiB, free 191.1 MiB)
26/08/14 00:12:38 INFO MemoryStore: Block broadcast_62_piece0 stored as bytes in memory (estimated size 5.9 KiB, free 191.1 MiB)
26/08/14 00:12:38 INFO BlockManagerInfo: Added broadcast_62_piece0 in memory on spark-driver:44031 (size: 5.9 KiB, free: 191.2 MiB)
26/08/14 00:12:38 INFO SparkContext: Created broadcast 62 from broadcast at DAGScheduler.scala:1585
26/08/14 00:12:38 INFO DAGScheduler: Submitting 1 missing tasks from ResultStage 63 (MapPartitionsRDD[415] at count at <unknown>:0) (first 15 tasks are for partitions Vector(0))
26/08/14 00:12:38 INFO TaskSchedulerImpl: Adding task set 63.0 with 1 tasks resource profile 0
26/08/14 00:12:38 INFO TaskSetManager: Starting task 0.0 in stage 63.0 (TID 217) (172.26.0.12, executor 0, partition 0, NODE_LOCAL, 9003 bytes) 
26/08/14 00:12:38 INFO BlockManagerInfo: Added broadcast_62_piece0 in memory on 172.26.0.12:33791 (size: 5.9 KiB, free: 412.8 MiB)
26/08/14 00:12:38 INFO MapOutputTrackerMasterEndpoint: Asked to send map output locations for shuffle 28 to 172.26.0.12:37282
26/08/14 00:12:38 INFO TaskSetManager: Finished task 0.0 in stage 63.0 (TID 217) in 97 ms on 172.26.0.12 (executor 0) (1/1)
26/08/14 00:12:38 INFO TaskSchedulerImpl: Removed TaskSet 63.0, whose tasks have all completed, from pool 
26/08/14 00:12:38 INFO DAGScheduler: ResultStage 63 (count at <unknown>:0) finished in 0.113 s
26/08/14 00:12:38 INFO DAGScheduler: Job 34 is finished. Cancelling potential speculative or zombie tasks for this job
26/08/14 00:12:38 INFO TaskSchedulerImpl: Killing all running tasks in stage 63: Stage finished
26/08/14 00:12:38 INFO DAGScheduler: Job 34 finished: count at <unknown>:0, took 0.561899 s
26/08/14 00:12:38 INFO MapPartitionsRDD: Removing RDD 402 from persistence list
26/08/14 00:12:38 INFO BlockManager: Removing RDD 402
26/08/14 00:12:38 INFO SparkContext: Starting job: call at /opt/spark/python/lib/py4j-0.10.9.7-src.zip/py4j/clientserver.py:617
26/08/14 00:12:38 INFO DAGScheduler: Registering RDD 420 (call at /opt/spark/python/lib/py4j-0.10.9.7-src.zip/py4j/clientserver.py:617) as input to shuffle 29
26/08/14 00:12:38 INFO DAGScheduler: Got job 35 (call at /opt/spark/python/lib/py4j-0.10.9.7-src.zip/py4j/clientserver.py:617) with 1 output partitions
26/08/14 00:12:38 INFO DAGScheduler: Final stage: ResultStage 65 (call at /opt/spark/python/lib/py4j-0.10.9.7-src.zip/py4j/clientserver.py:617)
26/08/14 00:12:38 INFO DAGScheduler: Parents of final stage: List(ShuffleMapStage 64)
26/08/14 00:12:38 INFO DAGScheduler: Missing parents: List(ShuffleMapStage 64)
26/08/14 00:12:38 INFO DAGScheduler: Submitting ShuffleMapStage 64 (MapPartitionsRDD[420] at call at /opt/spark/python/lib/py4j-0.10.9.7-src.zip/py4j/clientserver.py:617), which has no missing parents
26/08/14 00:12:38 INFO MemoryStore: Block broadcast_63 stored as values in memory (estimated size 66.2 KiB, free 191.0 MiB)
26/08/14 00:12:38 INFO MemoryStore: Block broadcast_63_piece0 stored as bytes in memory (estimated size 24.8 KiB, free 191.0 MiB)
26/08/14 00:12:38 INFO BlockManagerInfo: Added broadcast_63_piece0 in memory on spark-driver:44031 (size: 24.8 KiB, free: 191.1 MiB)
26/08/14 00:12:38 INFO SparkContext: Created broadcast 63 from broadcast at DAGScheduler.scala:1585
26/08/14 00:12:38 INFO DAGScheduler: Submitting 6 missing tasks from ShuffleMapStage 64 (MapPartitionsRDD[420] at call at /opt/spark/python/lib/py4j-0.10.9.7-src.zip/py4j/clientserver.py:617) (first 15 tasks are for partitions Vector(0, 1, 2, 3, 4, 5))
26/08/14 00:12:38 INFO TaskSchedulerImpl: Adding task set 64.0 with 6 tasks resource profile 0
26/08/14 00:12:38 INFO TaskSetManager: Starting task 2.0 in stage 64.0 (TID 218) (172.26.0.13, executor 1, partition 2, PROCESS_LOCAL, 9921 bytes) 
26/08/14 00:12:38 INFO TaskSetManager: Starting task 0.0 in stage 64.0 (TID 219) (172.26.0.12, executor 0, partition 0, PROCESS_LOCAL, 9921 bytes) 
26/08/14 00:12:38 INFO TaskSetManager: Starting task 3.0 in stage 64.0 (TID 220) (172.26.0.13, executor 1, partition 3, PROCESS_LOCAL, 9921 bytes) 
26/08/14 00:12:38 INFO TaskSetManager: Starting task 1.0 in stage 64.0 (TID 221) (172.26.0.12, executor 0, partition 1, PROCESS_LOCAL, 9921 bytes) 
26/08/14 00:12:38 INFO TaskSetManager: Starting task 4.0 in stage 64.0 (TID 222) (172.26.0.13, executor 1, partition 4, PROCESS_LOCAL, 9921 bytes) 
26/08/14 00:12:38 INFO TaskSetManager: Starting task 5.0 in stage 64.0 (TID 223) (172.26.0.12, executor 0, partition 5, PROCESS_LOCAL, 9921 bytes) 
26/08/14 00:12:38 INFO BlockManagerInfo: Added broadcast_63_piece0 in memory on 172.26.0.13:37779 (size: 24.8 KiB, free: 412.8 MiB)
26/08/14 00:12:38 INFO BlockManagerInfo: Added broadcast_63_piece0 in memory on 172.26.0.12:33791 (size: 24.8 KiB, free: 412.8 MiB)
26/08/14 00:12:38 INFO TaskSetManager: Finished task 2.0 in stage 64.0 (TID 218) in 63 ms on 172.26.0.13 (executor 1) (1/6)
26/08/14 00:12:38 INFO TaskSetManager: Finished task 1.0 in stage 64.0 (TID 221) in 65 ms on 172.26.0.12 (executor 0) (2/6)
26/08/14 00:12:38 INFO TaskSetManager: Finished task 3.0 in stage 64.0 (TID 220) in 69 ms on 172.26.0.13 (executor 1) (3/6)
26/08/14 00:12:38 INFO TaskSetManager: Finished task 0.0 in stage 64.0 (TID 219) in 70 ms on 172.26.0.12 (executor 0) (4/6)
26/08/14 00:12:38 INFO TaskSetManager: Finished task 4.0 in stage 64.0 (TID 222) in 69 ms on 172.26.0.13 (executor 1) (5/6)
26/08/14 00:12:38 INFO TaskSetManager: Finished task 5.0 in stage 64.0 (TID 223) in 78 ms on 172.26.0.12 (executor 0) (6/6)
26/08/14 00:12:38 INFO TaskSchedulerImpl: Removed TaskSet 64.0, whose tasks have all completed, from pool 
26/08/14 00:12:38 INFO DAGScheduler: ShuffleMapStage 64 (call at /opt/spark/python/lib/py4j-0.10.9.7-src.zip/py4j/clientserver.py:617) finished in 0.093 s
26/08/14 00:12:38 INFO DAGScheduler: looking for newly runnable stages
26/08/14 00:12:38 INFO DAGScheduler: running: Set()
26/08/14 00:12:38 INFO DAGScheduler: waiting: Set(ResultStage 65)
26/08/14 00:12:38 INFO DAGScheduler: failed: Set()
26/08/14 00:12:38 INFO DAGScheduler: Submitting ResultStage 65 (MapPartitionsRDD[423] at call at /opt/spark/python/lib/py4j-0.10.9.7-src.zip/py4j/clientserver.py:617), which has no missing parents
26/08/14 00:12:38 INFO MemoryStore: Block broadcast_64 stored as values in memory (estimated size 13.1 KiB, free 191.0 MiB)
26/08/14 00:12:38 INFO MemoryStore: Block broadcast_64_piece0 stored as bytes in memory (estimated size 6.1 KiB, free 191.0 MiB)
26/08/14 00:12:38 INFO BlockManagerInfo: Added broadcast_64_piece0 in memory on spark-driver:44031 (size: 6.1 KiB, free: 191.1 MiB)
26/08/14 00:12:38 INFO SparkContext: Created broadcast 64 from broadcast at DAGScheduler.scala:1585
26/08/14 00:12:38 INFO DAGScheduler: Submitting 1 missing tasks from ResultStage 65 (MapPartitionsRDD[423] at call at /opt/spark/python/lib/py4j-0.10.9.7-src.zip/py4j/clientserver.py:617) (first 15 tasks are for partitions Vector(0))
26/08/14 00:12:38 INFO TaskSchedulerImpl: Adding task set 65.0 with 1 tasks resource profile 0
26/08/14 00:12:38 INFO TaskSetManager: Starting task 0.0 in stage 65.0 (TID 224) (172.26.0.12, executor 0, partition 0, NODE_LOCAL, 9003 bytes) 
26/08/14 00:12:38 INFO BlockManagerInfo: Added broadcast_64_piece0 in memory on 172.26.0.12:33791 (size: 6.1 KiB, free: 412.8 MiB)
26/08/14 00:12:38 INFO MapOutputTrackerMasterEndpoint: Asked to send map output locations for shuffle 29 to 172.26.0.12:37282
26/08/14 00:12:38 INFO TaskSetManager: Finished task 0.0 in stage 65.0 (TID 224) in 40 ms on 172.26.0.12 (executor 0) (1/1)
26/08/14 00:12:38 INFO TaskSchedulerImpl: Removed TaskSet 65.0, whose tasks have all completed, from pool 
26/08/14 00:12:38 INFO DAGScheduler: ResultStage 65 (call at /opt/spark/python/lib/py4j-0.10.9.7-src.zip/py4j/clientserver.py:617) finished in 0.048 s
26/08/14 00:12:38 INFO DAGScheduler: Job 35 is finished. Cancelling potential speculative or zombie tasks for this job
26/08/14 00:12:38 INFO TaskSchedulerImpl: Killing all running tasks in stage 65: Stage finished
26/08/14 00:12:38 INFO DAGScheduler: Job 35 finished: call at /opt/spark/python/lib/py4j-0.10.9.7-src.zip/py4j/clientserver.py:617, took 0.156329 s
26/08/14 00:12:38 INFO MapPartitionsRDD: Removing RDD 364 from persistence list
26/08/14 00:12:38 INFO BlockManager: Removing RDD 364
26/08/14 00:12:38 INFO WatermarkTracker: Updating event-time watermark from 1786666231211 to 1786666235572 ms
26/08/14 00:12:38 INFO CheckpointFileManager: Writing atomically to file:/opt/checkpoints/trips/commits/6 using temp file file:/opt/checkpoints/trips/commits/.6.a9d2746f-e1b2-46e5-a098-7ff1337ef569.tmp
26/08/14 00:12:38 INFO BlockManagerInfo: Removed broadcast_64_piece0 on spark-driver:44031 in memory (size: 6.1 KiB, free: 191.1 MiB)
26/08/14 00:12:38 INFO BlockManagerInfo: Removed broadcast_64_piece0 on 172.26.0.12:33791 in memory (size: 6.1 KiB, free: 413.9 MiB)
26/08/14 00:12:38 INFO BlockManagerInfo: Removed broadcast_61_piece0 on spark-driver:44031 in memory (size: 35.3 KiB, free: 191.2 MiB)
26/08/14 00:12:38 INFO BlockManagerInfo: Removed broadcast_61_piece0 on 172.26.0.13:37779 in memory (size: 35.3 KiB, free: 413.9 MiB)
26/08/14 00:12:38 INFO BlockManagerInfo: Removed broadcast_61_piece0 on 172.26.0.12:33791 in memory (size: 35.3 KiB, free: 413.9 MiB)
26/08/14 00:12:38 INFO BlockManagerInfo: Removed broadcast_63_piece0 on spark-driver:44031 in memory (size: 24.8 KiB, free: 191.2 MiB)
26/08/14 00:12:38 INFO BlockManagerInfo: Removed broadcast_63_piece0 on 172.26.0.13:37779 in memory (size: 24.8 KiB, free: 413.9 MiB)
26/08/14 00:12:38 INFO CheckpointFileManager: Renamed temp file file:/opt/checkpoints/trips/commits/.6.a9d2746f-e1b2-46e5-a098-7ff1337ef569.tmp to file:/opt/checkpoints/trips/commits/6
26/08/14 00:12:38 INFO BlockManagerInfo: Removed broadcast_63_piece0 on 172.26.0.12:33791 in memory (size: 24.8 KiB, free: 413.9 MiB)
26/08/14 00:12:38 INFO MicroBatchExecution: Streaming query made progress: {
  "id" : "673700e1-7609-4c3e-bff3-65e01579062f",
  "runId" : "684f6ae2-98d1-4139-a900-0d86eb048f89",
  "name" : "trips-ingest-chaos_kill_cassandra_1",
  "timestamp" : "2026-08-14T00:12:35.629Z",
  "batchId" : 6,
  "numInputRows" : 3476,
  "inputRowsPerSecond" : 799.26419866636,
  "processedRowsPerSecond" : 1066.2576687116566,
  "durationMs" : {
    "addBatch" : 3102,
    "commitOffsets" : 90,
    "getBatch" : 1,
    "latestOffset" : 9,
    "queryPlanning" : 17,
    "triggerExecution" : 3260,
    "walCommit" : 38
  },
  "eventTime" : {
    "avg" : "2026-08-14T00:12:31.940Z",
    "max" : "2026-08-14T00:12:35.572Z",
    "min" : "2026-08-14T00:12:28.327Z",
    "watermark" : "2026-08-14T00:10:31.211Z"
  },
  "stateOperators" : [ ],
  "sources" : [ {
    "description" : "KafkaV2[Subscribe[trips.raw]]",
    "startOffset" : {
      "trips.raw" : {
        "2" : 233141,
        "5" : 231549,
        "4" : 232822,
        "1" : 232663,
        "3" : 232752,
        "0" : 232745
      }
    },
    "endOffset" : {
      "trips.raw" : {
        "2" : 233719,
        "5" : 232106,
        "4" : 233387,
        "1" : 233281,
        "3" : 233321,
        "0" : 233334
      }
    },
    "latestOffset" : {
      "trips.raw" : {
        "2" : 233719,
        "5" : 232106,
        "4" : 233387,
        "1" : 233281,
        "3" : 233321,
        "0" : 233334
      }
    },
    "numInputRows" : 3476,
    "inputRowsPerSecond" : 799.26419866636,
    "processedRowsPerSecond" : 1066.2576687116566,
    "metrics" : {
      "avgOffsetsBehindLatest" : "0.0",
      "maxOffsetsBehindLatest" : "0",
      "minOffsetsBehindLatest" : "0"
    }
  } ],
  "sink" : {
    "description" : "ForeachBatchSink",
    "numOutputRows" : -1
  }
}
26/08/14 00:12:38 INFO BlockManagerInfo: Removed broadcast_62_piece0 on spark-driver:44031 in memory (size: 5.9 KiB, free: 191.2 MiB)
26/08/14 00:12:38 INFO BlockManagerInfo: Removed broadcast_62_piece0 on 172.26.0.12:33791 in memory (size: 5.9 KiB, free: 413.9 MiB)
26/08/14 00:12:38 INFO CheckpointFileManager: Writing atomically to file:/opt/checkpoints/trips/offsets/7 using temp file file:/opt/checkpoints/trips/offsets/.7.ee9332cf-8095-4495-bcf4-b4edcf46d183.tmp
26/08/14 00:12:38 INFO CheckpointFileManager: Renamed temp file file:/opt/checkpoints/trips/offsets/.7.ee9332cf-8095-4495-bcf4-b4edcf46d183.tmp to file:/opt/checkpoints/trips/offsets/7
26/08/14 00:12:38 INFO MicroBatchExecution: Committed offsets for batch 7. Metadata OffsetSeqMetadata(1786666235572,1786666358918,Map(spark.sql.streaming.stateStore.providerClass -> org.apache.spark.sql.execution.streaming.state.HDFSBackedStateStoreProvider, spark.sql.streaming.join.stateFormatVersion -> 2, spark.sql.streaming.stateStore.compression.codec -> lz4, spark.sql.streaming.stateStore.rocksdb.formatVersion -> 5, spark.sql.streaming.statefulOperator.useStrictDistribution -> true, spark.sql.streaming.flatMapGroupsWithState.stateFormatVersion -> 2, spark.sql.streaming.multipleWatermarkPolicy -> min, spark.sql.streaming.aggregation.stateFormatVersion -> 2, spark.sql.shuffle.partitions -> 6))
26/08/14 00:12:38 INFO KafkaOffsetReaderAdmin: Partitions added: Map()
26/08/14 00:12:38 INFO KafkaOffsetReaderAdmin: Partitions added: Map()
26/08/14 00:12:39 INFO KafkaOffsetReaderAdmin: Partitions added: Map()
26/08/14 00:12:39 INFO KafkaOffsetReaderAdmin: Partitions added: Map()
2026-08-14 00:12:39,040 INFO  [stream] Received command c on object id p0
26/08/14 00:12:39 INFO SparkContext: Starting job: count at <unknown>:0
26/08/14 00:12:39 INFO DAGScheduler: Registering RDD 438 (count at <unknown>:0) as input to shuffle 30
26/08/14 00:12:39 INFO DAGScheduler: Got job 36 (count at <unknown>:0) with 1 output partitions
26/08/14 00:12:39 INFO DAGScheduler: Final stage: ResultStage 67 (count at <unknown>:0)
26/08/14 00:12:39 INFO DAGScheduler: Parents of final stage: List(ShuffleMapStage 66)
26/08/14 00:12:39 INFO DAGScheduler: Missing parents: List(ShuffleMapStage 66)
26/08/14 00:12:39 INFO DAGScheduler: Submitting ShuffleMapStage 66 (MapPartitionsRDD[438] at count at <unknown>:0), which has no missing parents
26/08/14 00:12:39 INFO MemoryStore: Block broadcast_65 stored as values in memory (estimated size 64.6 KiB, free 191.1 MiB)
26/08/14 00:12:39 INFO MemoryStore: Block broadcast_65_piece0 stored as bytes in memory (estimated size 24.1 KiB, free 191.1 MiB)
26/08/14 00:12:39 INFO BlockManagerInfo: Added broadcast_65_piece0 in memory on spark-driver:44031 (size: 24.1 KiB, free: 191.2 MiB)
26/08/14 00:12:39 INFO SparkContext: Created broadcast 65 from broadcast at DAGScheduler.scala:1585
26/08/14 00:12:39 INFO DAGScheduler: Submitting 6 missing tasks from ShuffleMapStage 66 (MapPartitionsRDD[438] at count at <unknown>:0) (first 15 tasks are for partitions Vector(0, 1, 2, 3, 4, 5))
26/08/14 00:12:39 INFO TaskSchedulerImpl: Adding task set 66.0 with 6 tasks resource profile 0
26/08/14 00:12:39 INFO TaskSetManager: Starting task 0.0 in stage 66.0 (TID 225) (172.26.0.12, executor 0, partition 0, PROCESS_LOCAL, 9921 bytes) 
26/08/14 00:12:39 INFO TaskSetManager: Starting task 2.0 in stage 66.0 (TID 226) (172.26.0.13, executor 1, partition 2, PROCESS_LOCAL, 9921 bytes) 
26/08/14 00:12:39 INFO TaskSetManager: Starting task 1.0 in stage 66.0 (TID 227) (172.26.0.12, executor 0, partition 1, PROCESS_LOCAL, 9921 bytes) 
26/08/14 00:12:39 INFO TaskSetManager: Starting task 3.0 in stage 66.0 (TID 228) (172.26.0.13, executor 1, partition 3, PROCESS_LOCAL, 9921 bytes) 
26/08/14 00:12:39 INFO TaskSetManager: Starting task 5.0 in stage 66.0 (TID 229) (172.26.0.12, executor 0, partition 5, PROCESS_LOCAL, 9921 bytes) 
26/08/14 00:12:39 INFO TaskSetManager: Starting task 4.0 in stage 66.0 (TID 230) (172.26.0.13, executor 1, partition 4, PROCESS_LOCAL, 9921 bytes) 
26/08/14 00:12:39 INFO BlockManagerInfo: Added broadcast_65_piece0 in memory on 172.26.0.13:37779 (size: 24.1 KiB, free: 413.9 MiB)
26/08/14 00:12:39 INFO BlockManagerInfo: Added broadcast_65_piece0 in memory on 172.26.0.12:33791 (size: 24.1 KiB, free: 413.9 MiB)
26/08/14 00:12:39 INFO BlockManagerInfo: Added rdd_433_3 in memory on 172.26.0.13:37779 (size: 266.3 KiB, free: 413.6 MiB)
26/08/14 00:12:39 INFO BlockManagerInfo: Added rdd_433_2 in memory on 172.26.0.13:37779 (size: 271.5 KiB, free: 413.4 MiB)
26/08/14 00:12:39 INFO BlockManagerInfo: Added rdd_433_1 in memory on 172.26.0.12:33791 (size: 280.9 KiB, free: 413.6 MiB)
26/08/14 00:12:39 INFO BlockManagerInfo: Added rdd_433_0 in memory on 172.26.0.12:33791 (size: 252.3 KiB, free: 413.4 MiB)
26/08/14 00:12:39 INFO BlockManagerInfo: Added rdd_433_5 in memory on 172.26.0.12:33791 (size: 262.3 KiB, free: 413.1 MiB)
26/08/14 00:12:39 INFO TaskSetManager: Finished task 0.0 in stage 66.0 (TID 225) in 331 ms on 172.26.0.12 (executor 0) (1/6)
26/08/14 00:12:39 INFO TaskSetManager: Finished task 1.0 in stage 66.0 (TID 227) in 321 ms on 172.26.0.12 (executor 0) (2/6)
26/08/14 00:12:39 INFO BlockManagerInfo: Added rdd_433_4 in memory on 172.26.0.13:37779 (size: 297.7 KiB, free: 413.1 MiB)
26/08/14 00:12:39 INFO TaskSetManager: Finished task 5.0 in stage 66.0 (TID 229) in 329 ms on 172.26.0.12 (executor 0) (3/6)
26/08/14 00:12:39 INFO TaskSetManager: Finished task 2.0 in stage 66.0 (TID 226) in 332 ms on 172.26.0.13 (executor 1) (4/6)
26/08/14 00:12:39 INFO TaskSetManager: Finished task 3.0 in stage 66.0 (TID 228) in 336 ms on 172.26.0.13 (executor 1) (5/6)
26/08/14 00:12:39 INFO TaskSetManager: Finished task 4.0 in stage 66.0 (TID 230) in 348 ms on 172.26.0.13 (executor 1) (6/6)
26/08/14 00:12:39 INFO TaskSchedulerImpl: Removed TaskSet 66.0, whose tasks have all completed, from pool 
26/08/14 00:12:39 INFO DAGScheduler: ShuffleMapStage 66 (count at <unknown>:0) finished in 0.378 s
26/08/14 00:12:39 INFO DAGScheduler: looking for newly runnable stages
26/08/14 00:12:39 INFO DAGScheduler: running: Set()
26/08/14 00:12:39 INFO DAGScheduler: waiting: Set(ResultStage 67)
26/08/14 00:12:39 INFO DAGScheduler: failed: Set()
26/08/14 00:12:39 INFO DAGScheduler: Submitting ResultStage 67 (MapPartitionsRDD[441] at count at <unknown>:0), which has no missing parents
26/08/14 00:12:39 INFO MemoryStore: Block broadcast_66 stored as values in memory (estimated size 12.5 KiB, free 191.1 MiB)
26/08/14 00:12:39 INFO MemoryStore: Block broadcast_66_piece0 stored as bytes in memory (estimated size 5.9 KiB, free 191.1 MiB)
26/08/14 00:12:39 INFO BlockManagerInfo: Added broadcast_66_piece0 in memory on spark-driver:44031 (size: 5.9 KiB, free: 191.2 MiB)
26/08/14 00:12:39 INFO SparkContext: Created broadcast 66 from broadcast at DAGScheduler.scala:1585
26/08/14 00:12:39 INFO DAGScheduler: Submitting 1 missing tasks from ResultStage 67 (MapPartitionsRDD[441] at count at <unknown>:0) (first 15 tasks are for partitions Vector(0))
26/08/14 00:12:39 INFO TaskSchedulerImpl: Adding task set 67.0 with 1 tasks resource profile 0
26/08/14 00:12:39 INFO TaskSetManager: Starting task 0.0 in stage 67.0 (TID 231) (172.26.0.12, executor 0, partition 0, NODE_LOCAL, 9003 bytes) 
26/08/14 00:12:39 INFO BlockManagerInfo: Added broadcast_66_piece0 in memory on 172.26.0.12:33791 (size: 5.9 KiB, free: 413.1 MiB)
26/08/14 00:12:39 INFO MapOutputTrackerMasterEndpoint: Asked to send map output locations for shuffle 30 to 172.26.0.12:37282
26/08/14 00:12:39 INFO TaskSetManager: Finished task 0.0 in stage 67.0 (TID 231) in 48 ms on 172.26.0.12 (executor 0) (1/1)
26/08/14 00:12:39 INFO TaskSchedulerImpl: Removed TaskSet 67.0, whose tasks have all completed, from pool 
26/08/14 00:12:39 INFO DAGScheduler: ResultStage 67 (count at <unknown>:0) finished in 0.062 s
26/08/14 00:12:39 INFO DAGScheduler: Job 36 is finished. Cancelling potential speculative or zombie tasks for this job
26/08/14 00:12:39 INFO TaskSchedulerImpl: Killing all running tasks in stage 67: Stage finished
26/08/14 00:12:39 INFO DAGScheduler: Job 36 finished: count at <unknown>:0, took 0.452725 s
26/08/14 00:12:39 INFO SparkContext: Starting job: count at <unknown>:0
26/08/14 00:12:39 INFO DAGScheduler: Registering RDD 446 (count at <unknown>:0) as input to shuffle 31
26/08/14 00:12:39 INFO DAGScheduler: Got job 37 (count at <unknown>:0) with 1 output partitions
26/08/14 00:12:39 INFO DAGScheduler: Final stage: ResultStage 69 (count at <unknown>:0)
26/08/14 00:12:39 INFO DAGScheduler: Parents of final stage: List(ShuffleMapStage 68)
26/08/14 00:12:39 INFO DAGScheduler: Missing parents: List(ShuffleMapStage 68)
26/08/14 00:12:39 INFO DAGScheduler: Submitting ShuffleMapStage 68 (MapPartitionsRDD[446] at count at <unknown>:0), which has no missing parents
26/08/14 00:12:39 INFO MemoryStore: Block broadcast_67 stored as values in memory (estimated size 64.9 KiB, free 191.0 MiB)
26/08/14 00:12:39 INFO MemoryStore: Block broadcast_67_piece0 stored as bytes in memory (estimated size 24.2 KiB, free 191.0 MiB)
26/08/14 00:12:39 INFO BlockManagerInfo: Added broadcast_67_piece0 in memory on spark-driver:44031 (size: 24.2 KiB, free: 191.2 MiB)
26/08/14 00:12:39 INFO SparkContext: Created broadcast 67 from broadcast at DAGScheduler.scala:1585
26/08/14 00:12:39 INFO DAGScheduler: Submitting 6 missing tasks from ShuffleMapStage 68 (MapPartitionsRDD[446] at count at <unknown>:0) (first 15 tasks are for partitions Vector(0, 1, 2, 3, 4, 5))
26/08/14 00:12:39 INFO TaskSchedulerImpl: Adding task set 68.0 with 6 tasks resource profile 0
26/08/14 00:12:39 INFO TaskSetManager: Starting task 0.0 in stage 68.0 (TID 232) (172.26.0.12, executor 0, partition 0, PROCESS_LOCAL, 9921 bytes) 
26/08/14 00:12:39 INFO TaskSetManager: Starting task 2.0 in stage 68.0 (TID 233) (172.26.0.13, executor 1, partition 2, PROCESS_LOCAL, 9921 bytes) 
26/08/14 00:12:39 INFO TaskSetManager: Starting task 1.0 in stage 68.0 (TID 234) (172.26.0.12, executor 0, partition 1, PROCESS_LOCAL, 9921 bytes) 
26/08/14 00:12:39 INFO TaskSetManager: Starting task 3.0 in stage 68.0 (TID 235) (172.26.0.13, executor 1, partition 3, PROCESS_LOCAL, 9921 bytes) 
26/08/14 00:12:39 INFO TaskSetManager: Starting task 5.0 in stage 68.0 (TID 236) (172.26.0.12, executor 0, partition 5, PROCESS_LOCAL, 9921 bytes) 
26/08/14 00:12:39 INFO TaskSetManager: Starting task 4.0 in stage 68.0 (TID 237) (172.26.0.13, executor 1, partition 4, PROCESS_LOCAL, 9921 bytes) 
26/08/14 00:12:39 INFO BlockManagerInfo: Added broadcast_67_piece0 in memory on 172.26.0.12:33791 (size: 24.2 KiB, free: 413.1 MiB)
26/08/14 00:12:39 INFO BlockManagerInfo: Added broadcast_67_piece0 in memory on 172.26.0.13:37779 (size: 24.2 KiB, free: 413.1 MiB)
26/08/14 00:12:39 INFO TaskSetManager: Finished task 3.0 in stage 68.0 (TID 235) in 37 ms on 172.26.0.13 (executor 1) (1/6)
26/08/14 00:12:39 INFO TaskSetManager: Finished task 5.0 in stage 68.0 (TID 236) in 47 ms on 172.26.0.12 (executor 0) (2/6)
26/08/14 00:12:39 INFO TaskSetManager: Finished task 1.0 in stage 68.0 (TID 234) in 47 ms on 172.26.0.12 (executor 0) (3/6)
26/08/14 00:12:39 INFO TaskSetManager: Finished task 2.0 in stage 68.0 (TID 233) in 49 ms on 172.26.0.13 (executor 1) (4/6)
26/08/14 00:12:39 INFO TaskSetManager: Finished task 0.0 in stage 68.0 (TID 232) in 50 ms on 172.26.0.12 (executor 0) (5/6)
26/08/14 00:12:39 INFO TaskSetManager: Finished task 4.0 in stage 68.0 (TID 237) in 49 ms on 172.26.0.13 (executor 1) (6/6)
26/08/14 00:12:39 INFO TaskSchedulerImpl: Removed TaskSet 68.0, whose tasks have all completed, from pool 
26/08/14 00:12:39 INFO DAGScheduler: ShuffleMapStage 68 (count at <unknown>:0) finished in 0.061 s
26/08/14 00:12:39 INFO DAGScheduler: looking for newly runnable stages
26/08/14 00:12:39 INFO DAGScheduler: running: Set()
26/08/14 00:12:39 INFO DAGScheduler: waiting: Set(ResultStage 69)
26/08/14 00:12:39 INFO DAGScheduler: failed: Set()
26/08/14 00:12:39 INFO DAGScheduler: Submitting ResultStage 69 (MapPartitionsRDD[449] at count at <unknown>:0), which has no missing parents
26/08/14 00:12:39 INFO MemoryStore: Block broadcast_68 stored as values in memory (estimated size 12.5 KiB, free 191.0 MiB)
26/08/14 00:12:39 INFO MemoryStore: Block broadcast_68_piece0 stored as bytes in memory (estimated size 5.9 KiB, free 191.0 MiB)
26/08/14 00:12:39 INFO BlockManagerInfo: Added broadcast_68_piece0 in memory on spark-driver:44031 (size: 5.9 KiB, free: 191.2 MiB)
26/08/14 00:12:39 INFO SparkContext: Created broadcast 68 from broadcast at DAGScheduler.scala:1585
26/08/14 00:12:39 INFO DAGScheduler: Submitting 1 missing tasks from ResultStage 69 (MapPartitionsRDD[449] at count at <unknown>:0) (first 15 tasks are for partitions Vector(0))
26/08/14 00:12:39 INFO TaskSchedulerImpl: Adding task set 69.0 with 1 tasks resource profile 0
26/08/14 00:12:39 INFO TaskSetManager: Starting task 0.0 in stage 69.0 (TID 238) (172.26.0.13, executor 1, partition 0, NODE_LOCAL, 9003 bytes) 
26/08/14 00:12:39 INFO BlockManagerInfo: Added broadcast_68_piece0 in memory on 172.26.0.13:37779 (size: 5.9 KiB, free: 413.1 MiB)
26/08/14 00:12:39 INFO MapOutputTrackerMasterEndpoint: Asked to send map output locations for shuffle 31 to 172.26.0.13:36452
26/08/14 00:12:39 INFO TaskSetManager: Finished task 0.0 in stage 69.0 (TID 238) in 38 ms on 172.26.0.13 (executor 1) (1/1)
26/08/14 00:12:39 INFO TaskSchedulerImpl: Removed TaskSet 69.0, whose tasks have all completed, from pool 
26/08/14 00:12:39 INFO DAGScheduler: ResultStage 69 (count at <unknown>:0) finished in 0.043 s
26/08/14 00:12:39 INFO DAGScheduler: Job 37 is finished. Cancelling potential speculative or zombie tasks for this job
26/08/14 00:12:39 INFO TaskSchedulerImpl: Killing all running tasks in stage 69: Stage finished
26/08/14 00:12:39 INFO DAGScheduler: Job 37 finished: count at <unknown>:0, took 0.117730 s
26/08/14 00:12:39 INFO BlockManagerInfo: Removed broadcast_68_piece0 on spark-driver:44031 in memory (size: 5.9 KiB, free: 191.2 MiB)
26/08/14 00:12:39 INFO BlockManagerInfo: Removed broadcast_68_piece0 on 172.26.0.13:37779 in memory (size: 5.9 KiB, free: 413.1 MiB)
26/08/14 00:12:39 INFO BlockManagerInfo: Removed broadcast_65_piece0 on spark-driver:44031 in memory (size: 24.1 KiB, free: 191.2 MiB)
26/08/14 00:12:39 INFO BlockManagerInfo: Removed broadcast_65_piece0 on 172.26.0.12:33791 in memory (size: 24.1 KiB, free: 413.1 MiB)
26/08/14 00:12:39 INFO BlockManagerInfo: Removed broadcast_65_piece0 on 172.26.0.13:37779 in memory (size: 24.1 KiB, free: 413.1 MiB)
26/08/14 00:12:39 INFO BlockManagerInfo: Removed broadcast_67_piece0 on spark-driver:44031 in memory (size: 24.2 KiB, free: 191.2 MiB)
26/08/14 00:12:39 INFO BlockManagerInfo: Removed broadcast_67_piece0 on 172.26.0.12:33791 in memory (size: 24.2 KiB, free: 413.1 MiB)
26/08/14 00:12:39 INFO BlockManagerInfo: Removed broadcast_67_piece0 on 172.26.0.13:37779 in memory (size: 24.2 KiB, free: 413.1 MiB)
26/08/14 00:12:39 INFO BlockManagerInfo: Removed broadcast_66_piece0 on 172.26.0.12:33791 in memory (size: 5.9 KiB, free: 413.1 MiB)
26/08/14 00:12:39 INFO BlockManagerInfo: Removed broadcast_66_piece0 on spark-driver:44031 in memory (size: 5.9 KiB, free: 191.2 MiB)
26/08/14 00:12:39 INFO CodeGenerator: Code generated in 29.303834 ms
26/08/14 00:12:39 INFO DefaultCachedBatchSerializer: Predicate isnotnull(event_time#89-T120000ms) generates partition filter: ((event_time.count#22258 - event_time.nullCount#22257) > 0)
26/08/14 00:12:39 INFO DefaultCachedBatchSerializer: Predicate (event_time#89-T120000ms < 2026-08-14 00:10:35.572) generates partition filter: (event_time.lowerBound#22256 < 2026-08-14 00:10:35.572)
26/08/14 00:12:39 INFO SparkContext: Starting job: count at <unknown>:0
26/08/14 00:12:39 INFO DAGScheduler: Registering RDD 454 (count at <unknown>:0) as input to shuffle 32
26/08/14 00:12:39 INFO DAGScheduler: Got job 38 (count at <unknown>:0) with 1 output partitions
26/08/14 00:12:39 INFO DAGScheduler: Final stage: ResultStage 71 (count at <unknown>:0)
26/08/14 00:12:39 INFO DAGScheduler: Parents of final stage: List(ShuffleMapStage 70)
26/08/14 00:12:39 INFO DAGScheduler: Missing parents: List(ShuffleMapStage 70)
26/08/14 00:12:39 INFO DAGScheduler: Submitting ShuffleMapStage 70 (MapPartitionsRDD[454] at count at <unknown>:0), which has no missing parents
26/08/14 00:12:39 INFO MemoryStore: Block broadcast_69 stored as values in memory (estimated size 67.2 KiB, free 191.1 MiB)
26/08/14 00:12:39 INFO MemoryStore: Block broadcast_69_piece0 stored as bytes in memory (estimated size 25.6 KiB, free 191.1 MiB)
26/08/14 00:12:39 INFO BlockManagerInfo: Added broadcast_69_piece0 in memory on spark-driver:44031 (size: 25.6 KiB, free: 191.2 MiB)
26/08/14 00:12:39 INFO SparkContext: Created broadcast 69 from broadcast at DAGScheduler.scala:1585
26/08/14 00:12:39 INFO DAGScheduler: Submitting 6 missing tasks from ShuffleMapStage 70 (MapPartitionsRDD[454] at count at <unknown>:0) (first 15 tasks are for partitions Vector(0, 1, 2, 3, 4, 5))
26/08/14 00:12:39 INFO TaskSchedulerImpl: Adding task set 70.0 with 6 tasks resource profile 0
26/08/14 00:12:39 INFO TaskSetManager: Starting task 0.0 in stage 70.0 (TID 239) (172.26.0.12, executor 0, partition 0, PROCESS_LOCAL, 9921 bytes) 
26/08/14 00:12:39 INFO TaskSetManager: Starting task 2.0 in stage 70.0 (TID 240) (172.26.0.13, executor 1, partition 2, PROCESS_LOCAL, 9921 bytes) 
26/08/14 00:12:39 INFO TaskSetManager: Starting task 1.0 in stage 70.0 (TID 241) (172.26.0.12, executor 0, partition 1, PROCESS_LOCAL, 9921 bytes) 
26/08/14 00:12:39 INFO TaskSetManager: Starting task 3.0 in stage 70.0 (TID 242) (172.26.0.13, executor 1, partition 3, PROCESS_LOCAL, 9921 bytes) 
26/08/14 00:12:39 INFO TaskSetManager: Starting task 5.0 in stage 70.0 (TID 243) (172.26.0.12, executor 0, partition 5, PROCESS_LOCAL, 9921 bytes) 
26/08/14 00:12:39 INFO TaskSetManager: Starting task 4.0 in stage 70.0 (TID 244) (172.26.0.13, executor 1, partition 4, PROCESS_LOCAL, 9921 bytes) 
26/08/14 00:12:39 INFO BlockManagerInfo: Added broadcast_69_piece0 in memory on 172.26.0.12:33791 (size: 25.6 KiB, free: 413.1 MiB)
26/08/14 00:12:39 INFO BlockManagerInfo: Added broadcast_69_piece0 in memory on 172.26.0.13:37779 (size: 25.6 KiB, free: 413.1 MiB)
26/08/14 00:12:40 INFO TaskSetManager: Finished task 0.0 in stage 70.0 (TID 239) in 119 ms on 172.26.0.12 (executor 0) (1/6)
26/08/14 00:12:40 INFO TaskSetManager: Finished task 5.0 in stage 70.0 (TID 243) in 119 ms on 172.26.0.12 (executor 0) (2/6)
26/08/14 00:12:40 INFO TaskSetManager: Finished task 1.0 in stage 70.0 (TID 241) in 119 ms on 172.26.0.12 (executor 0) (3/6)
26/08/14 00:12:40 INFO TaskSetManager: Finished task 4.0 in stage 70.0 (TID 244) in 122 ms on 172.26.0.13 (executor 1) (4/6)
26/08/14 00:12:40 INFO TaskSetManager: Finished task 2.0 in stage 70.0 (TID 240) in 123 ms on 172.26.0.13 (executor 1) (5/6)
26/08/14 00:12:40 INFO TaskSetManager: Finished task 3.0 in stage 70.0 (TID 242) in 124 ms on 172.26.0.13 (executor 1) (6/6)
26/08/14 00:12:40 INFO TaskSchedulerImpl: Removed TaskSet 70.0, whose tasks have all completed, from pool 
26/08/14 00:12:40 INFO DAGScheduler: ShuffleMapStage 70 (count at <unknown>:0) finished in 0.143 s
26/08/14 00:12:40 INFO DAGScheduler: looking for newly runnable stages
26/08/14 00:12:40 INFO DAGScheduler: running: Set()
26/08/14 00:12:40 INFO DAGScheduler: waiting: Set(ResultStage 71)
26/08/14 00:12:40 INFO DAGScheduler: failed: Set()
26/08/14 00:12:40 INFO DAGScheduler: Submitting ResultStage 71 (MapPartitionsRDD[457] at count at <unknown>:0), which has no missing parents
26/08/14 00:12:40 INFO MemoryStore: Block broadcast_70 stored as values in memory (estimated size 12.5 KiB, free 191.1 MiB)
26/08/14 00:12:40 INFO MemoryStore: Block broadcast_70_piece0 stored as bytes in memory (estimated size 5.9 KiB, free 191.1 MiB)
26/08/14 00:12:40 INFO BlockManagerInfo: Added broadcast_70_piece0 in memory on spark-driver:44031 (size: 5.9 KiB, free: 191.2 MiB)
26/08/14 00:12:40 INFO SparkContext: Created broadcast 70 from broadcast at DAGScheduler.scala:1585
26/08/14 00:12:40 INFO DAGScheduler: Submitting 1 missing tasks from ResultStage 71 (MapPartitionsRDD[457] at count at <unknown>:0) (first 15 tasks are for partitions Vector(0))
26/08/14 00:12:40 INFO TaskSchedulerImpl: Adding task set 71.0 with 1 tasks resource profile 0
26/08/14 00:12:40 INFO TaskSetManager: Starting task 0.0 in stage 71.0 (TID 245) (172.26.0.12, executor 0, partition 0, NODE_LOCAL, 9003 bytes) 
26/08/14 00:12:40 INFO BlockManagerInfo: Added broadcast_70_piece0 in memory on 172.26.0.12:33791 (size: 5.9 KiB, free: 413.1 MiB)
26/08/14 00:12:40 INFO MapOutputTrackerMasterEndpoint: Asked to send map output locations for shuffle 32 to 172.26.0.12:37282
26/08/14 00:12:40 INFO TaskSetManager: Finished task 0.0 in stage 71.0 (TID 245) in 35 ms on 172.26.0.12 (executor 0) (1/1)
26/08/14 00:12:40 INFO TaskSchedulerImpl: Removed TaskSet 71.0, whose tasks have all completed, from pool 
26/08/14 00:12:40 INFO DAGScheduler: ResultStage 71 (count at <unknown>:0) finished in 0.046 s
26/08/14 00:12:40 INFO DAGScheduler: Job 38 is finished. Cancelling potential speculative or zombie tasks for this job
26/08/14 00:12:40 INFO TaskSchedulerImpl: Killing all running tasks in stage 71: Stage finished
26/08/14 00:12:40 INFO DAGScheduler: Job 38 finished: count at <unknown>:0, took 0.196865 s
26/08/14 00:12:40 INFO BlockManagerInfo: Removed broadcast_69_piece0 on spark-driver:44031 in memory (size: 25.6 KiB, free: 191.2 MiB)
26/08/14 00:12:40 INFO BlockManagerInfo: Removed broadcast_69_piece0 on 172.26.0.13:37779 in memory (size: 25.6 KiB, free: 413.1 MiB)
26/08/14 00:12:40 INFO BlockManagerInfo: Removed broadcast_69_piece0 on 172.26.0.12:33791 in memory (size: 25.6 KiB, free: 413.1 MiB)
26/08/14 00:12:40 INFO BlockManagerInfo: Removed broadcast_70_piece0 on spark-driver:44031 in memory (size: 5.9 KiB, free: 191.2 MiB)
26/08/14 00:12:40 INFO BlockManagerInfo: Removed broadcast_70_piece0 on 172.26.0.12:33791 in memory (size: 5.9 KiB, free: 413.1 MiB)
26/08/14 00:12:40 INFO DefaultCachedBatchSerializer: Predicate isnotnull(kind#22815) generates partition filter: ((kind.count#22884 - kind.nullCount#22883) > 0)
26/08/14 00:12:40 INFO DefaultCachedBatchSerializer: Predicate (kind#22815 = stats) generates partition filter: ((kind.lowerBound#22882 <= stats) AND (stats <= kind.upperBound#22881))
26/08/14 00:12:40 INFO SparkContext: Starting job: call at /opt/spark/python/lib/py4j-0.10.9.7-src.zip/py4j/clientserver.py:617
26/08/14 00:12:40 INFO DAGScheduler: Got job 39 (call at /opt/spark/python/lib/py4j-0.10.9.7-src.zip/py4j/clientserver.py:617) with 6 output partitions
26/08/14 00:12:40 INFO DAGScheduler: Final stage: ResultStage 72 (call at /opt/spark/python/lib/py4j-0.10.9.7-src.zip/py4j/clientserver.py:617)
26/08/14 00:12:40 INFO DAGScheduler: Parents of final stage: List()
26/08/14 00:12:40 INFO DAGScheduler: Missing parents: List()
26/08/14 00:12:40 INFO DAGScheduler: Submitting ResultStage 72 (MapPartitionsRDD[476] at call at /opt/spark/python/lib/py4j-0.10.9.7-src.zip/py4j/clientserver.py:617), which has no missing parents
26/08/14 00:12:40 INFO MemoryStore: Block broadcast_71 stored as values in memory (estimated size 90.0 KiB, free 191.1 MiB)
26/08/14 00:12:40 INFO MemoryStore: Block broadcast_71_piece0 stored as bytes in memory (estimated size 34.0 KiB, free 191.1 MiB)
26/08/14 00:12:40 INFO BlockManagerInfo: Added broadcast_71_piece0 in memory on spark-driver:44031 (size: 34.0 KiB, free: 191.2 MiB)
26/08/14 00:12:40 INFO SparkContext: Created broadcast 71 from broadcast at DAGScheduler.scala:1585
26/08/14 00:12:40 INFO DAGScheduler: Submitting 6 missing tasks from ResultStage 72 (MapPartitionsRDD[476] at call at /opt/spark/python/lib/py4j-0.10.9.7-src.zip/py4j/clientserver.py:617) (first 15 tasks are for partitions Vector(0, 1, 2, 3, 4, 5))
26/08/14 00:12:40 INFO TaskSchedulerImpl: Adding task set 72.0 with 6 tasks resource profile 0
26/08/14 00:12:40 INFO TaskSetManager: Starting task 2.0 in stage 72.0 (TID 246) (172.26.0.13, executor 1, partition 2, PROCESS_LOCAL, 9932 bytes) 
26/08/14 00:12:40 INFO TaskSetManager: Starting task 0.0 in stage 72.0 (TID 247) (172.26.0.12, executor 0, partition 0, PROCESS_LOCAL, 9932 bytes) 
26/08/14 00:12:40 INFO TaskSetManager: Starting task 3.0 in stage 72.0 (TID 248) (172.26.0.13, executor 1, partition 3, PROCESS_LOCAL, 9932 bytes) 
26/08/14 00:12:40 INFO TaskSetManager: Starting task 1.0 in stage 72.0 (TID 249) (172.26.0.12, executor 0, partition 1, PROCESS_LOCAL, 9932 bytes) 
26/08/14 00:12:40 INFO TaskSetManager: Starting task 4.0 in stage 72.0 (TID 250) (172.26.0.13, executor 1, partition 4, PROCESS_LOCAL, 9932 bytes) 
26/08/14 00:12:40 INFO TaskSetManager: Starting task 5.0 in stage 72.0 (TID 251) (172.26.0.12, executor 0, partition 5, PROCESS_LOCAL, 9932 bytes) 
26/08/14 00:12:40 INFO BlockManagerInfo: Added broadcast_71_piece0 in memory on 172.26.0.13:37779 (size: 34.0 KiB, free: 413.1 MiB)
26/08/14 00:12:40 INFO BlockManagerInfo: Added broadcast_71_piece0 in memory on 172.26.0.12:33791 (size: 34.0 KiB, free: 413.1 MiB)
26/08/14 00:12:42 INFO BlockManagerInfo: Added rdd_471_2 in memory on 172.26.0.13:37779 (size: 1808.0 B, free: 413.1 MiB)
26/08/14 00:12:42 INFO BlockManagerInfo: Added rdd_471_5 in memory on 172.26.0.12:33791 (size: 1808.0 B, free: 413.1 MiB)
26/08/14 00:12:42 INFO BlockManagerInfo: Added rdd_471_1 in memory on 172.26.0.12:33791 (size: 1808.0 B, free: 413.1 MiB)
26/08/14 00:12:42 INFO BlockManagerInfo: Added rdd_471_0 in memory on 172.26.0.12:33791 (size: 1808.0 B, free: 413.1 MiB)
26/08/14 00:12:42 INFO TaskSetManager: Finished task 2.0 in stage 72.0 (TID 246) in 1942 ms on 172.26.0.13 (executor 1) (1/6)
26/08/14 00:12:42 INFO TaskSetManager: Finished task 1.0 in stage 72.0 (TID 249) in 1951 ms on 172.26.0.12 (executor 0) (2/6)
26/08/14 00:12:42 INFO TaskSetManager: Finished task 5.0 in stage 72.0 (TID 251) in 1953 ms on 172.26.0.12 (executor 0) (3/6)
26/08/14 00:12:42 INFO BlockManagerInfo: Added rdd_471_3 in memory on 172.26.0.13:37779 (size: 1808.0 B, free: 413.1 MiB)
26/08/14 00:12:42 INFO TaskSetManager: Finished task 0.0 in stage 72.0 (TID 247) in 1982 ms on 172.26.0.12 (executor 0) (4/6)
26/08/14 00:12:42 INFO TaskSetManager: Finished task 3.0 in stage 72.0 (TID 248) in 2020 ms on 172.26.0.13 (executor 1) (5/6)
26/08/14 00:12:42 INFO BlockManagerInfo: Added rdd_471_4 in memory on 172.26.0.13:37779 (size: 1808.0 B, free: 413.1 MiB)
26/08/14 00:12:42 INFO TaskSetManager: Finished task 4.0 in stage 72.0 (TID 250) in 2585 ms on 172.26.0.13 (executor 1) (6/6)
26/08/14 00:12:42 INFO TaskSchedulerImpl: Removed TaskSet 72.0, whose tasks have all completed, from pool 
26/08/14 00:12:42 INFO DAGScheduler: ResultStage 72 (call at /opt/spark/python/lib/py4j-0.10.9.7-src.zip/py4j/clientserver.py:617) finished in 2.611 s
26/08/14 00:12:42 INFO DAGScheduler: Job 39 is finished. Cancelling potential speculative or zombie tasks for this job
26/08/14 00:12:42 INFO TaskSchedulerImpl: Killing all running tasks in stage 72: Stage finished
26/08/14 00:12:42 INFO DAGScheduler: Job 39 finished: call at /opt/spark/python/lib/py4j-0.10.9.7-src.zip/py4j/clientserver.py:617, took 2.625176 s
26/08/14 00:12:43 INFO DefaultCachedBatchSerializer: Predicate isnotnull(kind#22815) generates partition filter: ((kind.count#22967 - kind.nullCount#22966) > 0)
26/08/14 00:12:43 INFO DefaultCachedBatchSerializer: Predicate (kind#22815 = dlq) generates partition filter: ((kind.lowerBound#22965 <= dlq) AND (dlq <= kind.upperBound#22964))
26/08/14 00:12:43 INFO SparkContext: Starting job: count at <unknown>:0
26/08/14 00:12:43 INFO DAGScheduler: Registering RDD 481 (count at <unknown>:0) as input to shuffle 33
26/08/14 00:12:43 INFO DAGScheduler: Got job 40 (count at <unknown>:0) with 1 output partitions
26/08/14 00:12:43 INFO DAGScheduler: Final stage: ResultStage 74 (count at <unknown>:0)
26/08/14 00:12:43 INFO DAGScheduler: Parents of final stage: List(ShuffleMapStage 73)
26/08/14 00:12:43 INFO DAGScheduler: Missing parents: List(ShuffleMapStage 73)
26/08/14 00:12:43 INFO DAGScheduler: Submitting ShuffleMapStage 73 (MapPartitionsRDD[481] at count at <unknown>:0), which has no missing parents
26/08/14 00:12:43 INFO MemoryStore: Block broadcast_72 stored as values in memory (estimated size 92.2 KiB, free 191.0 MiB)
26/08/14 00:12:44 INFO BlockManagerInfo: Removed broadcast_71_piece0 on spark-driver:44031 in memory (size: 34.0 KiB, free: 191.2 MiB)
26/08/14 00:12:44 INFO MemoryStore: Block broadcast_72_piece0 stored as bytes in memory (estimated size 35.3 KiB, free 191.1 MiB)
26/08/14 00:12:44 INFO BlockManagerInfo: Added broadcast_72_piece0 in memory on spark-driver:44031 (size: 35.3 KiB, free: 191.2 MiB)
26/08/14 00:12:44 INFO SparkContext: Created broadcast 72 from broadcast at DAGScheduler.scala:1585
26/08/14 00:12:44 INFO DAGScheduler: Submitting 6 missing tasks from ShuffleMapStage 73 (MapPartitionsRDD[481] at count at <unknown>:0) (first 15 tasks are for partitions Vector(0, 1, 2, 3, 4, 5))
26/08/14 00:12:44 INFO TaskSchedulerImpl: Adding task set 73.0 with 6 tasks resource profile 0
26/08/14 00:12:44 INFO BlockManagerInfo: Removed broadcast_71_piece0 on 172.26.0.13:37779 in memory (size: 34.0 KiB, free: 413.1 MiB)
26/08/14 00:12:44 INFO BlockManagerInfo: Removed broadcast_71_piece0 on 172.26.0.12:33791 in memory (size: 34.0 KiB, free: 413.1 MiB)
26/08/14 00:12:44 INFO TaskSetManager: Starting task 0.0 in stage 73.0 (TID 252) (172.26.0.12, executor 0, partition 0, PROCESS_LOCAL, 9921 bytes) 
26/08/14 00:12:44 INFO TaskSetManager: Starting task 2.0 in stage 73.0 (TID 253) (172.26.0.13, executor 1, partition 2, PROCESS_LOCAL, 9921 bytes) 
26/08/14 00:12:44 INFO TaskSetManager: Starting task 1.0 in stage 73.0 (TID 254) (172.26.0.12, executor 0, partition 1, PROCESS_LOCAL, 9921 bytes) 
26/08/14 00:12:44 INFO TaskSetManager: Starting task 3.0 in stage 73.0 (TID 255) (172.26.0.13, executor 1, partition 3, PROCESS_LOCAL, 9921 bytes) 
26/08/14 00:12:44 INFO TaskSetManager: Starting task 5.0 in stage 73.0 (TID 256) (172.26.0.12, executor 0, partition 5, PROCESS_LOCAL, 9921 bytes) 
26/08/14 00:12:44 INFO TaskSetManager: Starting task 4.0 in stage 73.0 (TID 257) (172.26.0.13, executor 1, partition 4, PROCESS_LOCAL, 9921 bytes) 
26/08/14 00:12:44 INFO BlockManagerInfo: Added broadcast_72_piece0 in memory on 172.26.0.13:37779 (size: 35.3 KiB, free: 413.1 MiB)
26/08/14 00:12:44 INFO BlockManagerInfo: Added broadcast_72_piece0 in memory on 172.26.0.12:33791 (size: 35.3 KiB, free: 413.1 MiB)
26/08/14 00:12:44 INFO TaskSetManager: Finished task 3.0 in stage 73.0 (TID 255) in 311 ms on 172.26.0.13 (executor 1) (1/6)
26/08/14 00:12:44 INFO TaskSetManager: Finished task 2.0 in stage 73.0 (TID 253) in 337 ms on 172.26.0.13 (executor 1) (2/6)
26/08/14 00:12:44 INFO TaskSetManager: Finished task 4.0 in stage 73.0 (TID 257) in 368 ms on 172.26.0.13 (executor 1) (3/6)
26/08/14 00:12:44 INFO TaskSetManager: Finished task 5.0 in stage 73.0 (TID 256) in 435 ms on 172.26.0.12 (executor 0) (4/6)
26/08/14 00:12:44 INFO TaskSetManager: Finished task 1.0 in stage 73.0 (TID 254) in 456 ms on 172.26.0.12 (executor 0) (5/6)
26/08/14 00:12:44 INFO TaskSetManager: Finished task 0.0 in stage 73.0 (TID 252) in 521 ms on 172.26.0.12 (executor 0) (6/6)
26/08/14 00:12:44 INFO TaskSchedulerImpl: Removed TaskSet 73.0, whose tasks have all completed, from pool 
26/08/14 00:12:44 INFO DAGScheduler: ShuffleMapStage 73 (count at <unknown>:0) finished in 0.885 s
26/08/14 00:12:44 INFO DAGScheduler: looking for newly runnable stages
26/08/14 00:12:44 INFO DAGScheduler: running: Set()
26/08/14 00:12:44 INFO DAGScheduler: waiting: Set(ResultStage 74)
26/08/14 00:12:44 INFO DAGScheduler: failed: Set()
26/08/14 00:12:44 INFO DAGScheduler: Submitting ResultStage 74 (MapPartitionsRDD[484] at count at <unknown>:0), which has no missing parents
26/08/14 00:12:44 INFO MemoryStore: Block broadcast_73 stored as values in memory (estimated size 12.5 KiB, free 191.1 MiB)
26/08/14 00:12:44 INFO MemoryStore: Block broadcast_73_piece0 stored as bytes in memory (estimated size 5.9 KiB, free 191.1 MiB)
26/08/14 00:12:44 INFO BlockManagerInfo: Added broadcast_73_piece0 in memory on spark-driver:44031 (size: 5.9 KiB, free: 191.2 MiB)
26/08/14 00:12:44 INFO SparkContext: Created broadcast 73 from broadcast at DAGScheduler.scala:1585
26/08/14 00:12:44 INFO DAGScheduler: Submitting 1 missing tasks from ResultStage 74 (MapPartitionsRDD[484] at count at <unknown>:0) (first 15 tasks are for partitions Vector(0))
26/08/14 00:12:44 INFO TaskSchedulerImpl: Adding task set 74.0 with 1 tasks resource profile 0
26/08/14 00:12:44 INFO TaskSetManager: Starting task 0.0 in stage 74.0 (TID 258) (172.26.0.13, executor 1, partition 0, NODE_LOCAL, 9003 bytes) 
26/08/14 00:12:44 INFO BlockManagerInfo: Added broadcast_73_piece0 in memory on 172.26.0.13:37779 (size: 5.9 KiB, free: 413.1 MiB)
26/08/14 00:12:44 INFO MapOutputTrackerMasterEndpoint: Asked to send map output locations for shuffle 33 to 172.26.0.13:36452
26/08/14 00:12:44 INFO TaskSetManager: Finished task 0.0 in stage 74.0 (TID 258) in 130 ms on 172.26.0.13 (executor 1) (1/1)
26/08/14 00:12:44 INFO TaskSchedulerImpl: Removed TaskSet 74.0, whose tasks have all completed, from pool 
26/08/14 00:12:44 INFO DAGScheduler: ResultStage 74 (count at <unknown>:0) finished in 0.155 s
26/08/14 00:12:44 INFO DAGScheduler: Job 40 is finished. Cancelling potential speculative or zombie tasks for this job
26/08/14 00:12:44 INFO TaskSchedulerImpl: Killing all running tasks in stage 74: Stage finished
26/08/14 00:12:44 INFO DAGScheduler: Job 40 finished: count at <unknown>:0, took 1.098496 s
26/08/14 00:12:44 INFO MapPartitionsRDD: Removing RDD 471 from persistence list
26/08/14 00:12:44 INFO BlockManager: Removing RDD 471
26/08/14 00:12:45 INFO SparkContext: Starting job: call at /opt/spark/python/lib/py4j-0.10.9.7-src.zip/py4j/clientserver.py:617
26/08/14 00:12:45 INFO DAGScheduler: Registering RDD 489 (call at /opt/spark/python/lib/py4j-0.10.9.7-src.zip/py4j/clientserver.py:617) as input to shuffle 34
26/08/14 00:12:45 INFO DAGScheduler: Got job 41 (call at /opt/spark/python/lib/py4j-0.10.9.7-src.zip/py4j/clientserver.py:617) with 1 output partitions
26/08/14 00:12:45 INFO DAGScheduler: Final stage: ResultStage 76 (call at /opt/spark/python/lib/py4j-0.10.9.7-src.zip/py4j/clientserver.py:617)
26/08/14 00:12:45 INFO DAGScheduler: Parents of final stage: List(ShuffleMapStage 75)
26/08/14 00:12:45 INFO DAGScheduler: Missing parents: List(ShuffleMapStage 75)
26/08/14 00:12:45 INFO DAGScheduler: Submitting ShuffleMapStage 75 (MapPartitionsRDD[489] at call at /opt/spark/python/lib/py4j-0.10.9.7-src.zip/py4j/clientserver.py:617), which has no missing parents
26/08/14 00:12:45 INFO MemoryStore: Block broadcast_74 stored as values in memory (estimated size 66.2 KiB, free 191.0 MiB)
26/08/14 00:12:45 INFO MemoryStore: Block broadcast_74_piece0 stored as bytes in memory (estimated size 24.8 KiB, free 191.0 MiB)
26/08/14 00:12:45 INFO BlockManagerInfo: Added broadcast_74_piece0 in memory on spark-driver:44031 (size: 24.8 KiB, free: 191.1 MiB)
26/08/14 00:12:45 INFO SparkContext: Created broadcast 74 from broadcast at DAGScheduler.scala:1585
26/08/14 00:12:45 INFO DAGScheduler: Submitting 6 missing tasks from ShuffleMapStage 75 (MapPartitionsRDD[489] at call at /opt/spark/python/lib/py4j-0.10.9.7-src.zip/py4j/clientserver.py:617) (first 15 tasks are for partitions Vector(0, 1, 2, 3, 4, 5))
26/08/14 00:12:45 INFO TaskSchedulerImpl: Adding task set 75.0 with 6 tasks resource profile 0
26/08/14 00:12:45 INFO TaskSetManager: Starting task 2.0 in stage 75.0 (TID 259) (172.26.0.13, executor 1, partition 2, PROCESS_LOCAL, 9921 bytes) 
26/08/14 00:12:45 INFO TaskSetManager: Starting task 0.0 in stage 75.0 (TID 260) (172.26.0.12, executor 0, partition 0, PROCESS_LOCAL, 9921 bytes) 
26/08/14 00:12:45 INFO TaskSetManager: Starting task 3.0 in stage 75.0 (TID 261) (172.26.0.13, executor 1, partition 3, PROCESS_LOCAL, 9921 bytes) 
26/08/14 00:12:45 INFO TaskSetManager: Starting task 1.0 in stage 75.0 (TID 262) (172.26.0.12, executor 0, partition 1, PROCESS_LOCAL, 9921 bytes) 
26/08/14 00:12:45 INFO TaskSetManager: Starting task 4.0 in stage 75.0 (TID 263) (172.26.0.13, executor 1, partition 4, PROCESS_LOCAL, 9921 bytes) 
26/08/14 00:12:45 INFO TaskSetManager: Starting task 5.0 in stage 75.0 (TID 264) (172.26.0.12, executor 0, partition 5, PROCESS_LOCAL, 9921 bytes) 
26/08/14 00:12:45 INFO BlockManagerInfo: Added broadcast_74_piece0 in memory on 172.26.0.13:37779 (size: 24.8 KiB, free: 413.0 MiB)
26/08/14 00:12:45 INFO BlockManagerInfo: Added broadcast_74_piece0 in memory on 172.26.0.12:33791 (size: 24.8 KiB, free: 413.1 MiB)
26/08/14 00:12:45 INFO TaskSetManager: Finished task 0.0 in stage 75.0 (TID 260) in 140 ms on 172.26.0.12 (executor 0) (1/6)
26/08/14 00:12:45 INFO TaskSetManager: Finished task 3.0 in stage 75.0 (TID 261) in 152 ms on 172.26.0.13 (executor 1) (2/6)
26/08/14 00:12:45 INFO TaskSetManager: Finished task 2.0 in stage 75.0 (TID 259) in 158 ms on 172.26.0.13 (executor 1) (3/6)
26/08/14 00:12:45 INFO TaskSetManager: Finished task 1.0 in stage 75.0 (TID 262) in 160 ms on 172.26.0.12 (executor 0) (4/6)
26/08/14 00:12:45 INFO TaskSetManager: Finished task 5.0 in stage 75.0 (TID 264) in 157 ms on 172.26.0.12 (executor 0) (5/6)
26/08/14 00:12:45 INFO TaskSetManager: Finished task 4.0 in stage 75.0 (TID 263) in 159 ms on 172.26.0.13 (executor 1) (6/6)
26/08/14 00:12:45 INFO TaskSchedulerImpl: Removed TaskSet 75.0, whose tasks have all completed, from pool 
26/08/14 00:12:45 INFO DAGScheduler: ShuffleMapStage 75 (call at /opt/spark/python/lib/py4j-0.10.9.7-src.zip/py4j/clientserver.py:617) finished in 0.191 s
26/08/14 00:12:45 INFO DAGScheduler: looking for newly runnable stages
26/08/14 00:12:45 INFO DAGScheduler: running: Set()
26/08/14 00:12:45 INFO DAGScheduler: waiting: Set(ResultStage 76)
26/08/14 00:12:45 INFO DAGScheduler: failed: Set()
26/08/14 00:12:45 INFO DAGScheduler: Submitting ResultStage 76 (MapPartitionsRDD[492] at call at /opt/spark/python/lib/py4j-0.10.9.7-src.zip/py4j/clientserver.py:617), which has no missing parents
26/08/14 00:12:45 INFO MemoryStore: Block broadcast_75 stored as values in memory (estimated size 13.1 KiB, free 191.0 MiB)
26/08/14 00:12:45 INFO MemoryStore: Block broadcast_75_piece0 stored as bytes in memory (estimated size 6.1 KiB, free 191.0 MiB)
26/08/14 00:12:45 INFO BlockManagerInfo: Added broadcast_75_piece0 in memory on spark-driver:44031 (size: 6.1 KiB, free: 191.1 MiB)
26/08/14 00:12:45 INFO SparkContext: Created broadcast 75 from broadcast at DAGScheduler.scala:1585
26/08/14 00:12:45 INFO DAGScheduler: Submitting 1 missing tasks from ResultStage 76 (MapPartitionsRDD[492] at call at /opt/spark/python/lib/py4j-0.10.9.7-src.zip/py4j/clientserver.py:617) (first 15 tasks are for partitions Vector(0))
26/08/14 00:12:45 INFO TaskSchedulerImpl: Adding task set 76.0 with 1 tasks resource profile 0
26/08/14 00:12:45 INFO TaskSetManager: Starting task 0.0 in stage 76.0 (TID 265) (172.26.0.13, executor 1, partition 0, NODE_LOCAL, 9003 bytes) 
26/08/14 00:12:45 INFO BlockManagerInfo: Removed broadcast_72_piece0 on spark-driver:44031 in memory (size: 35.3 KiB, free: 191.2 MiB)
26/08/14 00:12:45 INFO BlockManagerInfo: Removed broadcast_72_piece0 on 172.26.0.12:33791 in memory (size: 35.3 KiB, free: 413.1 MiB)
26/08/14 00:12:45 INFO BlockManagerInfo: Removed broadcast_72_piece0 on 172.26.0.13:37779 in memory (size: 35.3 KiB, free: 413.1 MiB)
26/08/14 00:12:45 INFO BlockManagerInfo: Removed broadcast_73_piece0 on spark-driver:44031 in memory (size: 5.9 KiB, free: 191.2 MiB)
26/08/14 00:12:45 INFO BlockManagerInfo: Removed broadcast_73_piece0 on 172.26.0.13:37779 in memory (size: 5.9 KiB, free: 413.1 MiB)
26/08/14 00:12:45 INFO BlockManagerInfo: Added broadcast_75_piece0 in memory on 172.26.0.13:37779 (size: 6.1 KiB, free: 413.1 MiB)
26/08/14 00:12:45 INFO MapOutputTrackerMasterEndpoint: Asked to send map output locations for shuffle 34 to 172.26.0.13:36452
26/08/14 00:12:45 INFO TaskSetManager: Finished task 0.0 in stage 76.0 (TID 265) in 91 ms on 172.26.0.13 (executor 1) (1/1)
26/08/14 00:12:45 INFO TaskSchedulerImpl: Removed TaskSet 76.0, whose tasks have all completed, from pool 
26/08/14 00:12:45 INFO DAGScheduler: ResultStage 76 (call at /opt/spark/python/lib/py4j-0.10.9.7-src.zip/py4j/clientserver.py:617) finished in 0.133 s
26/08/14 00:12:45 INFO DAGScheduler: Job 41 is finished. Cancelling potential speculative or zombie tasks for this job
26/08/14 00:12:45 INFO TaskSchedulerImpl: Killing all running tasks in stage 76: Stage finished
26/08/14 00:12:45 INFO DAGScheduler: Job 41 finished: call at /opt/spark/python/lib/py4j-0.10.9.7-src.zip/py4j/clientserver.py:617, took 0.352371 s
26/08/14 00:12:45 INFO MapPartitionsRDD: Removing RDD 433 from persistence list
26/08/14 00:12:45 INFO BlockManager: Removing RDD 433
26/08/14 00:12:45 INFO WatermarkTracker: Updating event-time watermark from 1786666235572 to 1786666238805 ms
26/08/14 00:12:45 INFO CheckpointFileManager: Writing atomically to file:/opt/checkpoints/trips/commits/7 using temp file file:/opt/checkpoints/trips/commits/.7.b773985d-771f-4bf4-9e6f-cc5554566286.tmp
26/08/14 00:12:45 INFO CheckpointFileManager: Renamed temp file file:/opt/checkpoints/trips/commits/.7.b773985d-771f-4bf4-9e6f-cc5554566286.tmp to file:/opt/checkpoints/trips/commits/7
26/08/14 00:12:45 INFO MicroBatchExecution: Streaming query made progress: {
  "id" : "673700e1-7609-4c3e-bff3-65e01579062f",
  "runId" : "684f6ae2-98d1-4139-a900-0d86eb048f89",
  "name" : "trips-ingest-chaos_kill_cassandra_1",
  "timestamp" : "2026-08-14T00:12:38.898Z",
  "batchId" : 7,
  "numInputRows" : 2621,
  "inputRowsPerSecond" : 801.7742428877332,
  "processedRowsPerSecond" : 387.4926079243051,
  "durationMs" : {
    "addBatch" : 6564,
    "commitOffsets" : 108,
    "getBatch" : 0,
    "latestOffset" : 20,
    "queryPlanning" : 26,
    "triggerExecution" : 6764,
    "walCommit" : 41
  },
  "eventTime" : {
    "avg" : "2026-08-14T00:12:35.745Z",
    "max" : "2026-08-14T00:12:38.805Z",
    "min" : "2026-08-14T00:12:32.636Z",
    "watermark" : "2026-08-14T00:10:35.572Z"
  },
  "stateOperators" : [ ],
  "sources" : [ {
    "description" : "KafkaV2[Subscribe[trips.raw]]",
    "startOffset" : {
      "trips.raw" : {
        "2" : 233719,
        "5" : 232106,
        "4" : 233387,
        "1" : 233281,
        "3" : 233321,
        "0" : 233334
      }
    },
    "endOffset" : {
      "trips.raw" : {
        "2" : 234124,
        "5" : 232534,
        "4" : 233839,
        "1" : 233760,
        "3" : 233757,
        "0" : 233755
      }
    },
    "latestOffset" : {
      "trips.raw" : {
        "2" : 234124,
        "5" : 232534,
        "4" : 233839,
        "1" : 233760,
        "3" : 233757,
        "0" : 233755
      }
    },
    "numInputRows" : 2621,
    "inputRowsPerSecond" : 801.7742428877332,
    "processedRowsPerSecond" : 387.4926079243051,
    "metrics" : {
      "avgOffsetsBehindLatest" : "0.0",
      "maxOffsetsBehindLatest" : "0",
      "minOffsetsBehindLatest" : "0"
    }
  } ],
  "sink" : {
    "description" : "ForeachBatchSink",
    "numOutputRows" : -1
  }
}
26/08/14 00:12:45 INFO CheckpointFileManager: Writing atomically to file:/opt/checkpoints/trips/offsets/8 using temp file file:/opt/checkpoints/trips/offsets/.8.da5fadf5-2c9e-400f-a9b5-fbc48da418c0.tmp
26/08/14 00:12:45 INFO CheckpointFileManager: Renamed temp file file:/opt/checkpoints/trips/offsets/.8.da5fadf5-2c9e-400f-a9b5-fbc48da418c0.tmp to file:/opt/checkpoints/trips/offsets/8
26/08/14 00:12:45 INFO MicroBatchExecution: Committed offsets for batch 8. Metadata OffsetSeqMetadata(1786666238805,1786666365691,Map(spark.sql.streaming.stateStore.providerClass -> org.apache.spark.sql.execution.streaming.state.HDFSBackedStateStoreProvider, spark.sql.streaming.join.stateFormatVersion -> 2, spark.sql.streaming.stateStore.compression.codec -> lz4, spark.sql.streaming.stateStore.rocksdb.formatVersion -> 5, spark.sql.streaming.statefulOperator.useStrictDistribution -> true, spark.sql.streaming.flatMapGroupsWithState.stateFormatVersion -> 2, spark.sql.streaming.multipleWatermarkPolicy -> min, spark.sql.streaming.aggregation.stateFormatVersion -> 2, spark.sql.shuffle.partitions -> 6))
26/08/14 00:12:45 INFO KafkaOffsetReaderAdmin: Partitions added: Map()
26/08/14 00:12:45 INFO KafkaOffsetReaderAdmin: Partitions added: Map()
26/08/14 00:12:45 INFO KafkaOffsetReaderAdmin: Partitions added: Map()
26/08/14 00:12:45 INFO KafkaOffsetReaderAdmin: Partitions added: Map()
2026-08-14 00:12:45,854 INFO  [stream] Received command c on object id p0
26/08/14 00:12:45 INFO SparkContext: Starting job: count at <unknown>:0
26/08/14 00:12:45 INFO BlockManagerInfo: Removed broadcast_75_piece0 on spark-driver:44031 in memory (size: 6.1 KiB, free: 191.2 MiB)
26/08/14 00:12:45 INFO DAGScheduler: Registering RDD 507 (count at <unknown>:0) as input to shuffle 35
26/08/14 00:12:45 INFO DAGScheduler: Got job 42 (count at <unknown>:0) with 1 output partitions
26/08/14 00:12:45 INFO BlockManagerInfo: Removed broadcast_75_piece0 on 172.26.0.13:37779 in memory (size: 6.1 KiB, free: 413.9 MiB)
26/08/14 00:12:45 INFO DAGScheduler: Final stage: ResultStage 78 (count at <unknown>:0)
26/08/14 00:12:45 INFO DAGScheduler: Parents of final stage: List(ShuffleMapStage 77)
26/08/14 00:12:45 INFO DAGScheduler: Missing parents: List(ShuffleMapStage 77)
26/08/14 00:12:45 INFO DAGScheduler: Submitting ShuffleMapStage 77 (MapPartitionsRDD[507] at count at <unknown>:0), which has no missing parents
26/08/14 00:12:45 INFO BlockManagerInfo: Removed broadcast_74_piece0 on spark-driver:44031 in memory (size: 24.8 KiB, free: 191.2 MiB)
26/08/14 00:12:45 INFO BlockManagerInfo: Removed broadcast_74_piece0 on 172.26.0.12:33791 in memory (size: 24.8 KiB, free: 413.9 MiB)
26/08/14 00:12:45 INFO MemoryStore: Block broadcast_76 stored as values in memory (estimated size 64.6 KiB, free 191.1 MiB)
26/08/14 00:12:45 INFO BlockManagerInfo: Removed broadcast_74_piece0 on 172.26.0.13:37779 in memory (size: 24.8 KiB, free: 413.9 MiB)
26/08/14 00:12:45 INFO MemoryStore: Block broadcast_76_piece0 stored as bytes in memory (estimated size 24.1 KiB, free 191.1 MiB)
26/08/14 00:12:45 INFO BlockManagerInfo: Added broadcast_76_piece0 in memory on spark-driver:44031 (size: 24.1 KiB, free: 191.2 MiB)
26/08/14 00:12:45 INFO SparkContext: Created broadcast 76 from broadcast at DAGScheduler.scala:1585
26/08/14 00:12:45 INFO DAGScheduler: Submitting 6 missing tasks from ShuffleMapStage 77 (MapPartitionsRDD[507] at count at <unknown>:0) (first 15 tasks are for partitions Vector(0, 1, 2, 3, 4, 5))
26/08/14 00:12:45 INFO TaskSchedulerImpl: Adding task set 77.0 with 6 tasks resource profile 0
26/08/14 00:12:45 INFO TaskSetManager: Starting task 0.0 in stage 77.0 (TID 266) (172.26.0.12, executor 0, partition 0, PROCESS_LOCAL, 9921 bytes) 
26/08/14 00:12:45 INFO TaskSetManager: Starting task 2.0 in stage 77.0 (TID 267) (172.26.0.13, executor 1, partition 2, PROCESS_LOCAL, 9921 bytes) 
26/08/14 00:12:45 INFO TaskSetManager: Starting task 1.0 in stage 77.0 (TID 268) (172.26.0.12, executor 0, partition 1, PROCESS_LOCAL, 9921 bytes) 
26/08/14 00:12:45 INFO TaskSetManager: Starting task 3.0 in stage 77.0 (TID 269) (172.26.0.13, executor 1, partition 3, PROCESS_LOCAL, 9921 bytes) 
26/08/14 00:12:45 INFO TaskSetManager: Starting task 5.0 in stage 77.0 (TID 270) (172.26.0.12, executor 0, partition 5, PROCESS_LOCAL, 9921 bytes) 
26/08/14 00:12:45 INFO TaskSetManager: Starting task 4.0 in stage 77.0 (TID 271) (172.26.0.13, executor 1, partition 4, PROCESS_LOCAL, 9921 bytes) 
26/08/14 00:12:46 INFO BlockManagerInfo: Added broadcast_76_piece0 in memory on 172.26.0.12:33791 (size: 24.1 KiB, free: 413.9 MiB)
26/08/14 00:12:46 INFO BlockManagerInfo: Added broadcast_76_piece0 in memory on 172.26.0.13:37779 (size: 24.1 KiB, free: 413.9 MiB)
26/08/14 00:12:46 INFO BlockManagerInfo: Added rdd_502_0 in memory on 172.26.0.12:33791 (size: 552.0 KiB, free: 413.4 MiB)
26/08/14 00:12:46 INFO BlockManagerInfo: Added rdd_502_5 in memory on 172.26.0.12:33791 (size: 531.8 KiB, free: 412.8 MiB)
26/08/14 00:12:46 INFO BlockManagerInfo: Added rdd_502_2 in memory on 172.26.0.13:37779 (size: 587.4 KiB, free: 413.3 MiB)
26/08/14 00:12:46 INFO BlockManagerInfo: Added rdd_502_1 in memory on 172.26.0.12:33791 (size: 560.7 KiB, free: 412.3 MiB)
26/08/14 00:12:46 INFO BlockManagerInfo: Added rdd_502_4 in memory on 172.26.0.13:37779 (size: 536.8 KiB, free: 412.8 MiB)
26/08/14 00:12:46 INFO BlockManagerInfo: Added rdd_502_3 in memory on 172.26.0.13:37779 (size: 575.6 KiB, free: 412.2 MiB)
26/08/14 00:12:46 INFO TaskSetManager: Finished task 1.0 in stage 77.0 (TID 268) in 362 ms on 172.26.0.12 (executor 0) (1/6)
26/08/14 00:12:46 INFO TaskSetManager: Finished task 5.0 in stage 77.0 (TID 270) in 364 ms on 172.26.0.12 (executor 0) (2/6)
26/08/14 00:12:46 INFO TaskSetManager: Finished task 0.0 in stage 77.0 (TID 266) in 365 ms on 172.26.0.12 (executor 0) (3/6)
26/08/14 00:12:46 INFO TaskSetManager: Finished task 2.0 in stage 77.0 (TID 267) in 370 ms on 172.26.0.13 (executor 1) (4/6)
26/08/14 00:12:46 INFO TaskSetManager: Finished task 3.0 in stage 77.0 (TID 269) in 370 ms on 172.26.0.13 (executor 1) (5/6)
26/08/14 00:12:46 INFO TaskSetManager: Finished task 4.0 in stage 77.0 (TID 271) in 371 ms on 172.26.0.13 (executor 1) (6/6)
26/08/14 00:12:46 INFO TaskSchedulerImpl: Removed TaskSet 77.0, whose tasks have all completed, from pool 
26/08/14 00:12:46 INFO DAGScheduler: ShuffleMapStage 77 (count at <unknown>:0) finished in 0.396 s
26/08/14 00:12:46 INFO DAGScheduler: looking for newly runnable stages
26/08/14 00:12:46 INFO DAGScheduler: running: Set()
26/08/14 00:12:46 INFO DAGScheduler: waiting: Set(ResultStage 78)
26/08/14 00:12:46 INFO DAGScheduler: failed: Set()
26/08/14 00:12:46 INFO DAGScheduler: Submitting ResultStage 78 (MapPartitionsRDD[510] at count at <unknown>:0), which has no missing parents
26/08/14 00:12:46 INFO MemoryStore: Block broadcast_77 stored as values in memory (estimated size 12.5 KiB, free 191.1 MiB)
26/08/14 00:12:46 INFO MemoryStore: Block broadcast_77_piece0 stored as bytes in memory (estimated size 5.9 KiB, free 191.1 MiB)
26/08/14 00:12:46 INFO BlockManagerInfo: Added broadcast_77_piece0 in memory on spark-driver:44031 (size: 5.9 KiB, free: 191.2 MiB)
26/08/14 00:12:46 INFO SparkContext: Created broadcast 77 from broadcast at DAGScheduler.scala:1585
26/08/14 00:12:46 INFO DAGScheduler: Submitting 1 missing tasks from ResultStage 78 (MapPartitionsRDD[510] at count at <unknown>:0) (first 15 tasks are for partitions Vector(0))
26/08/14 00:12:46 INFO TaskSchedulerImpl: Adding task set 78.0 with 1 tasks resource profile 0
26/08/14 00:12:46 INFO TaskSetManager: Starting task 0.0 in stage 78.0 (TID 272) (172.26.0.12, executor 0, partition 0, NODE_LOCAL, 9003 bytes) 
26/08/14 00:12:46 INFO BlockManagerInfo: Added broadcast_77_piece0 in memory on 172.26.0.12:33791 (size: 5.9 KiB, free: 412.3 MiB)
26/08/14 00:12:46 INFO MapOutputTrackerMasterEndpoint: Asked to send map output locations for shuffle 35 to 172.26.0.12:37282
26/08/14 00:12:46 INFO TaskSetManager: Finished task 0.0 in stage 78.0 (TID 272) in 33 ms on 172.26.0.12 (executor 0) (1/1)
26/08/14 00:12:46 INFO TaskSchedulerImpl: Removed TaskSet 78.0, whose tasks have all completed, from pool 
26/08/14 00:12:46 INFO DAGScheduler: ResultStage 78 (count at <unknown>:0) finished in 0.067 s
26/08/14 00:12:46 INFO DAGScheduler: Job 42 is finished. Cancelling potential speculative or zombie tasks for this job
26/08/14 00:12:46 INFO TaskSchedulerImpl: Killing all running tasks in stage 78: Stage finished
26/08/14 00:12:46 INFO DAGScheduler: Job 42 finished: count at <unknown>:0, took 0.480797 s
26/08/14 00:12:46 INFO SparkContext: Starting job: count at <unknown>:0
26/08/14 00:12:46 INFO DAGScheduler: Registering RDD 515 (count at <unknown>:0) as input to shuffle 36
26/08/14 00:12:46 INFO DAGScheduler: Got job 43 (count at <unknown>:0) with 1 output partitions
26/08/14 00:12:46 INFO DAGScheduler: Final stage: ResultStage 80 (count at <unknown>:0)
26/08/14 00:12:46 INFO DAGScheduler: Parents of final stage: List(ShuffleMapStage 79)
26/08/14 00:12:46 INFO DAGScheduler: Missing parents: List(ShuffleMapStage 79)
26/08/14 00:12:46 INFO DAGScheduler: Submitting ShuffleMapStage 79 (MapPartitionsRDD[515] at count at <unknown>:0), which has no missing parents
26/08/14 00:12:46 INFO MemoryStore: Block broadcast_78 stored as values in memory (estimated size 64.9 KiB, free 191.0 MiB)
26/08/14 00:12:46 INFO MemoryStore: Block broadcast_78_piece0 stored as bytes in memory (estimated size 24.2 KiB, free 191.0 MiB)
26/08/14 00:12:46 INFO BlockManagerInfo: Added broadcast_78_piece0 in memory on spark-driver:44031 (size: 24.2 KiB, free: 191.2 MiB)
26/08/14 00:12:46 INFO SparkContext: Created broadcast 78 from broadcast at DAGScheduler.scala:1585
26/08/14 00:12:46 INFO DAGScheduler: Submitting 6 missing tasks from ShuffleMapStage 79 (MapPartitionsRDD[515] at count at <unknown>:0) (first 15 tasks are for partitions Vector(0, 1, 2, 3, 4, 5))
26/08/14 00:12:46 INFO TaskSchedulerImpl: Adding task set 79.0 with 6 tasks resource profile 0
26/08/14 00:12:46 INFO TaskSetManager: Starting task 0.0 in stage 79.0 (TID 273) (172.26.0.12, executor 0, partition 0, PROCESS_LOCAL, 9921 bytes) 
26/08/14 00:12:46 INFO TaskSetManager: Starting task 2.0 in stage 79.0 (TID 274) (172.26.0.13, executor 1, partition 2, PROCESS_LOCAL, 9921 bytes) 
26/08/14 00:12:46 INFO TaskSetManager: Starting task 1.0 in stage 79.0 (TID 275) (172.26.0.12, executor 0, partition 1, PROCESS_LOCAL, 9921 bytes) 
26/08/14 00:12:46 INFO TaskSetManager: Starting task 3.0 in stage 79.0 (TID 276) (172.26.0.13, executor 1, partition 3, PROCESS_LOCAL, 9921 bytes) 
26/08/14 00:12:46 INFO TaskSetManager: Starting task 5.0 in stage 79.0 (TID 277) (172.26.0.12, executor 0, partition 5, PROCESS_LOCAL, 9921 bytes) 
26/08/14 00:12:46 INFO TaskSetManager: Starting task 4.0 in stage 79.0 (TID 278) (172.26.0.13, executor 1, partition 4, PROCESS_LOCAL, 9921 bytes) 
26/08/14 00:12:46 INFO BlockManagerInfo: Added broadcast_78_piece0 in memory on 172.26.0.13:37779 (size: 24.2 KiB, free: 412.2 MiB)
26/08/14 00:12:46 INFO BlockManagerInfo: Added broadcast_78_piece0 in memory on 172.26.0.12:33791 (size: 24.2 KiB, free: 412.3 MiB)
26/08/14 00:12:46 INFO TaskSetManager: Finished task 0.0 in stage 79.0 (TID 273) in 41 ms on 172.26.0.12 (executor 0) (1/6)
26/08/14 00:12:46 INFO TaskSetManager: Finished task 5.0 in stage 79.0 (TID 277) in 41 ms on 172.26.0.12 (executor 0) (2/6)
26/08/14 00:12:46 INFO TaskSetManager: Finished task 1.0 in stage 79.0 (TID 275) in 41 ms on 172.26.0.12 (executor 0) (3/6)
26/08/14 00:12:46 INFO TaskSetManager: Finished task 3.0 in stage 79.0 (TID 276) in 331 ms on 172.26.0.13 (executor 1) (4/6)
26/08/14 00:12:46 INFO TaskSetManager: Finished task 2.0 in stage 79.0 (TID 274) in 332 ms on 172.26.0.13 (executor 1) (5/6)
26/08/14 00:12:46 INFO TaskSetManager: Finished task 4.0 in stage 79.0 (TID 278) in 331 ms on 172.26.0.13 (executor 1) (6/6)
26/08/14 00:12:46 INFO TaskSchedulerImpl: Removed TaskSet 79.0, whose tasks have all completed, from pool 
26/08/14 00:12:46 INFO DAGScheduler: ShuffleMapStage 79 (count at <unknown>:0) finished in 0.337 s
26/08/14 00:12:46 INFO DAGScheduler: looking for newly runnable stages
26/08/14 00:12:46 INFO DAGScheduler: running: Set()
26/08/14 00:12:46 INFO DAGScheduler: waiting: Set(ResultStage 80)
26/08/14 00:12:46 INFO DAGScheduler: failed: Set()
26/08/14 00:12:46 INFO DAGScheduler: Submitting ResultStage 80 (MapPartitionsRDD[518] at count at <unknown>:0), which has no missing parents
26/08/14 00:12:46 INFO MemoryStore: Block broadcast_79 stored as values in memory (estimated size 12.5 KiB, free 191.0 MiB)
26/08/14 00:12:46 INFO MemoryStore: Block broadcast_79_piece0 stored as bytes in memory (estimated size 5.9 KiB, free 191.0 MiB)
26/08/14 00:12:46 INFO BlockManagerInfo: Added broadcast_79_piece0 in memory on spark-driver:44031 (size: 5.9 KiB, free: 191.2 MiB)
26/08/14 00:12:46 INFO BlockManagerInfo: Removed broadcast_77_piece0 on spark-driver:44031 in memory (size: 5.9 KiB, free: 191.2 MiB)
26/08/14 00:12:46 INFO SparkContext: Created broadcast 79 from broadcast at DAGScheduler.scala:1585
26/08/14 00:12:46 INFO DAGScheduler: Submitting 1 missing tasks from ResultStage 80 (MapPartitionsRDD[518] at count at <unknown>:0) (first 15 tasks are for partitions Vector(0))
26/08/14 00:12:46 INFO TaskSchedulerImpl: Adding task set 80.0 with 1 tasks resource profile 0
26/08/14 00:12:46 INFO BlockManagerInfo: Removed broadcast_77_piece0 on 172.26.0.12:33791 in memory (size: 5.9 KiB, free: 412.3 MiB)
26/08/14 00:12:46 INFO TaskSetManager: Starting task 0.0 in stage 80.0 (TID 279) (172.26.0.13, executor 1, partition 0, NODE_LOCAL, 9003 bytes) 
26/08/14 00:12:46 INFO BlockManagerInfo: Removed broadcast_76_piece0 on spark-driver:44031 in memory (size: 24.1 KiB, free: 191.2 MiB)
26/08/14 00:12:46 INFO BlockManagerInfo: Removed broadcast_76_piece0 on 172.26.0.13:37779 in memory (size: 24.1 KiB, free: 412.2 MiB)
26/08/14 00:12:46 INFO BlockManagerInfo: Removed broadcast_76_piece0 on 172.26.0.12:33791 in memory (size: 24.1 KiB, free: 412.3 MiB)
26/08/14 00:12:46 INFO BlockManagerInfo: Added broadcast_79_piece0 in memory on 172.26.0.13:37779 (size: 5.9 KiB, free: 412.2 MiB)
26/08/14 00:12:46 INFO MapOutputTrackerMasterEndpoint: Asked to send map output locations for shuffle 36 to 172.26.0.13:36452
26/08/14 00:12:46 INFO TaskSetManager: Finished task 0.0 in stage 80.0 (TID 279) in 36 ms on 172.26.0.13 (executor 1) (1/1)
26/08/14 00:12:46 INFO TaskSchedulerImpl: Removed TaskSet 80.0, whose tasks have all completed, from pool 
26/08/14 00:12:46 INFO DAGScheduler: ResultStage 80 (count at <unknown>:0) finished in 0.056 s
26/08/14 00:12:46 INFO DAGScheduler: Job 43 is finished. Cancelling potential speculative or zombie tasks for this job
26/08/14 00:12:46 INFO TaskSchedulerImpl: Killing all running tasks in stage 80: Stage finished
26/08/14 00:12:46 INFO DAGScheduler: Job 43 finished: count at <unknown>:0, took 0.397621 s
26/08/14 00:12:46 INFO CodeGenerator: Code generated in 17.832083 ms
26/08/14 00:12:46 INFO DefaultCachedBatchSerializer: Predicate isnotnull(event_time#89-T120000ms) generates partition filter: ((event_time.count#25587 - event_time.nullCount#25586) > 0)
26/08/14 00:12:46 INFO DefaultCachedBatchSerializer: Predicate (event_time#89-T120000ms < 2026-08-14 00:10:38.805) generates partition filter: (event_time.lowerBound#25585 < 2026-08-14 00:10:38.805)
26/08/14 00:12:46 INFO SparkContext: Starting job: count at <unknown>:0
26/08/14 00:12:46 INFO DAGScheduler: Registering RDD 523 (count at <unknown>:0) as input to shuffle 37
26/08/14 00:12:46 INFO DAGScheduler: Got job 44 (count at <unknown>:0) with 1 output partitions
26/08/14 00:12:46 INFO DAGScheduler: Final stage: ResultStage 82 (count at <unknown>:0)
26/08/14 00:12:46 INFO DAGScheduler: Parents of final stage: List(ShuffleMapStage 81)
26/08/14 00:12:46 INFO DAGScheduler: Missing parents: List(ShuffleMapStage 81)
26/08/14 00:12:46 INFO DAGScheduler: Submitting ShuffleMapStage 81 (MapPartitionsRDD[523] at count at <unknown>:0), which has no missing parents
26/08/14 00:12:46 INFO MemoryStore: Block broadcast_80 stored as values in memory (estimated size 67.2 KiB, free 191.0 MiB)
26/08/14 00:12:46 INFO MemoryStore: Block broadcast_80_piece0 stored as bytes in memory (estimated size 25.6 KiB, free 191.0 MiB)
26/08/14 00:12:46 INFO BlockManagerInfo: Added broadcast_80_piece0 in memory on spark-driver:44031 (size: 25.6 KiB, free: 191.2 MiB)
26/08/14 00:12:46 INFO SparkContext: Created broadcast 80 from broadcast at DAGScheduler.scala:1585
26/08/14 00:12:46 INFO DAGScheduler: Submitting 6 missing tasks from ShuffleMapStage 81 (MapPartitionsRDD[523] at count at <unknown>:0) (first 15 tasks are for partitions Vector(0, 1, 2, 3, 4, 5))
26/08/14 00:12:46 INFO TaskSchedulerImpl: Adding task set 81.0 with 6 tasks resource profile 0
26/08/14 00:12:46 INFO TaskSetManager: Starting task 2.0 in stage 81.0 (TID 280) (172.26.0.13, executor 1, partition 2, PROCESS_LOCAL, 9921 bytes) 
26/08/14 00:12:46 INFO TaskSetManager: Starting task 0.0 in stage 81.0 (TID 281) (172.26.0.12, executor 0, partition 0, PROCESS_LOCAL, 9921 bytes) 
26/08/14 00:12:46 INFO TaskSetManager: Starting task 3.0 in stage 81.0 (TID 282) (172.26.0.13, executor 1, partition 3, PROCESS_LOCAL, 9921 bytes) 
26/08/14 00:12:46 INFO TaskSetManager: Starting task 1.0 in stage 81.0 (TID 283) (172.26.0.12, executor 0, partition 1, PROCESS_LOCAL, 9921 bytes) 
26/08/14 00:12:46 INFO TaskSetManager: Starting task 4.0 in stage 81.0 (TID 284) (172.26.0.13, executor 1, partition 4, PROCESS_LOCAL, 9921 bytes) 
26/08/14 00:12:46 INFO TaskSetManager: Starting task 5.0 in stage 81.0 (TID 285) (172.26.0.12, executor 0, partition 5, PROCESS_LOCAL, 9921 bytes) 
26/08/14 00:12:46 INFO BlockManagerInfo: Added broadcast_80_piece0 in memory on 172.26.0.13:37779 (size: 25.6 KiB, free: 412.2 MiB)
26/08/14 00:12:46 INFO BlockManagerInfo: Added broadcast_80_piece0 in memory on 172.26.0.12:33791 (size: 25.6 KiB, free: 412.3 MiB)
26/08/14 00:12:47 INFO TaskSetManager: Finished task 4.0 in stage 81.0 (TID 284) in 62 ms on 172.26.0.13 (executor 1) (1/6)
26/08/14 00:12:47 INFO TaskSetManager: Finished task 3.0 in stage 81.0 (TID 282) in 64 ms on 172.26.0.13 (executor 1) (2/6)
26/08/14 00:12:47 INFO TaskSetManager: Finished task 2.0 in stage 81.0 (TID 280) in 64 ms on 172.26.0.13 (executor 1) (3/6)
26/08/14 00:12:47 INFO TaskSetManager: Finished task 1.0 in stage 81.0 (TID 283) in 82 ms on 172.26.0.12 (executor 0) (4/6)
26/08/14 00:12:47 INFO TaskSetManager: Finished task 5.0 in stage 81.0 (TID 285) in 82 ms on 172.26.0.12 (executor 0) (5/6)
26/08/14 00:12:47 INFO TaskSetManager: Finished task 0.0 in stage 81.0 (TID 281) in 85 ms on 172.26.0.12 (executor 0) (6/6)
26/08/14 00:12:47 INFO TaskSchedulerImpl: Removed TaskSet 81.0, whose tasks have all completed, from pool 
26/08/14 00:12:47 INFO DAGScheduler: ShuffleMapStage 81 (count at <unknown>:0) finished in 0.094 s
26/08/14 00:12:47 INFO DAGScheduler: looking for newly runnable stages
26/08/14 00:12:47 INFO DAGScheduler: running: Set()
26/08/14 00:12:47 INFO DAGScheduler: waiting: Set(ResultStage 82)
26/08/14 00:12:47 INFO DAGScheduler: failed: Set()
26/08/14 00:12:47 INFO DAGScheduler: Submitting ResultStage 82 (MapPartitionsRDD[526] at count at <unknown>:0), which has no missing parents
26/08/14 00:12:47 INFO MemoryStore: Block broadcast_81 stored as values in memory (estimated size 12.5 KiB, free 191.0 MiB)
26/08/14 00:12:47 INFO MemoryStore: Block broadcast_81_piece0 stored as bytes in memory (estimated size 5.9 KiB, free 191.0 MiB)
26/08/14 00:12:47 INFO BlockManagerInfo: Added broadcast_81_piece0 in memory on spark-driver:44031 (size: 5.9 KiB, free: 191.2 MiB)
26/08/14 00:12:47 INFO SparkContext: Created broadcast 81 from broadcast at DAGScheduler.scala:1585
26/08/14 00:12:47 INFO DAGScheduler: Submitting 1 missing tasks from ResultStage 82 (MapPartitionsRDD[526] at count at <unknown>:0) (first 15 tasks are for partitions Vector(0))
26/08/14 00:12:47 INFO TaskSchedulerImpl: Adding task set 82.0 with 1 tasks resource profile 0
26/08/14 00:12:47 INFO TaskSetManager: Starting task 0.0 in stage 82.0 (TID 286) (172.26.0.12, executor 0, partition 0, NODE_LOCAL, 9003 bytes) 
26/08/14 00:12:47 INFO BlockManagerInfo: Added broadcast_81_piece0 in memory on 172.26.0.12:33791 (size: 5.9 KiB, free: 412.3 MiB)
26/08/14 00:12:47 INFO MapOutputTrackerMasterEndpoint: Asked to send map output locations for shuffle 37 to 172.26.0.12:37282
26/08/14 00:12:47 INFO BlockManagerInfo: Removed broadcast_80_piece0 on spark-driver:44031 in memory (size: 25.6 KiB, free: 191.2 MiB)
26/08/14 00:12:47 INFO BlockManagerInfo: Removed broadcast_80_piece0 on 172.26.0.13:37779 in memory (size: 25.6 KiB, free: 412.2 MiB)
26/08/14 00:12:47 INFO BlockManagerInfo: Removed broadcast_80_piece0 on 172.26.0.12:33791 in memory (size: 25.6 KiB, free: 412.3 MiB)
26/08/14 00:12:47 INFO BlockManagerInfo: Removed broadcast_78_piece0 on spark-driver:44031 in memory (size: 24.2 KiB, free: 191.2 MiB)
26/08/14 00:12:47 INFO BlockManagerInfo: Removed broadcast_78_piece0 on 172.26.0.12:33791 in memory (size: 24.2 KiB, free: 412.3 MiB)
26/08/14 00:12:47 INFO BlockManagerInfo: Removed broadcast_78_piece0 on 172.26.0.13:37779 in memory (size: 24.2 KiB, free: 412.3 MiB)
26/08/14 00:12:47 INFO TaskSetManager: Finished task 0.0 in stage 82.0 (TID 286) in 40 ms on 172.26.0.12 (executor 0) (1/1)
26/08/14 00:12:47 INFO TaskSchedulerImpl: Removed TaskSet 82.0, whose tasks have all completed, from pool 
26/08/14 00:12:47 INFO DAGScheduler: ResultStage 82 (count at <unknown>:0) finished in 0.045 s
26/08/14 00:12:47 INFO BlockManagerInfo: Removed broadcast_79_piece0 on spark-driver:44031 in memory (size: 5.9 KiB, free: 191.2 MiB)
26/08/14 00:12:47 INFO DAGScheduler: Job 44 is finished. Cancelling potential speculative or zombie tasks for this job
26/08/14 00:12:47 INFO TaskSchedulerImpl: Killing all running tasks in stage 82: Stage finished
26/08/14 00:12:47 INFO BlockManagerInfo: Removed broadcast_79_piece0 on 172.26.0.13:37779 in memory (size: 5.9 KiB, free: 412.3 MiB)
26/08/14 00:12:47 INFO DAGScheduler: Job 44 finished: count at <unknown>:0, took 0.143730 s
26/08/14 00:12:47 INFO DefaultCachedBatchSerializer: Predicate isnotnull(kind#26144) generates partition filter: ((kind.count#26213 - kind.nullCount#26212) > 0)
26/08/14 00:12:47 INFO DefaultCachedBatchSerializer: Predicate (kind#26144 = stats) generates partition filter: ((kind.lowerBound#26211 <= stats) AND (stats <= kind.upperBound#26210))
26/08/14 00:12:47 INFO SparkContext: Starting job: call at /opt/spark/python/lib/py4j-0.10.9.7-src.zip/py4j/clientserver.py:617
26/08/14 00:12:47 INFO DAGScheduler: Got job 45 (call at /opt/spark/python/lib/py4j-0.10.9.7-src.zip/py4j/clientserver.py:617) with 6 output partitions
26/08/14 00:12:47 INFO DAGScheduler: Final stage: ResultStage 83 (call at /opt/spark/python/lib/py4j-0.10.9.7-src.zip/py4j/clientserver.py:617)
26/08/14 00:12:47 INFO DAGScheduler: Parents of final stage: List()
26/08/14 00:12:47 INFO DAGScheduler: Missing parents: List()
26/08/14 00:12:47 INFO DAGScheduler: Submitting ResultStage 83 (MapPartitionsRDD[545] at call at /opt/spark/python/lib/py4j-0.10.9.7-src.zip/py4j/clientserver.py:617), which has no missing parents
26/08/14 00:12:47 INFO MemoryStore: Block broadcast_82 stored as values in memory (estimated size 90.0 KiB, free 191.1 MiB)
26/08/14 00:12:47 INFO MemoryStore: Block broadcast_82_piece0 stored as bytes in memory (estimated size 34.0 KiB, free 191.1 MiB)
26/08/14 00:12:47 INFO BlockManagerInfo: Added broadcast_82_piece0 in memory on spark-driver:44031 (size: 34.0 KiB, free: 191.2 MiB)
26/08/14 00:12:47 INFO SparkContext: Created broadcast 82 from broadcast at DAGScheduler.scala:1585
26/08/14 00:12:47 INFO DAGScheduler: Submitting 6 missing tasks from ResultStage 83 (MapPartitionsRDD[545] at call at /opt/spark/python/lib/py4j-0.10.9.7-src.zip/py4j/clientserver.py:617) (first 15 tasks are for partitions Vector(0, 1, 2, 3, 4, 5))
26/08/14 00:12:47 INFO TaskSchedulerImpl: Adding task set 83.0 with 6 tasks resource profile 0
26/08/14 00:12:47 INFO TaskSetManager: Starting task 0.0 in stage 83.0 (TID 287) (172.26.0.12, executor 0, partition 0, PROCESS_LOCAL, 9932 bytes) 
26/08/14 00:12:47 INFO TaskSetManager: Starting task 2.0 in stage 83.0 (TID 288) (172.26.0.13, executor 1, partition 2, PROCESS_LOCAL, 9932 bytes) 
26/08/14 00:12:47 INFO TaskSetManager: Starting task 1.0 in stage 83.0 (TID 289) (172.26.0.12, executor 0, partition 1, PROCESS_LOCAL, 9932 bytes) 
26/08/14 00:12:47 INFO TaskSetManager: Starting task 3.0 in stage 83.0 (TID 290) (172.26.0.13, executor 1, partition 3, PROCESS_LOCAL, 9932 bytes) 
26/08/14 00:12:47 INFO TaskSetManager: Starting task 5.0 in stage 83.0 (TID 291) (172.26.0.12, executor 0, partition 5, PROCESS_LOCAL, 9932 bytes) 
26/08/14 00:12:47 INFO TaskSetManager: Starting task 4.0 in stage 83.0 (TID 292) (172.26.0.13, executor 1, partition 4, PROCESS_LOCAL, 9932 bytes) 
26/08/14 00:12:47 INFO BlockManagerInfo: Added broadcast_82_piece0 in memory on 172.26.0.12:33791 (size: 34.0 KiB, free: 412.3 MiB)
26/08/14 00:12:47 INFO BlockManagerInfo: Added broadcast_82_piece0 in memory on 172.26.0.13:37779 (size: 34.0 KiB, free: 412.2 MiB)
26/08/14 00:12:49 INFO BlockManagerInfo: Added rdd_540_0 in memory on 172.26.0.12:33791 (size: 1808.0 B, free: 412.3 MiB)
26/08/14 00:12:49 INFO BlockManagerInfo: Added rdd_540_5 in memory on 172.26.0.12:33791 (size: 1808.0 B, free: 412.3 MiB)
26/08/14 00:12:49 INFO BlockManagerInfo: Added rdd_540_4 in memory on 172.26.0.13:37779 (size: 1808.0 B, free: 412.2 MiB)
26/08/14 00:12:49 INFO TaskSetManager: Finished task 5.0 in stage 83.0 (TID 291) in 1836 ms on 172.26.0.12 (executor 0) (1/6)
26/08/14 00:12:49 INFO TaskSetManager: Finished task 0.0 in stage 83.0 (TID 287) in 1839 ms on 172.26.0.12 (executor 0) (2/6)
26/08/14 00:12:49 INFO TaskSetManager: Finished task 4.0 in stage 83.0 (TID 292) in 1865 ms on 172.26.0.13 (executor 1) (3/6)
26/08/14 00:12:49 INFO BlockManagerInfo: Added rdd_540_2 in memory on 172.26.0.13:37779 (size: 1808.0 B, free: 412.2 MiB)
26/08/14 00:12:49 INFO TaskSetManager: Finished task 2.0 in stage 83.0 (TID 288) in 1879 ms on 172.26.0.13 (executor 1) (4/6)
26/08/14 00:12:49 INFO BlockManagerInfo: Added rdd_540_1 in memory on 172.26.0.12:33791 (size: 1808.0 B, free: 412.3 MiB)
26/08/14 00:12:49 INFO BlockManagerInfo: Added rdd_540_3 in memory on 172.26.0.13:37779 (size: 1808.0 B, free: 412.2 MiB)
26/08/14 00:12:49 INFO TaskSetManager: Finished task 1.0 in stage 83.0 (TID 289) in 1902 ms on 172.26.0.12 (executor 0) (5/6)
26/08/14 00:12:49 INFO TaskSetManager: Finished task 3.0 in stage 83.0 (TID 290) in 1908 ms on 172.26.0.13 (executor 1) (6/6)
26/08/14 00:12:49 INFO TaskSchedulerImpl: Removed TaskSet 83.0, whose tasks have all completed, from pool 
26/08/14 00:12:49 INFO DAGScheduler: ResultStage 83 (call at /opt/spark/python/lib/py4j-0.10.9.7-src.zip/py4j/clientserver.py:617) finished in 1.918 s
26/08/14 00:12:49 INFO DAGScheduler: Job 45 is finished. Cancelling potential speculative or zombie tasks for this job
26/08/14 00:12:49 INFO TaskSchedulerImpl: Killing all running tasks in stage 83: Stage finished
26/08/14 00:12:49 INFO DAGScheduler: Job 45 finished: call at /opt/spark/python/lib/py4j-0.10.9.7-src.zip/py4j/clientserver.py:617, took 1.922930 s
26/08/14 00:12:49 INFO DefaultCachedBatchSerializer: Predicate isnotnull(kind#26144) generates partition filter: ((kind.count#26296 - kind.nullCount#26295) > 0)
26/08/14 00:12:49 INFO DefaultCachedBatchSerializer: Predicate (kind#26144 = dlq) generates partition filter: ((kind.lowerBound#26294 <= dlq) AND (dlq <= kind.upperBound#26293))
26/08/14 00:12:49 INFO SparkContext: Starting job: count at <unknown>:0
26/08/14 00:12:49 INFO DAGScheduler: Registering RDD 550 (count at <unknown>:0) as input to shuffle 38
26/08/14 00:12:49 INFO DAGScheduler: Got job 46 (count at <unknown>:0) with 1 output partitions
26/08/14 00:12:49 INFO DAGScheduler: Final stage: ResultStage 85 (count at <unknown>:0)
26/08/14 00:12:49 INFO DAGScheduler: Parents of final stage: List(ShuffleMapStage 84)
26/08/14 00:12:49 INFO DAGScheduler: Missing parents: List(ShuffleMapStage 84)
26/08/14 00:12:49 INFO BlockManagerInfo: Removed broadcast_82_piece0 on spark-driver:44031 in memory (size: 34.0 KiB, free: 191.2 MiB)
26/08/14 00:12:49 INFO DAGScheduler: Submitting ShuffleMapStage 84 (MapPartitionsRDD[550] at count at <unknown>:0), which has no missing parents
26/08/14 00:12:49 INFO BlockManagerInfo: Removed broadcast_82_piece0 on 172.26.0.13:37779 in memory (size: 34.0 KiB, free: 412.3 MiB)
26/08/14 00:12:49 INFO BlockManagerInfo: Removed broadcast_82_piece0 on 172.26.0.12:33791 in memory (size: 34.0 KiB, free: 412.3 MiB)
26/08/14 00:12:49 INFO BlockManagerInfo: Removed broadcast_81_piece0 on spark-driver:44031 in memory (size: 5.9 KiB, free: 191.2 MiB)
26/08/14 00:12:49 INFO BlockManagerInfo: Removed broadcast_81_piece0 on 172.26.0.12:33791 in memory (size: 5.9 KiB, free: 412.3 MiB)
26/08/14 00:12:49 INFO MemoryStore: Block broadcast_83 stored as values in memory (estimated size 92.2 KiB, free 191.1 MiB)
26/08/14 00:12:49 INFO MemoryStore: Block broadcast_83_piece0 stored as bytes in memory (estimated size 35.3 KiB, free 191.1 MiB)
26/08/14 00:12:49 INFO BlockManagerInfo: Added broadcast_83_piece0 in memory on spark-driver:44031 (size: 35.3 KiB, free: 191.2 MiB)
26/08/14 00:12:49 INFO SparkContext: Created broadcast 83 from broadcast at DAGScheduler.scala:1585
26/08/14 00:12:49 INFO DAGScheduler: Submitting 6 missing tasks from ShuffleMapStage 84 (MapPartitionsRDD[550] at count at <unknown>:0) (first 15 tasks are for partitions Vector(0, 1, 2, 3, 4, 5))
26/08/14 00:12:49 INFO TaskSchedulerImpl: Adding task set 84.0 with 6 tasks resource profile 0
26/08/14 00:12:49 INFO TaskSetManager: Starting task 2.0 in stage 84.0 (TID 293) (172.26.0.13, executor 1, partition 2, PROCESS_LOCAL, 9921 bytes) 
26/08/14 00:12:49 INFO TaskSetManager: Starting task 0.0 in stage 84.0 (TID 294) (172.26.0.12, executor 0, partition 0, PROCESS_LOCAL, 9921 bytes) 
26/08/14 00:12:49 INFO TaskSetManager: Starting task 3.0 in stage 84.0 (TID 295) (172.26.0.13, executor 1, partition 3, PROCESS_LOCAL, 9921 bytes) 
26/08/14 00:12:49 INFO TaskSetManager: Starting task 1.0 in stage 84.0 (TID 296) (172.26.0.12, executor 0, partition 1, PROCESS_LOCAL, 9921 bytes) 
26/08/14 00:12:49 INFO TaskSetManager: Starting task 4.0 in stage 84.0 (TID 297) (172.26.0.13, executor 1, partition 4, PROCESS_LOCAL, 9921 bytes) 
26/08/14 00:12:49 INFO TaskSetManager: Starting task 5.0 in stage 84.0 (TID 298) (172.26.0.12, executor 0, partition 5, PROCESS_LOCAL, 9921 bytes) 
26/08/14 00:12:49 INFO BlockManagerInfo: Added broadcast_83_piece0 in memory on 172.26.0.13:37779 (size: 35.3 KiB, free: 412.2 MiB)
26/08/14 00:12:49 INFO BlockManagerInfo: Added broadcast_83_piece0 in memory on 172.26.0.12:33791 (size: 35.3 KiB, free: 412.3 MiB)
26/08/14 00:12:49 INFO TaskSetManager: Finished task 3.0 in stage 84.0 (TID 295) in 56 ms on 172.26.0.13 (executor 1) (1/6)
26/08/14 00:12:49 INFO TaskSetManager: Finished task 4.0 in stage 84.0 (TID 297) in 56 ms on 172.26.0.13 (executor 1) (2/6)
26/08/14 00:12:49 INFO TaskSetManager: Finished task 2.0 in stage 84.0 (TID 293) in 57 ms on 172.26.0.13 (executor 1) (3/6)
26/08/14 00:12:49 INFO TaskSetManager: Finished task 1.0 in stage 84.0 (TID 296) in 57 ms on 172.26.0.12 (executor 0) (4/6)
26/08/14 00:12:49 INFO TaskSetManager: Finished task 5.0 in stage 84.0 (TID 298) in 58 ms on 172.26.0.12 (executor 0) (5/6)
26/08/14 00:12:49 INFO TaskSetManager: Finished task 0.0 in stage 84.0 (TID 294) in 61 ms on 172.26.0.12 (executor 0) (6/6)
26/08/14 00:12:49 INFO TaskSchedulerImpl: Removed TaskSet 84.0, whose tasks have all completed, from pool 
26/08/14 00:12:49 INFO DAGScheduler: ShuffleMapStage 84 (count at <unknown>:0) finished in 0.087 s
26/08/14 00:12:49 INFO DAGScheduler: looking for newly runnable stages
26/08/14 00:12:49 INFO DAGScheduler: running: Set()
26/08/14 00:12:49 INFO DAGScheduler: waiting: Set(ResultStage 85)
26/08/14 00:12:49 INFO DAGScheduler: failed: Set()
26/08/14 00:12:49 INFO DAGScheduler: Submitting ResultStage 85 (MapPartitionsRDD[553] at count at <unknown>:0), which has no missing parents
26/08/14 00:12:49 INFO MemoryStore: Block broadcast_84 stored as values in memory (estimated size 12.5 KiB, free 191.1 MiB)
26/08/14 00:12:49 INFO MemoryStore: Block broadcast_84_piece0 stored as bytes in memory (estimated size 5.9 KiB, free 191.1 MiB)
26/08/14 00:12:49 INFO BlockManagerInfo: Added broadcast_84_piece0 in memory on spark-driver:44031 (size: 5.9 KiB, free: 191.2 MiB)
26/08/14 00:12:49 INFO SparkContext: Created broadcast 84 from broadcast at DAGScheduler.scala:1585
26/08/14 00:12:49 INFO DAGScheduler: Submitting 1 missing tasks from ResultStage 85 (MapPartitionsRDD[553] at count at <unknown>:0) (first 15 tasks are for partitions Vector(0))
26/08/14 00:12:49 INFO TaskSchedulerImpl: Adding task set 85.0 with 1 tasks resource profile 0
26/08/14 00:12:49 INFO TaskSetManager: Starting task 0.0 in stage 85.0 (TID 299) (172.26.0.12, executor 0, partition 0, NODE_LOCAL, 9003 bytes) 
26/08/14 00:12:49 INFO BlockManagerInfo: Added broadcast_84_piece0 in memory on 172.26.0.12:33791 (size: 5.9 KiB, free: 412.3 MiB)
26/08/14 00:12:49 INFO MapOutputTrackerMasterEndpoint: Asked to send map output locations for shuffle 38 to 172.26.0.12:37282
26/08/14 00:12:49 INFO TaskSetManager: Finished task 0.0 in stage 85.0 (TID 299) in 52 ms on 172.26.0.12 (executor 0) (1/1)
26/08/14 00:12:49 INFO TaskSchedulerImpl: Removed TaskSet 85.0, whose tasks have all completed, from pool 
26/08/14 00:12:49 INFO DAGScheduler: ResultStage 85 (count at <unknown>:0) finished in 0.058 s
26/08/14 00:12:49 INFO DAGScheduler: Job 46 is finished. Cancelling potential speculative or zombie tasks for this job
26/08/14 00:12:49 INFO TaskSchedulerImpl: Killing all running tasks in stage 85: Stage finished
26/08/14 00:12:49 INFO DAGScheduler: Job 46 finished: count at <unknown>:0, took 0.165019 s
26/08/14 00:12:49 INFO MapPartitionsRDD: Removing RDD 540 from persistence list
26/08/14 00:12:49 INFO BlockManager: Removing RDD 540
26/08/14 00:12:49 INFO SparkContext: Starting job: call at /opt/spark/python/lib/py4j-0.10.9.7-src.zip/py4j/clientserver.py:617
26/08/14 00:12:49 INFO DAGScheduler: Registering RDD 558 (call at /opt/spark/python/lib/py4j-0.10.9.7-src.zip/py4j/clientserver.py:617) as input to shuffle 39
26/08/14 00:12:49 INFO DAGScheduler: Got job 47 (call at /opt/spark/python/lib/py4j-0.10.9.7-src.zip/py4j/clientserver.py:617) with 1 output partitions
26/08/14 00:12:49 INFO DAGScheduler: Final stage: ResultStage 87 (call at /opt/spark/python/lib/py4j-0.10.9.7-src.zip/py4j/clientserver.py:617)
26/08/14 00:12:49 INFO DAGScheduler: Parents of final stage: List(ShuffleMapStage 86)
26/08/14 00:12:49 INFO DAGScheduler: Missing parents: List(ShuffleMapStage 86)
26/08/14 00:12:49 INFO DAGScheduler: Submitting ShuffleMapStage 86 (MapPartitionsRDD[558] at call at /opt/spark/python/lib/py4j-0.10.9.7-src.zip/py4j/clientserver.py:617), which has no missing parents
26/08/14 00:12:49 INFO MemoryStore: Block broadcast_85 stored as values in memory (estimated size 66.2 KiB, free 191.0 MiB)
26/08/14 00:12:49 INFO MemoryStore: Block broadcast_85_piece0 stored as bytes in memory (estimated size 24.8 KiB, free 191.0 MiB)
26/08/14 00:12:49 INFO BlockManagerInfo: Added broadcast_85_piece0 in memory on spark-driver:44031 (size: 24.8 KiB, free: 191.1 MiB)
26/08/14 00:12:49 INFO SparkContext: Created broadcast 85 from broadcast at DAGScheduler.scala:1585
26/08/14 00:12:49 INFO DAGScheduler: Submitting 6 missing tasks from ShuffleMapStage 86 (MapPartitionsRDD[558] at call at /opt/spark/python/lib/py4j-0.10.9.7-src.zip/py4j/clientserver.py:617) (first 15 tasks are for partitions Vector(0, 1, 2, 3, 4, 5))
26/08/14 00:12:49 INFO TaskSchedulerImpl: Adding task set 86.0 with 6 tasks resource profile 0
26/08/14 00:12:49 INFO TaskSetManager: Starting task 2.0 in stage 86.0 (TID 300) (172.26.0.13, executor 1, partition 2, PROCESS_LOCAL, 9921 bytes) 
26/08/14 00:12:49 INFO TaskSetManager: Starting task 0.0 in stage 86.0 (TID 301) (172.26.0.12, executor 0, partition 0, PROCESS_LOCAL, 9921 bytes) 
26/08/14 00:12:49 INFO TaskSetManager: Starting task 3.0 in stage 86.0 (TID 302) (172.26.0.13, executor 1, partition 3, PROCESS_LOCAL, 9921 bytes) 
26/08/14 00:12:49 INFO TaskSetManager: Starting task 1.0 in stage 86.0 (TID 303) (172.26.0.12, executor 0, partition 1, PROCESS_LOCAL, 9921 bytes) 
26/08/14 00:12:49 INFO TaskSetManager: Starting task 4.0 in stage 86.0 (TID 304) (172.26.0.13, executor 1, partition 4, PROCESS_LOCAL, 9921 bytes) 
26/08/14 00:12:49 INFO TaskSetManager: Starting task 5.0 in stage 86.0 (TID 305) (172.26.0.12, executor 0, partition 5, PROCESS_LOCAL, 9921 bytes) 
26/08/14 00:12:49 INFO BlockManagerInfo: Added broadcast_85_piece0 in memory on 172.26.0.12:33791 (size: 24.8 KiB, free: 412.3 MiB)
26/08/14 00:12:49 INFO BlockManagerInfo: Added broadcast_85_piece0 in memory on 172.26.0.13:37779 (size: 24.8 KiB, free: 412.2 MiB)
26/08/14 00:12:49 INFO TaskSetManager: Finished task 0.0 in stage 86.0 (TID 301) in 61 ms on 172.26.0.12 (executor 0) (1/6)
26/08/14 00:12:49 INFO TaskSetManager: Finished task 4.0 in stage 86.0 (TID 304) in 61 ms on 172.26.0.13 (executor 1) (2/6)
26/08/14 00:12:49 INFO TaskSetManager: Finished task 2.0 in stage 86.0 (TID 300) in 64 ms on 172.26.0.13 (executor 1) (3/6)
26/08/14 00:12:49 INFO TaskSetManager: Finished task 3.0 in stage 86.0 (TID 302) in 62 ms on 172.26.0.13 (executor 1) (4/6)
26/08/14 00:12:49 INFO TaskSetManager: Finished task 5.0 in stage 86.0 (TID 305) in 93 ms on 172.26.0.12 (executor 0) (5/6)
26/08/14 00:12:49 INFO TaskSetManager: Finished task 1.0 in stage 86.0 (TID 303) in 93 ms on 172.26.0.12 (executor 0) (6/6)
26/08/14 00:12:49 INFO TaskSchedulerImpl: Removed TaskSet 86.0, whose tasks have all completed, from pool 
26/08/14 00:12:49 INFO DAGScheduler: ShuffleMapStage 86 (call at /opt/spark/python/lib/py4j-0.10.9.7-src.zip/py4j/clientserver.py:617) finished in 0.105 s
26/08/14 00:12:49 INFO DAGScheduler: looking for newly runnable stages
26/08/14 00:12:49 INFO DAGScheduler: running: Set()
26/08/14 00:12:49 INFO DAGScheduler: waiting: Set(ResultStage 87)
26/08/14 00:12:49 INFO DAGScheduler: failed: Set()
26/08/14 00:12:49 INFO DAGScheduler: Submitting ResultStage 87 (MapPartitionsRDD[561] at call at /opt/spark/python/lib/py4j-0.10.9.7-src.zip/py4j/clientserver.py:617), which has no missing parents
26/08/14 00:12:49 INFO BlockManagerInfo: Removed broadcast_83_piece0 on 172.26.0.13:37779 in memory (size: 35.3 KiB, free: 412.2 MiB)
26/08/14 00:12:49 INFO BlockManagerInfo: Removed broadcast_83_piece0 on spark-driver:44031 in memory (size: 35.3 KiB, free: 191.2 MiB)
26/08/14 00:12:49 INFO BlockManagerInfo: Removed broadcast_83_piece0 on 172.26.0.12:33791 in memory (size: 35.3 KiB, free: 412.3 MiB)
26/08/14 00:12:49 INFO MemoryStore: Block broadcast_86 stored as values in memory (estimated size 13.1 KiB, free 191.1 MiB)
26/08/14 00:12:49 INFO MemoryStore: Block broadcast_86_piece0 stored as bytes in memory (estimated size 6.1 KiB, free 191.1 MiB)
26/08/14 00:12:49 INFO BlockManagerInfo: Added broadcast_86_piece0 in memory on spark-driver:44031 (size: 6.1 KiB, free: 191.2 MiB)
26/08/14 00:12:49 INFO SparkContext: Created broadcast 86 from broadcast at DAGScheduler.scala:1585
26/08/14 00:12:49 INFO BlockManagerInfo: Removed broadcast_84_piece0 on spark-driver:44031 in memory (size: 5.9 KiB, free: 191.2 MiB)
26/08/14 00:12:49 INFO DAGScheduler: Submitting 1 missing tasks from ResultStage 87 (MapPartitionsRDD[561] at call at /opt/spark/python/lib/py4j-0.10.9.7-src.zip/py4j/clientserver.py:617) (first 15 tasks are for partitions Vector(0))
26/08/14 00:12:49 INFO TaskSchedulerImpl: Adding task set 87.0 with 1 tasks resource profile 0
26/08/14 00:12:49 INFO BlockManagerInfo: Removed broadcast_84_piece0 on 172.26.0.12:33791 in memory (size: 5.9 KiB, free: 412.3 MiB)
26/08/14 00:12:49 INFO TaskSetManager: Starting task 0.0 in stage 87.0 (TID 306) (172.26.0.12, executor 0, partition 0, NODE_LOCAL, 9003 bytes) 
26/08/14 00:12:49 INFO BlockManagerInfo: Added broadcast_86_piece0 in memory on 172.26.0.12:33791 (size: 6.1 KiB, free: 412.3 MiB)
26/08/14 00:12:49 INFO MapOutputTrackerMasterEndpoint: Asked to send map output locations for shuffle 39 to 172.26.0.12:37282
26/08/14 00:12:49 INFO TaskSetManager: Finished task 0.0 in stage 87.0 (TID 306) in 37 ms on 172.26.0.12 (executor 0) (1/1)
26/08/14 00:12:49 INFO TaskSchedulerImpl: Removed TaskSet 87.0, whose tasks have all completed, from pool 
26/08/14 00:12:49 INFO DAGScheduler: ResultStage 87 (call at /opt/spark/python/lib/py4j-0.10.9.7-src.zip/py4j/clientserver.py:617) finished in 0.064 s
26/08/14 00:12:49 INFO DAGScheduler: Job 47 is finished. Cancelling potential speculative or zombie tasks for this job
26/08/14 00:12:49 INFO TaskSchedulerImpl: Killing all running tasks in stage 87: Stage finished
26/08/14 00:12:49 INFO DAGScheduler: Job 47 finished: call at /opt/spark/python/lib/py4j-0.10.9.7-src.zip/py4j/clientserver.py:617, took 0.176118 s
26/08/14 00:12:49 INFO MapPartitionsRDD: Removing RDD 502 from persistence list
26/08/14 00:12:49 INFO BlockManager: Removing RDD 502
26/08/14 00:12:49 INFO WatermarkTracker: Updating event-time watermark from 1786666238805 to 1786666245590 ms
26/08/14 00:12:49 INFO CheckpointFileManager: Writing atomically to file:/opt/checkpoints/trips/commits/8 using temp file file:/opt/checkpoints/trips/commits/.8.d5bb8639-b766-424e-8d9f-136cd8a9670b.tmp
26/08/14 00:12:49 INFO CheckpointFileManager: Renamed temp file file:/opt/checkpoints/trips/commits/.8.d5bb8639-b766-424e-8d9f-136cd8a9670b.tmp to file:/opt/checkpoints/trips/commits/8
26/08/14 00:12:49 INFO MicroBatchExecution: Streaming query made progress: {
  "id" : "673700e1-7609-4c3e-bff3-65e01579062f",
  "runId" : "684f6ae2-98d1-4139-a900-0d86eb048f89",
  "name" : "trips-ingest-chaos_kill_cassandra_1",
  "timestamp" : "2026-08-14T00:12:45.666Z",
  "batchId" : 8,
  "numInputRows" : 5423,
  "inputRowsPerSecond" : 801.2706855791962,
  "processedRowsPerSecond" : 1329.1666666666667,
  "durationMs" : {
    "addBatch" : 3902,
    "commitOffsets" : 54,
    "getBatch" : 0,
    "latestOffset" : 24,
    "queryPlanning" : 36,
    "triggerExecution" : 4080,
    "walCommit" : 59
  },
  "eventTime" : {
    "avg" : "2026-08-14T00:12:40.785Z",
    "max" : "2026-08-14T00:12:45.590Z",
    "min" : "2026-08-14T00:12:36.026Z",
    "watermark" : "2026-08-14T00:10:38.805Z"
  },
  "stateOperators" : [ ],
  "sources" : [ {
    "description" : "KafkaV2[Subscribe[trips.raw]]",
    "startOffset" : {
      "trips.raw" : {
        "2" : 234124,
        "5" : 232534,
        "4" : 233839,
        "1" : 233760,
        "3" : 233757,
        "0" : 233755
      }
    },
    "endOffset" : {
      "trips.raw" : {
        "2" : 235019,
        "5" : 233468,
        "4" : 234748,
        "1" : 234630,
        "3" : 234710,
        "0" : 234617
      }
    },
    "latestOffset" : {
      "trips.raw" : {
        "2" : 235019,
        "5" : 233468,
        "4" : 234748,
        "1" : 234630,
        "3" : 234710,
        "0" : 234617
      }
    },
    "numInputRows" : 5423,
    "inputRowsPerSecond" : 801.2706855791962,
    "processedRowsPerSecond" : 1329.1666666666667,
    "metrics" : {
      "avgOffsetsBehindLatest" : "0.0",
      "maxOffsetsBehindLatest" : "0",
      "minOffsetsBehindLatest" : "0"
    }
  } ],
  "sink" : {
    "description" : "ForeachBatchSink",
    "numOutputRows" : -1
  }
}
26/08/14 00:12:49 INFO CheckpointFileManager: Writing atomically to file:/opt/checkpoints/trips/offsets/9 using temp file file:/opt/checkpoints/trips/offsets/.9.40d43ee5-cc18-472d-b36e-7de450a0253d.tmp
26/08/14 00:12:49 INFO CheckpointFileManager: Renamed temp file file:/opt/checkpoints/trips/offsets/.9.40d43ee5-cc18-472d-b36e-7de450a0253d.tmp to file:/opt/checkpoints/trips/offsets/9
26/08/14 00:12:49 INFO MicroBatchExecution: Committed offsets for batch 9. Metadata OffsetSeqMetadata(1786666245590,1786666369769,Map(spark.sql.streaming.stateStore.providerClass -> org.apache.spark.sql.execution.streaming.state.HDFSBackedStateStoreProvider, spark.sql.streaming.join.stateFormatVersion -> 2, spark.sql.streaming.stateStore.compression.codec -> lz4, spark.sql.streaming.stateStore.rocksdb.formatVersion -> 5, spark.sql.streaming.statefulOperator.useStrictDistribution -> true, spark.sql.streaming.flatMapGroupsWithState.stateFormatVersion -> 2, spark.sql.streaming.multipleWatermarkPolicy -> min, spark.sql.streaming.aggregation.stateFormatVersion -> 2, spark.sql.shuffle.partitions -> 6))
26/08/14 00:12:49 INFO KafkaOffsetReaderAdmin: Partitions added: Map()
26/08/14 00:12:49 INFO KafkaOffsetReaderAdmin: Partitions added: Map()
26/08/14 00:12:49 INFO KafkaOffsetReaderAdmin: Partitions added: Map()
26/08/14 00:12:49 INFO KafkaOffsetReaderAdmin: Partitions added: Map()
2026-08-14 00:12:49,910 INFO  [stream] Received command c on object id p0
26/08/14 00:12:49 INFO BlockManagerInfo: Removed broadcast_85_piece0 on spark-driver:44031 in memory (size: 24.8 KiB, free: 191.2 MiB)
26/08/14 00:12:49 INFO SparkContext: Starting job: count at <unknown>:0
26/08/14 00:12:49 INFO BlockManagerInfo: Removed broadcast_85_piece0 on 172.26.0.12:33791 in memory (size: 24.8 KiB, free: 413.9 MiB)
26/08/14 00:12:49 INFO DAGScheduler: Registering RDD 576 (count at <unknown>:0) as input to shuffle 40
26/08/14 00:12:49 INFO BlockManagerInfo: Removed broadcast_85_piece0 on 172.26.0.13:37779 in memory (size: 24.8 KiB, free: 413.9 MiB)
26/08/14 00:12:49 INFO DAGScheduler: Got job 48 (count at <unknown>:0) with 1 output partitions
26/08/14 00:12:49 INFO DAGScheduler: Final stage: ResultStage 89 (count at <unknown>:0)
26/08/14 00:12:49 INFO DAGScheduler: Parents of final stage: List(ShuffleMapStage 88)
26/08/14 00:12:49 INFO DAGScheduler: Missing parents: List(ShuffleMapStage 88)
26/08/14 00:12:49 INFO DAGScheduler: Submitting ShuffleMapStage 88 (MapPartitionsRDD[576] at count at <unknown>:0), which has no missing parents
26/08/14 00:12:49 INFO MemoryStore: Block broadcast_87 stored as values in memory (estimated size 64.6 KiB, free 191.1 MiB)
26/08/14 00:12:49 INFO BlockManagerInfo: Removed broadcast_86_piece0 on spark-driver:44031 in memory (size: 6.1 KiB, free: 191.2 MiB)
26/08/14 00:12:49 INFO MemoryStore: Block broadcast_87_piece0 stored as bytes in memory (estimated size 24.1 KiB, free 191.1 MiB)
26/08/14 00:12:49 INFO BlockManagerInfo: Removed broadcast_86_piece0 on 172.26.0.12:33791 in memory (size: 6.1 KiB, free: 413.9 MiB)
26/08/14 00:12:49 INFO BlockManagerInfo: Added broadcast_87_piece0 in memory on spark-driver:44031 (size: 24.1 KiB, free: 191.2 MiB)
26/08/14 00:12:49 INFO SparkContext: Created broadcast 87 from broadcast at DAGScheduler.scala:1585
26/08/14 00:12:49 INFO DAGScheduler: Submitting 6 missing tasks from ShuffleMapStage 88 (MapPartitionsRDD[576] at count at <unknown>:0) (first 15 tasks are for partitions Vector(0, 1, 2, 3, 4, 5))
26/08/14 00:12:49 INFO TaskSchedulerImpl: Adding task set 88.0 with 6 tasks resource profile 0
26/08/14 00:12:49 INFO TaskSetManager: Starting task 0.0 in stage 88.0 (TID 307) (172.26.0.12, executor 0, partition 0, PROCESS_LOCAL, 9921 bytes) 
26/08/14 00:12:49 INFO TaskSetManager: Starting task 2.0 in stage 88.0 (TID 308) (172.26.0.13, executor 1, partition 2, PROCESS_LOCAL, 9921 bytes) 
26/08/14 00:12:49 INFO TaskSetManager: Starting task 1.0 in stage 88.0 (TID 309) (172.26.0.12, executor 0, partition 1, PROCESS_LOCAL, 9921 bytes) 
26/08/14 00:12:49 INFO TaskSetManager: Starting task 3.0 in stage 88.0 (TID 310) (172.26.0.13, executor 1, partition 3, PROCESS_LOCAL, 9921 bytes) 
26/08/14 00:12:49 INFO TaskSetManager: Starting task 5.0 in stage 88.0 (TID 311) (172.26.0.12, executor 0, partition 5, PROCESS_LOCAL, 9921 bytes) 
26/08/14 00:12:49 INFO TaskSetManager: Starting task 4.0 in stage 88.0 (TID 312) (172.26.0.13, executor 1, partition 4, PROCESS_LOCAL, 9921 bytes) 
26/08/14 00:12:50 INFO BlockManagerInfo: Added broadcast_87_piece0 in memory on 172.26.0.12:33791 (size: 24.1 KiB, free: 413.9 MiB)
26/08/14 00:12:50 INFO BlockManagerInfo: Added broadcast_87_piece0 in memory on 172.26.0.13:37779 (size: 24.1 KiB, free: 413.9 MiB)
26/08/14 00:12:50 INFO BlockManagerInfo: Added rdd_571_2 in memory on 172.26.0.13:37779 (size: 337.2 KiB, free: 413.6 MiB)
26/08/14 00:12:50 INFO BlockManagerInfo: Added rdd_571_4 in memory on 172.26.0.13:37779 (size: 327.1 KiB, free: 413.3 MiB)
26/08/14 00:12:50 INFO TaskSetManager: Finished task 2.0 in stage 88.0 (TID 308) in 220 ms on 172.26.0.13 (executor 1) (1/6)
26/08/14 00:12:50 INFO TaskSetManager: Finished task 4.0 in stage 88.0 (TID 312) in 236 ms on 172.26.0.13 (executor 1) (2/6)
26/08/14 00:12:50 INFO BlockManagerInfo: Added rdd_571_3 in memory on 172.26.0.13:37779 (size: 320.4 KiB, free: 412.9 MiB)
26/08/14 00:12:50 INFO TaskSetManager: Finished task 3.0 in stage 88.0 (TID 310) in 246 ms on 172.26.0.13 (executor 1) (3/6)
26/08/14 00:12:50 INFO BlockManagerInfo: Added rdd_571_0 in memory on 172.26.0.12:33791 (size: 348.5 KiB, free: 413.6 MiB)
26/08/14 00:12:50 INFO BlockManagerInfo: Added rdd_571_1 in memory on 172.26.0.12:33791 (size: 337.6 KiB, free: 413.2 MiB)
26/08/14 00:12:50 INFO TaskSetManager: Finished task 0.0 in stage 88.0 (TID 307) in 617 ms on 172.26.0.12 (executor 0) (4/6)
26/08/14 00:12:50 INFO TaskSetManager: Finished task 1.0 in stage 88.0 (TID 309) in 616 ms on 172.26.0.12 (executor 0) (5/6)
26/08/14 00:12:50 INFO BlockManagerInfo: Added rdd_571_5 in memory on 172.26.0.12:33791 (size: 355.1 KiB, free: 412.9 MiB)
26/08/14 00:12:50 INFO TaskSetManager: Finished task 5.0 in stage 88.0 (TID 311) in 666 ms on 172.26.0.12 (executor 0) (6/6)
26/08/14 00:12:50 INFO TaskSchedulerImpl: Removed TaskSet 88.0, whose tasks have all completed, from pool 
26/08/14 00:12:50 INFO DAGScheduler: ShuffleMapStage 88 (count at <unknown>:0) finished in 0.683 s
26/08/14 00:12:50 INFO DAGScheduler: looking for newly runnable stages
26/08/14 00:12:50 INFO DAGScheduler: running: Set()
26/08/14 00:12:50 INFO DAGScheduler: waiting: Set(ResultStage 89)
26/08/14 00:12:50 INFO DAGScheduler: failed: Set()
26/08/14 00:12:50 INFO DAGScheduler: Submitting ResultStage 89 (MapPartitionsRDD[579] at count at <unknown>:0), which has no missing parents
26/08/14 00:12:50 INFO MemoryStore: Block broadcast_88 stored as values in memory (estimated size 12.5 KiB, free 191.1 MiB)
26/08/14 00:12:50 INFO MemoryStore: Block broadcast_88_piece0 stored as bytes in memory (estimated size 5.9 KiB, free 191.1 MiB)
26/08/14 00:12:50 INFO BlockManagerInfo: Added broadcast_88_piece0 in memory on spark-driver:44031 (size: 5.9 KiB, free: 191.2 MiB)
26/08/14 00:12:50 INFO SparkContext: Created broadcast 88 from broadcast at DAGScheduler.scala:1585
26/08/14 00:12:50 INFO DAGScheduler: Submitting 1 missing tasks from ResultStage 89 (MapPartitionsRDD[579] at count at <unknown>:0) (first 15 tasks are for partitions Vector(0))
26/08/14 00:12:50 INFO TaskSchedulerImpl: Adding task set 89.0 with 1 tasks resource profile 0
26/08/14 00:12:50 INFO TaskSetManager: Starting task 0.0 in stage 89.0 (TID 313) (172.26.0.12, executor 0, partition 0, NODE_LOCAL, 9003 bytes) 
26/08/14 00:12:50 INFO BlockManagerInfo: Added broadcast_88_piece0 in memory on 172.26.0.12:33791 (size: 5.9 KiB, free: 412.9 MiB)
26/08/14 00:12:50 INFO MapOutputTrackerMasterEndpoint: Asked to send map output locations for shuffle 40 to 172.26.0.12:37282
26/08/14 00:12:50 INFO TaskSetManager: Finished task 0.0 in stage 89.0 (TID 313) in 122 ms on 172.26.0.12 (executor 0) (1/1)
26/08/14 00:12:50 INFO TaskSchedulerImpl: Removed TaskSet 89.0, whose tasks have all completed, from pool 
26/08/14 00:12:50 INFO DAGScheduler: ResultStage 89 (count at <unknown>:0) finished in 0.140 s
26/08/14 00:12:50 INFO DAGScheduler: Job 48 is finished. Cancelling potential speculative or zombie tasks for this job
26/08/14 00:12:50 INFO TaskSchedulerImpl: Killing all running tasks in stage 89: Stage finished
26/08/14 00:12:50 INFO DAGScheduler: Job 48 finished: count at <unknown>:0, took 0.847428 s
26/08/14 00:12:50 INFO SparkContext: Starting job: count at <unknown>:0
26/08/14 00:12:50 INFO DAGScheduler: Registering RDD 584 (count at <unknown>:0) as input to shuffle 41
26/08/14 00:12:50 INFO DAGScheduler: Got job 49 (count at <unknown>:0) with 1 output partitions
26/08/14 00:12:50 INFO DAGScheduler: Final stage: ResultStage 91 (count at <unknown>:0)
26/08/14 00:12:50 INFO DAGScheduler: Parents of final stage: List(ShuffleMapStage 90)
26/08/14 00:12:50 INFO DAGScheduler: Missing parents: List(ShuffleMapStage 90)
26/08/14 00:12:50 INFO DAGScheduler: Submitting ShuffleMapStage 90 (MapPartitionsRDD[584] at count at <unknown>:0), which has no missing parents
26/08/14 00:12:50 INFO MemoryStore: Block broadcast_89 stored as values in memory (estimated size 64.9 KiB, free 191.0 MiB)
26/08/14 00:12:50 INFO MemoryStore: Block broadcast_89_piece0 stored as bytes in memory (estimated size 24.2 KiB, free 191.0 MiB)
26/08/14 00:12:50 INFO BlockManagerInfo: Added broadcast_89_piece0 in memory on spark-driver:44031 (size: 24.2 KiB, free: 191.2 MiB)
26/08/14 00:12:50 INFO SparkContext: Created broadcast 89 from broadcast at DAGScheduler.scala:1585
26/08/14 00:12:50 INFO DAGScheduler: Submitting 6 missing tasks from ShuffleMapStage 90 (MapPartitionsRDD[584] at count at <unknown>:0) (first 15 tasks are for partitions Vector(0, 1, 2, 3, 4, 5))
26/08/14 00:12:50 INFO TaskSchedulerImpl: Adding task set 90.0 with 6 tasks resource profile 0
26/08/14 00:12:50 INFO TaskSetManager: Starting task 0.0 in stage 90.0 (TID 314) (172.26.0.12, executor 0, partition 0, PROCESS_LOCAL, 9921 bytes) 
26/08/14 00:12:50 INFO TaskSetManager: Starting task 2.0 in stage 90.0 (TID 315) (172.26.0.13, executor 1, partition 2, PROCESS_LOCAL, 9921 bytes) 
26/08/14 00:12:50 INFO TaskSetManager: Starting task 1.0 in stage 90.0 (TID 316) (172.26.0.12, executor 0, partition 1, PROCESS_LOCAL, 9921 bytes) 
26/08/14 00:12:50 INFO TaskSetManager: Starting task 3.0 in stage 90.0 (TID 317) (172.26.0.13, executor 1, partition 3, PROCESS_LOCAL, 9921 bytes) 
26/08/14 00:12:50 INFO TaskSetManager: Starting task 5.0 in stage 90.0 (TID 318) (172.26.0.12, executor 0, partition 5, PROCESS_LOCAL, 9921 bytes) 
26/08/14 00:12:50 INFO TaskSetManager: Starting task 4.0 in stage 90.0 (TID 319) (172.26.0.13, executor 1, partition 4, PROCESS_LOCAL, 9921 bytes) 
26/08/14 00:12:50 INFO BlockManagerInfo: Added broadcast_89_piece0 in memory on 172.26.0.12:33791 (size: 24.2 KiB, free: 412.9 MiB)
26/08/14 00:12:50 INFO BlockManagerInfo: Added broadcast_89_piece0 in memory on 172.26.0.13:37779 (size: 24.2 KiB, free: 412.9 MiB)
26/08/14 00:12:50 INFO TaskSetManager: Finished task 0.0 in stage 90.0 (TID 314) in 54 ms on 172.26.0.12 (executor 0) (1/6)
26/08/14 00:12:50 INFO TaskSetManager: Finished task 5.0 in stage 90.0 (TID 318) in 54 ms on 172.26.0.12 (executor 0) (2/6)
26/08/14 00:12:50 INFO TaskSetManager: Finished task 1.0 in stage 90.0 (TID 316) in 55 ms on 172.26.0.12 (executor 0) (3/6)
26/08/14 00:12:50 INFO TaskSetManager: Finished task 2.0 in stage 90.0 (TID 315) in 116 ms on 172.26.0.13 (executor 1) (4/6)
26/08/14 00:12:50 INFO TaskSetManager: Finished task 3.0 in stage 90.0 (TID 317) in 115 ms on 172.26.0.13 (executor 1) (5/6)
26/08/14 00:12:50 INFO TaskSetManager: Finished task 4.0 in stage 90.0 (TID 319) in 115 ms on 172.26.0.13 (executor 1) (6/6)
26/08/14 00:12:50 INFO TaskSchedulerImpl: Removed TaskSet 90.0, whose tasks have all completed, from pool 
26/08/14 00:12:50 INFO DAGScheduler: ShuffleMapStage 90 (count at <unknown>:0) finished in 0.123 s
26/08/14 00:12:50 INFO DAGScheduler: looking for newly runnable stages
26/08/14 00:12:50 INFO DAGScheduler: running: Set()
26/08/14 00:12:50 INFO DAGScheduler: waiting: Set(ResultStage 91)
26/08/14 00:12:50 INFO DAGScheduler: failed: Set()
26/08/14 00:12:50 INFO DAGScheduler: Submitting ResultStage 91 (MapPartitionsRDD[587] at count at <unknown>:0), which has no missing parents
26/08/14 00:12:50 INFO MemoryStore: Block broadcast_90 stored as values in memory (estimated size 12.5 KiB, free 191.0 MiB)
26/08/14 00:12:51 INFO BlockManagerInfo: Removed broadcast_87_piece0 on 172.26.0.12:33791 in memory (size: 24.1 KiB, free: 412.9 MiB)
26/08/14 00:12:51 INFO BlockManagerInfo: Removed broadcast_87_piece0 on 172.26.0.13:37779 in memory (size: 24.1 KiB, free: 412.9 MiB)
26/08/14 00:12:51 INFO BlockManagerInfo: Removed broadcast_87_piece0 on spark-driver:44031 in memory (size: 24.1 KiB, free: 191.2 MiB)
26/08/14 00:12:51 INFO MemoryStore: Block broadcast_90_piece0 stored as bytes in memory (estimated size 5.9 KiB, free 191.1 MiB)
26/08/14 00:12:51 INFO BlockManagerInfo: Added broadcast_90_piece0 in memory on spark-driver:44031 (size: 5.9 KiB, free: 191.2 MiB)
26/08/14 00:12:51 INFO SparkContext: Created broadcast 90 from broadcast at DAGScheduler.scala:1585
26/08/14 00:12:51 INFO DAGScheduler: Submitting 1 missing tasks from ResultStage 91 (MapPartitionsRDD[587] at count at <unknown>:0) (first 15 tasks are for partitions Vector(0))
26/08/14 00:12:51 INFO TaskSchedulerImpl: Adding task set 91.0 with 1 tasks resource profile 0
26/08/14 00:12:51 INFO BlockManagerInfo: Removed broadcast_88_piece0 on spark-driver:44031 in memory (size: 5.9 KiB, free: 191.2 MiB)
26/08/14 00:12:51 INFO TaskSetManager: Starting task 0.0 in stage 91.0 (TID 320) (172.26.0.13, executor 1, partition 0, NODE_LOCAL, 9003 bytes) 
26/08/14 00:12:51 INFO BlockManagerInfo: Removed broadcast_88_piece0 on 172.26.0.12:33791 in memory (size: 5.9 KiB, free: 412.9 MiB)
26/08/14 00:12:51 INFO BlockManagerInfo: Added broadcast_90_piece0 in memory on 172.26.0.13:37779 (size: 5.9 KiB, free: 412.9 MiB)
26/08/14 00:12:51 INFO MapOutputTrackerMasterEndpoint: Asked to send map output locations for shuffle 41 to 172.26.0.13:36452
26/08/14 00:12:51 INFO TaskSetManager: Finished task 0.0 in stage 91.0 (TID 320) in 27 ms on 172.26.0.13 (executor 1) (1/1)
26/08/14 00:12:51 INFO TaskSchedulerImpl: Removed TaskSet 91.0, whose tasks have all completed, from pool 
26/08/14 00:12:51 INFO DAGScheduler: ResultStage 91 (count at <unknown>:0) finished in 0.036 s
26/08/14 00:12:51 INFO DAGScheduler: Job 49 is finished. Cancelling potential speculative or zombie tasks for this job
26/08/14 00:12:51 INFO TaskSchedulerImpl: Killing all running tasks in stage 91: Stage finished
26/08/14 00:12:51 INFO DAGScheduler: Job 49 finished: count at <unknown>:0, took 0.164045 s
26/08/14 00:12:51 INFO CodeGenerator: Code generated in 29.956166 ms
26/08/14 00:12:51 INFO DefaultCachedBatchSerializer: Predicate isnotnull(event_time#89-T120000ms) generates partition filter: ((event_time.count#28916 - event_time.nullCount#28915) > 0)
26/08/14 00:12:51 INFO DefaultCachedBatchSerializer: Predicate (event_time#89-T120000ms < 2026-08-14 00:10:45.59) generates partition filter: (event_time.lowerBound#28914 < 2026-08-14 00:10:45.59)
26/08/14 00:12:51 INFO SparkContext: Starting job: count at <unknown>:0
26/08/14 00:12:51 INFO DAGScheduler: Registering RDD 592 (count at <unknown>:0) as input to shuffle 42
26/08/14 00:12:51 INFO DAGScheduler: Got job 50 (count at <unknown>:0) with 1 output partitions
26/08/14 00:12:51 INFO DAGScheduler: Final stage: ResultStage 93 (count at <unknown>:0)
26/08/14 00:12:51 INFO DAGScheduler: Parents of final stage: List(ShuffleMapStage 92)
26/08/14 00:12:51 INFO DAGScheduler: Missing parents: List(ShuffleMapStage 92)
26/08/14 00:12:51 INFO DAGScheduler: Submitting ShuffleMapStage 92 (MapPartitionsRDD[592] at count at <unknown>:0), which has no missing parents
26/08/14 00:12:51 INFO MemoryStore: Block broadcast_91 stored as values in memory (estimated size 67.2 KiB, free 191.0 MiB)
26/08/14 00:12:51 INFO MemoryStore: Block broadcast_91_piece0 stored as bytes in memory (estimated size 25.6 KiB, free 191.0 MiB)
26/08/14 00:12:51 INFO BlockManagerInfo: Added broadcast_91_piece0 in memory on spark-driver:44031 (size: 25.6 KiB, free: 191.2 MiB)
26/08/14 00:12:51 INFO SparkContext: Created broadcast 91 from broadcast at DAGScheduler.scala:1585
26/08/14 00:12:51 INFO DAGScheduler: Submitting 6 missing tasks from ShuffleMapStage 92 (MapPartitionsRDD[592] at count at <unknown>:0) (first 15 tasks are for partitions Vector(0, 1, 2, 3, 4, 5))
26/08/14 00:12:51 INFO TaskSchedulerImpl: Adding task set 92.0 with 6 tasks resource profile 0
26/08/14 00:12:51 INFO TaskSetManager: Starting task 0.0 in stage 92.0 (TID 321) (172.26.0.12, executor 0, partition 0, PROCESS_LOCAL, 9921 bytes) 
26/08/14 00:12:51 INFO TaskSetManager: Starting task 2.0 in stage 92.0 (TID 322) (172.26.0.13, executor 1, partition 2, PROCESS_LOCAL, 9921 bytes) 
26/08/14 00:12:51 INFO TaskSetManager: Starting task 1.0 in stage 92.0 (TID 323) (172.26.0.12, executor 0, partition 1, PROCESS_LOCAL, 9921 bytes) 
26/08/14 00:12:51 INFO TaskSetManager: Starting task 3.0 in stage 92.0 (TID 324) (172.26.0.13, executor 1, partition 3, PROCESS_LOCAL, 9921 bytes) 
26/08/14 00:12:51 INFO TaskSetManager: Starting task 5.0 in stage 92.0 (TID 325) (172.26.0.12, executor 0, partition 5, PROCESS_LOCAL, 9921 bytes) 
26/08/14 00:12:51 INFO TaskSetManager: Starting task 4.0 in stage 92.0 (TID 326) (172.26.0.13, executor 1, partition 4, PROCESS_LOCAL, 9921 bytes) 
26/08/14 00:12:51 INFO BlockManagerInfo: Added broadcast_91_piece0 in memory on 172.26.0.13:37779 (size: 25.6 KiB, free: 412.9 MiB)
26/08/14 00:12:51 INFO BlockManagerInfo: Added broadcast_91_piece0 in memory on 172.26.0.12:33791 (size: 25.6 KiB, free: 412.9 MiB)
26/08/14 00:12:51 INFO TaskSetManager: Finished task 5.0 in stage 92.0 (TID 325) in 60 ms on 172.26.0.12 (executor 0) (1/6)
26/08/14 00:12:51 INFO TaskSetManager: Finished task 1.0 in stage 92.0 (TID 323) in 60 ms on 172.26.0.12 (executor 0) (2/6)
26/08/14 00:12:51 INFO TaskSetManager: Finished task 0.0 in stage 92.0 (TID 321) in 61 ms on 172.26.0.12 (executor 0) (3/6)
26/08/14 00:12:51 INFO TaskSetManager: Finished task 2.0 in stage 92.0 (TID 322) in 67 ms on 172.26.0.13 (executor 1) (4/6)
26/08/14 00:12:51 INFO TaskSetManager: Finished task 4.0 in stage 92.0 (TID 326) in 67 ms on 172.26.0.13 (executor 1) (5/6)
26/08/14 00:12:51 INFO TaskSetManager: Finished task 3.0 in stage 92.0 (TID 324) in 68 ms on 172.26.0.13 (executor 1) (6/6)
26/08/14 00:12:51 INFO TaskSchedulerImpl: Removed TaskSet 92.0, whose tasks have all completed, from pool 
26/08/14 00:12:51 INFO DAGScheduler: ShuffleMapStage 92 (count at <unknown>:0) finished in 0.076 s
26/08/14 00:12:51 INFO DAGScheduler: looking for newly runnable stages
26/08/14 00:12:51 INFO DAGScheduler: running: Set()
26/08/14 00:12:51 INFO DAGScheduler: waiting: Set(ResultStage 93)
26/08/14 00:12:51 INFO DAGScheduler: failed: Set()
26/08/14 00:12:51 INFO DAGScheduler: Submitting ResultStage 93 (MapPartitionsRDD[595] at count at <unknown>:0), which has no missing parents
26/08/14 00:12:51 INFO MemoryStore: Block broadcast_92 stored as values in memory (estimated size 12.5 KiB, free 191.0 MiB)
26/08/14 00:12:51 INFO MemoryStore: Block broadcast_92_piece0 stored as bytes in memory (estimated size 5.9 KiB, free 191.0 MiB)
26/08/14 00:12:51 INFO BlockManagerInfo: Added broadcast_92_piece0 in memory on spark-driver:44031 (size: 5.9 KiB, free: 191.2 MiB)
26/08/14 00:12:51 INFO SparkContext: Created broadcast 92 from broadcast at DAGScheduler.scala:1585
26/08/14 00:12:51 INFO DAGScheduler: Submitting 1 missing tasks from ResultStage 93 (MapPartitionsRDD[595] at count at <unknown>:0) (first 15 tasks are for partitions Vector(0))
26/08/14 00:12:51 INFO TaskSchedulerImpl: Adding task set 93.0 with 1 tasks resource profile 0
26/08/14 00:12:51 INFO TaskSetManager: Starting task 0.0 in stage 93.0 (TID 327) (172.26.0.13, executor 1, partition 0, NODE_LOCAL, 9003 bytes) 
26/08/14 00:12:51 INFO BlockManagerInfo: Added broadcast_92_piece0 in memory on 172.26.0.13:37779 (size: 5.9 KiB, free: 412.9 MiB)
26/08/14 00:12:51 INFO MapOutputTrackerMasterEndpoint: Asked to send map output locations for shuffle 42 to 172.26.0.13:36452
26/08/14 00:12:51 INFO BlockManagerInfo: Removed broadcast_91_piece0 on spark-driver:44031 in memory (size: 25.6 KiB, free: 191.2 MiB)
26/08/14 00:12:51 INFO BlockManagerInfo: Removed broadcast_91_piece0 on 172.26.0.13:37779 in memory (size: 25.6 KiB, free: 412.9 MiB)
26/08/14 00:12:51 INFO BlockManagerInfo: Removed broadcast_91_piece0 on 172.26.0.12:33791 in memory (size: 25.6 KiB, free: 412.9 MiB)
26/08/14 00:12:51 INFO BlockManagerInfo: Removed broadcast_90_piece0 on spark-driver:44031 in memory (size: 5.9 KiB, free: 191.2 MiB)
26/08/14 00:12:51 INFO BlockManagerInfo: Removed broadcast_90_piece0 on 172.26.0.13:37779 in memory (size: 5.9 KiB, free: 412.9 MiB)
26/08/14 00:12:51 INFO TaskSetManager: Finished task 0.0 in stage 93.0 (TID 327) in 38 ms on 172.26.0.13 (executor 1) (1/1)
26/08/14 00:12:51 INFO TaskSchedulerImpl: Removed TaskSet 93.0, whose tasks have all completed, from pool 
26/08/14 00:12:51 INFO DAGScheduler: ResultStage 93 (count at <unknown>:0) finished in 0.042 s
26/08/14 00:12:51 INFO DAGScheduler: Job 50 is finished. Cancelling potential speculative or zombie tasks for this job
26/08/14 00:12:51 INFO TaskSchedulerImpl: Killing all running tasks in stage 93: Stage finished
26/08/14 00:12:51 INFO BlockManagerInfo: Removed broadcast_89_piece0 on spark-driver:44031 in memory (size: 24.2 KiB, free: 191.2 MiB)
26/08/14 00:12:51 INFO DAGScheduler: Job 50 finished: count at <unknown>:0, took 0.122927 s
26/08/14 00:12:51 INFO BlockManagerInfo: Removed broadcast_89_piece0 on 172.26.0.13:37779 in memory (size: 24.2 KiB, free: 413.0 MiB)
26/08/14 00:12:51 INFO BlockManagerInfo: Removed broadcast_89_piece0 on 172.26.0.12:33791 in memory (size: 24.2 KiB, free: 412.9 MiB)
26/08/14 00:12:51 INFO DefaultCachedBatchSerializer: Predicate isnotnull(kind#29473) generates partition filter: ((kind.count#29542 - kind.nullCount#29541) > 0)
26/08/14 00:12:51 INFO DefaultCachedBatchSerializer: Predicate (kind#29473 = stats) generates partition filter: ((kind.lowerBound#29540 <= stats) AND (stats <= kind.upperBound#29539))
26/08/14 00:12:51 INFO SparkContext: Starting job: call at /opt/spark/python/lib/py4j-0.10.9.7-src.zip/py4j/clientserver.py:617
26/08/14 00:12:51 INFO DAGScheduler: Got job 51 (call at /opt/spark/python/lib/py4j-0.10.9.7-src.zip/py4j/clientserver.py:617) with 6 output partitions
26/08/14 00:12:51 INFO DAGScheduler: Final stage: ResultStage 94 (call at /opt/spark/python/lib/py4j-0.10.9.7-src.zip/py4j/clientserver.py:617)
26/08/14 00:12:51 INFO DAGScheduler: Parents of final stage: List()
26/08/14 00:12:51 INFO DAGScheduler: Missing parents: List()
26/08/14 00:12:51 INFO DAGScheduler: Submitting ResultStage 94 (MapPartitionsRDD[614] at call at /opt/spark/python/lib/py4j-0.10.9.7-src.zip/py4j/clientserver.py:617), which has no missing parents
26/08/14 00:12:51 INFO MemoryStore: Block broadcast_93 stored as values in memory (estimated size 90.0 KiB, free 191.1 MiB)
26/08/14 00:12:51 INFO MemoryStore: Block broadcast_93_piece0 stored as bytes in memory (estimated size 34.0 KiB, free 191.1 MiB)
26/08/14 00:12:51 INFO BlockManagerInfo: Added broadcast_93_piece0 in memory on spark-driver:44031 (size: 34.0 KiB, free: 191.2 MiB)
26/08/14 00:12:51 INFO SparkContext: Created broadcast 93 from broadcast at DAGScheduler.scala:1585
26/08/14 00:12:51 INFO DAGScheduler: Submitting 6 missing tasks from ResultStage 94 (MapPartitionsRDD[614] at call at /opt/spark/python/lib/py4j-0.10.9.7-src.zip/py4j/clientserver.py:617) (first 15 tasks are for partitions Vector(0, 1, 2, 3, 4, 5))
26/08/14 00:12:51 INFO TaskSchedulerImpl: Adding task set 94.0 with 6 tasks resource profile 0
26/08/14 00:12:51 INFO TaskSetManager: Starting task 2.0 in stage 94.0 (TID 328) (172.26.0.13, executor 1, partition 2, PROCESS_LOCAL, 9932 bytes) 
26/08/14 00:12:51 INFO TaskSetManager: Starting task 0.0 in stage 94.0 (TID 329) (172.26.0.12, executor 0, partition 0, PROCESS_LOCAL, 9932 bytes) 
26/08/14 00:12:51 INFO TaskSetManager: Starting task 3.0 in stage 94.0 (TID 330) (172.26.0.13, executor 1, partition 3, PROCESS_LOCAL, 9932 bytes) 
26/08/14 00:12:51 INFO TaskSetManager: Starting task 1.0 in stage 94.0 (TID 331) (172.26.0.12, executor 0, partition 1, PROCESS_LOCAL, 9932 bytes) 
26/08/14 00:12:51 INFO TaskSetManager: Starting task 4.0 in stage 94.0 (TID 332) (172.26.0.13, executor 1, partition 4, PROCESS_LOCAL, 9932 bytes) 
26/08/14 00:12:51 INFO TaskSetManager: Starting task 5.0 in stage 94.0 (TID 333) (172.26.0.12, executor 0, partition 5, PROCESS_LOCAL, 9932 bytes) 
26/08/14 00:12:51 INFO BlockManagerInfo: Added broadcast_93_piece0 in memory on 172.26.0.13:37779 (size: 34.0 KiB, free: 412.9 MiB)
26/08/14 00:12:51 INFO BlockManagerInfo: Added broadcast_93_piece0 in memory on 172.26.0.12:33791 (size: 34.0 KiB, free: 412.9 MiB)
26/08/14 00:12:54 INFO BlockManagerInfo: Added rdd_609_3 in memory on 172.26.0.13:37779 (size: 1808.0 B, free: 412.9 MiB)
26/08/14 00:12:54 INFO BlockManagerInfo: Added rdd_609_4 in memory on 172.26.0.13:37779 (size: 1808.0 B, free: 412.9 MiB)
26/08/14 00:12:54 INFO TaskSetManager: Finished task 3.0 in stage 94.0 (TID 330) in 3457 ms on 172.26.0.13 (executor 1) (1/6)
26/08/14 00:12:54 INFO TaskSetManager: Finished task 4.0 in stage 94.0 (TID 332) in 3458 ms on 172.26.0.13 (executor 1) (2/6)
26/08/14 00:12:54 INFO BlockManagerInfo: Added rdd_609_2 in memory on 172.26.0.13:37779 (size: 1808.0 B, free: 412.9 MiB)
26/08/14 00:12:54 INFO TaskSetManager: Finished task 2.0 in stage 94.0 (TID 328) in 3523 ms on 172.26.0.13 (executor 1) (3/6)
26/08/14 00:12:54 INFO BlockManagerInfo: Added rdd_609_0 in memory on 172.26.0.12:33791 (size: 1808.0 B, free: 412.9 MiB)
26/08/14 00:12:54 INFO BlockManagerInfo: Added rdd_609_5 in memory on 172.26.0.12:33791 (size: 1808.0 B, free: 412.9 MiB)
26/08/14 00:12:54 INFO BlockManagerInfo: Added rdd_609_1 in memory on 172.26.0.12:33791 (size: 1808.0 B, free: 412.9 MiB)
26/08/14 00:12:54 INFO TaskSetManager: Finished task 5.0 in stage 94.0 (TID 333) in 3652 ms on 172.26.0.12 (executor 0) (4/6)
26/08/14 00:12:55 INFO TaskSetManager: Finished task 1.0 in stage 94.0 (TID 331) in 3658 ms on 172.26.0.12 (executor 0) (5/6)
26/08/14 00:12:55 INFO TaskSetManager: Finished task 0.0 in stage 94.0 (TID 329) in 3660 ms on 172.26.0.12 (executor 0) (6/6)
26/08/14 00:12:55 INFO TaskSchedulerImpl: Removed TaskSet 94.0, whose tasks have all completed, from pool 
26/08/14 00:12:55 INFO DAGScheduler: ResultStage 94 (call at /opt/spark/python/lib/py4j-0.10.9.7-src.zip/py4j/clientserver.py:617) finished in 3.668 s
26/08/14 00:12:55 INFO DAGScheduler: Job 51 is finished. Cancelling potential speculative or zombie tasks for this job
26/08/14 00:12:55 INFO TaskSchedulerImpl: Killing all running tasks in stage 94: Stage finished
26/08/14 00:12:55 INFO DAGScheduler: Job 51 finished: call at /opt/spark/python/lib/py4j-0.10.9.7-src.zip/py4j/clientserver.py:617, took 3.679090 s
26/08/14 00:12:55 INFO DefaultCachedBatchSerializer: Predicate isnotnull(kind#29473) generates partition filter: ((kind.count#29625 - kind.nullCount#29624) > 0)
26/08/14 00:12:55 INFO DefaultCachedBatchSerializer: Predicate (kind#29473 = dlq) generates partition filter: ((kind.lowerBound#29623 <= dlq) AND (dlq <= kind.upperBound#29622))
26/08/14 00:12:55 INFO BlockManagerInfo: Removed broadcast_93_piece0 on 172.26.0.13:37779 in memory (size: 34.0 KiB, free: 413.0 MiB)
26/08/14 00:12:55 INFO SparkContext: Starting job: count at <unknown>:0
26/08/14 00:12:55 INFO BlockManagerInfo: Removed broadcast_93_piece0 on spark-driver:44031 in memory (size: 34.0 KiB, free: 191.2 MiB)
26/08/14 00:12:55 INFO DAGScheduler: Registering RDD 619 (count at <unknown>:0) as input to shuffle 43
26/08/14 00:12:55 INFO BlockManagerInfo: Removed broadcast_93_piece0 on 172.26.0.12:33791 in memory (size: 34.0 KiB, free: 412.9 MiB)
26/08/14 00:12:55 INFO DAGScheduler: Got job 52 (count at <unknown>:0) with 1 output partitions
26/08/14 00:12:55 INFO DAGScheduler: Final stage: ResultStage 96 (count at <unknown>:0)
26/08/14 00:12:55 INFO DAGScheduler: Parents of final stage: List(ShuffleMapStage 95)
26/08/14 00:12:55 INFO DAGScheduler: Missing parents: List(ShuffleMapStage 95)
26/08/14 00:12:55 INFO DAGScheduler: Submitting ShuffleMapStage 95 (MapPartitionsRDD[619] at count at <unknown>:0), which has no missing parents
26/08/14 00:12:55 INFO BlockManagerInfo: Removed broadcast_92_piece0 on spark-driver:44031 in memory (size: 5.9 KiB, free: 191.2 MiB)
26/08/14 00:12:55 INFO BlockManagerInfo: Removed broadcast_92_piece0 on 172.26.0.13:37779 in memory (size: 5.9 KiB, free: 413.0 MiB)
26/08/14 00:12:55 INFO MemoryStore: Block broadcast_94 stored as values in memory (estimated size 92.2 KiB, free 191.1 MiB)
26/08/14 00:12:55 INFO MemoryStore: Block broadcast_94_piece0 stored as bytes in memory (estimated size 35.3 KiB, free 191.1 MiB)
26/08/14 00:12:55 INFO BlockManagerInfo: Added broadcast_94_piece0 in memory on spark-driver:44031 (size: 35.3 KiB, free: 191.2 MiB)
26/08/14 00:12:55 INFO SparkContext: Created broadcast 94 from broadcast at DAGScheduler.scala:1585
26/08/14 00:12:55 INFO DAGScheduler: Submitting 6 missing tasks from ShuffleMapStage 95 (MapPartitionsRDD[619] at count at <unknown>:0) (first 15 tasks are for partitions Vector(0, 1, 2, 3, 4, 5))
26/08/14 00:12:55 INFO TaskSchedulerImpl: Adding task set 95.0 with 6 tasks resource profile 0
26/08/14 00:12:55 INFO TaskSetManager: Starting task 2.0 in stage 95.0 (TID 334) (172.26.0.13, executor 1, partition 2, PROCESS_LOCAL, 9921 bytes) 
26/08/14 00:12:55 INFO TaskSetManager: Starting task 0.0 in stage 95.0 (TID 335) (172.26.0.12, executor 0, partition 0, PROCESS_LOCAL, 9921 bytes) 
26/08/14 00:12:55 INFO TaskSetManager: Starting task 3.0 in stage 95.0 (TID 336) (172.26.0.13, executor 1, partition 3, PROCESS_LOCAL, 9921 bytes) 
26/08/14 00:12:55 INFO TaskSetManager: Starting task 1.0 in stage 95.0 (TID 337) (172.26.0.12, executor 0, partition 1, PROCESS_LOCAL, 9921 bytes) 
26/08/14 00:12:55 INFO TaskSetManager: Starting task 4.0 in stage 95.0 (TID 338) (172.26.0.13, executor 1, partition 4, PROCESS_LOCAL, 9921 bytes) 
26/08/14 00:12:55 INFO TaskSetManager: Starting task 5.0 in stage 95.0 (TID 339) (172.26.0.12, executor 0, partition 5, PROCESS_LOCAL, 9921 bytes) 
26/08/14 00:12:55 INFO BlockManagerInfo: Added broadcast_94_piece0 in memory on 172.26.0.12:33791 (size: 35.3 KiB, free: 412.9 MiB)
26/08/14 00:12:55 INFO BlockManagerInfo: Added broadcast_94_piece0 in memory on 172.26.0.13:37779 (size: 35.3 KiB, free: 412.9 MiB)
26/08/14 00:12:55 INFO TaskSetManager: Finished task 2.0 in stage 95.0 (TID 334) in 108 ms on 172.26.0.13 (executor 1) (1/6)
26/08/14 00:12:55 INFO TaskSetManager: Finished task 3.0 in stage 95.0 (TID 336) in 120 ms on 172.26.0.13 (executor 1) (2/6)
26/08/14 00:12:55 INFO TaskSetManager: Finished task 4.0 in stage 95.0 (TID 338) in 128 ms on 172.26.0.13 (executor 1) (3/6)
26/08/14 00:12:55 INFO TaskSetManager: Finished task 0.0 in stage 95.0 (TID 335) in 171 ms on 172.26.0.12 (executor 0) (4/6)
26/08/14 00:12:55 INFO TaskSetManager: Finished task 1.0 in stage 95.0 (TID 337) in 174 ms on 172.26.0.12 (executor 0) (5/6)
26/08/14 00:12:55 INFO TaskSetManager: Finished task 5.0 in stage 95.0 (TID 339) in 174 ms on 172.26.0.12 (executor 0) (6/6)
26/08/14 00:12:55 INFO TaskSchedulerImpl: Removed TaskSet 95.0, whose tasks have all completed, from pool 
26/08/14 00:12:55 INFO DAGScheduler: ShuffleMapStage 95 (count at <unknown>:0) finished in 0.288 s
26/08/14 00:12:55 INFO DAGScheduler: looking for newly runnable stages
26/08/14 00:12:55 INFO DAGScheduler: running: Set()
26/08/14 00:12:55 INFO DAGScheduler: waiting: Set(ResultStage 96)
26/08/14 00:12:55 INFO DAGScheduler: failed: Set()
26/08/14 00:12:55 INFO DAGScheduler: Submitting ResultStage 96 (MapPartitionsRDD[622] at count at <unknown>:0), which has no missing parents
26/08/14 00:12:55 INFO MemoryStore: Block broadcast_95 stored as values in memory (estimated size 12.5 KiB, free 191.1 MiB)
26/08/14 00:12:55 INFO MemoryStore: Block broadcast_95_piece0 stored as bytes in memory (estimated size 5.9 KiB, free 191.1 MiB)
26/08/14 00:12:55 INFO BlockManagerInfo: Added broadcast_95_piece0 in memory on spark-driver:44031 (size: 5.9 KiB, free: 191.2 MiB)
26/08/14 00:12:55 INFO SparkContext: Created broadcast 95 from broadcast at DAGScheduler.scala:1585
26/08/14 00:12:55 INFO DAGScheduler: Submitting 1 missing tasks from ResultStage 96 (MapPartitionsRDD[622] at count at <unknown>:0) (first 15 tasks are for partitions Vector(0))
26/08/14 00:12:55 INFO TaskSchedulerImpl: Adding task set 96.0 with 1 tasks resource profile 0
26/08/14 00:12:55 INFO TaskSetManager: Starting task 0.0 in stage 96.0 (TID 340) (172.26.0.12, executor 0, partition 0, NODE_LOCAL, 9003 bytes) 
26/08/14 00:12:55 INFO BlockManagerInfo: Added broadcast_95_piece0 in memory on 172.26.0.12:33791 (size: 5.9 KiB, free: 412.9 MiB)
26/08/14 00:12:55 INFO MapOutputTrackerMasterEndpoint: Asked to send map output locations for shuffle 43 to 172.26.0.12:37282
26/08/14 00:12:55 INFO TaskSetManager: Finished task 0.0 in stage 96.0 (TID 340) in 113 ms on 172.26.0.12 (executor 0) (1/1)
26/08/14 00:12:55 INFO TaskSchedulerImpl: Removed TaskSet 96.0, whose tasks have all completed, from pool 
26/08/14 00:12:55 INFO DAGScheduler: ResultStage 96 (count at <unknown>:0) finished in 0.124 s
26/08/14 00:12:55 INFO DAGScheduler: Job 52 is finished. Cancelling potential speculative or zombie tasks for this job
26/08/14 00:12:55 INFO TaskSchedulerImpl: Killing all running tasks in stage 96: Stage finished
26/08/14 00:12:55 INFO DAGScheduler: Job 52 finished: count at <unknown>:0, took 0.446370 s
26/08/14 00:12:55 INFO MapPartitionsRDD: Removing RDD 609 from persistence list
26/08/14 00:12:55 INFO BlockManager: Removing RDD 609
26/08/14 00:12:55 INFO SparkContext: Starting job: call at /opt/spark/python/lib/py4j-0.10.9.7-src.zip/py4j/clientserver.py:617
26/08/14 00:12:55 INFO DAGScheduler: Registering RDD 627 (call at /opt/spark/python/lib/py4j-0.10.9.7-src.zip/py4j/clientserver.py:617) as input to shuffle 44
26/08/14 00:12:55 INFO DAGScheduler: Got job 53 (call at /opt/spark/python/lib/py4j-0.10.9.7-src.zip/py4j/clientserver.py:617) with 1 output partitions
26/08/14 00:12:55 INFO DAGScheduler: Final stage: ResultStage 98 (call at /opt/spark/python/lib/py4j-0.10.9.7-src.zip/py4j/clientserver.py:617)
26/08/14 00:12:55 INFO DAGScheduler: Parents of final stage: List(ShuffleMapStage 97)
26/08/14 00:12:55 INFO DAGScheduler: Missing parents: List(ShuffleMapStage 97)
26/08/14 00:12:55 INFO DAGScheduler: Submitting ShuffleMapStage 97 (MapPartitionsRDD[627] at call at /opt/spark/python/lib/py4j-0.10.9.7-src.zip/py4j/clientserver.py:617), which has no missing parents
26/08/14 00:12:55 INFO MemoryStore: Block broadcast_96 stored as values in memory (estimated size 66.2 KiB, free 191.0 MiB)
26/08/14 00:12:55 INFO MemoryStore: Block broadcast_96_piece0 stored as bytes in memory (estimated size 24.8 KiB, free 191.0 MiB)
26/08/14 00:12:55 INFO BlockManagerInfo: Added broadcast_96_piece0 in memory on spark-driver:44031 (size: 24.8 KiB, free: 191.1 MiB)
26/08/14 00:12:55 INFO SparkContext: Created broadcast 96 from broadcast at DAGScheduler.scala:1585
26/08/14 00:12:55 INFO DAGScheduler: Submitting 6 missing tasks from ShuffleMapStage 97 (MapPartitionsRDD[627] at call at /opt/spark/python/lib/py4j-0.10.9.7-src.zip/py4j/clientserver.py:617) (first 15 tasks are for partitions Vector(0, 1, 2, 3, 4, 5))
26/08/14 00:12:55 INFO TaskSchedulerImpl: Adding task set 97.0 with 6 tasks resource profile 0
26/08/14 00:12:55 INFO BlockManagerInfo: Removed broadcast_95_piece0 on spark-driver:44031 in memory (size: 5.9 KiB, free: 191.2 MiB)
26/08/14 00:12:55 INFO TaskSetManager: Starting task 2.0 in stage 97.0 (TID 341) (172.26.0.13, executor 1, partition 2, PROCESS_LOCAL, 9921 bytes) 
26/08/14 00:12:55 INFO TaskSetManager: Starting task 0.0 in stage 97.0 (TID 342) (172.26.0.12, executor 0, partition 0, PROCESS_LOCAL, 9921 bytes) 
26/08/14 00:12:55 INFO TaskSetManager: Starting task 3.0 in stage 97.0 (TID 343) (172.26.0.13, executor 1, partition 3, PROCESS_LOCAL, 9921 bytes) 
26/08/14 00:12:55 INFO BlockManagerInfo: Removed broadcast_95_piece0 on 172.26.0.12:33791 in memory (size: 5.9 KiB, free: 412.9 MiB)
26/08/14 00:12:55 INFO TaskSetManager: Starting task 1.0 in stage 97.0 (TID 344) (172.26.0.12, executor 0, partition 1, PROCESS_LOCAL, 9921 bytes) 
26/08/14 00:12:55 INFO TaskSetManager: Starting task 4.0 in stage 97.0 (TID 345) (172.26.0.13, executor 1, partition 4, PROCESS_LOCAL, 9921 bytes) 
26/08/14 00:12:55 INFO TaskSetManager: Starting task 5.0 in stage 97.0 (TID 346) (172.26.0.12, executor 0, partition 5, PROCESS_LOCAL, 9921 bytes) 
26/08/14 00:12:55 INFO BlockManagerInfo: Removed broadcast_94_piece0 on spark-driver:44031 in memory (size: 35.3 KiB, free: 191.2 MiB)
26/08/14 00:12:55 INFO BlockManagerInfo: Removed broadcast_94_piece0 on 172.26.0.12:33791 in memory (size: 35.3 KiB, free: 412.9 MiB)
26/08/14 00:12:55 INFO BlockManagerInfo: Removed broadcast_94_piece0 on 172.26.0.13:37779 in memory (size: 35.3 KiB, free: 413.0 MiB)
26/08/14 00:12:56 INFO BlockManagerInfo: Added broadcast_96_piece0 in memory on 172.26.0.12:33791 (size: 24.8 KiB, free: 412.9 MiB)
26/08/14 00:12:56 INFO BlockManagerInfo: Added broadcast_96_piece0 in memory on 172.26.0.13:37779 (size: 24.8 KiB, free: 412.9 MiB)
26/08/14 00:12:56 INFO TaskSetManager: Finished task 1.0 in stage 97.0 (TID 344) in 64 ms on 172.26.0.12 (executor 0) (1/6)
26/08/14 00:12:56 INFO TaskSetManager: Finished task 2.0 in stage 97.0 (TID 341) in 66 ms on 172.26.0.13 (executor 1) (2/6)
26/08/14 00:12:56 INFO TaskSetManager: Finished task 0.0 in stage 97.0 (TID 342) in 66 ms on 172.26.0.12 (executor 0) (3/6)
26/08/14 00:12:56 INFO TaskSetManager: Finished task 4.0 in stage 97.0 (TID 345) in 67 ms on 172.26.0.13 (executor 1) (4/6)
26/08/14 00:12:56 INFO TaskSetManager: Finished task 5.0 in stage 97.0 (TID 346) in 68 ms on 172.26.0.12 (executor 0) (5/6)
26/08/14 00:12:56 INFO TaskSetManager: Finished task 3.0 in stage 97.0 (TID 343) in 68 ms on 172.26.0.13 (executor 1) (6/6)
26/08/14 00:12:56 INFO TaskSchedulerImpl: Removed TaskSet 97.0, whose tasks have all completed, from pool 
26/08/14 00:12:56 INFO DAGScheduler: ShuffleMapStage 97 (call at /opt/spark/python/lib/py4j-0.10.9.7-src.zip/py4j/clientserver.py:617) finished in 0.102 s
26/08/14 00:12:56 INFO DAGScheduler: looking for newly runnable stages
26/08/14 00:12:56 INFO DAGScheduler: running: Set()
26/08/14 00:12:56 INFO DAGScheduler: waiting: Set(ResultStage 98)
26/08/14 00:12:56 INFO DAGScheduler: failed: Set()
26/08/14 00:12:56 INFO DAGScheduler: Submitting ResultStage 98 (MapPartitionsRDD[630] at call at /opt/spark/python/lib/py4j-0.10.9.7-src.zip/py4j/clientserver.py:617), which has no missing parents
26/08/14 00:12:56 INFO MemoryStore: Block broadcast_97 stored as values in memory (estimated size 13.1 KiB, free 191.1 MiB)
26/08/14 00:12:56 INFO MemoryStore: Block broadcast_97_piece0 stored as bytes in memory (estimated size 6.1 KiB, free 191.1 MiB)
26/08/14 00:12:56 INFO BlockManagerInfo: Added broadcast_97_piece0 in memory on spark-driver:44031 (size: 6.1 KiB, free: 191.2 MiB)
26/08/14 00:12:56 INFO SparkContext: Created broadcast 97 from broadcast at DAGScheduler.scala:1585
26/08/14 00:12:56 INFO DAGScheduler: Submitting 1 missing tasks from ResultStage 98 (MapPartitionsRDD[630] at call at /opt/spark/python/lib/py4j-0.10.9.7-src.zip/py4j/clientserver.py:617) (first 15 tasks are for partitions Vector(0))
26/08/14 00:12:56 INFO TaskSchedulerImpl: Adding task set 98.0 with 1 tasks resource profile 0
26/08/14 00:12:56 INFO TaskSetManager: Starting task 0.0 in stage 98.0 (TID 347) (172.26.0.12, executor 0, partition 0, NODE_LOCAL, 9003 bytes) 
26/08/14 00:12:56 INFO BlockManagerInfo: Added broadcast_97_piece0 in memory on 172.26.0.12:33791 (size: 6.1 KiB, free: 412.9 MiB)
26/08/14 00:12:56 INFO MapOutputTrackerMasterEndpoint: Asked to send map output locations for shuffle 44 to 172.26.0.12:37282
26/08/14 00:12:56 INFO TaskSetManager: Finished task 0.0 in stage 98.0 (TID 347) in 55 ms on 172.26.0.12 (executor 0) (1/1)
26/08/14 00:12:56 INFO TaskSchedulerImpl: Removed TaskSet 98.0, whose tasks have all completed, from pool 
26/08/14 00:12:56 INFO DAGScheduler: ResultStage 98 (call at /opt/spark/python/lib/py4j-0.10.9.7-src.zip/py4j/clientserver.py:617) finished in 0.062 s
26/08/14 00:12:56 INFO DAGScheduler: Job 53 is finished. Cancelling potential speculative or zombie tasks for this job
26/08/14 00:12:56 INFO TaskSchedulerImpl: Killing all running tasks in stage 98: Stage finished
26/08/14 00:12:56 INFO DAGScheduler: Job 53 finished: call at /opt/spark/python/lib/py4j-0.10.9.7-src.zip/py4j/clientserver.py:617, took 0.169670 s
26/08/14 00:12:56 INFO MapPartitionsRDD: Removing RDD 571 from persistence list
26/08/14 00:12:56 INFO WatermarkTracker: Updating event-time watermark from 1786666245590 to 1786666249740 ms
26/08/14 00:12:56 INFO BlockManager: Removing RDD 571
26/08/14 00:12:56 INFO CheckpointFileManager: Writing atomically to file:/opt/checkpoints/trips/commits/9 using temp file file:/opt/checkpoints/trips/commits/.9.0c6e1eed-2329-4906-9d02-2f2dce3a70f2.tmp
26/08/14 00:12:56 INFO CheckpointFileManager: Renamed temp file file:/opt/checkpoints/trips/commits/.9.0c6e1eed-2329-4906-9d02-2f2dce3a70f2.tmp to file:/opt/checkpoints/trips/commits/9
26/08/14 00:12:56 INFO MicroBatchExecution: Streaming query made progress: {
  "id" : "673700e1-7609-4c3e-bff3-65e01579062f",
  "runId" : "684f6ae2-98d1-4139-a900-0d86eb048f89",
  "name" : "trips-ingest-chaos_kill_cassandra_1",
  "timestamp" : "2026-08-14T00:12:49.748Z",
  "batchId" : 9,
  "numInputRows" : 3266,
  "inputRowsPerSecond" : 800.0979911807938,
  "processedRowsPerSecond" : 507.9315707620529,
  "durationMs" : {
    "addBatch" : 6264,
    "commitOffsets" : 54,
    "getBatch" : 0,
    "latestOffset" : 21,
    "queryPlanning" : 39,
    "triggerExecution" : 6430,
    "walCommit" : 42
  },
  "eventTime" : {
    "avg" : "2026-08-14T00:12:46.199Z",
    "max" : "2026-08-14T00:12:49.740Z",
    "min" : "2026-08-14T00:12:42.766Z",
    "watermark" : "2026-08-14T00:10:45.590Z"
  },
  "stateOperators" : [ ],
  "sources" : [ {
    "description" : "KafkaV2[Subscribe[trips.raw]]",
    "startOffset" : {
      "trips.raw" : {
        "2" : 235019,
        "5" : 233468,
        "4" : 234748,
        "1" : 234630,
        "3" : 234710,
        "0" : 234617
      }
    },
    "endOffset" : {
      "trips.raw" : {
        "2" : 235581,
        "5" : 233984,
        "4" : 235292,
        "1" : 235157,
        "3" : 235254,
        "0" : 235190
      }
    },
    "latestOffset" : {
      "trips.raw" : {
        "2" : 235581,
        "5" : 233984,
        "4" : 235292,
        "1" : 235157,
        "3" : 235254,
        "0" : 235190
      }
    },
    "numInputRows" : 3266,
    "inputRowsPerSecond" : 800.0979911807938,
    "processedRowsPerSecond" : 507.9315707620529,
    "metrics" : {
      "avgOffsetsBehindLatest" : "0.0",
      "maxOffsetsBehindLatest" : "0",
      "minOffsetsBehindLatest" : "0"
    }
  } ],
  "sink" : {
    "description" : "ForeachBatchSink",
    "numOutputRows" : -1
  }
}
26/08/14 00:12:56 INFO CheckpointFileManager: Writing atomically to file:/opt/checkpoints/trips/offsets/10 using temp file file:/opt/checkpoints/trips/offsets/.10.7a7f75ea-d6e1-40ff-9a13-c9b701c4d853.tmp
26/08/14 00:12:56 INFO CheckpointFileManager: Renamed temp file file:/opt/checkpoints/trips/offsets/.10.7a7f75ea-d6e1-40ff-9a13-c9b701c4d853.tmp to file:/opt/checkpoints/trips/offsets/10
26/08/14 00:12:56 INFO MicroBatchExecution: Committed offsets for batch 10. Metadata OffsetSeqMetadata(1786666249740,1786666376193,Map(spark.sql.streaming.stateStore.providerClass -> org.apache.spark.sql.execution.streaming.state.HDFSBackedStateStoreProvider, spark.sql.streaming.join.stateFormatVersion -> 2, spark.sql.streaming.stateStore.compression.codec -> lz4, spark.sql.streaming.stateStore.rocksdb.formatVersion -> 5, spark.sql.streaming.statefulOperator.useStrictDistribution -> true, spark.sql.streaming.flatMapGroupsWithState.stateFormatVersion -> 2, spark.sql.streaming.multipleWatermarkPolicy -> min, spark.sql.streaming.aggregation.stateFormatVersion -> 2, spark.sql.shuffle.partitions -> 6))
26/08/14 00:12:56 INFO KafkaOffsetReaderAdmin: Partitions added: Map()
26/08/14 00:12:56 INFO KafkaOffsetReaderAdmin: Partitions added: Map()
26/08/14 00:12:56 INFO KafkaOffsetReaderAdmin: Partitions added: Map()
26/08/14 00:12:56 INFO KafkaOffsetReaderAdmin: Partitions added: Map()
2026-08-14 00:12:56,268 INFO  [stream] Received command c on object id p0
26/08/14 00:12:56 INFO BlockManagerInfo: Removed broadcast_96_piece0 on spark-driver:44031 in memory (size: 24.8 KiB, free: 191.2 MiB)
26/08/14 00:12:56 INFO BlockManagerInfo: Removed broadcast_96_piece0 on 172.26.0.12:33791 in memory (size: 24.8 KiB, free: 413.9 MiB)
26/08/14 00:12:56 INFO BlockManagerInfo: Removed broadcast_96_piece0 on 172.26.0.13:37779 in memory (size: 24.8 KiB, free: 413.9 MiB)
26/08/14 00:12:56 INFO BlockManagerInfo: Removed broadcast_97_piece0 on spark-driver:44031 in memory (size: 6.1 KiB, free: 191.2 MiB)
26/08/14 00:12:56 INFO BlockManagerInfo: Removed broadcast_97_piece0 on 172.26.0.12:33791 in memory (size: 6.1 KiB, free: 413.9 MiB)
26/08/14 00:12:56 INFO SparkContext: Starting job: count at <unknown>:0
26/08/14 00:12:56 INFO DAGScheduler: Registering RDD 645 (count at <unknown>:0) as input to shuffle 45
26/08/14 00:12:56 INFO DAGScheduler: Got job 54 (count at <unknown>:0) with 1 output partitions
26/08/14 00:12:56 INFO DAGScheduler: Final stage: ResultStage 100 (count at <unknown>:0)
26/08/14 00:12:56 INFO DAGScheduler: Parents of final stage: List(ShuffleMapStage 99)
26/08/14 00:12:56 INFO DAGScheduler: Missing parents: List(ShuffleMapStage 99)
26/08/14 00:12:56 INFO DAGScheduler: Submitting ShuffleMapStage 99 (MapPartitionsRDD[645] at count at <unknown>:0), which has no missing parents
26/08/14 00:12:56 INFO MemoryStore: Block broadcast_98 stored as values in memory (estimated size 64.6 KiB, free 191.1 MiB)
26/08/14 00:12:56 INFO MemoryStore: Block broadcast_98_piece0 stored as bytes in memory (estimated size 24.1 KiB, free 191.1 MiB)
26/08/14 00:12:56 INFO BlockManagerInfo: Added broadcast_98_piece0 in memory on spark-driver:44031 (size: 24.1 KiB, free: 191.2 MiB)
26/08/14 00:12:56 INFO SparkContext: Created broadcast 98 from broadcast at DAGScheduler.scala:1585
26/08/14 00:12:56 INFO DAGScheduler: Submitting 6 missing tasks from ShuffleMapStage 99 (MapPartitionsRDD[645] at count at <unknown>:0) (first 15 tasks are for partitions Vector(0, 1, 2, 3, 4, 5))
26/08/14 00:12:56 INFO TaskSchedulerImpl: Adding task set 99.0 with 6 tasks resource profile 0
26/08/14 00:12:56 INFO TaskSetManager: Starting task 0.0 in stage 99.0 (TID 348) (172.26.0.12, executor 0, partition 0, PROCESS_LOCAL, 9921 bytes) 
26/08/14 00:12:56 INFO TaskSetManager: Starting task 2.0 in stage 99.0 (TID 349) (172.26.0.13, executor 1, partition 2, PROCESS_LOCAL, 9921 bytes) 
26/08/14 00:12:56 INFO TaskSetManager: Starting task 1.0 in stage 99.0 (TID 350) (172.26.0.12, executor 0, partition 1, PROCESS_LOCAL, 9921 bytes) 
26/08/14 00:12:56 INFO TaskSetManager: Starting task 3.0 in stage 99.0 (TID 351) (172.26.0.13, executor 1, partition 3, PROCESS_LOCAL, 9921 bytes) 
26/08/14 00:12:56 INFO TaskSetManager: Starting task 5.0 in stage 99.0 (TID 352) (172.26.0.12, executor 0, partition 5, PROCESS_LOCAL, 9921 bytes) 
26/08/14 00:12:56 INFO TaskSetManager: Starting task 4.0 in stage 99.0 (TID 353) (172.26.0.13, executor 1, partition 4, PROCESS_LOCAL, 9921 bytes) 
26/08/14 00:12:56 INFO BlockManagerInfo: Added broadcast_98_piece0 in memory on 172.26.0.12:33791 (size: 24.1 KiB, free: 413.9 MiB)
26/08/14 00:12:56 INFO BlockManagerInfo: Added broadcast_98_piece0 in memory on 172.26.0.13:37779 (size: 24.1 KiB, free: 413.9 MiB)
26/08/14 00:12:56 INFO BlockManagerInfo: Added rdd_640_1 in memory on 172.26.0.12:33791 (size: 521.8 KiB, free: 413.4 MiB)
26/08/14 00:12:56 INFO BlockManagerInfo: Added rdd_640_5 in memory on 172.26.0.12:33791 (size: 528.0 KiB, free: 412.9 MiB)
26/08/14 00:12:56 INFO BlockManagerInfo: Added rdd_640_0 in memory on 172.26.0.12:33791 (size: 544.1 KiB, free: 412.3 MiB)
26/08/14 00:12:56 INFO TaskSetManager: Finished task 1.0 in stage 99.0 (TID 350) in 263 ms on 172.26.0.12 (executor 0) (1/6)
26/08/14 00:12:56 INFO TaskSetManager: Finished task 0.0 in stage 99.0 (TID 348) in 266 ms on 172.26.0.12 (executor 0) (2/6)
26/08/14 00:12:56 INFO TaskSetManager: Finished task 5.0 in stage 99.0 (TID 352) in 267 ms on 172.26.0.12 (executor 0) (3/6)
26/08/14 00:12:56 INFO BlockManagerInfo: Added rdd_640_2 in memory on 172.26.0.13:37779 (size: 530.5 KiB, free: 413.4 MiB)
26/08/14 00:12:56 INFO BlockManagerInfo: Added rdd_640_4 in memory on 172.26.0.13:37779 (size: 511.4 KiB, free: 412.9 MiB)
26/08/14 00:12:56 INFO BlockManagerInfo: Added rdd_640_3 in memory on 172.26.0.13:37779 (size: 530.9 KiB, free: 412.4 MiB)
26/08/14 00:12:56 INFO TaskSetManager: Finished task 2.0 in stage 99.0 (TID 349) in 295 ms on 172.26.0.13 (executor 1) (4/6)
26/08/14 00:12:56 INFO TaskSetManager: Finished task 4.0 in stage 99.0 (TID 353) in 295 ms on 172.26.0.13 (executor 1) (5/6)
26/08/14 00:12:56 INFO TaskSetManager: Finished task 3.0 in stage 99.0 (TID 351) in 304 ms on 172.26.0.13 (executor 1) (6/6)
26/08/14 00:12:56 INFO TaskSchedulerImpl: Removed TaskSet 99.0, whose tasks have all completed, from pool 
26/08/14 00:12:56 INFO DAGScheduler: ShuffleMapStage 99 (count at <unknown>:0) finished in 0.310 s
26/08/14 00:12:56 INFO DAGScheduler: looking for newly runnable stages
26/08/14 00:12:56 INFO DAGScheduler: running: Set()
26/08/14 00:12:56 INFO DAGScheduler: waiting: Set(ResultStage 100)
26/08/14 00:12:56 INFO DAGScheduler: failed: Set()
26/08/14 00:12:56 INFO DAGScheduler: Submitting ResultStage 100 (MapPartitionsRDD[648] at count at <unknown>:0), which has no missing parents
26/08/14 00:12:56 INFO MemoryStore: Block broadcast_99 stored as values in memory (estimated size 12.5 KiB, free 191.1 MiB)
26/08/14 00:12:56 INFO MemoryStore: Block broadcast_99_piece0 stored as bytes in memory (estimated size 5.9 KiB, free 191.1 MiB)
26/08/14 00:12:56 INFO BlockManagerInfo: Added broadcast_99_piece0 in memory on spark-driver:44031 (size: 5.9 KiB, free: 191.2 MiB)
26/08/14 00:12:56 INFO SparkContext: Created broadcast 99 from broadcast at DAGScheduler.scala:1585
26/08/14 00:12:56 INFO DAGScheduler: Submitting 1 missing tasks from ResultStage 100 (MapPartitionsRDD[648] at count at <unknown>:0) (first 15 tasks are for partitions Vector(0))
26/08/14 00:12:56 INFO TaskSchedulerImpl: Adding task set 100.0 with 1 tasks resource profile 0
26/08/14 00:12:56 INFO TaskSetManager: Starting task 0.0 in stage 100.0 (TID 354) (172.26.0.13, executor 1, partition 0, NODE_LOCAL, 9003 bytes) 
26/08/14 00:12:56 INFO BlockManagerInfo: Added broadcast_99_piece0 in memory on 172.26.0.13:37779 (size: 5.9 KiB, free: 412.4 MiB)
26/08/14 00:12:56 INFO MapOutputTrackerMasterEndpoint: Asked to send map output locations for shuffle 45 to 172.26.0.13:36452
26/08/14 00:12:56 INFO TaskSetManager: Finished task 0.0 in stage 100.0 (TID 354) in 38 ms on 172.26.0.13 (executor 1) (1/1)
26/08/14 00:12:56 INFO TaskSchedulerImpl: Removed TaskSet 100.0, whose tasks have all completed, from pool 
26/08/14 00:12:56 INFO DAGScheduler: ResultStage 100 (count at <unknown>:0) finished in 0.048 s
26/08/14 00:12:56 INFO DAGScheduler: Job 54 is finished. Cancelling potential speculative or zombie tasks for this job
26/08/14 00:12:56 INFO TaskSchedulerImpl: Killing all running tasks in stage 100: Stage finished
26/08/14 00:12:56 INFO DAGScheduler: Job 54 finished: count at <unknown>:0, took 0.363820 s
26/08/14 00:12:56 INFO SparkContext: Starting job: count at <unknown>:0
26/08/14 00:12:56 INFO DAGScheduler: Registering RDD 653 (count at <unknown>:0) as input to shuffle 46
26/08/14 00:12:56 INFO DAGScheduler: Got job 55 (count at <unknown>:0) with 1 output partitions
26/08/14 00:12:56 INFO DAGScheduler: Final stage: ResultStage 102 (count at <unknown>:0)
26/08/14 00:12:56 INFO DAGScheduler: Parents of final stage: List(ShuffleMapStage 101)
26/08/14 00:12:56 INFO DAGScheduler: Missing parents: List(ShuffleMapStage 101)
26/08/14 00:12:56 INFO DAGScheduler: Submitting ShuffleMapStage 101 (MapPartitionsRDD[653] at count at <unknown>:0), which has no missing parents
26/08/14 00:12:56 INFO MemoryStore: Block broadcast_100 stored as values in memory (estimated size 64.9 KiB, free 191.0 MiB)
26/08/14 00:12:56 INFO MemoryStore: Block broadcast_100_piece0 stored as bytes in memory (estimated size 24.2 KiB, free 191.0 MiB)
26/08/14 00:12:56 INFO BlockManagerInfo: Added broadcast_100_piece0 in memory on spark-driver:44031 (size: 24.2 KiB, free: 191.2 MiB)
26/08/14 00:12:56 INFO SparkContext: Created broadcast 100 from broadcast at DAGScheduler.scala:1585
26/08/14 00:12:56 INFO BlockManagerInfo: Removed broadcast_99_piece0 on spark-driver:44031 in memory (size: 5.9 KiB, free: 191.2 MiB)
26/08/14 00:12:56 INFO DAGScheduler: Submitting 6 missing tasks from ShuffleMapStage 101 (MapPartitionsRDD[653] at count at <unknown>:0) (first 15 tasks are for partitions Vector(0, 1, 2, 3, 4, 5))
26/08/14 00:12:56 INFO TaskSchedulerImpl: Adding task set 101.0 with 6 tasks resource profile 0
26/08/14 00:12:56 INFO BlockManagerInfo: Removed broadcast_99_piece0 on 172.26.0.13:37779 in memory (size: 5.9 KiB, free: 412.4 MiB)
26/08/14 00:12:56 INFO TaskSetManager: Starting task 0.0 in stage 101.0 (TID 355) (172.26.0.12, executor 0, partition 0, PROCESS_LOCAL, 9921 bytes) 
26/08/14 00:12:56 INFO TaskSetManager: Starting task 2.0 in stage 101.0 (TID 356) (172.26.0.13, executor 1, partition 2, PROCESS_LOCAL, 9921 bytes) 
26/08/14 00:12:56 INFO TaskSetManager: Starting task 1.0 in stage 101.0 (TID 357) (172.26.0.12, executor 0, partition 1, PROCESS_LOCAL, 9921 bytes) 
26/08/14 00:12:56 INFO TaskSetManager: Starting task 3.0 in stage 101.0 (TID 358) (172.26.0.13, executor 1, partition 3, PROCESS_LOCAL, 9921 bytes) 
26/08/14 00:12:56 INFO TaskSetManager: Starting task 5.0 in stage 101.0 (TID 359) (172.26.0.12, executor 0, partition 5, PROCESS_LOCAL, 9921 bytes) 
26/08/14 00:12:56 INFO TaskSetManager: Starting task 4.0 in stage 101.0 (TID 360) (172.26.0.13, executor 1, partition 4, PROCESS_LOCAL, 9921 bytes) 
26/08/14 00:12:56 INFO BlockManagerInfo: Removed broadcast_98_piece0 on spark-driver:44031 in memory (size: 24.1 KiB, free: 191.2 MiB)
26/08/14 00:12:56 INFO BlockManagerInfo: Removed broadcast_98_piece0 on 172.26.0.13:37779 in memory (size: 24.1 KiB, free: 412.4 MiB)
26/08/14 00:12:56 INFO BlockManagerInfo: Removed broadcast_98_piece0 on 172.26.0.12:33791 in memory (size: 24.1 KiB, free: 412.4 MiB)
26/08/14 00:12:56 INFO BlockManagerInfo: Added broadcast_100_piece0 in memory on 172.26.0.13:37779 (size: 24.2 KiB, free: 412.4 MiB)
26/08/14 00:12:56 INFO BlockManagerInfo: Added broadcast_100_piece0 in memory on 172.26.0.12:33791 (size: 24.2 KiB, free: 412.3 MiB)
26/08/14 00:12:56 INFO TaskSetManager: Finished task 3.0 in stage 101.0 (TID 358) in 23 ms on 172.26.0.13 (executor 1) (1/6)
26/08/14 00:12:56 INFO TaskSetManager: Finished task 4.0 in stage 101.0 (TID 360) in 24 ms on 172.26.0.13 (executor 1) (2/6)
26/08/14 00:12:56 INFO TaskSetManager: Finished task 0.0 in stage 101.0 (TID 355) in 25 ms on 172.26.0.12 (executor 0) (3/6)
26/08/14 00:12:56 INFO TaskSetManager: Finished task 2.0 in stage 101.0 (TID 356) in 26 ms on 172.26.0.13 (executor 1) (4/6)
26/08/14 00:12:56 INFO TaskSetManager: Finished task 5.0 in stage 101.0 (TID 359) in 26 ms on 172.26.0.12 (executor 0) (5/6)
26/08/14 00:12:56 INFO TaskSetManager: Finished task 1.0 in stage 101.0 (TID 357) in 27 ms on 172.26.0.12 (executor 0) (6/6)
26/08/14 00:12:56 INFO TaskSchedulerImpl: Removed TaskSet 101.0, whose tasks have all completed, from pool 
26/08/14 00:12:56 INFO DAGScheduler: ShuffleMapStage 101 (count at <unknown>:0) finished in 0.050 s
26/08/14 00:12:56 INFO DAGScheduler: looking for newly runnable stages
26/08/14 00:12:56 INFO DAGScheduler: running: Set()
26/08/14 00:12:56 INFO DAGScheduler: waiting: Set(ResultStage 102)
26/08/14 00:12:56 INFO DAGScheduler: failed: Set()
26/08/14 00:12:56 INFO DAGScheduler: Submitting ResultStage 102 (MapPartitionsRDD[656] at count at <unknown>:0), which has no missing parents
26/08/14 00:12:56 INFO MemoryStore: Block broadcast_101 stored as values in memory (estimated size 12.5 KiB, free 191.1 MiB)
26/08/14 00:12:56 INFO MemoryStore: Block broadcast_101_piece0 stored as bytes in memory (estimated size 5.9 KiB, free 191.1 MiB)
26/08/14 00:12:56 INFO BlockManagerInfo: Added broadcast_101_piece0 in memory on spark-driver:44031 (size: 5.9 KiB, free: 191.2 MiB)
26/08/14 00:12:56 INFO SparkContext: Created broadcast 101 from broadcast at DAGScheduler.scala:1585
26/08/14 00:12:56 INFO DAGScheduler: Submitting 1 missing tasks from ResultStage 102 (MapPartitionsRDD[656] at count at <unknown>:0) (first 15 tasks are for partitions Vector(0))
26/08/14 00:12:56 INFO TaskSchedulerImpl: Adding task set 102.0 with 1 tasks resource profile 0
26/08/14 00:12:56 INFO TaskSetManager: Starting task 0.0 in stage 102.0 (TID 361) (172.26.0.13, executor 1, partition 0, NODE_LOCAL, 9003 bytes) 
26/08/14 00:12:56 INFO BlockManagerInfo: Added broadcast_101_piece0 in memory on 172.26.0.13:37779 (size: 5.9 KiB, free: 412.4 MiB)
26/08/14 00:12:56 INFO MapOutputTrackerMasterEndpoint: Asked to send map output locations for shuffle 46 to 172.26.0.13:36452
26/08/14 00:12:56 INFO TaskSetManager: Finished task 0.0 in stage 102.0 (TID 361) in 16 ms on 172.26.0.13 (executor 1) (1/1)
26/08/14 00:12:56 INFO TaskSchedulerImpl: Removed TaskSet 102.0, whose tasks have all completed, from pool 
26/08/14 00:12:56 INFO DAGScheduler: ResultStage 102 (count at <unknown>:0) finished in 0.020 s
26/08/14 00:12:56 INFO DAGScheduler: Job 55 is finished. Cancelling potential speculative or zombie tasks for this job
26/08/14 00:12:56 INFO TaskSchedulerImpl: Killing all running tasks in stage 102: Stage finished
26/08/14 00:12:56 INFO DAGScheduler: Job 55 finished: count at <unknown>:0, took 0.073267 s
26/08/14 00:12:56 INFO CodeGenerator: Code generated in 20.995333 ms
26/08/14 00:12:56 INFO DefaultCachedBatchSerializer: Predicate isnotnull(event_time#89-T120000ms) generates partition filter: ((event_time.count#32245 - event_time.nullCount#32244) > 0)
26/08/14 00:12:56 INFO DefaultCachedBatchSerializer: Predicate (event_time#89-T120000ms < 2026-08-14 00:10:49.74) generates partition filter: (event_time.lowerBound#32243 < 2026-08-14 00:10:49.74)
26/08/14 00:12:56 INFO SparkContext: Starting job: count at <unknown>:0
26/08/14 00:12:56 INFO DAGScheduler: Registering RDD 661 (count at <unknown>:0) as input to shuffle 47
26/08/14 00:12:56 INFO DAGScheduler: Got job 56 (count at <unknown>:0) with 1 output partitions
26/08/14 00:12:56 INFO DAGScheduler: Final stage: ResultStage 104 (count at <unknown>:0)
26/08/14 00:12:56 INFO DAGScheduler: Parents of final stage: List(ShuffleMapStage 103)
26/08/14 00:12:56 INFO DAGScheduler: Missing parents: List(ShuffleMapStage 103)
26/08/14 00:12:56 INFO DAGScheduler: Submitting ShuffleMapStage 103 (MapPartitionsRDD[661] at count at <unknown>:0), which has no missing parents
26/08/14 00:12:56 INFO MemoryStore: Block broadcast_102 stored as values in memory (estimated size 67.2 KiB, free 191.0 MiB)
26/08/14 00:12:56 INFO MemoryStore: Block broadcast_102_piece0 stored as bytes in memory (estimated size 25.6 KiB, free 191.0 MiB)
26/08/14 00:12:56 INFO BlockManagerInfo: Added broadcast_102_piece0 in memory on spark-driver:44031 (size: 25.6 KiB, free: 191.2 MiB)
26/08/14 00:12:56 INFO SparkContext: Created broadcast 102 from broadcast at DAGScheduler.scala:1585
26/08/14 00:12:56 INFO DAGScheduler: Submitting 6 missing tasks from ShuffleMapStage 103 (MapPartitionsRDD[661] at count at <unknown>:0) (first 15 tasks are for partitions Vector(0, 1, 2, 3, 4, 5))
26/08/14 00:12:56 INFO TaskSchedulerImpl: Adding task set 103.0 with 6 tasks resource profile 0
26/08/14 00:12:56 INFO TaskSetManager: Starting task 2.0 in stage 103.0 (TID 362) (172.26.0.13, executor 1, partition 2, PROCESS_LOCAL, 9921 bytes) 
26/08/14 00:12:56 INFO TaskSetManager: Starting task 0.0 in stage 103.0 (TID 363) (172.26.0.12, executor 0, partition 0, PROCESS_LOCAL, 9921 bytes) 
26/08/14 00:12:56 INFO TaskSetManager: Starting task 3.0 in stage 103.0 (TID 364) (172.26.0.13, executor 1, partition 3, PROCESS_LOCAL, 9921 bytes) 
26/08/14 00:12:56 INFO TaskSetManager: Starting task 1.0 in stage 103.0 (TID 365) (172.26.0.12, executor 0, partition 1, PROCESS_LOCAL, 9921 bytes) 
26/08/14 00:12:56 INFO TaskSetManager: Starting task 4.0 in stage 103.0 (TID 366) (172.26.0.13, executor 1, partition 4, PROCESS_LOCAL, 9921 bytes) 
26/08/14 00:12:56 INFO TaskSetManager: Starting task 5.0 in stage 103.0 (TID 367) (172.26.0.12, executor 0, partition 5, PROCESS_LOCAL, 9921 bytes) 
26/08/14 00:12:56 INFO BlockManagerInfo: Added broadcast_102_piece0 in memory on 172.26.0.13:37779 (size: 25.6 KiB, free: 412.3 MiB)
26/08/14 00:12:56 INFO BlockManagerInfo: Added broadcast_102_piece0 in memory on 172.26.0.12:33791 (size: 25.6 KiB, free: 412.3 MiB)
26/08/14 00:12:56 INFO TaskSetManager: Finished task 1.0 in stage 103.0 (TID 365) in 62 ms on 172.26.0.12 (executor 0) (1/6)
26/08/14 00:12:56 INFO TaskSetManager: Finished task 2.0 in stage 103.0 (TID 362) in 84 ms on 172.26.0.13 (executor 1) (2/6)
26/08/14 00:12:56 INFO BlockManagerInfo: Removed broadcast_101_piece0 on spark-driver:44031 in memory (size: 5.9 KiB, free: 191.2 MiB)
26/08/14 00:12:56 INFO TaskSetManager: Finished task 4.0 in stage 103.0 (TID 366) in 94 ms on 172.26.0.13 (executor 1) (3/6)
26/08/14 00:12:57 INFO TaskSetManager: Finished task 3.0 in stage 103.0 (TID 364) in 96 ms on 172.26.0.13 (executor 1) (4/6)
26/08/14 00:12:57 INFO TaskSetManager: Finished task 5.0 in stage 103.0 (TID 367) in 96 ms on 172.26.0.12 (executor 0) (5/6)
26/08/14 00:12:57 INFO TaskSetManager: Finished task 0.0 in stage 103.0 (TID 363) in 97 ms on 172.26.0.12 (executor 0) (6/6)
26/08/14 00:12:57 INFO TaskSchedulerImpl: Removed TaskSet 103.0, whose tasks have all completed, from pool 
26/08/14 00:12:57 INFO BlockManagerInfo: Removed broadcast_101_piece0 on 172.26.0.13:37779 in memory (size: 5.9 KiB, free: 412.3 MiB)
26/08/14 00:12:57 INFO DAGScheduler: ShuffleMapStage 103 (count at <unknown>:0) finished in 0.114 s
26/08/14 00:12:57 INFO DAGScheduler: looking for newly runnable stages
26/08/14 00:12:57 INFO DAGScheduler: running: Set()
26/08/14 00:12:57 INFO DAGScheduler: waiting: Set(ResultStage 104)
26/08/14 00:12:57 INFO DAGScheduler: failed: Set()
26/08/14 00:12:57 INFO DAGScheduler: Submitting ResultStage 104 (MapPartitionsRDD[664] at count at <unknown>:0), which has no missing parents
26/08/14 00:12:57 INFO BlockManagerInfo: Removed broadcast_100_piece0 on spark-driver:44031 in memory (size: 24.2 KiB, free: 191.2 MiB)
26/08/14 00:12:57 INFO BlockManagerInfo: Removed broadcast_100_piece0 on 172.26.0.13:37779 in memory (size: 24.2 KiB, free: 412.4 MiB)
26/08/14 00:12:57 INFO BlockManagerInfo: Removed broadcast_100_piece0 on 172.26.0.12:33791 in memory (size: 24.2 KiB, free: 412.3 MiB)
26/08/14 00:12:57 INFO MemoryStore: Block broadcast_103 stored as values in memory (estimated size 12.5 KiB, free 191.1 MiB)
26/08/14 00:12:57 INFO MemoryStore: Block broadcast_103_piece0 stored as bytes in memory (estimated size 5.9 KiB, free 191.1 MiB)
26/08/14 00:12:57 INFO BlockManagerInfo: Added broadcast_103_piece0 in memory on spark-driver:44031 (size: 5.9 KiB, free: 191.2 MiB)
26/08/14 00:12:57 INFO SparkContext: Created broadcast 103 from broadcast at DAGScheduler.scala:1585
26/08/14 00:12:57 INFO DAGScheduler: Submitting 1 missing tasks from ResultStage 104 (MapPartitionsRDD[664] at count at <unknown>:0) (first 15 tasks are for partitions Vector(0))
26/08/14 00:12:57 INFO TaskSchedulerImpl: Adding task set 104.0 with 1 tasks resource profile 0
26/08/14 00:12:57 INFO TaskSetManager: Starting task 0.0 in stage 104.0 (TID 368) (172.26.0.13, executor 1, partition 0, NODE_LOCAL, 9003 bytes) 
26/08/14 00:12:57 INFO BlockManagerInfo: Added broadcast_103_piece0 in memory on 172.26.0.13:37779 (size: 5.9 KiB, free: 412.4 MiB)
26/08/14 00:12:57 INFO MapOutputTrackerMasterEndpoint: Asked to send map output locations for shuffle 47 to 172.26.0.13:36452
26/08/14 00:12:57 INFO TaskSetManager: Finished task 0.0 in stage 104.0 (TID 368) in 29 ms on 172.26.0.13 (executor 1) (1/1)
26/08/14 00:12:57 INFO TaskSchedulerImpl: Removed TaskSet 104.0, whose tasks have all completed, from pool 
26/08/14 00:12:57 INFO DAGScheduler: ResultStage 104 (count at <unknown>:0) finished in 0.039 s
26/08/14 00:12:57 INFO DAGScheduler: Job 56 is finished. Cancelling potential speculative or zombie tasks for this job
26/08/14 00:12:57 INFO TaskSchedulerImpl: Killing all running tasks in stage 104: Stage finished
26/08/14 00:12:57 INFO DAGScheduler: Job 56 finished: count at <unknown>:0, took 0.158766 s
26/08/14 00:12:57 INFO DefaultCachedBatchSerializer: Predicate isnotnull(kind#32802) generates partition filter: ((kind.count#32871 - kind.nullCount#32870) > 0)
26/08/14 00:12:57 INFO DefaultCachedBatchSerializer: Predicate (kind#32802 = stats) generates partition filter: ((kind.lowerBound#32869 <= stats) AND (stats <= kind.upperBound#32868))
26/08/14 00:12:57 INFO SparkContext: Starting job: call at /opt/spark/python/lib/py4j-0.10.9.7-src.zip/py4j/clientserver.py:617
26/08/14 00:12:57 INFO DAGScheduler: Got job 57 (call at /opt/spark/python/lib/py4j-0.10.9.7-src.zip/py4j/clientserver.py:617) with 6 output partitions
26/08/14 00:12:57 INFO DAGScheduler: Final stage: ResultStage 105 (call at /opt/spark/python/lib/py4j-0.10.9.7-src.zip/py4j/clientserver.py:617)
26/08/14 00:12:57 INFO DAGScheduler: Parents of final stage: List()
26/08/14 00:12:57 INFO DAGScheduler: Missing parents: List()
26/08/14 00:12:57 INFO DAGScheduler: Submitting ResultStage 105 (MapPartitionsRDD[683] at call at /opt/spark/python/lib/py4j-0.10.9.7-src.zip/py4j/clientserver.py:617), which has no missing parents
26/08/14 00:12:57 INFO MemoryStore: Block broadcast_104 stored as values in memory (estimated size 90.0 KiB, free 191.0 MiB)
26/08/14 00:12:57 INFO MemoryStore: Block broadcast_104_piece0 stored as bytes in memory (estimated size 34.0 KiB, free 191.0 MiB)
26/08/14 00:12:57 INFO BlockManagerInfo: Added broadcast_104_piece0 in memory on spark-driver:44031 (size: 34.0 KiB, free: 191.1 MiB)
26/08/14 00:12:57 INFO SparkContext: Created broadcast 104 from broadcast at DAGScheduler.scala:1585
26/08/14 00:12:57 INFO DAGScheduler: Submitting 6 missing tasks from ResultStage 105 (MapPartitionsRDD[683] at call at /opt/spark/python/lib/py4j-0.10.9.7-src.zip/py4j/clientserver.py:617) (first 15 tasks are for partitions Vector(0, 1, 2, 3, 4, 5))
26/08/14 00:12:57 INFO TaskSchedulerImpl: Adding task set 105.0 with 6 tasks resource profile 0
26/08/14 00:12:57 INFO TaskSetManager: Starting task 2.0 in stage 105.0 (TID 369) (172.26.0.13, executor 1, partition 2, PROCESS_LOCAL, 9932 bytes) 
26/08/14 00:12:57 INFO TaskSetManager: Starting task 0.0 in stage 105.0 (TID 370) (172.26.0.12, executor 0, partition 0, PROCESS_LOCAL, 9932 bytes) 
26/08/14 00:12:57 INFO TaskSetManager: Starting task 3.0 in stage 105.0 (TID 371) (172.26.0.13, executor 1, partition 3, PROCESS_LOCAL, 9932 bytes) 
26/08/14 00:12:57 INFO TaskSetManager: Starting task 1.0 in stage 105.0 (TID 372) (172.26.0.12, executor 0, partition 1, PROCESS_LOCAL, 9932 bytes) 
26/08/14 00:12:57 INFO TaskSetManager: Starting task 4.0 in stage 105.0 (TID 373) (172.26.0.13, executor 1, partition 4, PROCESS_LOCAL, 9932 bytes) 
26/08/14 00:12:57 INFO TaskSetManager: Starting task 5.0 in stage 105.0 (TID 374) (172.26.0.12, executor 0, partition 5, PROCESS_LOCAL, 9932 bytes) 
26/08/14 00:12:57 INFO BlockManagerInfo: Added broadcast_104_piece0 in memory on 172.26.0.12:33791 (size: 34.0 KiB, free: 412.3 MiB)
26/08/14 00:12:57 INFO BlockManagerInfo: Added broadcast_104_piece0 in memory on 172.26.0.13:37779 (size: 34.0 KiB, free: 412.3 MiB)
26/08/14 00:12:59 INFO BlockManagerInfo: Added rdd_678_0 in memory on 172.26.0.12:33791 (size: 1808.0 B, free: 412.3 MiB)
26/08/14 00:12:59 INFO BlockManagerInfo: Added rdd_678_1 in memory on 172.26.0.12:33791 (size: 1808.0 B, free: 412.3 MiB)
26/08/14 00:12:59 INFO BlockManagerInfo: Added rdd_678_4 in memory on 172.26.0.13:37779 (size: 1808.0 B, free: 412.3 MiB)
26/08/14 00:12:59 INFO BlockManagerInfo: Added rdd_678_5 in memory on 172.26.0.12:33791 (size: 1808.0 B, free: 412.3 MiB)
26/08/14 00:12:59 INFO TaskSetManager: Finished task 1.0 in stage 105.0 (TID 372) in 2052 ms on 172.26.0.12 (executor 0) (1/6)
26/08/14 00:12:59 INFO TaskSetManager: Finished task 0.0 in stage 105.0 (TID 370) in 2054 ms on 172.26.0.12 (executor 0) (2/6)
26/08/14 00:12:59 INFO TaskSetManager: Finished task 4.0 in stage 105.0 (TID 373) in 2063 ms on 172.26.0.13 (executor 1) (3/6)
26/08/14 00:12:59 INFO TaskSetManager: Finished task 5.0 in stage 105.0 (TID 374) in 2063 ms on 172.26.0.12 (executor 0) (4/6)
26/08/14 00:12:59 INFO BlockManagerInfo: Added rdd_678_3 in memory on 172.26.0.13:37779 (size: 1808.0 B, free: 412.3 MiB)
26/08/14 00:12:59 INFO BlockManagerInfo: Added rdd_678_2 in memory on 172.26.0.13:37779 (size: 1808.0 B, free: 412.3 MiB)
26/08/14 00:12:59 INFO TaskSetManager: Finished task 3.0 in stage 105.0 (TID 371) in 2130 ms on 172.26.0.13 (executor 1) (5/6)
26/08/14 00:12:59 INFO TaskSetManager: Finished task 2.0 in stage 105.0 (TID 369) in 2132 ms on 172.26.0.13 (executor 1) (6/6)
26/08/14 00:12:59 INFO TaskSchedulerImpl: Removed TaskSet 105.0, whose tasks have all completed, from pool 
26/08/14 00:12:59 INFO DAGScheduler: ResultStage 105 (call at /opt/spark/python/lib/py4j-0.10.9.7-src.zip/py4j/clientserver.py:617) finished in 2.141 s
26/08/14 00:12:59 INFO DAGScheduler: Job 57 is finished. Cancelling potential speculative or zombie tasks for this job
26/08/14 00:12:59 INFO TaskSchedulerImpl: Killing all running tasks in stage 105: Stage finished
26/08/14 00:12:59 INFO DAGScheduler: Job 57 finished: call at /opt/spark/python/lib/py4j-0.10.9.7-src.zip/py4j/clientserver.py:617, took 2.151049 s
26/08/14 00:12:59 INFO BlockManagerInfo: Removed broadcast_102_piece0 on spark-driver:44031 in memory (size: 25.6 KiB, free: 191.2 MiB)
26/08/14 00:12:59 INFO BlockManagerInfo: Removed broadcast_102_piece0 on 172.26.0.13:37779 in memory (size: 25.6 KiB, free: 412.3 MiB)
26/08/14 00:12:59 INFO BlockManagerInfo: Removed broadcast_102_piece0 on 172.26.0.12:33791 in memory (size: 25.6 KiB, free: 412.3 MiB)
26/08/14 00:12:59 INFO BlockManagerInfo: Removed broadcast_103_piece0 on spark-driver:44031 in memory (size: 5.9 KiB, free: 191.2 MiB)
26/08/14 00:12:59 INFO BlockManagerInfo: Removed broadcast_103_piece0 on 172.26.0.13:37779 in memory (size: 5.9 KiB, free: 412.4 MiB)
26/08/14 00:12:59 INFO DefaultCachedBatchSerializer: Predicate isnotnull(kind#32802) generates partition filter: ((kind.count#32954 - kind.nullCount#32953) > 0)
26/08/14 00:12:59 INFO DefaultCachedBatchSerializer: Predicate (kind#32802 = dlq) generates partition filter: ((kind.lowerBound#32952 <= dlq) AND (dlq <= kind.upperBound#32951))
26/08/14 00:12:59 INFO SparkContext: Starting job: count at <unknown>:0
26/08/14 00:12:59 INFO DAGScheduler: Registering RDD 688 (count at <unknown>:0) as input to shuffle 48
26/08/14 00:12:59 INFO DAGScheduler: Got job 58 (count at <unknown>:0) with 1 output partitions
26/08/14 00:12:59 INFO DAGScheduler: Final stage: ResultStage 107 (count at <unknown>:0)
26/08/14 00:12:59 INFO DAGScheduler: Parents of final stage: List(ShuffleMapStage 106)
26/08/14 00:12:59 INFO DAGScheduler: Missing parents: List(ShuffleMapStage 106)
26/08/14 00:12:59 INFO DAGScheduler: Submitting ShuffleMapStage 106 (MapPartitionsRDD[688] at count at <unknown>:0), which has no missing parents
26/08/14 00:12:59 INFO MemoryStore: Block broadcast_105 stored as values in memory (estimated size 92.2 KiB, free 191.0 MiB)
26/08/14 00:12:59 INFO MemoryStore: Block broadcast_105_piece0 stored as bytes in memory (estimated size 35.3 KiB, free 191.0 MiB)
26/08/14 00:12:59 INFO BlockManagerInfo: Added broadcast_105_piece0 in memory on spark-driver:44031 (size: 35.3 KiB, free: 191.1 MiB)
26/08/14 00:12:59 INFO SparkContext: Created broadcast 105 from broadcast at DAGScheduler.scala:1585
26/08/14 00:12:59 INFO DAGScheduler: Submitting 6 missing tasks from ShuffleMapStage 106 (MapPartitionsRDD[688] at count at <unknown>:0) (first 15 tasks are for partitions Vector(0, 1, 2, 3, 4, 5))
26/08/14 00:12:59 INFO TaskSchedulerImpl: Adding task set 106.0 with 6 tasks resource profile 0
26/08/14 00:12:59 INFO TaskSetManager: Starting task 2.0 in stage 106.0 (TID 375) (172.26.0.13, executor 1, partition 2, PROCESS_LOCAL, 9921 bytes) 
26/08/14 00:12:59 INFO TaskSetManager: Starting task 0.0 in stage 106.0 (TID 376) (172.26.0.12, executor 0, partition 0, PROCESS_LOCAL, 9921 bytes) 
26/08/14 00:12:59 INFO TaskSetManager: Starting task 3.0 in stage 106.0 (TID 377) (172.26.0.13, executor 1, partition 3, PROCESS_LOCAL, 9921 bytes) 
26/08/14 00:12:59 INFO TaskSetManager: Starting task 1.0 in stage 106.0 (TID 378) (172.26.0.12, executor 0, partition 1, PROCESS_LOCAL, 9921 bytes) 
26/08/14 00:12:59 INFO TaskSetManager: Starting task 4.0 in stage 106.0 (TID 379) (172.26.0.13, executor 1, partition 4, PROCESS_LOCAL, 9921 bytes) 
26/08/14 00:12:59 INFO TaskSetManager: Starting task 5.0 in stage 106.0 (TID 380) (172.26.0.12, executor 0, partition 5, PROCESS_LOCAL, 9921 bytes) 
26/08/14 00:12:59 INFO BlockManagerInfo: Added broadcast_105_piece0 in memory on 172.26.0.13:37779 (size: 35.3 KiB, free: 412.3 MiB)
26/08/14 00:12:59 INFO BlockManagerInfo: Added broadcast_105_piece0 in memory on 172.26.0.12:33791 (size: 35.3 KiB, free: 412.3 MiB)
26/08/14 00:12:59 INFO TaskSetManager: Finished task 4.0 in stage 106.0 (TID 379) in 80 ms on 172.26.0.13 (executor 1) (1/6)
26/08/14 00:12:59 INFO TaskSetManager: Finished task 1.0 in stage 106.0 (TID 378) in 88 ms on 172.26.0.12 (executor 0) (2/6)
26/08/14 00:12:59 INFO TaskSetManager: Finished task 3.0 in stage 106.0 (TID 377) in 97 ms on 172.26.0.13 (executor 1) (3/6)
26/08/14 00:12:59 INFO TaskSetManager: Finished task 2.0 in stage 106.0 (TID 375) in 102 ms on 172.26.0.13 (executor 1) (4/6)
26/08/14 00:12:59 INFO TaskSetManager: Finished task 5.0 in stage 106.0 (TID 380) in 112 ms on 172.26.0.12 (executor 0) (5/6)
26/08/14 00:12:59 INFO TaskSetManager: Finished task 0.0 in stage 106.0 (TID 376) in 119 ms on 172.26.0.12 (executor 0) (6/6)
26/08/14 00:12:59 INFO TaskSchedulerImpl: Removed TaskSet 106.0, whose tasks have all completed, from pool 
26/08/14 00:12:59 INFO DAGScheduler: ShuffleMapStage 106 (count at <unknown>:0) finished in 0.155 s
26/08/14 00:12:59 INFO DAGScheduler: looking for newly runnable stages
26/08/14 00:12:59 INFO DAGScheduler: running: Set()
26/08/14 00:12:59 INFO DAGScheduler: waiting: Set(ResultStage 107)
26/08/14 00:12:59 INFO DAGScheduler: failed: Set()
26/08/14 00:12:59 INFO DAGScheduler: Submitting ResultStage 107 (MapPartitionsRDD[691] at count at <unknown>:0), which has no missing parents
26/08/14 00:12:59 INFO MemoryStore: Block broadcast_106 stored as values in memory (estimated size 12.5 KiB, free 191.0 MiB)
26/08/14 00:12:59 INFO MemoryStore: Block broadcast_106_piece0 stored as bytes in memory (estimated size 5.9 KiB, free 190.9 MiB)
26/08/14 00:12:59 INFO BlockManagerInfo: Added broadcast_106_piece0 in memory on spark-driver:44031 (size: 5.9 KiB, free: 191.1 MiB)
26/08/14 00:12:59 INFO SparkContext: Created broadcast 106 from broadcast at DAGScheduler.scala:1585
26/08/14 00:12:59 INFO DAGScheduler: Submitting 1 missing tasks from ResultStage 107 (MapPartitionsRDD[691] at count at <unknown>:0) (first 15 tasks are for partitions Vector(0))
26/08/14 00:12:59 INFO TaskSchedulerImpl: Adding task set 107.0 with 1 tasks resource profile 0
26/08/14 00:12:59 INFO TaskSetManager: Starting task 0.0 in stage 107.0 (TID 381) (172.26.0.12, executor 0, partition 0, NODE_LOCAL, 9003 bytes) 
26/08/14 00:12:59 INFO BlockManagerInfo: Added broadcast_106_piece0 in memory on 172.26.0.12:33791 (size: 5.9 KiB, free: 412.3 MiB)
26/08/14 00:12:59 INFO MapOutputTrackerMasterEndpoint: Asked to send map output locations for shuffle 48 to 172.26.0.12:37282
26/08/14 00:12:59 INFO TaskSetManager: Finished task 0.0 in stage 107.0 (TID 381) in 35 ms on 172.26.0.12 (executor 0) (1/1)
26/08/14 00:12:59 INFO TaskSchedulerImpl: Removed TaskSet 107.0, whose tasks have all completed, from pool 
26/08/14 00:12:59 INFO DAGScheduler: ResultStage 107 (count at <unknown>:0) finished in 0.043 s
26/08/14 00:12:59 INFO DAGScheduler: Job 58 is finished. Cancelling potential speculative or zombie tasks for this job
26/08/14 00:12:59 INFO TaskSchedulerImpl: Killing all running tasks in stage 107: Stage finished
26/08/14 00:12:59 INFO DAGScheduler: Job 58 finished: count at <unknown>:0, took 0.211401 s
26/08/14 00:12:59 INFO MapPartitionsRDD: Removing RDD 678 from persistence list
26/08/14 00:12:59 INFO BlockManager: Removing RDD 678
26/08/14 00:12:59 INFO SparkContext: Starting job: call at /opt/spark/python/lib/py4j-0.10.9.7-src.zip/py4j/clientserver.py:617
26/08/14 00:12:59 INFO DAGScheduler: Registering RDD 696 (call at /opt/spark/python/lib/py4j-0.10.9.7-src.zip/py4j/clientserver.py:617) as input to shuffle 49
26/08/14 00:12:59 INFO DAGScheduler: Got job 59 (call at /opt/spark/python/lib/py4j-0.10.9.7-src.zip/py4j/clientserver.py:617) with 1 output partitions
26/08/14 00:12:59 INFO DAGScheduler: Final stage: ResultStage 109 (call at /opt/spark/python/lib/py4j-0.10.9.7-src.zip/py4j/clientserver.py:617)
26/08/14 00:12:59 INFO DAGScheduler: Parents of final stage: List(ShuffleMapStage 108)
26/08/14 00:12:59 INFO DAGScheduler: Missing parents: List(ShuffleMapStage 108)
26/08/14 00:12:59 INFO DAGScheduler: Submitting ShuffleMapStage 108 (MapPartitionsRDD[696] at call at /opt/spark/python/lib/py4j-0.10.9.7-src.zip/py4j/clientserver.py:617), which has no missing parents
26/08/14 00:12:59 INFO MemoryStore: Block broadcast_107 stored as values in memory (estimated size 66.2 KiB, free 190.9 MiB)
26/08/14 00:12:59 INFO BlockManagerInfo: Removed broadcast_105_piece0 on spark-driver:44031 in memory (size: 35.3 KiB, free: 191.2 MiB)
26/08/14 00:12:59 INFO MemoryStore: Block broadcast_107_piece0 stored as bytes in memory (estimated size 24.8 KiB, free 190.9 MiB)
26/08/14 00:12:59 INFO BlockManagerInfo: Added broadcast_107_piece0 in memory on spark-driver:44031 (size: 24.8 KiB, free: 191.1 MiB)
26/08/14 00:12:59 INFO SparkContext: Created broadcast 107 from broadcast at DAGScheduler.scala:1585
26/08/14 00:12:59 INFO DAGScheduler: Submitting 6 missing tasks from ShuffleMapStage 108 (MapPartitionsRDD[696] at call at /opt/spark/python/lib/py4j-0.10.9.7-src.zip/py4j/clientserver.py:617) (first 15 tasks are for partitions Vector(0, 1, 2, 3, 4, 5))
26/08/14 00:12:59 INFO TaskSchedulerImpl: Adding task set 108.0 with 6 tasks resource profile 0
26/08/14 00:12:59 INFO BlockManagerInfo: Removed broadcast_105_piece0 on 172.26.0.12:33791 in memory (size: 35.3 KiB, free: 412.3 MiB)
26/08/14 00:12:59 INFO TaskSetManager: Starting task 2.0 in stage 108.0 (TID 382) (172.26.0.13, executor 1, partition 2, PROCESS_LOCAL, 9921 bytes) 
26/08/14 00:12:59 INFO TaskSetManager: Starting task 0.0 in stage 108.0 (TID 383) (172.26.0.12, executor 0, partition 0, PROCESS_LOCAL, 9921 bytes) 
26/08/14 00:12:59 INFO TaskSetManager: Starting task 3.0 in stage 108.0 (TID 384) (172.26.0.13, executor 1, partition 3, PROCESS_LOCAL, 9921 bytes) 
26/08/14 00:12:59 INFO TaskSetManager: Starting task 1.0 in stage 108.0 (TID 385) (172.26.0.12, executor 0, partition 1, PROCESS_LOCAL, 9921 bytes) 
26/08/14 00:12:59 INFO TaskSetManager: Starting task 4.0 in stage 108.0 (TID 386) (172.26.0.13, executor 1, partition 4, PROCESS_LOCAL, 9921 bytes) 
26/08/14 00:12:59 INFO TaskSetManager: Starting task 5.0 in stage 108.0 (TID 387) (172.26.0.12, executor 0, partition 5, PROCESS_LOCAL, 9921 bytes) 
26/08/14 00:12:59 INFO BlockManagerInfo: Removed broadcast_105_piece0 on 172.26.0.13:37779 in memory (size: 35.3 KiB, free: 412.4 MiB)
26/08/14 00:12:59 INFO BlockManagerInfo: Removed broadcast_106_piece0 on spark-driver:44031 in memory (size: 5.9 KiB, free: 191.2 MiB)
26/08/14 00:12:59 INFO BlockManagerInfo: Removed broadcast_106_piece0 on 172.26.0.12:33791 in memory (size: 5.9 KiB, free: 412.3 MiB)
26/08/14 00:12:59 INFO BlockManagerInfo: Added broadcast_107_piece0 in memory on 172.26.0.13:37779 (size: 24.8 KiB, free: 412.3 MiB)
26/08/14 00:12:59 INFO BlockManagerInfo: Added broadcast_107_piece0 in memory on 172.26.0.12:33791 (size: 24.8 KiB, free: 412.3 MiB)
26/08/14 00:12:59 INFO BlockManagerInfo: Removed broadcast_104_piece0 on spark-driver:44031 in memory (size: 34.0 KiB, free: 191.2 MiB)
26/08/14 00:12:59 INFO BlockManagerInfo: Removed broadcast_104_piece0 on 172.26.0.12:33791 in memory (size: 34.0 KiB, free: 412.3 MiB)
26/08/14 00:12:59 INFO BlockManagerInfo: Removed broadcast_104_piece0 on 172.26.0.13:37779 in memory (size: 34.0 KiB, free: 412.4 MiB)
26/08/14 00:12:59 INFO TaskSetManager: Finished task 2.0 in stage 108.0 (TID 382) in 35 ms on 172.26.0.13 (executor 1) (1/6)
26/08/14 00:12:59 INFO TaskSetManager: Finished task 3.0 in stage 108.0 (TID 384) in 44 ms on 172.26.0.13 (executor 1) (2/6)
26/08/14 00:12:59 INFO TaskSetManager: Finished task 5.0 in stage 108.0 (TID 387) in 46 ms on 172.26.0.12 (executor 0) (3/6)
26/08/14 00:12:59 INFO TaskSetManager: Finished task 1.0 in stage 108.0 (TID 385) in 48 ms on 172.26.0.12 (executor 0) (4/6)
26/08/14 00:12:59 INFO TaskSetManager: Finished task 4.0 in stage 108.0 (TID 386) in 49 ms on 172.26.0.13 (executor 1) (5/6)
26/08/14 00:12:59 INFO TaskSetManager: Finished task 0.0 in stage 108.0 (TID 383) in 49 ms on 172.26.0.12 (executor 0) (6/6)
26/08/14 00:12:59 INFO TaskSchedulerImpl: Removed TaskSet 108.0, whose tasks have all completed, from pool 
26/08/14 00:12:59 INFO DAGScheduler: ShuffleMapStage 108 (call at /opt/spark/python/lib/py4j-0.10.9.7-src.zip/py4j/clientserver.py:617) finished in 0.073 s
26/08/14 00:12:59 INFO DAGScheduler: looking for newly runnable stages
26/08/14 00:12:59 INFO DAGScheduler: running: Set()
26/08/14 00:12:59 INFO DAGScheduler: waiting: Set(ResultStage 109)
26/08/14 00:12:59 INFO DAGScheduler: failed: Set()
26/08/14 00:12:59 INFO DAGScheduler: Submitting ResultStage 109 (MapPartitionsRDD[699] at call at /opt/spark/python/lib/py4j-0.10.9.7-src.zip/py4j/clientserver.py:617), which has no missing parents
26/08/14 00:12:59 INFO MemoryStore: Block broadcast_108 stored as values in memory (estimated size 13.1 KiB, free 191.1 MiB)
26/08/14 00:12:59 INFO MemoryStore: Block broadcast_108_piece0 stored as bytes in memory (estimated size 6.1 KiB, free 191.1 MiB)
26/08/14 00:12:59 INFO BlockManagerInfo: Added broadcast_108_piece0 in memory on spark-driver:44031 (size: 6.1 KiB, free: 191.2 MiB)
26/08/14 00:12:59 INFO SparkContext: Created broadcast 108 from broadcast at DAGScheduler.scala:1585
26/08/14 00:12:59 INFO DAGScheduler: Submitting 1 missing tasks from ResultStage 109 (MapPartitionsRDD[699] at call at /opt/spark/python/lib/py4j-0.10.9.7-src.zip/py4j/clientserver.py:617) (first 15 tasks are for partitions Vector(0))
26/08/14 00:12:59 INFO TaskSchedulerImpl: Adding task set 109.0 with 1 tasks resource profile 0
26/08/14 00:12:59 INFO TaskSetManager: Starting task 0.0 in stage 109.0 (TID 388) (172.26.0.12, executor 0, partition 0, NODE_LOCAL, 9003 bytes) 
26/08/14 00:12:59 INFO BlockManagerInfo: Added broadcast_108_piece0 in memory on 172.26.0.12:33791 (size: 6.1 KiB, free: 412.3 MiB)
26/08/14 00:12:59 INFO MapOutputTrackerMasterEndpoint: Asked to send map output locations for shuffle 49 to 172.26.0.12:37282
26/08/14 00:12:59 INFO TaskSetManager: Finished task 0.0 in stage 109.0 (TID 388) in 20 ms on 172.26.0.12 (executor 0) (1/1)
26/08/14 00:12:59 INFO TaskSchedulerImpl: Removed TaskSet 109.0, whose tasks have all completed, from pool 
26/08/14 00:12:59 INFO DAGScheduler: ResultStage 109 (call at /opt/spark/python/lib/py4j-0.10.9.7-src.zip/py4j/clientserver.py:617) finished in 0.025 s
26/08/14 00:12:59 INFO DAGScheduler: Job 59 is finished. Cancelling potential speculative or zombie tasks for this job
26/08/14 00:12:59 INFO TaskSchedulerImpl: Killing all running tasks in stage 109: Stage finished
26/08/14 00:12:59 INFO DAGScheduler: Job 59 finished: call at /opt/spark/python/lib/py4j-0.10.9.7-src.zip/py4j/clientserver.py:617, took 0.100933 s
2026-08-14 00:12:59,806 INFO  [stream] batch=10 in=5134 written=15402 late=0 dlq=0 3.53s (1455 rows/s)
26/08/14 00:12:59 INFO MapPartitionsRDD: Removing RDD 640 from persistence list
26/08/14 00:12:59 INFO BlockManager: Removing RDD 640
26/08/14 00:12:59 INFO WatermarkTracker: Updating event-time watermark from 1786666249740 to 1786666256062 ms
26/08/14 00:12:59 INFO CheckpointFileManager: Writing atomically to file:/opt/checkpoints/trips/commits/10 using temp file file:/opt/checkpoints/trips/commits/.10.dbd62ab3-cf22-4d53-915f-05cab44abb1b.tmp
26/08/14 00:12:59 INFO CheckpointFileManager: Renamed temp file file:/opt/checkpoints/trips/commits/.10.dbd62ab3-cf22-4d53-915f-05cab44abb1b.tmp to file:/opt/checkpoints/trips/commits/10
26/08/14 00:12:59 INFO MicroBatchExecution: Streaming query made progress: {
  "id" : "673700e1-7609-4c3e-bff3-65e01579062f",
  "runId" : "684f6ae2-98d1-4139-a900-0d86eb048f89",
  "name" : "trips-ingest-chaos_kill_cassandra_1",
  "timestamp" : "2026-08-14T00:12:56.181Z",
  "batchId" : 10,
  "numInputRows" : 5134,
  "inputRowsPerSecond" : 798.072438986476,
  "processedRowsPerSecond" : 1398.148148148148,
  "durationMs" : {
    "addBatch" : 3574,
    "commitOffsets" : 42,
    "getBatch" : 1,
    "latestOffset" : 12,
    "queryPlanning" : 16,
    "triggerExecution" : 3672,
    "walCommit" : 23
  },
  "eventTime" : {
    "avg" : "2026-08-14T00:12:51.473Z",
    "max" : "2026-08-14T00:12:56.062Z",
    "min" : "2026-08-14T00:12:46.779Z",
    "watermark" : "2026-08-14T00:10:49.740Z"
  },
  "stateOperators" : [ ],
  "sources" : [ {
    "description" : "KafkaV2[Subscribe[trips.raw]]",
    "startOffset" : {
      "trips.raw" : {
        "2" : 235581,
        "5" : 233984,
        "4" : 235292,
        "1" : 235157,
        "3" : 235254,
        "0" : 235190
      }
    },
    "endOffset" : {
      "trips.raw" : {
        "2" : 236463,
        "5" : 234845,
        "4" : 236138,
        "1" : 235986,
        "3" : 236114,
        "0" : 236046
      }
    },
    "latestOffset" : {
      "trips.raw" : {
        "2" : 236463,
        "5" : 234845,
        "4" : 236138,
        "1" : 235986,
        "3" : 236114,
        "0" : 236046
      }
    },
    "numInputRows" : 5134,
    "inputRowsPerSecond" : 798.072438986476,
    "processedRowsPerSecond" : 1398.148148148148,
    "metrics" : {
      "avgOffsetsBehindLatest" : "0.0",
      "maxOffsetsBehindLatest" : "0",
      "minOffsetsBehindLatest" : "0"
    }
  } ],
  "sink" : {
    "description" : "ForeachBatchSink",
    "numOutputRows" : -1
  }
}
26/08/14 00:12:59 INFO CheckpointFileManager: Writing atomically to file:/opt/checkpoints/trips/offsets/11 using temp file file:/opt/checkpoints/trips/offsets/.11.736b2374-a3b0-4cb3-8c24-272349d1d394.tmp
26/08/14 00:12:59 INFO CheckpointFileManager: Renamed temp file file:/opt/checkpoints/trips/offsets/.11.736b2374-a3b0-4cb3-8c24-272349d1d394.tmp to file:/opt/checkpoints/trips/offsets/11
26/08/14 00:12:59 INFO MicroBatchExecution: Committed offsets for batch 11. Metadata OffsetSeqMetadata(1786666256062,1786666379876,Map(spark.sql.streaming.stateStore.providerClass -> org.apache.spark.sql.execution.streaming.state.HDFSBackedStateStoreProvider, spark.sql.streaming.join.stateFormatVersion -> 2, spark.sql.streaming.stateStore.compression.codec -> lz4, spark.sql.streaming.stateStore.rocksdb.formatVersion -> 5, spark.sql.streaming.statefulOperator.useStrictDistribution -> true, spark.sql.streaming.flatMapGroupsWithState.stateFormatVersion -> 2, spark.sql.streaming.multipleWatermarkPolicy -> min, spark.sql.streaming.aggregation.stateFormatVersion -> 2, spark.sql.shuffle.partitions -> 6))
26/08/14 00:12:59 INFO KafkaOffsetReaderAdmin: Partitions added: Map()
26/08/14 00:12:59 INFO KafkaOffsetReaderAdmin: Partitions added: Map()
26/08/14 00:12:59 INFO KafkaOffsetReaderAdmin: Partitions added: Map()
26/08/14 00:12:59 INFO KafkaOffsetReaderAdmin: Partitions added: Map()
2026-08-14 00:12:59,982 INFO  [stream] Received command c on object id p0
26/08/14 00:13:00 INFO BlockManager: Removing RDD 678
26/08/14 00:13:00 INFO BlockManagerInfo: Removed broadcast_108_piece0 on spark-driver:44031 in memory (size: 6.1 KiB, free: 191.2 MiB)
26/08/14 00:13:00 INFO BlockManagerInfo: Removed broadcast_108_piece0 on 172.26.0.12:33791 in memory (size: 6.1 KiB, free: 413.9 MiB)
26/08/14 00:13:00 INFO BlockManagerInfo: Removed broadcast_107_piece0 on spark-driver:44031 in memory (size: 24.8 KiB, free: 191.2 MiB)
26/08/14 00:13:00 INFO SparkContext: Starting job: count at <unknown>:0
26/08/14 00:13:00 INFO BlockManagerInfo: Removed broadcast_107_piece0 on 172.26.0.13:37779 in memory (size: 24.8 KiB, free: 413.9 MiB)
26/08/14 00:13:00 INFO DAGScheduler: Registering RDD 714 (count at <unknown>:0) as input to shuffle 50
26/08/14 00:13:00 INFO DAGScheduler: Got job 60 (count at <unknown>:0) with 1 output partitions
26/08/14 00:13:00 INFO DAGScheduler: Final stage: ResultStage 111 (count at <unknown>:0)
26/08/14 00:13:00 INFO DAGScheduler: Parents of final stage: List(ShuffleMapStage 110)
26/08/14 00:13:00 INFO BlockManagerInfo: Removed broadcast_107_piece0 on 172.26.0.12:33791 in memory (size: 24.8 KiB, free: 413.9 MiB)
26/08/14 00:13:00 INFO DAGScheduler: Missing parents: List(ShuffleMapStage 110)
26/08/14 00:13:00 INFO DAGScheduler: Submitting ShuffleMapStage 110 (MapPartitionsRDD[714] at count at <unknown>:0), which has no missing parents
26/08/14 00:13:00 INFO MemoryStore: Block broadcast_109 stored as values in memory (estimated size 64.6 KiB, free 191.1 MiB)
26/08/14 00:13:00 INFO MemoryStore: Block broadcast_109_piece0 stored as bytes in memory (estimated size 24.1 KiB, free 191.1 MiB)
26/08/14 00:13:00 INFO BlockManagerInfo: Added broadcast_109_piece0 in memory on spark-driver:44031 (size: 24.1 KiB, free: 191.2 MiB)
26/08/14 00:13:00 INFO SparkContext: Created broadcast 109 from broadcast at DAGScheduler.scala:1585
26/08/14 00:13:00 INFO DAGScheduler: Submitting 6 missing tasks from ShuffleMapStage 110 (MapPartitionsRDD[714] at count at <unknown>:0) (first 15 tasks are for partitions Vector(0, 1, 2, 3, 4, 5))
26/08/14 00:13:00 INFO TaskSchedulerImpl: Adding task set 110.0 with 6 tasks resource profile 0
26/08/14 00:13:00 INFO TaskSetManager: Starting task 2.0 in stage 110.0 (TID 389) (172.26.0.13, executor 1, partition 2, PROCESS_LOCAL, 9921 bytes) 
26/08/14 00:13:00 INFO TaskSetManager: Starting task 0.0 in stage 110.0 (TID 390) (172.26.0.12, executor 0, partition 0, PROCESS_LOCAL, 9921 bytes) 
26/08/14 00:13:00 INFO TaskSetManager: Starting task 3.0 in stage 110.0 (TID 391) (172.26.0.13, executor 1, partition 3, PROCESS_LOCAL, 9921 bytes) 
26/08/14 00:13:00 INFO TaskSetManager: Starting task 1.0 in stage 110.0 (TID 392) (172.26.0.12, executor 0, partition 1, PROCESS_LOCAL, 9921 bytes) 
26/08/14 00:13:00 INFO TaskSetManager: Starting task 4.0 in stage 110.0 (TID 393) (172.26.0.13, executor 1, partition 4, PROCESS_LOCAL, 9921 bytes) 
26/08/14 00:13:00 INFO TaskSetManager: Starting task 5.0 in stage 110.0 (TID 394) (172.26.0.12, executor 0, partition 5, PROCESS_LOCAL, 9921 bytes) 
26/08/14 00:13:00 INFO BlockManagerInfo: Added broadcast_109_piece0 in memory on 172.26.0.13:37779 (size: 24.1 KiB, free: 413.9 MiB)
26/08/14 00:13:00 INFO BlockManagerInfo: Added broadcast_109_piece0 in memory on 172.26.0.12:33791 (size: 24.1 KiB, free: 413.9 MiB)
26/08/14 00:13:00 INFO BlockManagerInfo: Added rdd_709_5 in memory on 172.26.0.12:33791 (size: 323.5 KiB, free: 413.6 MiB)
26/08/14 00:13:00 INFO BlockManagerInfo: Added rdd_709_1 in memory on 172.26.0.12:33791 (size: 283.6 KiB, free: 413.3 MiB)
26/08/14 00:13:00 INFO BlockManagerInfo: Added rdd_709_2 in memory on 172.26.0.13:37779 (size: 298.1 KiB, free: 413.6 MiB)
26/08/14 00:13:00 INFO BlockManagerInfo: Added rdd_709_0 in memory on 172.26.0.12:33791 (size: 299.6 KiB, free: 413.0 MiB)
26/08/14 00:13:00 INFO TaskSetManager: Finished task 5.0 in stage 110.0 (TID 394) in 120 ms on 172.26.0.12 (executor 0) (1/6)
26/08/14 00:13:00 INFO TaskSetManager: Finished task 1.0 in stage 110.0 (TID 392) in 121 ms on 172.26.0.12 (executor 0) (2/6)
26/08/14 00:13:00 INFO TaskSetManager: Finished task 0.0 in stage 110.0 (TID 390) in 126 ms on 172.26.0.12 (executor 0) (3/6)
26/08/14 00:13:00 INFO BlockManagerInfo: Added rdd_709_4 in memory on 172.26.0.13:37779 (size: 326.0 KiB, free: 413.3 MiB)
26/08/14 00:13:00 INFO TaskSetManager: Finished task 2.0 in stage 110.0 (TID 389) in 133 ms on 172.26.0.13 (executor 1) (4/6)
26/08/14 00:13:00 INFO TaskSetManager: Finished task 4.0 in stage 110.0 (TID 393) in 138 ms on 172.26.0.13 (executor 1) (5/6)
26/08/14 00:13:00 INFO BlockManagerInfo: Added rdd_709_3 in memory on 172.26.0.13:37779 (size: 299.4 KiB, free: 413.0 MiB)
26/08/14 00:13:00 INFO TaskSetManager: Finished task 3.0 in stage 110.0 (TID 391) in 150 ms on 172.26.0.13 (executor 1) (6/6)
26/08/14 00:13:00 INFO TaskSchedulerImpl: Removed TaskSet 110.0, whose tasks have all completed, from pool 
26/08/14 00:13:00 INFO DAGScheduler: ShuffleMapStage 110 (count at <unknown>:0) finished in 0.157 s
26/08/14 00:13:00 INFO DAGScheduler: looking for newly runnable stages
26/08/14 00:13:00 INFO DAGScheduler: running: Set()
26/08/14 00:13:00 INFO DAGScheduler: waiting: Set(ResultStage 111)
26/08/14 00:13:00 INFO DAGScheduler: failed: Set()
26/08/14 00:13:00 INFO DAGScheduler: Submitting ResultStage 111 (MapPartitionsRDD[717] at count at <unknown>:0), which has no missing parents
26/08/14 00:13:00 INFO MemoryStore: Block broadcast_110 stored as values in memory (estimated size 12.5 KiB, free 191.1 MiB)
26/08/14 00:13:00 INFO MemoryStore: Block broadcast_110_piece0 stored as bytes in memory (estimated size 5.9 KiB, free 191.1 MiB)
26/08/14 00:13:00 INFO BlockManagerInfo: Added broadcast_110_piece0 in memory on spark-driver:44031 (size: 5.9 KiB, free: 191.2 MiB)
26/08/14 00:13:00 INFO SparkContext: Created broadcast 110 from broadcast at DAGScheduler.scala:1585
26/08/14 00:13:00 INFO DAGScheduler: Submitting 1 missing tasks from ResultStage 111 (MapPartitionsRDD[717] at count at <unknown>:0) (first 15 tasks are for partitions Vector(0))
26/08/14 00:13:00 INFO TaskSchedulerImpl: Adding task set 111.0 with 1 tasks resource profile 0
26/08/14 00:13:00 INFO TaskSetManager: Starting task 0.0 in stage 111.0 (TID 395) (172.26.0.13, executor 1, partition 0, NODE_LOCAL, 9003 bytes) 
26/08/14 00:13:00 INFO BlockManagerInfo: Added broadcast_110_piece0 in memory on 172.26.0.13:37779 (size: 5.9 KiB, free: 413.0 MiB)
26/08/14 00:13:00 INFO MapOutputTrackerMasterEndpoint: Asked to send map output locations for shuffle 50 to 172.26.0.13:36452
26/08/14 00:13:00 INFO TaskSetManager: Finished task 0.0 in stage 111.0 (TID 395) in 40 ms on 172.26.0.13 (executor 1) (1/1)
26/08/14 00:13:00 INFO TaskSchedulerImpl: Removed TaskSet 111.0, whose tasks have all completed, from pool 
26/08/14 00:13:00 INFO DAGScheduler: ResultStage 111 (count at <unknown>:0) finished in 0.044 s
26/08/14 00:13:00 INFO DAGScheduler: Job 60 is finished. Cancelling potential speculative or zombie tasks for this job
26/08/14 00:13:00 INFO TaskSchedulerImpl: Killing all running tasks in stage 111: Stage finished
26/08/14 00:13:00 INFO DAGScheduler: Job 60 finished: count at <unknown>:0, took 0.205713 s
26/08/14 00:13:00 INFO SparkContext: Starting job: count at <unknown>:0
26/08/14 00:13:00 INFO DAGScheduler: Registering RDD 722 (count at <unknown>:0) as input to shuffle 51
26/08/14 00:13:00 INFO DAGScheduler: Got job 61 (count at <unknown>:0) with 1 output partitions
26/08/14 00:13:00 INFO DAGScheduler: Final stage: ResultStage 113 (count at <unknown>:0)
26/08/14 00:13:00 INFO DAGScheduler: Parents of final stage: List(ShuffleMapStage 112)
26/08/14 00:13:00 INFO DAGScheduler: Missing parents: List(ShuffleMapStage 112)
26/08/14 00:13:00 INFO DAGScheduler: Submitting ShuffleMapStage 112 (MapPartitionsRDD[722] at count at <unknown>:0), which has no missing parents
26/08/14 00:13:00 INFO MemoryStore: Block broadcast_111 stored as values in memory (estimated size 64.9 KiB, free 191.0 MiB)
26/08/14 00:13:00 INFO MemoryStore: Block broadcast_111_piece0 stored as bytes in memory (estimated size 24.2 KiB, free 191.0 MiB)
26/08/14 00:13:00 INFO BlockManagerInfo: Added broadcast_111_piece0 in memory on spark-driver:44031 (size: 24.2 KiB, free: 191.2 MiB)
26/08/14 00:13:00 INFO BlockManagerInfo: Removed broadcast_109_piece0 on spark-driver:44031 in memory (size: 24.1 KiB, free: 191.2 MiB)
26/08/14 00:13:00 INFO BlockManagerInfo: Removed broadcast_109_piece0 on 172.26.0.12:33791 in memory (size: 24.1 KiB, free: 413.0 MiB)
26/08/14 00:13:00 INFO BlockManagerInfo: Removed broadcast_109_piece0 on 172.26.0.13:37779 in memory (size: 24.1 KiB, free: 413.0 MiB)
26/08/14 00:13:00 INFO SparkContext: Created broadcast 111 from broadcast at DAGScheduler.scala:1585
26/08/14 00:13:00 INFO DAGScheduler: Submitting 6 missing tasks from ShuffleMapStage 112 (MapPartitionsRDD[722] at count at <unknown>:0) (first 15 tasks are for partitions Vector(0, 1, 2, 3, 4, 5))
26/08/14 00:13:00 INFO TaskSchedulerImpl: Adding task set 112.0 with 6 tasks resource profile 0
26/08/14 00:13:00 INFO TaskSetManager: Starting task 0.0 in stage 112.0 (TID 396) (172.26.0.12, executor 0, partition 0, PROCESS_LOCAL, 9921 bytes) 
26/08/14 00:13:00 INFO TaskSetManager: Starting task 2.0 in stage 112.0 (TID 397) (172.26.0.13, executor 1, partition 2, PROCESS_LOCAL, 9921 bytes) 
26/08/14 00:13:00 INFO TaskSetManager: Starting task 1.0 in stage 112.0 (TID 398) (172.26.0.12, executor 0, partition 1, PROCESS_LOCAL, 9921 bytes) 
26/08/14 00:13:00 INFO TaskSetManager: Starting task 3.0 in stage 112.0 (TID 399) (172.26.0.13, executor 1, partition 3, PROCESS_LOCAL, 9921 bytes) 
26/08/14 00:13:00 INFO TaskSetManager: Starting task 5.0 in stage 112.0 (TID 400) (172.26.0.12, executor 0, partition 5, PROCESS_LOCAL, 9921 bytes) 
26/08/14 00:13:00 INFO TaskSetManager: Starting task 4.0 in stage 112.0 (TID 401) (172.26.0.13, executor 1, partition 4, PROCESS_LOCAL, 9921 bytes) 
26/08/14 00:13:00 INFO BlockManagerInfo: Removed broadcast_110_piece0 on spark-driver:44031 in memory (size: 5.9 KiB, free: 191.2 MiB)
26/08/14 00:13:00 INFO BlockManagerInfo: Removed broadcast_110_piece0 on 172.26.0.13:37779 in memory (size: 5.9 KiB, free: 413.0 MiB)
26/08/14 00:13:00 INFO BlockManagerInfo: Added broadcast_111_piece0 in memory on 172.26.0.13:37779 (size: 24.2 KiB, free: 413.0 MiB)
26/08/14 00:13:00 INFO BlockManagerInfo: Added broadcast_111_piece0 in memory on 172.26.0.12:33791 (size: 24.2 KiB, free: 413.0 MiB)
26/08/14 00:13:00 INFO TaskSetManager: Finished task 2.0 in stage 112.0 (TID 397) in 30 ms on 172.26.0.13 (executor 1) (1/6)
26/08/14 00:13:00 INFO TaskSetManager: Finished task 3.0 in stage 112.0 (TID 399) in 31 ms on 172.26.0.13 (executor 1) (2/6)
26/08/14 00:13:00 INFO TaskSetManager: Finished task 1.0 in stage 112.0 (TID 398) in 32 ms on 172.26.0.12 (executor 0) (3/6)
26/08/14 00:13:00 INFO TaskSetManager: Finished task 4.0 in stage 112.0 (TID 401) in 32 ms on 172.26.0.13 (executor 1) (4/6)
26/08/14 00:13:00 INFO TaskSetManager: Finished task 0.0 in stage 112.0 (TID 396) in 33 ms on 172.26.0.12 (executor 0) (5/6)
26/08/14 00:13:00 INFO TaskSetManager: Finished task 5.0 in stage 112.0 (TID 400) in 33 ms on 172.26.0.12 (executor 0) (6/6)
26/08/14 00:13:00 INFO TaskSchedulerImpl: Removed TaskSet 112.0, whose tasks have all completed, from pool 
26/08/14 00:13:00 INFO DAGScheduler: ShuffleMapStage 112 (count at <unknown>:0) finished in 0.050 s
26/08/14 00:13:00 INFO DAGScheduler: looking for newly runnable stages
26/08/14 00:13:00 INFO DAGScheduler: running: Set()
26/08/14 00:13:00 INFO DAGScheduler: waiting: Set(ResultStage 113)
26/08/14 00:13:00 INFO DAGScheduler: failed: Set()
26/08/14 00:13:00 INFO DAGScheduler: Submitting ResultStage 113 (MapPartitionsRDD[725] at count at <unknown>:0), which has no missing parents
26/08/14 00:13:00 INFO MemoryStore: Block broadcast_112 stored as values in memory (estimated size 12.5 KiB, free 191.1 MiB)
26/08/14 00:13:00 INFO MemoryStore: Block broadcast_112_piece0 stored as bytes in memory (estimated size 5.9 KiB, free 191.1 MiB)
26/08/14 00:13:00 INFO BlockManagerInfo: Added broadcast_112_piece0 in memory on spark-driver:44031 (size: 5.9 KiB, free: 191.2 MiB)
26/08/14 00:13:00 INFO SparkContext: Created broadcast 112 from broadcast at DAGScheduler.scala:1585
26/08/14 00:13:00 INFO DAGScheduler: Submitting 1 missing tasks from ResultStage 113 (MapPartitionsRDD[725] at count at <unknown>:0) (first 15 tasks are for partitions Vector(0))
26/08/14 00:13:00 INFO TaskSchedulerImpl: Adding task set 113.0 with 1 tasks resource profile 0
26/08/14 00:13:00 INFO TaskSetManager: Starting task 0.0 in stage 113.0 (TID 402) (172.26.0.13, executor 1, partition 0, NODE_LOCAL, 9003 bytes) 
26/08/14 00:13:00 INFO BlockManagerInfo: Added broadcast_112_piece0 in memory on 172.26.0.13:37779 (size: 5.9 KiB, free: 413.0 MiB)
26/08/14 00:13:00 INFO MapOutputTrackerMasterEndpoint: Asked to send map output locations for shuffle 51 to 172.26.0.13:36452
26/08/14 00:13:00 INFO TaskSetManager: Finished task 0.0 in stage 113.0 (TID 402) in 19 ms on 172.26.0.13 (executor 1) (1/1)
26/08/14 00:13:00 INFO TaskSchedulerImpl: Removed TaskSet 113.0, whose tasks have all completed, from pool 
26/08/14 00:13:00 INFO DAGScheduler: ResultStage 113 (count at <unknown>:0) finished in 0.025 s
26/08/14 00:13:00 INFO DAGScheduler: Job 61 is finished. Cancelling potential speculative or zombie tasks for this job
26/08/14 00:13:00 INFO TaskSchedulerImpl: Killing all running tasks in stage 113: Stage finished
26/08/14 00:13:00 INFO DAGScheduler: Job 61 finished: count at <unknown>:0, took 0.078551 s
26/08/14 00:13:00 INFO CodeGenerator: Code generated in 10.336125 ms
26/08/14 00:13:00 INFO DefaultCachedBatchSerializer: Predicate isnotnull(event_time#89-T120000ms) generates partition filter: ((event_time.count#35574 - event_time.nullCount#35573) > 0)
26/08/14 00:13:00 INFO DefaultCachedBatchSerializer: Predicate (event_time#89-T120000ms < 2026-08-14 00:10:56.062) generates partition filter: (event_time.lowerBound#35572 < 2026-08-14 00:10:56.062)
26/08/14 00:13:00 INFO SparkContext: Starting job: count at <unknown>:0
26/08/14 00:13:00 INFO DAGScheduler: Registering RDD 730 (count at <unknown>:0) as input to shuffle 52
26/08/14 00:13:00 INFO DAGScheduler: Got job 62 (count at <unknown>:0) with 1 output partitions
26/08/14 00:13:00 INFO DAGScheduler: Final stage: ResultStage 115 (count at <unknown>:0)
26/08/14 00:13:00 INFO DAGScheduler: Parents of final stage: List(ShuffleMapStage 114)
26/08/14 00:13:00 INFO DAGScheduler: Missing parents: List(ShuffleMapStage 114)
26/08/14 00:13:00 INFO DAGScheduler: Submitting ShuffleMapStage 114 (MapPartitionsRDD[730] at count at <unknown>:0), which has no missing parents
26/08/14 00:13:00 INFO MemoryStore: Block broadcast_113 stored as values in memory (estimated size 67.2 KiB, free 191.0 MiB)
26/08/14 00:13:00 INFO MemoryStore: Block broadcast_113_piece0 stored as bytes in memory (estimated size 25.6 KiB, free 191.0 MiB)
26/08/14 00:13:00 INFO BlockManagerInfo: Added broadcast_113_piece0 in memory on spark-driver:44031 (size: 25.6 KiB, free: 191.2 MiB)
26/08/14 00:13:00 INFO SparkContext: Created broadcast 113 from broadcast at DAGScheduler.scala:1585
26/08/14 00:13:00 INFO DAGScheduler: Submitting 6 missing tasks from ShuffleMapStage 114 (MapPartitionsRDD[730] at count at <unknown>:0) (first 15 tasks are for partitions Vector(0, 1, 2, 3, 4, 5))
26/08/14 00:13:00 INFO TaskSchedulerImpl: Adding task set 114.0 with 6 tasks resource profile 0
26/08/14 00:13:00 INFO TaskSetManager: Starting task 2.0 in stage 114.0 (TID 403) (172.26.0.13, executor 1, partition 2, PROCESS_LOCAL, 9921 bytes) 
26/08/14 00:13:00 INFO TaskSetManager: Starting task 0.0 in stage 114.0 (TID 404) (172.26.0.12, executor 0, partition 0, PROCESS_LOCAL, 9921 bytes) 
26/08/14 00:13:00 INFO TaskSetManager: Starting task 3.0 in stage 114.0 (TID 405) (172.26.0.13, executor 1, partition 3, PROCESS_LOCAL, 9921 bytes) 
26/08/14 00:13:00 INFO TaskSetManager: Starting task 1.0 in stage 114.0 (TID 406) (172.26.0.12, executor 0, partition 1, PROCESS_LOCAL, 9921 bytes) 
26/08/14 00:13:00 INFO TaskSetManager: Starting task 4.0 in stage 114.0 (TID 407) (172.26.0.13, executor 1, partition 4, PROCESS_LOCAL, 9921 bytes) 
26/08/14 00:13:00 INFO TaskSetManager: Starting task 5.0 in stage 114.0 (TID 408) (172.26.0.12, executor 0, partition 5, PROCESS_LOCAL, 9921 bytes) 
26/08/14 00:13:00 INFO BlockManagerInfo: Added broadcast_113_piece0 in memory on 172.26.0.12:33791 (size: 25.6 KiB, free: 413.0 MiB)
26/08/14 00:13:00 INFO BlockManagerInfo: Added broadcast_113_piece0 in memory on 172.26.0.13:37779 (size: 25.6 KiB, free: 413.0 MiB)
26/08/14 00:13:00 INFO TaskSetManager: Finished task 1.0 in stage 114.0 (TID 406) in 58 ms on 172.26.0.12 (executor 0) (1/6)
26/08/14 00:13:00 INFO TaskSetManager: Finished task 0.0 in stage 114.0 (TID 404) in 69 ms on 172.26.0.12 (executor 0) (2/6)
26/08/14 00:13:00 INFO TaskSetManager: Finished task 5.0 in stage 114.0 (TID 408) in 69 ms on 172.26.0.12 (executor 0) (3/6)
26/08/14 00:13:00 INFO BlockManagerInfo: Removed broadcast_112_piece0 on spark-driver:44031 in memory (size: 5.9 KiB, free: 191.2 MiB)
26/08/14 00:13:00 INFO TaskSetManager: Finished task 4.0 in stage 114.0 (TID 407) in 74 ms on 172.26.0.13 (executor 1) (4/6)
26/08/14 00:13:00 INFO TaskSetManager: Finished task 2.0 in stage 114.0 (TID 403) in 77 ms on 172.26.0.13 (executor 1) (5/6)
26/08/14 00:13:00 INFO TaskSetManager: Finished task 3.0 in stage 114.0 (TID 405) in 76 ms on 172.26.0.13 (executor 1) (6/6)
26/08/14 00:13:00 INFO TaskSchedulerImpl: Removed TaskSet 114.0, whose tasks have all completed, from pool 
26/08/14 00:13:00 INFO DAGScheduler: ShuffleMapStage 114 (count at <unknown>:0) finished in 0.083 s
26/08/14 00:13:00 INFO DAGScheduler: looking for newly runnable stages
26/08/14 00:13:00 INFO DAGScheduler: running: Set()
26/08/14 00:13:00 INFO DAGScheduler: waiting: Set(ResultStage 115)
26/08/14 00:13:00 INFO DAGScheduler: failed: Set()
26/08/14 00:13:00 INFO DAGScheduler: Submitting ResultStage 115 (MapPartitionsRDD[733] at count at <unknown>:0), which has no missing parents
26/08/14 00:13:00 INFO BlockManagerInfo: Removed broadcast_112_piece0 on 172.26.0.13:37779 in memory (size: 5.9 KiB, free: 413.0 MiB)
26/08/14 00:13:00 INFO MemoryStore: Block broadcast_114 stored as values in memory (estimated size 12.5 KiB, free 191.0 MiB)
26/08/14 00:13:00 INFO MemoryStore: Block broadcast_114_piece0 stored as bytes in memory (estimated size 5.9 KiB, free 191.0 MiB)
26/08/14 00:13:00 INFO BlockManagerInfo: Added broadcast_114_piece0 in memory on spark-driver:44031 (size: 5.9 KiB, free: 191.2 MiB)
26/08/14 00:13:00 INFO BlockManagerInfo: Removed broadcast_111_piece0 on spark-driver:44031 in memory (size: 24.2 KiB, free: 191.2 MiB)
26/08/14 00:13:00 INFO SparkContext: Created broadcast 114 from broadcast at DAGScheduler.scala:1585
26/08/14 00:13:00 INFO DAGScheduler: Submitting 1 missing tasks from ResultStage 115 (MapPartitionsRDD[733] at count at <unknown>:0) (first 15 tasks are for partitions Vector(0))
26/08/14 00:13:00 INFO BlockManagerInfo: Removed broadcast_111_piece0 on 172.26.0.13:37779 in memory (size: 24.2 KiB, free: 413.0 MiB)
26/08/14 00:13:00 INFO TaskSchedulerImpl: Adding task set 115.0 with 1 tasks resource profile 0
26/08/14 00:13:00 INFO BlockManagerInfo: Removed broadcast_111_piece0 on 172.26.0.12:33791 in memory (size: 24.2 KiB, free: 413.0 MiB)
26/08/14 00:13:00 INFO TaskSetManager: Starting task 0.0 in stage 115.0 (TID 409) (172.26.0.13, executor 1, partition 0, NODE_LOCAL, 9003 bytes) 
26/08/14 00:13:00 INFO BlockManagerInfo: Added broadcast_114_piece0 in memory on 172.26.0.13:37779 (size: 5.9 KiB, free: 413.0 MiB)
26/08/14 00:13:00 INFO MapOutputTrackerMasterEndpoint: Asked to send map output locations for shuffle 52 to 172.26.0.13:36452
26/08/14 00:13:00 INFO TaskSetManager: Finished task 0.0 in stage 115.0 (TID 409) in 19 ms on 172.26.0.13 (executor 1) (1/1)
26/08/14 00:13:00 INFO TaskSchedulerImpl: Removed TaskSet 115.0, whose tasks have all completed, from pool 
26/08/14 00:13:00 INFO DAGScheduler: ResultStage 115 (count at <unknown>:0) finished in 0.024 s
26/08/14 00:13:00 INFO DAGScheduler: Job 62 is finished. Cancelling potential speculative or zombie tasks for this job
26/08/14 00:13:00 INFO TaskSchedulerImpl: Killing all running tasks in stage 115: Stage finished
26/08/14 00:13:00 INFO DAGScheduler: Job 62 finished: count at <unknown>:0, took 0.111560 s
26/08/14 00:13:00 INFO DefaultCachedBatchSerializer: Predicate isnotnull(kind#36131) generates partition filter: ((kind.count#36200 - kind.nullCount#36199) > 0)
26/08/14 00:13:00 INFO DefaultCachedBatchSerializer: Predicate (kind#36131 = stats) generates partition filter: ((kind.lowerBound#36198 <= stats) AND (stats <= kind.upperBound#36197))
26/08/14 00:13:00 INFO SparkContext: Starting job: call at /opt/spark/python/lib/py4j-0.10.9.7-src.zip/py4j/clientserver.py:617
26/08/14 00:13:00 INFO DAGScheduler: Got job 63 (call at /opt/spark/python/lib/py4j-0.10.9.7-src.zip/py4j/clientserver.py:617) with 6 output partitions
26/08/14 00:13:00 INFO DAGScheduler: Final stage: ResultStage 116 (call at /opt/spark/python/lib/py4j-0.10.9.7-src.zip/py4j/clientserver.py:617)
26/08/14 00:13:00 INFO DAGScheduler: Parents of final stage: List()
26/08/14 00:13:00 INFO DAGScheduler: Missing parents: List()
26/08/14 00:13:00 INFO DAGScheduler: Submitting ResultStage 116 (MapPartitionsRDD[752] at call at /opt/spark/python/lib/py4j-0.10.9.7-src.zip/py4j/clientserver.py:617), which has no missing parents
26/08/14 00:13:00 INFO MemoryStore: Block broadcast_115 stored as values in memory (estimated size 90.0 KiB, free 191.0 MiB)
26/08/14 00:13:00 INFO MemoryStore: Block broadcast_115_piece0 stored as bytes in memory (estimated size 34.0 KiB, free 191.0 MiB)
26/08/14 00:13:00 INFO BlockManagerInfo: Added broadcast_115_piece0 in memory on spark-driver:44031 (size: 34.0 KiB, free: 191.1 MiB)
26/08/14 00:13:00 INFO SparkContext: Created broadcast 115 from broadcast at DAGScheduler.scala:1585
26/08/14 00:13:00 INFO DAGScheduler: Submitting 6 missing tasks from ResultStage 116 (MapPartitionsRDD[752] at call at /opt/spark/python/lib/py4j-0.10.9.7-src.zip/py4j/clientserver.py:617) (first 15 tasks are for partitions Vector(0, 1, 2, 3, 4, 5))
26/08/14 00:13:00 INFO TaskSchedulerImpl: Adding task set 116.0 with 6 tasks resource profile 0
26/08/14 00:13:00 INFO TaskSetManager: Starting task 2.0 in stage 116.0 (TID 410) (172.26.0.13, executor 1, partition 2, PROCESS_LOCAL, 9932 bytes) 
26/08/14 00:13:00 INFO TaskSetManager: Starting task 0.0 in stage 116.0 (TID 411) (172.26.0.12, executor 0, partition 0, PROCESS_LOCAL, 9932 bytes) 
26/08/14 00:13:00 INFO TaskSetManager: Starting task 3.0 in stage 116.0 (TID 412) (172.26.0.13, executor 1, partition 3, PROCESS_LOCAL, 9932 bytes) 
26/08/14 00:13:00 INFO TaskSetManager: Starting task 1.0 in stage 116.0 (TID 413) (172.26.0.12, executor 0, partition 1, PROCESS_LOCAL, 9932 bytes) 
26/08/14 00:13:00 INFO TaskSetManager: Starting task 4.0 in stage 116.0 (TID 414) (172.26.0.13, executor 1, partition 4, PROCESS_LOCAL, 9932 bytes) 
26/08/14 00:13:00 INFO TaskSetManager: Starting task 5.0 in stage 116.0 (TID 415) (172.26.0.12, executor 0, partition 5, PROCESS_LOCAL, 9932 bytes) 
26/08/14 00:13:00 INFO BlockManagerInfo: Added broadcast_115_piece0 in memory on 172.26.0.12:33791 (size: 34.0 KiB, free: 413.0 MiB)
26/08/14 00:13:00 INFO BlockManagerInfo: Added broadcast_115_piece0 in memory on 172.26.0.13:37779 (size: 34.0 KiB, free: 413.0 MiB)
26/08/14 00:13:01 INFO BlockManagerInfo: Added rdd_747_1 in memory on 172.26.0.12:33791 (size: 1808.0 B, free: 413.0 MiB)
26/08/14 00:13:01 INFO BlockManagerInfo: Added rdd_747_0 in memory on 172.26.0.12:33791 (size: 1808.0 B, free: 413.0 MiB)
26/08/14 00:13:01 INFO TaskSetManager: Finished task 1.0 in stage 116.0 (TID 413) in 1232 ms on 172.26.0.12 (executor 0) (1/6)
26/08/14 00:13:01 INFO BlockManagerInfo: Added rdd_747_3 in memory on 172.26.0.13:37779 (size: 1808.0 B, free: 413.0 MiB)
26/08/14 00:13:01 INFO BlockManagerInfo: Added rdd_747_4 in memory on 172.26.0.13:37779 (size: 1808.0 B, free: 413.0 MiB)
26/08/14 00:13:01 INFO TaskSetManager: Finished task 0.0 in stage 116.0 (TID 411) in 1296 ms on 172.26.0.12 (executor 0) (2/6)
26/08/14 00:13:01 INFO TaskSetManager: Finished task 3.0 in stage 116.0 (TID 412) in 1341 ms on 172.26.0.13 (executor 1) (3/6)
26/08/14 00:13:01 INFO TaskSetManager: Finished task 4.0 in stage 116.0 (TID 414) in 1344 ms on 172.26.0.13 (executor 1) (4/6)
26/08/14 00:13:02 INFO BlockManagerInfo: Added rdd_747_5 in memory on 172.26.0.12:33791 (size: 1808.0 B, free: 413.0 MiB)
26/08/14 00:13:02 INFO TaskSetManager: Finished task 5.0 in stage 116.0 (TID 415) in 1561 ms on 172.26.0.12 (executor 0) (5/6)
26/08/14 00:13:02 INFO BlockManagerInfo: Added rdd_747_2 in memory on 172.26.0.13:37779 (size: 1808.0 B, free: 413.0 MiB)
26/08/14 00:13:02 INFO BlockManagerInfo: Removed broadcast_114_piece0 on spark-driver:44031 in memory (size: 5.9 KiB, free: 191.2 MiB)
26/08/14 00:13:02 INFO BlockManagerInfo: Removed broadcast_114_piece0 on 172.26.0.13:37779 in memory (size: 5.9 KiB, free: 413.0 MiB)
26/08/14 00:13:02 INFO BlockManagerInfo: Removed broadcast_113_piece0 on 172.26.0.13:37779 in memory (size: 25.6 KiB, free: 413.0 MiB)
26/08/14 00:13:02 INFO TaskSetManager: Finished task 2.0 in stage 116.0 (TID 410) in 1628 ms on 172.26.0.13 (executor 1) (6/6)
26/08/14 00:13:02 INFO TaskSchedulerImpl: Removed TaskSet 116.0, whose tasks have all completed, from pool 
26/08/14 00:13:02 INFO BlockManagerInfo: Removed broadcast_113_piece0 on spark-driver:44031 in memory (size: 25.6 KiB, free: 191.2 MiB)
26/08/14 00:13:02 INFO BlockManagerInfo: Removed broadcast_113_piece0 on 172.26.0.12:33791 in memory (size: 25.6 KiB, free: 413.0 MiB)
26/08/14 00:13:02 INFO DAGScheduler: ResultStage 116 (call at /opt/spark/python/lib/py4j-0.10.9.7-src.zip/py4j/clientserver.py:617) finished in 1.636 s
26/08/14 00:13:02 INFO DAGScheduler: Job 63 is finished. Cancelling potential speculative or zombie tasks for this job
26/08/14 00:13:02 INFO TaskSchedulerImpl: Killing all running tasks in stage 116: Stage finished
26/08/14 00:13:02 INFO DAGScheduler: Job 63 finished: call at /opt/spark/python/lib/py4j-0.10.9.7-src.zip/py4j/clientserver.py:617, took 1.641548 s
26/08/14 00:13:02 INFO DefaultCachedBatchSerializer: Predicate isnotnull(kind#36131) generates partition filter: ((kind.count#36283 - kind.nullCount#36282) > 0)
26/08/14 00:13:02 INFO DefaultCachedBatchSerializer: Predicate (kind#36131 = dlq) generates partition filter: ((kind.lowerBound#36281 <= dlq) AND (dlq <= kind.upperBound#36280))
26/08/14 00:13:02 INFO SparkContext: Starting job: count at <unknown>:0
26/08/14 00:13:02 INFO DAGScheduler: Registering RDD 757 (count at <unknown>:0) as input to shuffle 53
26/08/14 00:13:02 INFO DAGScheduler: Got job 64 (count at <unknown>:0) with 1 output partitions
26/08/14 00:13:02 INFO DAGScheduler: Final stage: ResultStage 118 (count at <unknown>:0)
26/08/14 00:13:02 INFO DAGScheduler: Parents of final stage: List(ShuffleMapStage 117)
26/08/14 00:13:02 INFO DAGScheduler: Missing parents: List(ShuffleMapStage 117)
26/08/14 00:13:02 INFO DAGScheduler: Submitting ShuffleMapStage 117 (MapPartitionsRDD[757] at count at <unknown>:0), which has no missing parents
26/08/14 00:13:02 INFO MemoryStore: Block broadcast_116 stored as values in memory (estimated size 92.2 KiB, free 191.0 MiB)
26/08/14 00:13:02 INFO MemoryStore: Block broadcast_116_piece0 stored as bytes in memory (estimated size 35.3 KiB, free 191.0 MiB)
26/08/14 00:13:02 INFO BlockManagerInfo: Added broadcast_116_piece0 in memory on spark-driver:44031 (size: 35.3 KiB, free: 191.1 MiB)
26/08/14 00:13:02 INFO SparkContext: Created broadcast 116 from broadcast at DAGScheduler.scala:1585
26/08/14 00:13:02 INFO DAGScheduler: Submitting 6 missing tasks from ShuffleMapStage 117 (MapPartitionsRDD[757] at count at <unknown>:0) (first 15 tasks are for partitions Vector(0, 1, 2, 3, 4, 5))
26/08/14 00:13:02 INFO TaskSchedulerImpl: Adding task set 117.0 with 6 tasks resource profile 0
26/08/14 00:13:02 INFO TaskSetManager: Starting task 0.0 in stage 117.0 (TID 416) (172.26.0.12, executor 0, partition 0, PROCESS_LOCAL, 9921 bytes) 
26/08/14 00:13:02 INFO TaskSetManager: Starting task 2.0 in stage 117.0 (TID 417) (172.26.0.13, executor 1, partition 2, PROCESS_LOCAL, 9921 bytes) 
26/08/14 00:13:02 INFO TaskSetManager: Starting task 1.0 in stage 117.0 (TID 418) (172.26.0.12, executor 0, partition 1, PROCESS_LOCAL, 9921 bytes) 
26/08/14 00:13:02 INFO TaskSetManager: Starting task 3.0 in stage 117.0 (TID 419) (172.26.0.13, executor 1, partition 3, PROCESS_LOCAL, 9921 bytes) 
26/08/14 00:13:02 INFO TaskSetManager: Starting task 5.0 in stage 117.0 (TID 420) (172.26.0.12, executor 0, partition 5, PROCESS_LOCAL, 9921 bytes) 
26/08/14 00:13:02 INFO TaskSetManager: Starting task 4.0 in stage 117.0 (TID 421) (172.26.0.13, executor 1, partition 4, PROCESS_LOCAL, 9921 bytes) 
26/08/14 00:13:02 INFO BlockManagerInfo: Added broadcast_116_piece0 in memory on 172.26.0.12:33791 (size: 35.3 KiB, free: 413.0 MiB)
26/08/14 00:13:02 INFO BlockManagerInfo: Added broadcast_116_piece0 in memory on 172.26.0.13:37779 (size: 35.3 KiB, free: 413.0 MiB)
26/08/14 00:13:02 INFO TaskSetManager: Finished task 4.0 in stage 117.0 (TID 421) in 77 ms on 172.26.0.13 (executor 1) (1/6)
26/08/14 00:13:02 INFO TaskSetManager: Finished task 3.0 in stage 117.0 (TID 419) in 79 ms on 172.26.0.13 (executor 1) (2/6)
26/08/14 00:13:02 INFO TaskSetManager: Finished task 2.0 in stage 117.0 (TID 417) in 82 ms on 172.26.0.13 (executor 1) (3/6)
26/08/14 00:13:02 INFO TaskSetManager: Finished task 0.0 in stage 117.0 (TID 416) in 85 ms on 172.26.0.12 (executor 0) (4/6)
26/08/14 00:13:02 INFO TaskSetManager: Finished task 5.0 in stage 117.0 (TID 420) in 86 ms on 172.26.0.12 (executor 0) (5/6)
26/08/14 00:13:02 INFO TaskSetManager: Finished task 1.0 in stage 117.0 (TID 418) in 88 ms on 172.26.0.12 (executor 0) (6/6)
26/08/14 00:13:02 INFO TaskSchedulerImpl: Removed TaskSet 117.0, whose tasks have all completed, from pool 
26/08/14 00:13:02 INFO DAGScheduler: ShuffleMapStage 117 (count at <unknown>:0) finished in 0.123 s
26/08/14 00:13:02 INFO DAGScheduler: looking for newly runnable stages
26/08/14 00:13:02 INFO DAGScheduler: running: Set()
26/08/14 00:13:02 INFO DAGScheduler: waiting: Set(ResultStage 118)
26/08/14 00:13:02 INFO DAGScheduler: failed: Set()
26/08/14 00:13:02 INFO DAGScheduler: Submitting ResultStage 118 (MapPartitionsRDD[760] at count at <unknown>:0), which has no missing parents
26/08/14 00:13:02 INFO MemoryStore: Block broadcast_117 stored as values in memory (estimated size 12.5 KiB, free 191.0 MiB)
26/08/14 00:13:02 INFO MemoryStore: Block broadcast_117_piece0 stored as bytes in memory (estimated size 5.9 KiB, free 190.9 MiB)
26/08/14 00:13:02 INFO BlockManagerInfo: Added broadcast_117_piece0 in memory on spark-driver:44031 (size: 5.9 KiB, free: 191.1 MiB)
26/08/14 00:13:02 INFO SparkContext: Created broadcast 117 from broadcast at DAGScheduler.scala:1585
26/08/14 00:13:02 INFO DAGScheduler: Submitting 1 missing tasks from ResultStage 118 (MapPartitionsRDD[760] at count at <unknown>:0) (first 15 tasks are for partitions Vector(0))
26/08/14 00:13:02 INFO TaskSchedulerImpl: Adding task set 118.0 with 1 tasks resource profile 0
26/08/14 00:13:02 INFO TaskSetManager: Starting task 0.0 in stage 118.0 (TID 422) (172.26.0.13, executor 1, partition 0, NODE_LOCAL, 9003 bytes) 
26/08/14 00:13:02 INFO BlockManagerInfo: Added broadcast_117_piece0 in memory on 172.26.0.13:37779 (size: 5.9 KiB, free: 412.9 MiB)
26/08/14 00:13:02 INFO MapOutputTrackerMasterEndpoint: Asked to send map output locations for shuffle 53 to 172.26.0.13:36452
26/08/14 00:13:02 INFO TaskSetManager: Finished task 0.0 in stage 118.0 (TID 422) in 53 ms on 172.26.0.13 (executor 1) (1/1)
26/08/14 00:13:02 INFO TaskSchedulerImpl: Removed TaskSet 118.0, whose tasks have all completed, from pool 
26/08/14 00:13:02 INFO DAGScheduler: ResultStage 118 (count at <unknown>:0) finished in 0.063 s
26/08/14 00:13:02 INFO DAGScheduler: Job 64 is finished. Cancelling potential speculative or zombie tasks for this job
26/08/14 00:13:02 INFO TaskSchedulerImpl: Killing all running tasks in stage 118: Stage finished
26/08/14 00:13:02 INFO DAGScheduler: Job 64 finished: count at <unknown>:0, took 0.194242 s
26/08/14 00:13:02 INFO MapPartitionsRDD: Removing RDD 747 from persistence list
26/08/14 00:13:02 INFO BlockManager: Removing RDD 747
26/08/14 00:13:02 INFO SparkContext: Starting job: call at /opt/spark/python/lib/py4j-0.10.9.7-src.zip/py4j/clientserver.py:617
26/08/14 00:13:02 INFO DAGScheduler: Registering RDD 765 (call at /opt/spark/python/lib/py4j-0.10.9.7-src.zip/py4j/clientserver.py:617) as input to shuffle 54
26/08/14 00:13:02 INFO DAGScheduler: Got job 65 (call at /opt/spark/python/lib/py4j-0.10.9.7-src.zip/py4j/clientserver.py:617) with 1 output partitions
26/08/14 00:13:02 INFO DAGScheduler: Final stage: ResultStage 120 (call at /opt/spark/python/lib/py4j-0.10.9.7-src.zip/py4j/clientserver.py:617)
26/08/14 00:13:02 INFO DAGScheduler: Parents of final stage: List(ShuffleMapStage 119)
26/08/14 00:13:02 INFO DAGScheduler: Missing parents: List(ShuffleMapStage 119)
26/08/14 00:13:02 INFO DAGScheduler: Submitting ShuffleMapStage 119 (MapPartitionsRDD[765] at call at /opt/spark/python/lib/py4j-0.10.9.7-src.zip/py4j/clientserver.py:617), which has no missing parents
26/08/14 00:13:02 INFO MemoryStore: Block broadcast_118 stored as values in memory (estimated size 66.2 KiB, free 190.9 MiB)
26/08/14 00:13:02 INFO BlockManagerInfo: Removed broadcast_115_piece0 on spark-driver:44031 in memory (size: 34.0 KiB, free: 191.2 MiB)
26/08/14 00:13:02 INFO MemoryStore: Block broadcast_118_piece0 stored as bytes in memory (estimated size 24.8 KiB, free 191.0 MiB)
26/08/14 00:13:02 INFO BlockManagerInfo: Added broadcast_118_piece0 in memory on spark-driver:44031 (size: 24.8 KiB, free: 191.1 MiB)
26/08/14 00:13:02 INFO BlockManagerInfo: Removed broadcast_115_piece0 on 172.26.0.12:33791 in memory (size: 34.0 KiB, free: 413.0 MiB)
26/08/14 00:13:02 INFO BlockManagerInfo: Removed broadcast_115_piece0 on 172.26.0.13:37779 in memory (size: 34.0 KiB, free: 413.0 MiB)
26/08/14 00:13:02 INFO SparkContext: Created broadcast 118 from broadcast at DAGScheduler.scala:1585
26/08/14 00:13:02 INFO DAGScheduler: Submitting 6 missing tasks from ShuffleMapStage 119 (MapPartitionsRDD[765] at call at /opt/spark/python/lib/py4j-0.10.9.7-src.zip/py4j/clientserver.py:617) (first 15 tasks are for partitions Vector(0, 1, 2, 3, 4, 5))
26/08/14 00:13:02 INFO TaskSchedulerImpl: Adding task set 119.0 with 6 tasks resource profile 0
26/08/14 00:13:02 INFO TaskSetManager: Starting task 2.0 in stage 119.0 (TID 423) (172.26.0.13, executor 1, partition 2, PROCESS_LOCAL, 9921 bytes) 
26/08/14 00:13:02 INFO TaskSetManager: Starting task 0.0 in stage 119.0 (TID 424) (172.26.0.12, executor 0, partition 0, PROCESS_LOCAL, 9921 bytes) 
26/08/14 00:13:02 INFO TaskSetManager: Starting task 3.0 in stage 119.0 (TID 425) (172.26.0.13, executor 1, partition 3, PROCESS_LOCAL, 9921 bytes) 
26/08/14 00:13:02 INFO TaskSetManager: Starting task 1.0 in stage 119.0 (TID 426) (172.26.0.12, executor 0, partition 1, PROCESS_LOCAL, 9921 bytes) 
26/08/14 00:13:02 INFO TaskSetManager: Starting task 4.0 in stage 119.0 (TID 427) (172.26.0.13, executor 1, partition 4, PROCESS_LOCAL, 9921 bytes) 
26/08/14 00:13:02 INFO TaskSetManager: Starting task 5.0 in stage 119.0 (TID 428) (172.26.0.12, executor 0, partition 5, PROCESS_LOCAL, 9921 bytes) 
26/08/14 00:13:02 INFO BlockManagerInfo: Removed broadcast_116_piece0 on spark-driver:44031 in memory (size: 35.3 KiB, free: 191.2 MiB)
26/08/14 00:13:02 INFO BlockManagerInfo: Removed broadcast_116_piece0 on 172.26.0.13:37779 in memory (size: 35.3 KiB, free: 413.0 MiB)
26/08/14 00:13:02 INFO BlockManagerInfo: Removed broadcast_116_piece0 on 172.26.0.12:33791 in memory (size: 35.3 KiB, free: 413.0 MiB)
26/08/14 00:13:02 INFO BlockManagerInfo: Added broadcast_118_piece0 in memory on 172.26.0.13:37779 (size: 24.8 KiB, free: 413.0 MiB)
26/08/14 00:13:02 INFO BlockManagerInfo: Removed broadcast_117_piece0 on spark-driver:44031 in memory (size: 5.9 KiB, free: 191.2 MiB)
26/08/14 00:13:02 INFO BlockManagerInfo: Added broadcast_118_piece0 in memory on 172.26.0.12:33791 (size: 24.8 KiB, free: 413.0 MiB)
26/08/14 00:13:02 INFO BlockManagerInfo: Removed broadcast_117_piece0 on 172.26.0.13:37779 in memory (size: 5.9 KiB, free: 413.0 MiB)
26/08/14 00:13:03 INFO TaskSetManager: Finished task 4.0 in stage 119.0 (TID 427) in 187 ms on 172.26.0.13 (executor 1) (1/6)
26/08/14 00:13:03 INFO TaskSetManager: Finished task 2.0 in stage 119.0 (TID 423) in 333 ms on 172.26.0.13 (executor 1) (2/6)
26/08/14 00:13:03 INFO TaskSetManager: Finished task 3.0 in stage 119.0 (TID 425) in 333 ms on 172.26.0.13 (executor 1) (3/6)
26/08/14 00:13:03 INFO TaskSetManager: Finished task 5.0 in stage 119.0 (TID 428) in 428 ms on 172.26.0.12 (executor 0) (4/6)
26/08/14 00:13:03 INFO TaskSetManager: Finished task 0.0 in stage 119.0 (TID 424) in 433 ms on 172.26.0.12 (executor 0) (5/6)
26/08/14 00:13:03 INFO TaskSetManager: Finished task 1.0 in stage 119.0 (TID 426) in 430 ms on 172.26.0.12 (executor 0) (6/6)
26/08/14 00:13:03 INFO TaskSchedulerImpl: Removed TaskSet 119.0, whose tasks have all completed, from pool 
26/08/14 00:13:03 INFO DAGScheduler: ShuffleMapStage 119 (call at /opt/spark/python/lib/py4j-0.10.9.7-src.zip/py4j/clientserver.py:617) finished in 0.474 s
26/08/14 00:13:03 INFO DAGScheduler: looking for newly runnable stages
26/08/14 00:13:03 INFO DAGScheduler: running: Set()
26/08/14 00:13:03 INFO DAGScheduler: waiting: Set(ResultStage 120)
26/08/14 00:13:03 INFO DAGScheduler: failed: Set()
26/08/14 00:13:03 INFO DAGScheduler: Submitting ResultStage 120 (MapPartitionsRDD[768] at call at /opt/spark/python/lib/py4j-0.10.9.7-src.zip/py4j/clientserver.py:617), which has no missing parents
26/08/14 00:13:03 INFO MemoryStore: Block broadcast_119 stored as values in memory (estimated size 13.1 KiB, free 191.1 MiB)
26/08/14 00:13:03 INFO MemoryStore: Block broadcast_119_piece0 stored as bytes in memory (estimated size 6.1 KiB, free 191.1 MiB)
26/08/14 00:13:03 INFO BlockManagerInfo: Added broadcast_119_piece0 in memory on spark-driver:44031 (size: 6.1 KiB, free: 191.2 MiB)
26/08/14 00:13:03 INFO SparkContext: Created broadcast 119 from broadcast at DAGScheduler.scala:1585
26/08/14 00:13:03 INFO DAGScheduler: Submitting 1 missing tasks from ResultStage 120 (MapPartitionsRDD[768] at call at /opt/spark/python/lib/py4j-0.10.9.7-src.zip/py4j/clientserver.py:617) (first 15 tasks are for partitions Vector(0))
26/08/14 00:13:03 INFO TaskSchedulerImpl: Adding task set 120.0 with 1 tasks resource profile 0
26/08/14 00:13:03 INFO TaskSetManager: Starting task 0.0 in stage 120.0 (TID 429) (172.26.0.12, executor 0, partition 0, NODE_LOCAL, 9003 bytes) 
26/08/14 00:13:03 INFO BlockManagerInfo: Added broadcast_119_piece0 in memory on 172.26.0.12:33791 (size: 6.1 KiB, free: 413.0 MiB)
26/08/14 00:13:03 INFO MapOutputTrackerMasterEndpoint: Asked to send map output locations for shuffle 54 to 172.26.0.12:37282
26/08/14 00:13:03 INFO TaskSetManager: Finished task 0.0 in stage 120.0 (TID 429) in 94 ms on 172.26.0.12 (executor 0) (1/1)
26/08/14 00:13:03 INFO TaskSchedulerImpl: Removed TaskSet 120.0, whose tasks have all completed, from pool 
26/08/14 00:13:03 INFO DAGScheduler: ResultStage 120 (call at /opt/spark/python/lib/py4j-0.10.9.7-src.zip/py4j/clientserver.py:617) finished in 0.117 s
26/08/14 00:13:03 INFO DAGScheduler: Job 65 is finished. Cancelling potential speculative or zombie tasks for this job
26/08/14 00:13:03 INFO TaskSchedulerImpl: Killing all running tasks in stage 120: Stage finished
26/08/14 00:13:03 INFO DAGScheduler: Job 65 finished: call at /opt/spark/python/lib/py4j-0.10.9.7-src.zip/py4j/clientserver.py:617, took 0.606100 s
26/08/14 00:13:03 INFO MapPartitionsRDD: Removing RDD 709 from persistence list
26/08/14 00:13:03 INFO BlockManager: Removing RDD 709
26/08/14 00:13:03 INFO WatermarkTracker: Updating event-time watermark from 1786666256062 to 1786666259707 ms
26/08/14 00:13:03 INFO CheckpointFileManager: Writing atomically to file:/opt/checkpoints/trips/commits/11 using temp file file:/opt/checkpoints/trips/commits/.11.89924ba5-a577-40a9-980e-d813b52e13d4.tmp
26/08/14 00:13:03 INFO CheckpointFileManager: Renamed temp file file:/opt/checkpoints/trips/commits/.11.89924ba5-a577-40a9-980e-d813b52e13d4.tmp to file:/opt/checkpoints/trips/commits/11
26/08/14 00:13:03 INFO MicroBatchExecution: Streaming query made progress: {
  "id" : "673700e1-7609-4c3e-bff3-65e01579062f",
  "runId" : "684f6ae2-98d1-4139-a900-0d86eb048f89",
  "name" : "trips-ingest-chaos_kill_cassandra_1",
  "timestamp" : "2026-08-14T00:12:59.856Z",
  "batchId" : 11,
  "numInputRows" : 2946,
  "inputRowsPerSecond" : 801.6326530612246,
  "processedRowsPerSecond" : 786.4388681260011,
  "durationMs" : {
    "addBatch" : 3526,
    "commitOffsets" : 143,
    "getBatch" : 1,
    "latestOffset" : 20,
    "queryPlanning" : 26,
    "triggerExecution" : 3746,
    "walCommit" : 24
  },
  "eventTime" : {
    "avg" : "2026-08-14T00:12:56.532Z",
    "max" : "2026-08-14T00:12:59.707Z",
    "min" : "2026-08-14T00:12:53.232Z",
    "watermark" : "2026-08-14T00:10:56.062Z"
  },
  "stateOperators" : [ ],
  "sources" : [ {
    "description" : "KafkaV2[Subscribe[trips.raw]]",
    "startOffset" : {
      "trips.raw" : {
        "2" : 236463,
        "5" : 234845,
        "4" : 236138,
        "1" : 235986,
        "3" : 236114,
        "0" : 236046
      }
    },
    "endOffset" : {
      "trips.raw" : {
        "2" : 236945,
        "5" : 235327,
        "4" : 236594,
        "1" : 236511,
        "3" : 236594,
        "0" : 236567
      }
    },
    "latestOffset" : {
      "trips.raw" : {
        "2" : 236945,
        "5" : 235327,
        "4" : 236594,
        "1" : 236511,
        "3" : 236594,
        "0" : 236567
      }
    },
    "numInputRows" : 2946,
    "inputRowsPerSecond" : 801.6326530612246,
    "processedRowsPerSecond" : 786.4388681260011,
    "metrics" : {
      "avgOffsetsBehindLatest" : "0.0",
      "maxOffsetsBehindLatest" : "0",
      "minOffsetsBehindLatest" : "0"
    }
  } ],
  "sink" : {
    "description" : "ForeachBatchSink",
    "numOutputRows" : -1
  }
}
26/08/14 00:13:03 INFO CheckpointFileManager: Writing atomically to file:/opt/checkpoints/trips/offsets/12 using temp file file:/opt/checkpoints/trips/offsets/.12.a25c989b-745e-4e7b-be6b-638089a35d00.tmp
26/08/14 00:13:03 INFO CheckpointFileManager: Renamed temp file file:/opt/checkpoints/trips/offsets/.12.a25c989b-745e-4e7b-be6b-638089a35d00.tmp to file:/opt/checkpoints/trips/offsets/12
26/08/14 00:13:03 INFO MicroBatchExecution: Committed offsets for batch 12. Metadata OffsetSeqMetadata(1786666259707,1786666383664,Map(spark.sql.streaming.stateStore.providerClass -> org.apache.spark.sql.execution.streaming.state.HDFSBackedStateStoreProvider, spark.sql.streaming.join.stateFormatVersion -> 2, spark.sql.streaming.stateStore.compression.codec -> lz4, spark.sql.streaming.stateStore.rocksdb.formatVersion -> 5, spark.sql.streaming.statefulOperator.useStrictDistribution -> true, spark.sql.streaming.flatMapGroupsWithState.stateFormatVersion -> 2, spark.sql.streaming.multipleWatermarkPolicy -> min, spark.sql.streaming.aggregation.stateFormatVersion -> 2, spark.sql.shuffle.partitions -> 6))
26/08/14 00:13:03 INFO KafkaOffsetReaderAdmin: Partitions added: Map()
26/08/14 00:13:03 INFO KafkaOffsetReaderAdmin: Partitions added: Map()
26/08/14 00:13:03 INFO KafkaOffsetReaderAdmin: Partitions added: Map()
26/08/14 00:13:03 INFO KafkaOffsetReaderAdmin: Partitions added: Map()
2026-08-14 00:13:03,996 INFO  [stream] Received command c on object id p0
26/08/14 00:13:04 INFO BlockManagerInfo: Removed broadcast_119_piece0 on spark-driver:44031 in memory (size: 6.1 KiB, free: 191.2 MiB)
26/08/14 00:13:04 INFO BlockManagerInfo: Removed broadcast_119_piece0 on 172.26.0.12:33791 in memory (size: 6.1 KiB, free: 413.9 MiB)
26/08/14 00:13:04 INFO BlockManagerInfo: Removed broadcast_118_piece0 on spark-driver:44031 in memory (size: 24.8 KiB, free: 191.2 MiB)
26/08/14 00:13:04 INFO BlockManagerInfo: Removed broadcast_118_piece0 on 172.26.0.12:33791 in memory (size: 24.8 KiB, free: 413.9 MiB)
26/08/14 00:13:04 INFO BlockManagerInfo: Removed broadcast_118_piece0 on 172.26.0.13:37779 in memory (size: 24.8 KiB, free: 413.9 MiB)
26/08/14 00:13:04 INFO SparkContext: Starting job: count at <unknown>:0
26/08/14 00:13:04 INFO DAGScheduler: Registering RDD 783 (count at <unknown>:0) as input to shuffle 55
26/08/14 00:13:04 INFO DAGScheduler: Got job 66 (count at <unknown>:0) with 1 output partitions
26/08/14 00:13:04 INFO DAGScheduler: Final stage: ResultStage 122 (count at <unknown>:0)
26/08/14 00:13:04 INFO DAGScheduler: Parents of final stage: List(ShuffleMapStage 121)
26/08/14 00:13:04 INFO DAGScheduler: Missing parents: List(ShuffleMapStage 121)
26/08/14 00:13:04 INFO DAGScheduler: Submitting ShuffleMapStage 121 (MapPartitionsRDD[783] at count at <unknown>:0), which has no missing parents
26/08/14 00:13:04 INFO MemoryStore: Block broadcast_120 stored as values in memory (estimated size 64.6 KiB, free 191.1 MiB)
26/08/14 00:13:04 INFO MemoryStore: Block broadcast_120_piece0 stored as bytes in memory (estimated size 24.0 KiB, free 191.1 MiB)
26/08/14 00:13:04 INFO BlockManagerInfo: Added broadcast_120_piece0 in memory on spark-driver:44031 (size: 24.0 KiB, free: 191.2 MiB)
26/08/14 00:13:04 INFO SparkContext: Created broadcast 120 from broadcast at DAGScheduler.scala:1585
26/08/14 00:13:04 INFO DAGScheduler: Submitting 6 missing tasks from ShuffleMapStage 121 (MapPartitionsRDD[783] at count at <unknown>:0) (first 15 tasks are for partitions Vector(0, 1, 2, 3, 4, 5))
26/08/14 00:13:04 INFO TaskSchedulerImpl: Adding task set 121.0 with 6 tasks resource profile 0
26/08/14 00:13:04 INFO TaskSetManager: Starting task 0.0 in stage 121.0 (TID 430) (172.26.0.12, executor 0, partition 0, PROCESS_LOCAL, 9921 bytes) 
26/08/14 00:13:04 INFO TaskSetManager: Starting task 2.0 in stage 121.0 (TID 431) (172.26.0.13, executor 1, partition 2, PROCESS_LOCAL, 9921 bytes) 
26/08/14 00:13:04 INFO TaskSetManager: Starting task 1.0 in stage 121.0 (TID 432) (172.26.0.12, executor 0, partition 1, PROCESS_LOCAL, 9921 bytes) 
26/08/14 00:13:04 INFO TaskSetManager: Starting task 3.0 in stage 121.0 (TID 433) (172.26.0.13, executor 1, partition 3, PROCESS_LOCAL, 9921 bytes) 
26/08/14 00:13:04 INFO TaskSetManager: Starting task 5.0 in stage 121.0 (TID 434) (172.26.0.12, executor 0, partition 5, PROCESS_LOCAL, 9921 bytes) 
26/08/14 00:13:04 INFO TaskSetManager: Starting task 4.0 in stage 121.0 (TID 435) (172.26.0.13, executor 1, partition 4, PROCESS_LOCAL, 9921 bytes) 
26/08/14 00:13:04 INFO BlockManagerInfo: Added broadcast_120_piece0 in memory on 172.26.0.12:33791 (size: 24.0 KiB, free: 413.9 MiB)
26/08/14 00:13:04 INFO BlockManagerInfo: Added broadcast_120_piece0 in memory on 172.26.0.13:37779 (size: 24.0 KiB, free: 413.9 MiB)
26/08/14 00:13:04 INFO BlockManagerInfo: Added rdd_778_0 in memory on 172.26.0.12:33791 (size: 325.2 KiB, free: 413.6 MiB)
26/08/14 00:13:04 INFO BlockManagerInfo: Added rdd_778_1 in memory on 172.26.0.12:33791 (size: 312.3 KiB, free: 413.3 MiB)
26/08/14 00:13:04 INFO BlockManagerInfo: Added rdd_778_3 in memory on 172.26.0.13:37779 (size: 317.3 KiB, free: 413.6 MiB)
26/08/14 00:13:04 INFO BlockManagerInfo: Added rdd_778_2 in memory on 172.26.0.13:37779 (size: 315.2 KiB, free: 413.3 MiB)
26/08/14 00:13:04 INFO BlockManagerInfo: Added rdd_778_5 in memory on 172.26.0.12:33791 (size: 307.4 KiB, free: 413.0 MiB)
26/08/14 00:13:04 INFO TaskSetManager: Finished task 0.0 in stage 121.0 (TID 430) in 346 ms on 172.26.0.12 (executor 0) (1/6)
26/08/14 00:13:04 INFO TaskSetManager: Finished task 1.0 in stage 121.0 (TID 432) in 350 ms on 172.26.0.12 (executor 0) (2/6)
26/08/14 00:13:04 INFO TaskSetManager: Finished task 2.0 in stage 121.0 (TID 431) in 355 ms on 172.26.0.13 (executor 1) (3/6)
26/08/14 00:13:04 INFO BlockManagerInfo: Added rdd_778_4 in memory on 172.26.0.13:37779 (size: 300.2 KiB, free: 413.0 MiB)
26/08/14 00:13:04 INFO TaskSetManager: Finished task 5.0 in stage 121.0 (TID 434) in 356 ms on 172.26.0.12 (executor 0) (4/6)
26/08/14 00:13:04 INFO TaskSetManager: Finished task 3.0 in stage 121.0 (TID 433) in 356 ms on 172.26.0.13 (executor 1) (5/6)
26/08/14 00:13:04 INFO TaskSetManager: Finished task 4.0 in stage 121.0 (TID 435) in 365 ms on 172.26.0.13 (executor 1) (6/6)
26/08/14 00:13:04 INFO TaskSchedulerImpl: Removed TaskSet 121.0, whose tasks have all completed, from pool 
26/08/14 00:13:04 INFO DAGScheduler: ShuffleMapStage 121 (count at <unknown>:0) finished in 0.382 s
26/08/14 00:13:04 INFO DAGScheduler: looking for newly runnable stages
26/08/14 00:13:04 INFO DAGScheduler: running: Set()
26/08/14 00:13:04 INFO DAGScheduler: waiting: Set(ResultStage 122)
26/08/14 00:13:04 INFO DAGScheduler: failed: Set()
26/08/14 00:13:04 INFO DAGScheduler: Submitting ResultStage 122 (MapPartitionsRDD[786] at count at <unknown>:0), which has no missing parents
26/08/14 00:13:04 INFO MemoryStore: Block broadcast_121 stored as values in memory (estimated size 12.5 KiB, free 191.1 MiB)
26/08/14 00:13:04 INFO MemoryStore: Block broadcast_121_piece0 stored as bytes in memory (estimated size 5.9 KiB, free 191.1 MiB)
26/08/14 00:13:04 INFO BlockManagerInfo: Added broadcast_121_piece0 in memory on spark-driver:44031 (size: 5.9 KiB, free: 191.2 MiB)
26/08/14 00:13:04 INFO SparkContext: Created broadcast 121 from broadcast at DAGScheduler.scala:1585
26/08/14 00:13:04 INFO DAGScheduler: Submitting 1 missing tasks from ResultStage 122 (MapPartitionsRDD[786] at count at <unknown>:0) (first 15 tasks are for partitions Vector(0))
26/08/14 00:13:04 INFO TaskSchedulerImpl: Adding task set 122.0 with 1 tasks resource profile 0
26/08/14 00:13:04 INFO TaskSetManager: Starting task 0.0 in stage 122.0 (TID 436) (172.26.0.13, executor 1, partition 0, NODE_LOCAL, 9003 bytes) 
26/08/14 00:13:04 INFO BlockManagerInfo: Added broadcast_121_piece0 in memory on 172.26.0.13:37779 (size: 5.9 KiB, free: 413.0 MiB)
26/08/14 00:13:04 INFO MapOutputTrackerMasterEndpoint: Asked to send map output locations for shuffle 55 to 172.26.0.13:36452
26/08/14 00:13:04 INFO TaskSetManager: Finished task 0.0 in stage 122.0 (TID 436) in 27 ms on 172.26.0.13 (executor 1) (1/1)
26/08/14 00:13:04 INFO TaskSchedulerImpl: Removed TaskSet 122.0, whose tasks have all completed, from pool 
26/08/14 00:13:04 INFO DAGScheduler: ResultStage 122 (count at <unknown>:0) finished in 0.039 s
26/08/14 00:13:04 INFO DAGScheduler: Job 66 is finished. Cancelling potential speculative or zombie tasks for this job
26/08/14 00:13:04 INFO TaskSchedulerImpl: Killing all running tasks in stage 122: Stage finished
26/08/14 00:13:04 INFO DAGScheduler: Job 66 finished: count at <unknown>:0, took 0.441377 s
26/08/14 00:13:04 INFO SparkContext: Starting job: count at <unknown>:0
26/08/14 00:13:04 INFO DAGScheduler: Registering RDD 791 (count at <unknown>:0) as input to shuffle 56
26/08/14 00:13:04 INFO DAGScheduler: Got job 67 (count at <unknown>:0) with 1 output partitions
26/08/14 00:13:04 INFO DAGScheduler: Final stage: ResultStage 124 (count at <unknown>:0)
26/08/14 00:13:04 INFO DAGScheduler: Parents of final stage: List(ShuffleMapStage 123)
26/08/14 00:13:04 INFO DAGScheduler: Missing parents: List(ShuffleMapStage 123)
26/08/14 00:13:04 INFO DAGScheduler: Submitting ShuffleMapStage 123 (MapPartitionsRDD[791] at count at <unknown>:0), which has no missing parents
26/08/14 00:13:04 INFO MemoryStore: Block broadcast_122 stored as values in memory (estimated size 64.9 KiB, free 191.0 MiB)
26/08/14 00:13:05 INFO MemoryStore: Block broadcast_122_piece0 stored as bytes in memory (estimated size 24.2 KiB, free 191.0 MiB)
26/08/14 00:13:05 INFO BlockManager: Removing RDD 226
26/08/14 00:13:05 INFO BlockManagerInfo: Added broadcast_122_piece0 in memory on spark-driver:44031 (size: 24.2 KiB, free: 191.2 MiB)
26/08/14 00:13:05 INFO SparkContext: Created broadcast 122 from broadcast at DAGScheduler.scala:1585
26/08/14 00:13:05 INFO DAGScheduler: Submitting 6 missing tasks from ShuffleMapStage 123 (MapPartitionsRDD[791] at count at <unknown>:0) (first 15 tasks are for partitions Vector(0, 1, 2, 3, 4, 5))
26/08/14 00:13:05 INFO TaskSchedulerImpl: Adding task set 123.0 with 6 tasks resource profile 0
26/08/14 00:13:05 INFO TaskSetManager: Starting task 0.0 in stage 123.0 (TID 437) (172.26.0.12, executor 0, partition 0, PROCESS_LOCAL, 9921 bytes) 
26/08/14 00:13:05 INFO TaskSetManager: Starting task 2.0 in stage 123.0 (TID 438) (172.26.0.13, executor 1, partition 2, PROCESS_LOCAL, 9921 bytes) 
26/08/14 00:13:05 INFO TaskSetManager: Starting task 1.0 in stage 123.0 (TID 439) (172.26.0.12, executor 0, partition 1, PROCESS_LOCAL, 9921 bytes) 
26/08/14 00:13:05 INFO TaskSetManager: Starting task 3.0 in stage 123.0 (TID 440) (172.26.0.13, executor 1, partition 3, PROCESS_LOCAL, 9921 bytes) 
26/08/14 00:13:05 INFO TaskSetManager: Starting task 5.0 in stage 123.0 (TID 441) (172.26.0.12, executor 0, partition 5, PROCESS_LOCAL, 9921 bytes) 
26/08/14 00:13:05 INFO TaskSetManager: Starting task 4.0 in stage 123.0 (TID 442) (172.26.0.13, executor 1, partition 4, PROCESS_LOCAL, 9921 bytes) 
26/08/14 00:13:05 INFO BlockManagerInfo: Removed broadcast_121_piece0 on spark-driver:44031 in memory (size: 5.9 KiB, free: 191.2 MiB)
26/08/14 00:13:05 INFO BlockManagerInfo: Removed broadcast_121_piece0 on 172.26.0.13:37779 in memory (size: 5.9 KiB, free: 413.0 MiB)
26/08/14 00:13:05 INFO BlockManagerInfo: Removed broadcast_120_piece0 on 172.26.0.13:37779 in memory (size: 24.0 KiB, free: 413.0 MiB)
26/08/14 00:13:05 INFO BlockManagerInfo: Removed broadcast_120_piece0 on spark-driver:44031 in memory (size: 24.0 KiB, free: 191.2 MiB)
26/08/14 00:13:05 INFO BlockManagerInfo: Removed broadcast_120_piece0 on 172.26.0.12:33791 in memory (size: 24.0 KiB, free: 413.0 MiB)
26/08/14 00:13:05 INFO BlockManagerInfo: Added broadcast_122_piece0 in memory on 172.26.0.12:33791 (size: 24.2 KiB, free: 413.0 MiB)
26/08/14 00:13:05 INFO BlockManagerInfo: Added broadcast_122_piece0 in memory on 172.26.0.13:37779 (size: 24.2 KiB, free: 413.0 MiB)
26/08/14 00:13:05 INFO BlockManager: Removing RDD 9
26/08/14 00:13:05 INFO BlockManager: Removing RDD 264
26/08/14 00:13:05 INFO TaskSetManager: Finished task 2.0 in stage 123.0 (TID 438) in 34 ms on 172.26.0.13 (executor 1) (1/6)
26/08/14 00:13:05 INFO TaskSetManager: Finished task 3.0 in stage 123.0 (TID 440) in 33 ms on 172.26.0.13 (executor 1) (2/6)
26/08/14 00:13:05 INFO TaskSetManager: Finished task 4.0 in stage 123.0 (TID 442) in 36 ms on 172.26.0.13 (executor 1) (3/6)
26/08/14 00:13:05 INFO TaskSetManager: Finished task 5.0 in stage 123.0 (TID 441) in 41 ms on 172.26.0.12 (executor 0) (4/6)
26/08/14 00:13:05 INFO TaskSetManager: Finished task 1.0 in stage 123.0 (TID 439) in 42 ms on 172.26.0.12 (executor 0) (5/6)
26/08/14 00:13:05 INFO TaskSetManager: Finished task 0.0 in stage 123.0 (TID 437) in 43 ms on 172.26.0.12 (executor 0) (6/6)
26/08/14 00:13:05 INFO TaskSchedulerImpl: Removed TaskSet 123.0, whose tasks have all completed, from pool 
26/08/14 00:13:05 INFO DAGScheduler: ShuffleMapStage 123 (count at <unknown>:0) finished in 0.591 s
26/08/14 00:13:05 INFO BlockManager: Removing RDD 502
26/08/14 00:13:05 INFO DAGScheduler: looking for newly runnable stages
26/08/14 00:13:05 INFO DAGScheduler: running: Set()
26/08/14 00:13:05 INFO DAGScheduler: waiting: Set(ResultStage 124)
26/08/14 00:13:05 INFO DAGScheduler: failed: Set()
26/08/14 00:13:05 INFO DAGScheduler: Submitting ResultStage 124 (MapPartitionsRDD[794] at count at <unknown>:0), which has no missing parents
26/08/14 00:13:05 INFO MemoryStore: Block broadcast_123 stored as values in memory (estimated size 12.5 KiB, free 191.1 MiB)
26/08/14 00:13:05 INFO MemoryStore: Block broadcast_123_piece0 stored as bytes in memory (estimated size 5.9 KiB, free 191.1 MiB)
26/08/14 00:13:05 INFO BlockManagerInfo: Added broadcast_123_piece0 in memory on spark-driver:44031 (size: 5.9 KiB, free: 191.2 MiB)
26/08/14 00:13:05 INFO SparkContext: Created broadcast 123 from broadcast at DAGScheduler.scala:1585
26/08/14 00:13:05 INFO DAGScheduler: Submitting 1 missing tasks from ResultStage 124 (MapPartitionsRDD[794] at count at <unknown>:0) (first 15 tasks are for partitions Vector(0))
26/08/14 00:13:05 INFO TaskSchedulerImpl: Adding task set 124.0 with 1 tasks resource profile 0
26/08/14 00:13:05 INFO BlockManager: Removing RDD 333
26/08/14 00:13:05 INFO TaskSetManager: Starting task 0.0 in stage 124.0 (TID 443) (172.26.0.12, executor 0, partition 0, NODE_LOCAL, 9003 bytes) 
26/08/14 00:13:05 INFO BlockManager: Removing RDD 157
26/08/14 00:13:05 INFO BlockManager: Removing RDD 402
26/08/14 00:13:05 INFO BlockManagerInfo: Added broadcast_123_piece0 in memory on 172.26.0.12:33791 (size: 5.9 KiB, free: 413.0 MiB)
26/08/14 00:13:05 INFO BlockManager: Removing RDD 195
26/08/14 00:13:05 INFO MapOutputTrackerMasterEndpoint: Asked to send map output locations for shuffle 56 to 172.26.0.12:37282
26/08/14 00:13:05 INFO BlockManager: Removing RDD 471
26/08/14 00:13:05 INFO BlockManager: Removing RDD 364
26/08/14 00:13:05 INFO BlockManager: Removing RDD 126
26/08/14 00:13:05 INFO BlockManager: Removing RDD 571
26/08/14 00:13:05 INFO TaskSetManager: Finished task 0.0 in stage 124.0 (TID 443) in 33 ms on 172.26.0.12 (executor 0) (1/1)
26/08/14 00:13:05 INFO TaskSchedulerImpl: Removed TaskSet 124.0, whose tasks have all completed, from pool 
26/08/14 00:13:05 INFO BlockManager: Removing RDD 57
26/08/14 00:13:05 INFO DAGScheduler: ResultStage 124 (count at <unknown>:0) finished in 0.039 s
26/08/14 00:13:05 INFO DAGScheduler: Job 67 is finished. Cancelling potential speculative or zombie tasks for this job
26/08/14 00:13:05 INFO TaskSchedulerImpl: Killing all running tasks in stage 124: Stage finished
26/08/14 00:13:05 INFO DAGScheduler: Job 67 finished: count at <unknown>:0, took 0.635105 s
26/08/14 00:13:05 INFO BlockManager: Removing RDD 540
26/08/14 00:13:05 INFO BlockManager: Removing RDD 609
26/08/14 00:13:05 INFO CodeGenerator: Code generated in 12.02825 ms
26/08/14 00:13:05 INFO DefaultCachedBatchSerializer: Predicate isnotnull(event_time#89-T120000ms) generates partition filter: ((event_time.count#38903 - event_time.nullCount#38902) > 0)
26/08/14 00:13:05 INFO DefaultCachedBatchSerializer: Predicate (event_time#89-T120000ms < 2026-08-14 00:10:59.707) generates partition filter: (event_time.lowerBound#38901 < 2026-08-14 00:10:59.707)
26/08/14 00:13:05 INFO SparkContext: Starting job: count at <unknown>:0
26/08/14 00:13:05 INFO DAGScheduler: Registering RDD 799 (count at <unknown>:0) as input to shuffle 57
26/08/14 00:13:05 INFO DAGScheduler: Got job 68 (count at <unknown>:0) with 1 output partitions
26/08/14 00:13:05 INFO DAGScheduler: Final stage: ResultStage 126 (count at <unknown>:0)
26/08/14 00:13:05 INFO DAGScheduler: Parents of final stage: List(ShuffleMapStage 125)
26/08/14 00:13:05 INFO DAGScheduler: Missing parents: List(ShuffleMapStage 125)
26/08/14 00:13:05 INFO DAGScheduler: Submitting ShuffleMapStage 125 (MapPartitionsRDD[799] at count at <unknown>:0), which has no missing parents
26/08/14 00:13:05 INFO MemoryStore: Block broadcast_124 stored as values in memory (estimated size 67.2 KiB, free 191.0 MiB)
26/08/14 00:13:05 INFO MemoryStore: Block broadcast_124_piece0 stored as bytes in memory (estimated size 25.6 KiB, free 191.0 MiB)
26/08/14 00:13:05 INFO BlockManagerInfo: Added broadcast_124_piece0 in memory on spark-driver:44031 (size: 25.6 KiB, free: 191.2 MiB)
26/08/14 00:13:05 INFO SparkContext: Created broadcast 124 from broadcast at DAGScheduler.scala:1585
26/08/14 00:13:05 INFO DAGScheduler: Submitting 6 missing tasks from ShuffleMapStage 125 (MapPartitionsRDD[799] at count at <unknown>:0) (first 15 tasks are for partitions Vector(0, 1, 2, 3, 4, 5))
26/08/14 00:13:05 INFO TaskSchedulerImpl: Adding task set 125.0 with 6 tasks resource profile 0
26/08/14 00:13:05 INFO TaskSetManager: Starting task 0.0 in stage 125.0 (TID 444) (172.26.0.12, executor 0, partition 0, PROCESS_LOCAL, 9921 bytes) 
26/08/14 00:13:05 INFO TaskSetManager: Starting task 2.0 in stage 125.0 (TID 445) (172.26.0.13, executor 1, partition 2, PROCESS_LOCAL, 9921 bytes) 
26/08/14 00:13:05 INFO TaskSetManager: Starting task 1.0 in stage 125.0 (TID 446) (172.26.0.12, executor 0, partition 1, PROCESS_LOCAL, 9921 bytes) 
26/08/14 00:13:05 INFO TaskSetManager: Starting task 3.0 in stage 125.0 (TID 447) (172.26.0.13, executor 1, partition 3, PROCESS_LOCAL, 9921 bytes) 
26/08/14 00:13:05 INFO TaskSetManager: Starting task 5.0 in stage 125.0 (TID 448) (172.26.0.12, executor 0, partition 5, PROCESS_LOCAL, 9921 bytes) 
26/08/14 00:13:05 INFO TaskSetManager: Starting task 4.0 in stage 125.0 (TID 449) (172.26.0.13, executor 1, partition 4, PROCESS_LOCAL, 9921 bytes) 
26/08/14 00:13:05 INFO BlockManagerInfo: Added broadcast_124_piece0 in memory on 172.26.0.12:33791 (size: 25.6 KiB, free: 412.9 MiB)
26/08/14 00:13:05 INFO BlockManagerInfo: Added broadcast_124_piece0 in memory on 172.26.0.13:37779 (size: 25.6 KiB, free: 413.0 MiB)
26/08/14 00:13:05 INFO TaskSetManager: Finished task 0.0 in stage 125.0 (TID 444) in 38 ms on 172.26.0.12 (executor 0) (1/6)
26/08/14 00:13:05 INFO TaskSetManager: Finished task 1.0 in stage 125.0 (TID 446) in 38 ms on 172.26.0.12 (executor 0) (2/6)
26/08/14 00:13:05 INFO TaskSetManager: Finished task 5.0 in stage 125.0 (TID 448) in 38 ms on 172.26.0.12 (executor 0) (3/6)
26/08/14 00:13:05 INFO TaskSetManager: Finished task 2.0 in stage 125.0 (TID 445) in 39 ms on 172.26.0.13 (executor 1) (4/6)
26/08/14 00:13:05 INFO TaskSetManager: Finished task 3.0 in stage 125.0 (TID 447) in 39 ms on 172.26.0.13 (executor 1) (5/6)
26/08/14 00:13:05 INFO TaskSetManager: Finished task 4.0 in stage 125.0 (TID 449) in 39 ms on 172.26.0.13 (executor 1) (6/6)
26/08/14 00:13:05 INFO TaskSchedulerImpl: Removed TaskSet 125.0, whose tasks have all completed, from pool 
26/08/14 00:13:05 INFO DAGScheduler: ShuffleMapStage 125 (count at <unknown>:0) finished in 0.045 s
26/08/14 00:13:05 INFO DAGScheduler: looking for newly runnable stages
26/08/14 00:13:05 INFO DAGScheduler: running: Set()
26/08/14 00:13:05 INFO DAGScheduler: waiting: Set(ResultStage 126)
26/08/14 00:13:05 INFO DAGScheduler: failed: Set()
26/08/14 00:13:05 INFO DAGScheduler: Submitting ResultStage 126 (MapPartitionsRDD[802] at count at <unknown>:0), which has no missing parents
26/08/14 00:13:05 INFO MemoryStore: Block broadcast_125 stored as values in memory (estimated size 12.5 KiB, free 191.0 MiB)
26/08/14 00:13:05 INFO MemoryStore: Block broadcast_125_piece0 stored as bytes in memory (estimated size 5.9 KiB, free 191.0 MiB)
26/08/14 00:13:05 INFO BlockManagerInfo: Added broadcast_125_piece0 in memory on spark-driver:44031 (size: 5.9 KiB, free: 191.2 MiB)
26/08/14 00:13:05 INFO SparkContext: Created broadcast 125 from broadcast at DAGScheduler.scala:1585
26/08/14 00:13:05 INFO DAGScheduler: Submitting 1 missing tasks from ResultStage 126 (MapPartitionsRDD[802] at count at <unknown>:0) (first 15 tasks are for partitions Vector(0))
26/08/14 00:13:05 INFO TaskSchedulerImpl: Adding task set 126.0 with 1 tasks resource profile 0
26/08/14 00:13:05 INFO TaskSetManager: Starting task 0.0 in stage 126.0 (TID 450) (172.26.0.12, executor 0, partition 0, NODE_LOCAL, 9003 bytes) 
26/08/14 00:13:05 INFO BlockManagerInfo: Added broadcast_125_piece0 in memory on 172.26.0.12:33791 (size: 5.9 KiB, free: 412.9 MiB)
26/08/14 00:13:05 INFO MapOutputTrackerMasterEndpoint: Asked to send map output locations for shuffle 57 to 172.26.0.12:37282
26/08/14 00:13:05 INFO TaskSetManager: Finished task 0.0 in stage 126.0 (TID 450) in 20 ms on 172.26.0.12 (executor 0) (1/1)
26/08/14 00:13:05 INFO TaskSchedulerImpl: Removed TaskSet 126.0, whose tasks have all completed, from pool 
26/08/14 00:13:05 INFO DAGScheduler: ResultStage 126 (count at <unknown>:0) finished in 0.024 s
26/08/14 00:13:05 INFO DAGScheduler: Job 68 is finished. Cancelling potential speculative or zombie tasks for this job
26/08/14 00:13:05 INFO TaskSchedulerImpl: Killing all running tasks in stage 126: Stage finished
26/08/14 00:13:05 INFO DAGScheduler: Job 68 finished: count at <unknown>:0, took 0.072070 s
26/08/14 00:13:05 INFO BlockManagerInfo: Removed broadcast_125_piece0 on spark-driver:44031 in memory (size: 5.9 KiB, free: 191.2 MiB)
26/08/14 00:13:05 INFO BlockManagerInfo: Removed broadcast_125_piece0 on 172.26.0.12:33791 in memory (size: 5.9 KiB, free: 412.9 MiB)
26/08/14 00:13:05 INFO BlockManagerInfo: Removed broadcast_123_piece0 on spark-driver:44031 in memory (size: 5.9 KiB, free: 191.2 MiB)
26/08/14 00:13:05 INFO BlockManagerInfo: Removed broadcast_123_piece0 on 172.26.0.12:33791 in memory (size: 5.9 KiB, free: 413.0 MiB)
26/08/14 00:13:05 INFO BlockManagerInfo: Removed broadcast_124_piece0 on spark-driver:44031 in memory (size: 25.6 KiB, free: 191.2 MiB)
26/08/14 00:13:05 INFO BlockManagerInfo: Removed broadcast_124_piece0 on 172.26.0.12:33791 in memory (size: 25.6 KiB, free: 413.0 MiB)
26/08/14 00:13:05 INFO BlockManagerInfo: Removed broadcast_124_piece0 on 172.26.0.13:37779 in memory (size: 25.6 KiB, free: 413.0 MiB)
26/08/14 00:13:05 INFO DefaultCachedBatchSerializer: Predicate isnotnull(kind#39460) generates partition filter: ((kind.count#39529 - kind.nullCount#39528) > 0)
26/08/14 00:13:05 INFO DefaultCachedBatchSerializer: Predicate (kind#39460 = stats) generates partition filter: ((kind.lowerBound#39527 <= stats) AND (stats <= kind.upperBound#39526))
26/08/14 00:13:05 INFO SparkContext: Starting job: call at /opt/spark/python/lib/py4j-0.10.9.7-src.zip/py4j/clientserver.py:617
26/08/14 00:13:05 INFO DAGScheduler: Got job 69 (call at /opt/spark/python/lib/py4j-0.10.9.7-src.zip/py4j/clientserver.py:617) with 6 output partitions
26/08/14 00:13:05 INFO DAGScheduler: Final stage: ResultStage 127 (call at /opt/spark/python/lib/py4j-0.10.9.7-src.zip/py4j/clientserver.py:617)
26/08/14 00:13:05 INFO DAGScheduler: Parents of final stage: List()
26/08/14 00:13:05 INFO DAGScheduler: Missing parents: List()
26/08/14 00:13:05 INFO DAGScheduler: Submitting ResultStage 127 (MapPartitionsRDD[821] at call at /opt/spark/python/lib/py4j-0.10.9.7-src.zip/py4j/clientserver.py:617), which has no missing parents
26/08/14 00:13:05 INFO MemoryStore: Block broadcast_126 stored as values in memory (estimated size 90.0 KiB, free 191.0 MiB)
26/08/14 00:13:05 INFO MemoryStore: Block broadcast_126_piece0 stored as bytes in memory (estimated size 34.0 KiB, free 191.0 MiB)
26/08/14 00:13:05 INFO BlockManagerInfo: Added broadcast_126_piece0 in memory on spark-driver:44031 (size: 34.0 KiB, free: 191.2 MiB)
26/08/14 00:13:05 INFO SparkContext: Created broadcast 126 from broadcast at DAGScheduler.scala:1585
26/08/14 00:13:05 INFO DAGScheduler: Submitting 6 missing tasks from ResultStage 127 (MapPartitionsRDD[821] at call at /opt/spark/python/lib/py4j-0.10.9.7-src.zip/py4j/clientserver.py:617) (first 15 tasks are for partitions Vector(0, 1, 2, 3, 4, 5))
26/08/14 00:13:05 INFO TaskSchedulerImpl: Adding task set 127.0 with 6 tasks resource profile 0
26/08/14 00:13:05 INFO TaskSetManager: Starting task 2.0 in stage 127.0 (TID 451) (172.26.0.13, executor 1, partition 2, PROCESS_LOCAL, 9932 bytes) 
26/08/14 00:13:05 INFO TaskSetManager: Starting task 0.0 in stage 127.0 (TID 452) (172.26.0.12, executor 0, partition 0, PROCESS_LOCAL, 9932 bytes) 
26/08/14 00:13:05 INFO TaskSetManager: Starting task 3.0 in stage 127.0 (TID 453) (172.26.0.13, executor 1, partition 3, PROCESS_LOCAL, 9932 bytes) 
26/08/14 00:13:05 INFO TaskSetManager: Starting task 1.0 in stage 127.0 (TID 454) (172.26.0.12, executor 0, partition 1, PROCESS_LOCAL, 9932 bytes) 
26/08/14 00:13:05 INFO TaskSetManager: Starting task 4.0 in stage 127.0 (TID 455) (172.26.0.13, executor 1, partition 4, PROCESS_LOCAL, 9932 bytes) 
26/08/14 00:13:05 INFO TaskSetManager: Starting task 5.0 in stage 127.0 (TID 456) (172.26.0.12, executor 0, partition 5, PROCESS_LOCAL, 9932 bytes) 
26/08/14 00:13:05 INFO BlockManagerInfo: Added broadcast_126_piece0 in memory on 172.26.0.13:37779 (size: 34.0 KiB, free: 413.0 MiB)
26/08/14 00:13:05 INFO BlockManagerInfo: Added broadcast_126_piece0 in memory on 172.26.0.12:33791 (size: 34.0 KiB, free: 412.9 MiB)
26/08/14 00:13:06 INFO BlockManagerInfo: Added rdd_816_5 in memory on 172.26.0.12:33791 (size: 1808.0 B, free: 412.9 MiB)
26/08/14 00:13:06 INFO BlockManagerInfo: Added rdd_816_1 in memory on 172.26.0.12:33791 (size: 1808.0 B, free: 412.9 MiB)
26/08/14 00:13:06 INFO BlockManagerInfo: Added rdd_816_0 in memory on 172.26.0.12:33791 (size: 1808.0 B, free: 412.9 MiB)
26/08/14 00:13:06 INFO TaskSetManager: Finished task 0.0 in stage 127.0 (TID 452) in 1223 ms on 172.26.0.12 (executor 0) (1/6)
26/08/14 00:13:06 INFO TaskSetManager: Finished task 5.0 in stage 127.0 (TID 456) in 1239 ms on 172.26.0.12 (executor 0) (2/6)
26/08/14 00:13:06 INFO TaskSetManager: Finished task 1.0 in stage 127.0 (TID 454) in 1239 ms on 172.26.0.12 (executor 0) (3/6)
26/08/14 00:13:07 INFO BlockManagerInfo: Added rdd_816_4 in memory on 172.26.0.13:37779 (size: 1808.0 B, free: 413.0 MiB)
26/08/14 00:13:07 INFO BlockManagerInfo: Added rdd_816_2 in memory on 172.26.0.13:37779 (size: 1808.0 B, free: 413.0 MiB)
26/08/14 00:13:07 INFO BlockManagerInfo: Added rdd_816_3 in memory on 172.26.0.13:37779 (size: 1808.0 B, free: 413.0 MiB)
26/08/14 00:13:07 INFO TaskSetManager: Finished task 2.0 in stage 127.0 (TID 451) in 2194 ms on 172.26.0.13 (executor 1) (4/6)
26/08/14 00:13:07 INFO TaskSetManager: Finished task 4.0 in stage 127.0 (TID 455) in 2195 ms on 172.26.0.13 (executor 1) (5/6)
26/08/14 00:13:07 INFO TaskSetManager: Finished task 3.0 in stage 127.0 (TID 453) in 2200 ms on 172.26.0.13 (executor 1) (6/6)
26/08/14 00:13:07 INFO TaskSchedulerImpl: Removed TaskSet 127.0, whose tasks have all completed, from pool 
26/08/14 00:13:07 INFO DAGScheduler: ResultStage 127 (call at /opt/spark/python/lib/py4j-0.10.9.7-src.zip/py4j/clientserver.py:617) finished in 2.211 s
26/08/14 00:13:07 INFO DAGScheduler: Job 69 is finished. Cancelling potential speculative or zombie tasks for this job
26/08/14 00:13:07 INFO TaskSchedulerImpl: Killing all running tasks in stage 127: Stage finished
26/08/14 00:13:07 INFO DAGScheduler: Job 69 finished: call at /opt/spark/python/lib/py4j-0.10.9.7-src.zip/py4j/clientserver.py:617, took 2.223923 s
26/08/14 00:13:08 INFO DefaultCachedBatchSerializer: Predicate isnotnull(kind#39460) generates partition filter: ((kind.count#39612 - kind.nullCount#39611) > 0)
26/08/14 00:13:08 INFO DefaultCachedBatchSerializer: Predicate (kind#39460 = dlq) generates partition filter: ((kind.lowerBound#39610 <= dlq) AND (dlq <= kind.upperBound#39609))
26/08/14 00:13:08 INFO SparkContext: Starting job: count at <unknown>:0
26/08/14 00:13:08 INFO DAGScheduler: Registering RDD 826 (count at <unknown>:0) as input to shuffle 58
26/08/14 00:13:08 INFO DAGScheduler: Got job 70 (count at <unknown>:0) with 1 output partitions
26/08/14 00:13:08 INFO DAGScheduler: Final stage: ResultStage 129 (count at <unknown>:0)
26/08/14 00:13:08 INFO DAGScheduler: Parents of final stage: List(ShuffleMapStage 128)
26/08/14 00:13:08 INFO DAGScheduler: Missing parents: List(ShuffleMapStage 128)
26/08/14 00:13:08 INFO DAGScheduler: Submitting ShuffleMapStage 128 (MapPartitionsRDD[826] at count at <unknown>:0), which has no missing parents
26/08/14 00:13:08 INFO MemoryStore: Block broadcast_127 stored as values in memory (estimated size 92.2 KiB, free 190.9 MiB)
26/08/14 00:13:08 INFO MemoryStore: Block broadcast_127_piece0 stored as bytes in memory (estimated size 35.3 KiB, free 190.9 MiB)
26/08/14 00:13:08 INFO BlockManagerInfo: Added broadcast_127_piece0 in memory on spark-driver:44031 (size: 35.3 KiB, free: 191.1 MiB)
26/08/14 00:13:08 INFO SparkContext: Created broadcast 127 from broadcast at DAGScheduler.scala:1585
26/08/14 00:13:08 INFO DAGScheduler: Submitting 6 missing tasks from ShuffleMapStage 128 (MapPartitionsRDD[826] at count at <unknown>:0) (first 15 tasks are for partitions Vector(0, 1, 2, 3, 4, 5))
26/08/14 00:13:08 INFO TaskSchedulerImpl: Adding task set 128.0 with 6 tasks resource profile 0
26/08/14 00:13:08 INFO TaskSetManager: Starting task 2.0 in stage 128.0 (TID 457) (172.26.0.13, executor 1, partition 2, PROCESS_LOCAL, 9921 bytes) 
26/08/14 00:13:08 INFO TaskSetManager: Starting task 0.0 in stage 128.0 (TID 458) (172.26.0.12, executor 0, partition 0, PROCESS_LOCAL, 9921 bytes) 
26/08/14 00:13:08 INFO TaskSetManager: Starting task 3.0 in stage 128.0 (TID 459) (172.26.0.13, executor 1, partition 3, PROCESS_LOCAL, 9921 bytes) 
26/08/14 00:13:08 INFO TaskSetManager: Starting task 1.0 in stage 128.0 (TID 460) (172.26.0.12, executor 0, partition 1, PROCESS_LOCAL, 9921 bytes) 
26/08/14 00:13:08 INFO TaskSetManager: Starting task 4.0 in stage 128.0 (TID 461) (172.26.0.13, executor 1, partition 4, PROCESS_LOCAL, 9921 bytes) 
26/08/14 00:13:08 INFO TaskSetManager: Starting task 5.0 in stage 128.0 (TID 462) (172.26.0.12, executor 0, partition 5, PROCESS_LOCAL, 9921 bytes) 
26/08/14 00:13:08 INFO BlockManagerInfo: Added broadcast_127_piece0 in memory on 172.26.0.12:33791 (size: 35.3 KiB, free: 412.9 MiB)
26/08/14 00:13:08 INFO BlockManagerInfo: Added broadcast_127_piece0 in memory on 172.26.0.13:37779 (size: 35.3 KiB, free: 412.9 MiB)
26/08/14 00:13:08 INFO TaskSetManager: Finished task 3.0 in stage 128.0 (TID 459) in 248 ms on 172.26.0.13 (executor 1) (1/6)
26/08/14 00:13:08 INFO TaskSetManager: Finished task 4.0 in stage 128.0 (TID 461) in 247 ms on 172.26.0.13 (executor 1) (2/6)
26/08/14 00:13:08 INFO TaskSetManager: Finished task 2.0 in stage 128.0 (TID 457) in 252 ms on 172.26.0.13 (executor 1) (3/6)
26/08/14 00:13:08 INFO TaskSetManager: Finished task 0.0 in stage 128.0 (TID 458) in 275 ms on 172.26.0.12 (executor 0) (4/6)
26/08/14 00:13:08 INFO TaskSetManager: Finished task 5.0 in stage 128.0 (TID 462) in 278 ms on 172.26.0.12 (executor 0) (5/6)
26/08/14 00:13:08 INFO TaskSetManager: Finished task 1.0 in stage 128.0 (TID 460) in 286 ms on 172.26.0.12 (executor 0) (6/6)
26/08/14 00:13:08 INFO TaskSchedulerImpl: Removed TaskSet 128.0, whose tasks have all completed, from pool 
26/08/14 00:13:08 INFO DAGScheduler: ShuffleMapStage 128 (count at <unknown>:0) finished in 0.330 s
26/08/14 00:13:08 INFO DAGScheduler: looking for newly runnable stages
26/08/14 00:13:08 INFO DAGScheduler: running: Set()
26/08/14 00:13:08 INFO DAGScheduler: waiting: Set(ResultStage 129)
26/08/14 00:13:08 INFO DAGScheduler: failed: Set()
26/08/14 00:13:08 INFO DAGScheduler: Submitting ResultStage 129 (MapPartitionsRDD[829] at count at <unknown>:0), which has no missing parents
26/08/14 00:13:08 INFO MemoryStore: Block broadcast_128 stored as values in memory (estimated size 12.5 KiB, free 190.9 MiB)
26/08/14 00:13:08 INFO MemoryStore: Block broadcast_128_piece0 stored as bytes in memory (estimated size 5.9 KiB, free 190.9 MiB)
26/08/14 00:13:08 INFO BlockManagerInfo: Added broadcast_128_piece0 in memory on spark-driver:44031 (size: 5.9 KiB, free: 191.1 MiB)
26/08/14 00:13:08 INFO SparkContext: Created broadcast 128 from broadcast at DAGScheduler.scala:1585
26/08/14 00:13:08 INFO DAGScheduler: Submitting 1 missing tasks from ResultStage 129 (MapPartitionsRDD[829] at count at <unknown>:0) (first 15 tasks are for partitions Vector(0))
26/08/14 00:13:08 INFO TaskSchedulerImpl: Adding task set 129.0 with 1 tasks resource profile 0
26/08/14 00:13:08 INFO TaskSetManager: Starting task 0.0 in stage 129.0 (TID 463) (172.26.0.12, executor 0, partition 0, NODE_LOCAL, 9003 bytes) 
26/08/14 00:13:08 INFO BlockManagerInfo: Added broadcast_128_piece0 in memory on 172.26.0.12:33791 (size: 5.9 KiB, free: 412.9 MiB)
26/08/14 00:13:08 INFO MapOutputTrackerMasterEndpoint: Asked to send map output locations for shuffle 58 to 172.26.0.12:37282
26/08/14 00:13:08 INFO TaskSetManager: Finished task 0.0 in stage 129.0 (TID 463) in 50 ms on 172.26.0.12 (executor 0) (1/1)
26/08/14 00:13:08 INFO TaskSchedulerImpl: Removed TaskSet 129.0, whose tasks have all completed, from pool 
26/08/14 00:13:08 INFO DAGScheduler: ResultStage 129 (count at <unknown>:0) finished in 0.069 s
26/08/14 00:13:08 INFO DAGScheduler: Job 70 is finished. Cancelling potential speculative or zombie tasks for this job
26/08/14 00:13:08 INFO TaskSchedulerImpl: Killing all running tasks in stage 129: Stage finished
26/08/14 00:13:08 INFO DAGScheduler: Job 70 finished: count at <unknown>:0, took 0.431076 s
26/08/14 00:13:08 INFO MapPartitionsRDD: Removing RDD 816 from persistence list
26/08/14 00:13:08 INFO BlockManager: Removing RDD 816
26/08/14 00:13:08 INFO BlockManagerInfo: Removed broadcast_126_piece0 on spark-driver:44031 in memory (size: 34.0 KiB, free: 191.1 MiB)
26/08/14 00:13:08 INFO BlockManagerInfo: Removed broadcast_126_piece0 on 172.26.0.13:37779 in memory (size: 34.0 KiB, free: 413.0 MiB)
26/08/14 00:13:08 INFO BlockManagerInfo: Removed broadcast_126_piece0 on 172.26.0.12:33791 in memory (size: 34.0 KiB, free: 412.9 MiB)
26/08/14 00:13:08 INFO BlockManagerInfo: Removed broadcast_128_piece0 on spark-driver:44031 in memory (size: 5.9 KiB, free: 191.2 MiB)
26/08/14 00:13:08 INFO BlockManagerInfo: Removed broadcast_128_piece0 on 172.26.0.12:33791 in memory (size: 5.9 KiB, free: 412.9 MiB)
26/08/14 00:13:08 INFO BlockManagerInfo: Removed broadcast_127_piece0 on 172.26.0.13:37779 in memory (size: 35.3 KiB, free: 413.0 MiB)
26/08/14 00:13:08 INFO BlockManagerInfo: Removed broadcast_127_piece0 on spark-driver:44031 in memory (size: 35.3 KiB, free: 191.2 MiB)
26/08/14 00:13:08 INFO BlockManagerInfo: Removed broadcast_127_piece0 on 172.26.0.12:33791 in memory (size: 35.3 KiB, free: 413.0 MiB)
26/08/14 00:13:08 INFO SparkContext: Starting job: call at /opt/spark/python/lib/py4j-0.10.9.7-src.zip/py4j/clientserver.py:617
26/08/14 00:13:08 INFO DAGScheduler: Registering RDD 834 (call at /opt/spark/python/lib/py4j-0.10.9.7-src.zip/py4j/clientserver.py:617) as input to shuffle 59
26/08/14 00:13:08 INFO DAGScheduler: Got job 71 (call at /opt/spark/python/lib/py4j-0.10.9.7-src.zip/py4j/clientserver.py:617) with 1 output partitions
26/08/14 00:13:08 INFO DAGScheduler: Final stage: ResultStage 131 (call at /opt/spark/python/lib/py4j-0.10.9.7-src.zip/py4j/clientserver.py:617)
26/08/14 00:13:08 INFO DAGScheduler: Parents of final stage: List(ShuffleMapStage 130)
26/08/14 00:13:08 INFO DAGScheduler: Missing parents: List(ShuffleMapStage 130)
26/08/14 00:13:08 INFO DAGScheduler: Submitting ShuffleMapStage 130 (MapPartitionsRDD[834] at call at /opt/spark/python/lib/py4j-0.10.9.7-src.zip/py4j/clientserver.py:617), which has no missing parents
26/08/14 00:13:08 INFO MemoryStore: Block broadcast_129 stored as values in memory (estimated size 66.2 KiB, free 191.1 MiB)
26/08/14 00:13:08 INFO MemoryStore: Block broadcast_129_piece0 stored as bytes in memory (estimated size 24.8 KiB, free 191.0 MiB)
26/08/14 00:13:08 INFO BlockManagerInfo: Added broadcast_129_piece0 in memory on spark-driver:44031 (size: 24.8 KiB, free: 191.2 MiB)
26/08/14 00:13:08 INFO SparkContext: Created broadcast 129 from broadcast at DAGScheduler.scala:1585
26/08/14 00:13:08 INFO DAGScheduler: Submitting 6 missing tasks from ShuffleMapStage 130 (MapPartitionsRDD[834] at call at /opt/spark/python/lib/py4j-0.10.9.7-src.zip/py4j/clientserver.py:617) (first 15 tasks are for partitions Vector(0, 1, 2, 3, 4, 5))
26/08/14 00:13:08 INFO TaskSchedulerImpl: Adding task set 130.0 with 6 tasks resource profile 0
26/08/14 00:13:08 INFO TaskSetManager: Starting task 2.0 in stage 130.0 (TID 464) (172.26.0.13, executor 1, partition 2, PROCESS_LOCAL, 9921 bytes) 
26/08/14 00:13:08 INFO TaskSetManager: Starting task 0.0 in stage 130.0 (TID 465) (172.26.0.12, executor 0, partition 0, PROCESS_LOCAL, 9921 bytes) 
26/08/14 00:13:08 INFO TaskSetManager: Starting task 3.0 in stage 130.0 (TID 466) (172.26.0.13, executor 1, partition 3, PROCESS_LOCAL, 9921 bytes) 
26/08/14 00:13:08 INFO TaskSetManager: Starting task 1.0 in stage 130.0 (TID 467) (172.26.0.12, executor 0, partition 1, PROCESS_LOCAL, 9921 bytes) 
26/08/14 00:13:08 INFO TaskSetManager: Starting task 4.0 in stage 130.0 (TID 468) (172.26.0.13, executor 1, partition 4, PROCESS_LOCAL, 9921 bytes) 
26/08/14 00:13:08 INFO TaskSetManager: Starting task 5.0 in stage 130.0 (TID 469) (172.26.0.12, executor 0, partition 5, PROCESS_LOCAL, 9921 bytes) 
26/08/14 00:13:08 INFO BlockManagerInfo: Added broadcast_129_piece0 in memory on 172.26.0.12:33791 (size: 24.8 KiB, free: 413.0 MiB)
26/08/14 00:13:08 INFO BlockManagerInfo: Added broadcast_129_piece0 in memory on 172.26.0.13:37779 (size: 24.8 KiB, free: 413.0 MiB)
26/08/14 00:13:08 INFO TaskSetManager: Finished task 5.0 in stage 130.0 (TID 469) in 51 ms on 172.26.0.12 (executor 0) (1/6)
26/08/14 00:13:08 INFO TaskSetManager: Finished task 0.0 in stage 130.0 (TID 465) in 56 ms on 172.26.0.12 (executor 0) (2/6)
26/08/14 00:13:08 INFO TaskSetManager: Finished task 1.0 in stage 130.0 (TID 467) in 56 ms on 172.26.0.12 (executor 0) (3/6)
26/08/14 00:13:08 INFO TaskSetManager: Finished task 3.0 in stage 130.0 (TID 466) in 75 ms on 172.26.0.13 (executor 1) (4/6)
26/08/14 00:13:08 INFO TaskSetManager: Finished task 2.0 in stage 130.0 (TID 464) in 77 ms on 172.26.0.13 (executor 1) (5/6)
26/08/14 00:13:08 INFO TaskSetManager: Finished task 4.0 in stage 130.0 (TID 468) in 79 ms on 172.26.0.13 (executor 1) (6/6)
26/08/14 00:13:08 INFO TaskSchedulerImpl: Removed TaskSet 130.0, whose tasks have all completed, from pool 
26/08/14 00:13:08 INFO DAGScheduler: ShuffleMapStage 130 (call at /opt/spark/python/lib/py4j-0.10.9.7-src.zip/py4j/clientserver.py:617) finished in 0.095 s
26/08/14 00:13:08 INFO DAGScheduler: looking for newly runnable stages
26/08/14 00:13:08 INFO DAGScheduler: running: Set()
26/08/14 00:13:08 INFO DAGScheduler: waiting: Set(ResultStage 131)
26/08/14 00:13:08 INFO DAGScheduler: failed: Set()
26/08/14 00:13:08 INFO DAGScheduler: Submitting ResultStage 131 (MapPartitionsRDD[837] at call at /opt/spark/python/lib/py4j-0.10.9.7-src.zip/py4j/clientserver.py:617), which has no missing parents
26/08/14 00:13:08 INFO MemoryStore: Block broadcast_130 stored as values in memory (estimated size 13.1 KiB, free 191.0 MiB)
26/08/14 00:13:08 INFO MemoryStore: Block broadcast_130_piece0 stored as bytes in memory (estimated size 6.1 KiB, free 191.0 MiB)
26/08/14 00:13:08 INFO BlockManagerInfo: Added broadcast_130_piece0 in memory on spark-driver:44031 (size: 6.1 KiB, free: 191.2 MiB)
26/08/14 00:13:08 INFO SparkContext: Created broadcast 130 from broadcast at DAGScheduler.scala:1585
26/08/14 00:13:08 INFO DAGScheduler: Submitting 1 missing tasks from ResultStage 131 (MapPartitionsRDD[837] at call at /opt/spark/python/lib/py4j-0.10.9.7-src.zip/py4j/clientserver.py:617) (first 15 tasks are for partitions Vector(0))
26/08/14 00:13:08 INFO TaskSchedulerImpl: Adding task set 131.0 with 1 tasks resource profile 0
26/08/14 00:13:08 INFO TaskSetManager: Starting task 0.0 in stage 131.0 (TID 470) (172.26.0.12, executor 0, partition 0, NODE_LOCAL, 9003 bytes) 
26/08/14 00:13:08 INFO BlockManagerInfo: Added broadcast_130_piece0 in memory on 172.26.0.12:33791 (size: 6.1 KiB, free: 412.9 MiB)
26/08/14 00:13:08 INFO MapOutputTrackerMasterEndpoint: Asked to send map output locations for shuffle 59 to 172.26.0.12:37282
26/08/14 00:13:08 INFO TaskSetManager: Finished task 0.0 in stage 131.0 (TID 470) in 41 ms on 172.26.0.12 (executor 0) (1/1)
26/08/14 00:13:08 INFO TaskSchedulerImpl: Removed TaskSet 131.0, whose tasks have all completed, from pool 
26/08/14 00:13:08 INFO DAGScheduler: ResultStage 131 (call at /opt/spark/python/lib/py4j-0.10.9.7-src.zip/py4j/clientserver.py:617) finished in 0.052 s
26/08/14 00:13:08 INFO DAGScheduler: Job 71 is finished. Cancelling potential speculative or zombie tasks for this job
26/08/14 00:13:08 INFO TaskSchedulerImpl: Killing all running tasks in stage 131: Stage finished
26/08/14 00:13:08 INFO DAGScheduler: Job 71 finished: call at /opt/spark/python/lib/py4j-0.10.9.7-src.zip/py4j/clientserver.py:617, took 0.152506 s
26/08/14 00:13:08 INFO MapPartitionsRDD: Removing RDD 778 from persistence list
26/08/14 00:13:08 INFO BlockManager: Removing RDD 778
26/08/14 00:13:08 INFO WatermarkTracker: Updating event-time watermark from 1786666259707 to 1786666263535 ms
26/08/14 00:13:08 INFO CheckpointFileManager: Writing atomically to file:/opt/checkpoints/trips/commits/12 using temp file file:/opt/checkpoints/trips/commits/.12.08c8e5fa-c714-4933-b2af-b9f9c25374c7.tmp
26/08/14 00:13:08 INFO CheckpointFileManager: Renamed temp file file:/opt/checkpoints/trips/commits/.12.08c8e5fa-c714-4933-b2af-b9f9c25374c7.tmp to file:/opt/checkpoints/trips/commits/12
26/08/14 00:13:08 INFO MicroBatchExecution: Streaming query made progress: {
  "id" : "673700e1-7609-4c3e-bff3-65e01579062f",
  "runId" : "684f6ae2-98d1-4139-a900-0d86eb048f89",
  "name" : "trips-ingest-chaos_kill_cassandra_1",
  "timestamp" : "2026-08-14T00:13:03.612Z",
  "batchId" : 12,
  "numInputRows" : 3024,
  "inputRowsPerSecond" : 805.111821086262,
  "processedRowsPerSecond" : 574.2499050512723,
  "durationMs" : {
    "addBatch" : 4932,
    "commitOffsets" : 71,
    "getBatch" : 0,
    "latestOffset" : 52,
    "queryPlanning" : 101,
    "triggerExecution" : 5266,
    "walCommit" : 101
  },
  "eventTime" : {
    "avg" : "2026-08-14T00:13:00.259Z",
    "max" : "2026-08-14T00:13:03.535Z",
    "min" : "2026-08-14T00:12:56.964Z",
    "watermark" : "2026-08-14T00:10:59.707Z"
  },
  "stateOperators" : [ ],
  "sources" : [ {
    "description" : "KafkaV2[Subscribe[trips.raw]]",
    "startOffset" : {
      "trips.raw" : {
        "2" : 236945,
        "5" : 235327,
        "4" : 236594,
        "1" : 236511,
        "3" : 236594,
        "0" : 236567
      }
    },
    "endOffset" : {
      "trips.raw" : {
        "2" : 237469,
        "5" : 235838,
        "4" : 237097,
        "1" : 236994,
        "3" : 237102,
        "0" : 237062
      }
    },
    "latestOffset" : {
      "trips.raw" : {
        "2" : 237469,
        "5" : 235838,
        "4" : 237097,
        "1" : 236994,
        "3" : 237102,
        "0" : 237062
      }
    },
    "numInputRows" : 3024,
    "inputRowsPerSecond" : 805.111821086262,
    "processedRowsPerSecond" : 574.2499050512723,
    "metrics" : {
      "avgOffsetsBehindLatest" : "0.0",
      "maxOffsetsBehindLatest" : "0",
      "minOffsetsBehindLatest" : "0"
    }
  } ],
  "sink" : {
    "description" : "ForeachBatchSink",
    "numOutputRows" : -1
  }
}
26/08/14 00:13:08 INFO CheckpointFileManager: Writing atomically to file:/opt/checkpoints/trips/offsets/13 using temp file file:/opt/checkpoints/trips/offsets/.13.073e8c02-fae4-4b9b-91fd-b31fb6741eac.tmp
26/08/14 00:13:08 INFO CheckpointFileManager: Renamed temp file file:/opt/checkpoints/trips/offsets/.13.073e8c02-fae4-4b9b-91fd-b31fb6741eac.tmp to file:/opt/checkpoints/trips/offsets/13
26/08/14 00:13:08 INFO MicroBatchExecution: Committed offsets for batch 13. Metadata OffsetSeqMetadata(1786666263535,1786666388899,Map(spark.sql.streaming.stateStore.providerClass -> org.apache.spark.sql.execution.streaming.state.HDFSBackedStateStoreProvider, spark.sql.streaming.join.stateFormatVersion -> 2, spark.sql.streaming.stateStore.compression.codec -> lz4, spark.sql.streaming.stateStore.rocksdb.formatVersion -> 5, spark.sql.streaming.statefulOperator.useStrictDistribution -> true, spark.sql.streaming.flatMapGroupsWithState.stateFormatVersion -> 2, spark.sql.streaming.multipleWatermarkPolicy -> min, spark.sql.streaming.aggregation.stateFormatVersion -> 2, spark.sql.shuffle.partitions -> 6))
26/08/14 00:13:08 INFO KafkaOffsetReaderAdmin: Partitions added: Map()
26/08/14 00:13:08 INFO KafkaOffsetReaderAdmin: Partitions added: Map()
26/08/14 00:13:09 INFO KafkaOffsetReaderAdmin: Partitions added: Map()
26/08/14 00:13:09 INFO KafkaOffsetReaderAdmin: Partitions added: Map()
2026-08-14 00:13:09,030 INFO  [stream] Received command c on object id p0
26/08/14 00:13:09 INFO SparkContext: Starting job: count at <unknown>:0
26/08/14 00:13:09 INFO BlockManagerInfo: Removed broadcast_129_piece0 on spark-driver:44031 in memory (size: 24.8 KiB, free: 191.2 MiB)
26/08/14 00:13:09 INFO BlockManagerInfo: Removed broadcast_129_piece0 on 172.26.0.13:37779 in memory (size: 24.8 KiB, free: 413.9 MiB)
26/08/14 00:13:09 INFO DAGScheduler: Registering RDD 852 (count at <unknown>:0) as input to shuffle 60
26/08/14 00:13:09 INFO DAGScheduler: Got job 72 (count at <unknown>:0) with 1 output partitions
26/08/14 00:13:09 INFO DAGScheduler: Final stage: ResultStage 133 (count at <unknown>:0)
26/08/14 00:13:09 INFO DAGScheduler: Parents of final stage: List(ShuffleMapStage 132)
26/08/14 00:13:09 INFO DAGScheduler: Missing parents: List(ShuffleMapStage 132)
26/08/14 00:13:09 INFO BlockManagerInfo: Removed broadcast_129_piece0 on 172.26.0.12:33791 in memory (size: 24.8 KiB, free: 413.9 MiB)
26/08/14 00:13:09 INFO DAGScheduler: Submitting ShuffleMapStage 132 (MapPartitionsRDD[852] at count at <unknown>:0), which has no missing parents
26/08/14 00:13:09 INFO MemoryStore: Block broadcast_131 stored as values in memory (estimated size 64.6 KiB, free 191.0 MiB)
26/08/14 00:13:09 INFO MemoryStore: Block broadcast_131_piece0 stored as bytes in memory (estimated size 24.1 KiB, free 191.0 MiB)
26/08/14 00:13:09 INFO BlockManagerInfo: Removed broadcast_130_piece0 on spark-driver:44031 in memory (size: 6.1 KiB, free: 191.2 MiB)
26/08/14 00:13:09 INFO BlockManagerInfo: Added broadcast_131_piece0 in memory on spark-driver:44031 (size: 24.1 KiB, free: 191.2 MiB)
26/08/14 00:13:09 INFO BlockManagerInfo: Removed broadcast_130_piece0 on 172.26.0.12:33791 in memory (size: 6.1 KiB, free: 413.9 MiB)
26/08/14 00:13:09 INFO SparkContext: Created broadcast 131 from broadcast at DAGScheduler.scala:1585
26/08/14 00:13:09 INFO DAGScheduler: Submitting 6 missing tasks from ShuffleMapStage 132 (MapPartitionsRDD[852] at count at <unknown>:0) (first 15 tasks are for partitions Vector(0, 1, 2, 3, 4, 5))
26/08/14 00:13:09 INFO TaskSchedulerImpl: Adding task set 132.0 with 6 tasks resource profile 0
26/08/14 00:13:09 INFO TaskSetManager: Starting task 2.0 in stage 132.0 (TID 471) (172.26.0.13, executor 1, partition 2, PROCESS_LOCAL, 9921 bytes) 
26/08/14 00:13:09 INFO TaskSetManager: Starting task 0.0 in stage 132.0 (TID 472) (172.26.0.12, executor 0, partition 0, PROCESS_LOCAL, 9921 bytes) 
26/08/14 00:13:09 INFO TaskSetManager: Starting task 3.0 in stage 132.0 (TID 473) (172.26.0.13, executor 1, partition 3, PROCESS_LOCAL, 9921 bytes) 
26/08/14 00:13:09 INFO TaskSetManager: Starting task 1.0 in stage 132.0 (TID 474) (172.26.0.12, executor 0, partition 1, PROCESS_LOCAL, 9921 bytes) 
26/08/14 00:13:09 INFO TaskSetManager: Starting task 4.0 in stage 132.0 (TID 475) (172.26.0.13, executor 1, partition 4, PROCESS_LOCAL, 9921 bytes) 
26/08/14 00:13:09 INFO TaskSetManager: Starting task 5.0 in stage 132.0 (TID 476) (172.26.0.12, executor 0, partition 5, PROCESS_LOCAL, 9921 bytes) 
26/08/14 00:13:09 INFO BlockManagerInfo: Added broadcast_131_piece0 in memory on 172.26.0.12:33791 (size: 24.1 KiB, free: 413.9 MiB)
26/08/14 00:13:09 INFO BlockManagerInfo: Added broadcast_131_piece0 in memory on 172.26.0.13:37779 (size: 24.1 KiB, free: 413.9 MiB)
26/08/14 00:13:09 INFO BlockManagerInfo: Added rdd_847_4 in memory on 172.26.0.13:37779 (size: 442.0 KiB, free: 413.4 MiB)
26/08/14 00:13:09 INFO BlockManagerInfo: Added rdd_847_2 in memory on 172.26.0.13:37779 (size: 452.5 KiB, free: 413.0 MiB)
26/08/14 00:13:09 INFO BlockManagerInfo: Added rdd_847_3 in memory on 172.26.0.13:37779 (size: 433.5 KiB, free: 412.6 MiB)
26/08/14 00:13:09 INFO TaskSetManager: Finished task 3.0 in stage 132.0 (TID 473) in 235 ms on 172.26.0.13 (executor 1) (1/6)
26/08/14 00:13:09 INFO TaskSetManager: Finished task 4.0 in stage 132.0 (TID 475) in 235 ms on 172.26.0.13 (executor 1) (2/6)
26/08/14 00:13:09 INFO TaskSetManager: Finished task 2.0 in stage 132.0 (TID 471) in 237 ms on 172.26.0.13 (executor 1) (3/6)
26/08/14 00:13:09 INFO BlockManagerInfo: Added rdd_847_5 in memory on 172.26.0.12:33791 (size: 422.6 KiB, free: 413.5 MiB)
26/08/14 00:13:09 INFO BlockManagerInfo: Added rdd_847_0 in memory on 172.26.0.12:33791 (size: 410.2 KiB, free: 413.1 MiB)
26/08/14 00:13:09 INFO BlockManagerInfo: Added rdd_847_1 in memory on 172.26.0.12:33791 (size: 437.1 KiB, free: 412.6 MiB)
26/08/14 00:13:09 INFO TaskSetManager: Finished task 5.0 in stage 132.0 (TID 476) in 636 ms on 172.26.0.12 (executor 0) (4/6)
26/08/14 00:13:09 INFO TaskSetManager: Finished task 0.0 in stage 132.0 (TID 472) in 639 ms on 172.26.0.12 (executor 0) (5/6)
26/08/14 00:13:09 INFO TaskSetManager: Finished task 1.0 in stage 132.0 (TID 474) in 639 ms on 172.26.0.12 (executor 0) (6/6)
26/08/14 00:13:09 INFO TaskSchedulerImpl: Removed TaskSet 132.0, whose tasks have all completed, from pool 
26/08/14 00:13:09 INFO DAGScheduler: ShuffleMapStage 132 (count at <unknown>:0) finished in 0.655 s
26/08/14 00:13:09 INFO DAGScheduler: looking for newly runnable stages
26/08/14 00:13:09 INFO DAGScheduler: running: Set()
26/08/14 00:13:09 INFO DAGScheduler: waiting: Set(ResultStage 133)
26/08/14 00:13:09 INFO DAGScheduler: failed: Set()
26/08/14 00:13:09 INFO DAGScheduler: Submitting ResultStage 133 (MapPartitionsRDD[855] at count at <unknown>:0), which has no missing parents
26/08/14 00:13:09 INFO MemoryStore: Block broadcast_132 stored as values in memory (estimated size 12.5 KiB, free 191.0 MiB)
26/08/14 00:13:09 INFO MemoryStore: Block broadcast_132_piece0 stored as bytes in memory (estimated size 5.9 KiB, free 191.0 MiB)
26/08/14 00:13:09 INFO BlockManagerInfo: Added broadcast_132_piece0 in memory on spark-driver:44031 (size: 5.9 KiB, free: 191.2 MiB)
26/08/14 00:13:09 INFO SparkContext: Created broadcast 132 from broadcast at DAGScheduler.scala:1585
26/08/14 00:13:09 INFO DAGScheduler: Submitting 1 missing tasks from ResultStage 133 (MapPartitionsRDD[855] at count at <unknown>:0) (first 15 tasks are for partitions Vector(0))
26/08/14 00:13:09 INFO TaskSchedulerImpl: Adding task set 133.0 with 1 tasks resource profile 0
26/08/14 00:13:09 INFO TaskSetManager: Starting task 0.0 in stage 133.0 (TID 477) (172.26.0.12, executor 0, partition 0, NODE_LOCAL, 9003 bytes) 
26/08/14 00:13:09 INFO BlockManagerInfo: Added broadcast_132_piece0 in memory on 172.26.0.12:33791 (size: 5.9 KiB, free: 412.6 MiB)
26/08/14 00:13:09 INFO MapOutputTrackerMasterEndpoint: Asked to send map output locations for shuffle 60 to 172.26.0.12:37282
26/08/14 00:13:09 INFO TaskSetManager: Finished task 0.0 in stage 133.0 (TID 477) in 40 ms on 172.26.0.12 (executor 0) (1/1)
26/08/14 00:13:09 INFO TaskSchedulerImpl: Removed TaskSet 133.0, whose tasks have all completed, from pool 
26/08/14 00:13:09 INFO DAGScheduler: ResultStage 133 (count at <unknown>:0) finished in 0.047 s
26/08/14 00:13:09 INFO DAGScheduler: Job 72 is finished. Cancelling potential speculative or zombie tasks for this job
26/08/14 00:13:09 INFO TaskSchedulerImpl: Killing all running tasks in stage 133: Stage finished
26/08/14 00:13:09 INFO DAGScheduler: Job 72 finished: count at <unknown>:0, took 0.713301 s
26/08/14 00:13:09 INFO SparkContext: Starting job: count at <unknown>:0
26/08/14 00:13:09 INFO DAGScheduler: Registering RDD 860 (count at <unknown>:0) as input to shuffle 61
26/08/14 00:13:09 INFO DAGScheduler: Got job 73 (count at <unknown>:0) with 1 output partitions
26/08/14 00:13:09 INFO DAGScheduler: Final stage: ResultStage 135 (count at <unknown>:0)
26/08/14 00:13:09 INFO DAGScheduler: Parents of final stage: List(ShuffleMapStage 134)
26/08/14 00:13:09 INFO DAGScheduler: Missing parents: List(ShuffleMapStage 134)
26/08/14 00:13:09 INFO DAGScheduler: Submitting ShuffleMapStage 134 (MapPartitionsRDD[860] at count at <unknown>:0), which has no missing parents
26/08/14 00:13:09 INFO MemoryStore: Block broadcast_133 stored as values in memory (estimated size 64.9 KiB, free 191.0 MiB)
26/08/14 00:13:09 INFO MemoryStore: Block broadcast_133_piece0 stored as bytes in memory (estimated size 24.2 KiB, free 190.9 MiB)
26/08/14 00:13:09 INFO BlockManagerInfo: Added broadcast_133_piece0 in memory on spark-driver:44031 (size: 24.2 KiB, free: 191.1 MiB)
26/08/14 00:13:09 INFO SparkContext: Created broadcast 133 from broadcast at DAGScheduler.scala:1585
26/08/14 00:13:09 INFO DAGScheduler: Submitting 6 missing tasks from ShuffleMapStage 134 (MapPartitionsRDD[860] at count at <unknown>:0) (first 15 tasks are for partitions Vector(0, 1, 2, 3, 4, 5))
26/08/14 00:13:09 INFO TaskSchedulerImpl: Adding task set 134.0 with 6 tasks resource profile 0
26/08/14 00:13:09 INFO TaskSetManager: Starting task 2.0 in stage 134.0 (TID 478) (172.26.0.13, executor 1, partition 2, PROCESS_LOCAL, 9921 bytes) 
26/08/14 00:13:09 INFO TaskSetManager: Starting task 0.0 in stage 134.0 (TID 479) (172.26.0.12, executor 0, partition 0, PROCESS_LOCAL, 9921 bytes) 
26/08/14 00:13:09 INFO TaskSetManager: Starting task 3.0 in stage 134.0 (TID 480) (172.26.0.13, executor 1, partition 3, PROCESS_LOCAL, 9921 bytes) 
26/08/14 00:13:09 INFO TaskSetManager: Starting task 1.0 in stage 134.0 (TID 481) (172.26.0.12, executor 0, partition 1, PROCESS_LOCAL, 9921 bytes) 
26/08/14 00:13:09 INFO TaskSetManager: Starting task 4.0 in stage 134.0 (TID 482) (172.26.0.13, executor 1, partition 4, PROCESS_LOCAL, 9921 bytes) 
26/08/14 00:13:09 INFO TaskSetManager: Starting task 5.0 in stage 134.0 (TID 483) (172.26.0.12, executor 0, partition 5, PROCESS_LOCAL, 9921 bytes) 
26/08/14 00:13:09 INFO BlockManagerInfo: Added broadcast_133_piece0 in memory on 172.26.0.13:37779 (size: 24.2 KiB, free: 412.6 MiB)
26/08/14 00:13:09 INFO BlockManagerInfo: Added broadcast_133_piece0 in memory on 172.26.0.12:33791 (size: 24.2 KiB, free: 412.6 MiB)
26/08/14 00:13:09 INFO TaskSetManager: Finished task 1.0 in stage 134.0 (TID 481) in 21 ms on 172.26.0.12 (executor 0) (1/6)
26/08/14 00:13:09 INFO TaskSetManager: Finished task 0.0 in stage 134.0 (TID 479) in 22 ms on 172.26.0.12 (executor 0) (2/6)
26/08/14 00:13:09 INFO TaskSetManager: Finished task 5.0 in stage 134.0 (TID 483) in 22 ms on 172.26.0.12 (executor 0) (3/6)
26/08/14 00:13:09 INFO TaskSetManager: Finished task 3.0 in stage 134.0 (TID 480) in 24 ms on 172.26.0.13 (executor 1) (4/6)
26/08/14 00:13:09 INFO TaskSetManager: Finished task 4.0 in stage 134.0 (TID 482) in 24 ms on 172.26.0.13 (executor 1) (5/6)
26/08/14 00:13:09 INFO TaskSetManager: Finished task 2.0 in stage 134.0 (TID 478) in 25 ms on 172.26.0.13 (executor 1) (6/6)
26/08/14 00:13:09 INFO TaskSchedulerImpl: Removed TaskSet 134.0, whose tasks have all completed, from pool 
26/08/14 00:13:09 INFO DAGScheduler: ShuffleMapStage 134 (count at <unknown>:0) finished in 0.030 s
26/08/14 00:13:09 INFO DAGScheduler: looking for newly runnable stages
26/08/14 00:13:09 INFO DAGScheduler: running: Set()
26/08/14 00:13:09 INFO DAGScheduler: waiting: Set(ResultStage 135)
26/08/14 00:13:09 INFO DAGScheduler: failed: Set()
26/08/14 00:13:09 INFO DAGScheduler: Submitting ResultStage 135 (MapPartitionsRDD[863] at count at <unknown>:0), which has no missing parents
26/08/14 00:13:09 INFO MemoryStore: Block broadcast_134 stored as values in memory (estimated size 12.5 KiB, free 190.9 MiB)
26/08/14 00:13:09 INFO MemoryStore: Block broadcast_134_piece0 stored as bytes in memory (estimated size 5.9 KiB, free 190.9 MiB)
26/08/14 00:13:09 INFO BlockManagerInfo: Added broadcast_134_piece0 in memory on spark-driver:44031 (size: 5.9 KiB, free: 191.1 MiB)
26/08/14 00:13:09 INFO SparkContext: Created broadcast 134 from broadcast at DAGScheduler.scala:1585
26/08/14 00:13:09 INFO DAGScheduler: Submitting 1 missing tasks from ResultStage 135 (MapPartitionsRDD[863] at count at <unknown>:0) (first 15 tasks are for partitions Vector(0))
26/08/14 00:13:09 INFO TaskSchedulerImpl: Adding task set 135.0 with 1 tasks resource profile 0
26/08/14 00:13:09 INFO TaskSetManager: Starting task 0.0 in stage 135.0 (TID 484) (172.26.0.13, executor 1, partition 0, NODE_LOCAL, 9003 bytes) 
26/08/14 00:13:09 INFO BlockManagerInfo: Added broadcast_134_piece0 in memory on 172.26.0.13:37779 (size: 5.9 KiB, free: 412.6 MiB)
26/08/14 00:13:09 INFO MapOutputTrackerMasterEndpoint: Asked to send map output locations for shuffle 61 to 172.26.0.13:36452
26/08/14 00:13:09 INFO TaskSetManager: Finished task 0.0 in stage 135.0 (TID 484) in 22 ms on 172.26.0.13 (executor 1) (1/1)
26/08/14 00:13:09 INFO TaskSchedulerImpl: Removed TaskSet 135.0, whose tasks have all completed, from pool 
26/08/14 00:13:09 INFO DAGScheduler: ResultStage 135 (count at <unknown>:0) finished in 0.027 s
26/08/14 00:13:09 INFO DAGScheduler: Job 73 is finished. Cancelling potential speculative or zombie tasks for this job
26/08/14 00:13:09 INFO TaskSchedulerImpl: Killing all running tasks in stage 135: Stage finished
26/08/14 00:13:09 INFO DAGScheduler: Job 73 finished: count at <unknown>:0, took 0.060703 s
26/08/14 00:13:10 INFO CodeGenerator: Code generated in 24.897875 ms
26/08/14 00:13:10 INFO DefaultCachedBatchSerializer: Predicate isnotnull(event_time#89-T120000ms) generates partition filter: ((event_time.count#42232 - event_time.nullCount#42231) > 0)
26/08/14 00:13:10 INFO DefaultCachedBatchSerializer: Predicate (event_time#89-T120000ms < 2026-08-14 00:11:03.535) generates partition filter: (event_time.lowerBound#42230 < 2026-08-14 00:11:03.535)
26/08/14 00:13:10 INFO BlockManagerInfo: Removed broadcast_131_piece0 on 172.26.0.13:37779 in memory (size: 24.1 KiB, free: 412.6 MiB)
26/08/14 00:13:10 INFO SparkContext: Starting job: count at <unknown>:0
26/08/14 00:13:10 INFO BlockManagerInfo: Removed broadcast_131_piece0 on spark-driver:44031 in memory (size: 24.1 KiB, free: 191.2 MiB)
26/08/14 00:13:10 INFO BlockManagerInfo: Removed broadcast_131_piece0 on 172.26.0.12:33791 in memory (size: 24.1 KiB, free: 412.6 MiB)
26/08/14 00:13:10 INFO DAGScheduler: Registering RDD 868 (count at <unknown>:0) as input to shuffle 62
26/08/14 00:13:10 INFO DAGScheduler: Got job 74 (count at <unknown>:0) with 1 output partitions
26/08/14 00:13:10 INFO DAGScheduler: Final stage: ResultStage 137 (count at <unknown>:0)
26/08/14 00:13:10 INFO DAGScheduler: Parents of final stage: List(ShuffleMapStage 136)
26/08/14 00:13:10 INFO DAGScheduler: Missing parents: List(ShuffleMapStage 136)
26/08/14 00:13:10 INFO DAGScheduler: Submitting ShuffleMapStage 136 (MapPartitionsRDD[868] at count at <unknown>:0), which has no missing parents
26/08/14 00:13:10 INFO BlockManagerInfo: Removed broadcast_134_piece0 on spark-driver:44031 in memory (size: 5.9 KiB, free: 191.2 MiB)
26/08/14 00:13:10 INFO BlockManagerInfo: Removed broadcast_134_piece0 on 172.26.0.13:37779 in memory (size: 5.9 KiB, free: 412.6 MiB)
26/08/14 00:13:10 INFO MemoryStore: Block broadcast_135 stored as values in memory (estimated size 67.2 KiB, free 191.0 MiB)
26/08/14 00:13:10 INFO MemoryStore: Block broadcast_135_piece0 stored as bytes in memory (estimated size 25.6 KiB, free 190.9 MiB)
26/08/14 00:13:10 INFO BlockManagerInfo: Added broadcast_135_piece0 in memory on spark-driver:44031 (size: 25.6 KiB, free: 191.1 MiB)
26/08/14 00:13:10 INFO BlockManagerInfo: Removed broadcast_133_piece0 on spark-driver:44031 in memory (size: 24.2 KiB, free: 191.2 MiB)
26/08/14 00:13:10 INFO SparkContext: Created broadcast 135 from broadcast at DAGScheduler.scala:1585
26/08/14 00:13:10 INFO BlockManagerInfo: Removed broadcast_133_piece0 on 172.26.0.13:37779 in memory (size: 24.2 KiB, free: 412.6 MiB)
26/08/14 00:13:10 INFO DAGScheduler: Submitting 6 missing tasks from ShuffleMapStage 136 (MapPartitionsRDD[868] at count at <unknown>:0) (first 15 tasks are for partitions Vector(0, 1, 2, 3, 4, 5))
26/08/14 00:13:10 INFO TaskSchedulerImpl: Adding task set 136.0 with 6 tasks resource profile 0
26/08/14 00:13:10 INFO BlockManagerInfo: Removed broadcast_133_piece0 on 172.26.0.12:33791 in memory (size: 24.2 KiB, free: 412.7 MiB)
26/08/14 00:13:10 INFO TaskSetManager: Starting task 0.0 in stage 136.0 (TID 485) (172.26.0.12, executor 0, partition 0, PROCESS_LOCAL, 9921 bytes) 
26/08/14 00:13:10 INFO TaskSetManager: Starting task 2.0 in stage 136.0 (TID 486) (172.26.0.13, executor 1, partition 2, PROCESS_LOCAL, 9921 bytes) 
26/08/14 00:13:10 INFO TaskSetManager: Starting task 1.0 in stage 136.0 (TID 487) (172.26.0.12, executor 0, partition 1, PROCESS_LOCAL, 9921 bytes) 
26/08/14 00:13:10 INFO TaskSetManager: Starting task 3.0 in stage 136.0 (TID 488) (172.26.0.13, executor 1, partition 3, PROCESS_LOCAL, 9921 bytes) 
26/08/14 00:13:10 INFO TaskSetManager: Starting task 5.0 in stage 136.0 (TID 489) (172.26.0.12, executor 0, partition 5, PROCESS_LOCAL, 9921 bytes) 
26/08/14 00:13:10 INFO TaskSetManager: Starting task 4.0 in stage 136.0 (TID 490) (172.26.0.13, executor 1, partition 4, PROCESS_LOCAL, 9921 bytes) 
26/08/14 00:13:10 INFO BlockManagerInfo: Removed broadcast_132_piece0 on spark-driver:44031 in memory (size: 5.9 KiB, free: 191.2 MiB)
26/08/14 00:13:10 INFO BlockManagerInfo: Removed broadcast_132_piece0 on 172.26.0.12:33791 in memory (size: 5.9 KiB, free: 412.7 MiB)
26/08/14 00:13:10 INFO BlockManagerInfo: Added broadcast_135_piece0 in memory on 172.26.0.13:37779 (size: 25.6 KiB, free: 412.6 MiB)
26/08/14 00:13:10 INFO BlockManagerInfo: Added broadcast_135_piece0 in memory on 172.26.0.12:33791 (size: 25.6 KiB, free: 412.6 MiB)
26/08/14 00:13:10 INFO TaskSetManager: Finished task 1.0 in stage 136.0 (TID 487) in 81 ms on 172.26.0.12 (executor 0) (1/6)
26/08/14 00:13:10 INFO TaskSetManager: Finished task 5.0 in stage 136.0 (TID 489) in 87 ms on 172.26.0.12 (executor 0) (2/6)
26/08/14 00:13:10 INFO TaskSetManager: Finished task 0.0 in stage 136.0 (TID 485) in 91 ms on 172.26.0.12 (executor 0) (3/6)
26/08/14 00:13:10 INFO TaskSetManager: Finished task 3.0 in stage 136.0 (TID 488) in 94 ms on 172.26.0.13 (executor 1) (4/6)
26/08/14 00:13:10 INFO TaskSetManager: Finished task 2.0 in stage 136.0 (TID 486) in 94 ms on 172.26.0.13 (executor 1) (5/6)
26/08/14 00:13:10 INFO TaskSetManager: Finished task 4.0 in stage 136.0 (TID 490) in 103 ms on 172.26.0.13 (executor 1) (6/6)
26/08/14 00:13:10 INFO TaskSchedulerImpl: Removed TaskSet 136.0, whose tasks have all completed, from pool 
26/08/14 00:13:10 INFO DAGScheduler: ShuffleMapStage 136 (count at <unknown>:0) finished in 0.125 s
26/08/14 00:13:10 INFO DAGScheduler: looking for newly runnable stages
26/08/14 00:13:10 INFO DAGScheduler: running: Set()
26/08/14 00:13:10 INFO DAGScheduler: waiting: Set(ResultStage 137)
26/08/14 00:13:10 INFO DAGScheduler: failed: Set()
26/08/14 00:13:10 INFO DAGScheduler: Submitting ResultStage 137 (MapPartitionsRDD[871] at count at <unknown>:0), which has no missing parents
26/08/14 00:13:10 INFO MemoryStore: Block broadcast_136 stored as values in memory (estimated size 12.5 KiB, free 191.0 MiB)
26/08/14 00:13:10 INFO MemoryStore: Block broadcast_136_piece0 stored as bytes in memory (estimated size 5.9 KiB, free 191.0 MiB)
26/08/14 00:13:10 INFO BlockManagerInfo: Added broadcast_136_piece0 in memory on spark-driver:44031 (size: 5.9 KiB, free: 191.2 MiB)
26/08/14 00:13:10 INFO SparkContext: Created broadcast 136 from broadcast at DAGScheduler.scala:1585
26/08/14 00:13:10 INFO DAGScheduler: Submitting 1 missing tasks from ResultStage 137 (MapPartitionsRDD[871] at count at <unknown>:0) (first 15 tasks are for partitions Vector(0))
26/08/14 00:13:10 INFO TaskSchedulerImpl: Adding task set 137.0 with 1 tasks resource profile 0
26/08/14 00:13:10 INFO TaskSetManager: Starting task 0.0 in stage 137.0 (TID 491) (172.26.0.12, executor 0, partition 0, NODE_LOCAL, 9003 bytes) 
26/08/14 00:13:10 INFO BlockManagerInfo: Added broadcast_136_piece0 in memory on 172.26.0.12:33791 (size: 5.9 KiB, free: 412.6 MiB)
26/08/14 00:13:10 INFO MapOutputTrackerMasterEndpoint: Asked to send map output locations for shuffle 62 to 172.26.0.12:37282
26/08/14 00:13:10 INFO TaskSetManager: Finished task 0.0 in stage 137.0 (TID 491) in 54 ms on 172.26.0.12 (executor 0) (1/1)
26/08/14 00:13:10 INFO TaskSchedulerImpl: Removed TaskSet 137.0, whose tasks have all completed, from pool 
26/08/14 00:13:10 INFO DAGScheduler: ResultStage 137 (count at <unknown>:0) finished in 0.077 s
26/08/14 00:13:10 INFO DAGScheduler: Job 74 is finished. Cancelling potential speculative or zombie tasks for this job
26/08/14 00:13:10 INFO TaskSchedulerImpl: Killing all running tasks in stage 137: Stage finished
26/08/14 00:13:10 INFO DAGScheduler: Job 74 finished: count at <unknown>:0, took 0.209617 s
26/08/14 00:13:10 INFO DefaultCachedBatchSerializer: Predicate isnotnull(kind#42789) generates partition filter: ((kind.count#42858 - kind.nullCount#42857) > 0)
26/08/14 00:13:10 INFO DefaultCachedBatchSerializer: Predicate (kind#42789 = stats) generates partition filter: ((kind.lowerBound#42856 <= stats) AND (stats <= kind.upperBound#42855))
26/08/14 00:13:10 INFO SparkContext: Starting job: call at /opt/spark/python/lib/py4j-0.10.9.7-src.zip/py4j/clientserver.py:617
26/08/14 00:13:10 INFO DAGScheduler: Got job 75 (call at /opt/spark/python/lib/py4j-0.10.9.7-src.zip/py4j/clientserver.py:617) with 6 output partitions
26/08/14 00:13:10 INFO DAGScheduler: Final stage: ResultStage 138 (call at /opt/spark/python/lib/py4j-0.10.9.7-src.zip/py4j/clientserver.py:617)
26/08/14 00:13:10 INFO DAGScheduler: Parents of final stage: List()
26/08/14 00:13:10 INFO DAGScheduler: Missing parents: List()
26/08/14 00:13:10 INFO DAGScheduler: Submitting ResultStage 138 (MapPartitionsRDD[890] at call at /opt/spark/python/lib/py4j-0.10.9.7-src.zip/py4j/clientserver.py:617), which has no missing parents
26/08/14 00:13:10 INFO MemoryStore: Block broadcast_137 stored as values in memory (estimated size 90.0 KiB, free 190.9 MiB)
26/08/14 00:13:10 INFO MemoryStore: Block broadcast_137_piece0 stored as bytes in memory (estimated size 34.0 KiB, free 190.9 MiB)
26/08/14 00:13:10 INFO BlockManagerInfo: Added broadcast_137_piece0 in memory on spark-driver:44031 (size: 34.0 KiB, free: 191.1 MiB)
26/08/14 00:13:10 INFO SparkContext: Created broadcast 137 from broadcast at DAGScheduler.scala:1585
26/08/14 00:13:10 INFO DAGScheduler: Submitting 6 missing tasks from ResultStage 138 (MapPartitionsRDD[890] at call at /opt/spark/python/lib/py4j-0.10.9.7-src.zip/py4j/clientserver.py:617) (first 15 tasks are for partitions Vector(0, 1, 2, 3, 4, 5))
26/08/14 00:13:10 INFO TaskSchedulerImpl: Adding task set 138.0 with 6 tasks resource profile 0
26/08/14 00:13:10 INFO TaskSetManager: Starting task 2.0 in stage 138.0 (TID 492) (172.26.0.13, executor 1, partition 2, PROCESS_LOCAL, 9932 bytes) 
26/08/14 00:13:10 INFO TaskSetManager: Starting task 0.0 in stage 138.0 (TID 493) (172.26.0.12, executor 0, partition 0, PROCESS_LOCAL, 9932 bytes) 
26/08/14 00:13:10 INFO TaskSetManager: Starting task 3.0 in stage 138.0 (TID 494) (172.26.0.13, executor 1, partition 3, PROCESS_LOCAL, 9932 bytes) 
26/08/14 00:13:10 INFO TaskSetManager: Starting task 1.0 in stage 138.0 (TID 495) (172.26.0.12, executor 0, partition 1, PROCESS_LOCAL, 9932 bytes) 
26/08/14 00:13:10 INFO TaskSetManager: Starting task 4.0 in stage 138.0 (TID 496) (172.26.0.13, executor 1, partition 4, PROCESS_LOCAL, 9932 bytes) 
26/08/14 00:13:10 INFO TaskSetManager: Starting task 5.0 in stage 138.0 (TID 497) (172.26.0.12, executor 0, partition 5, PROCESS_LOCAL, 9932 bytes) 
26/08/14 00:13:10 INFO BlockManagerInfo: Added broadcast_137_piece0 in memory on 172.26.0.12:33791 (size: 34.0 KiB, free: 412.6 MiB)
26/08/14 00:13:10 INFO BlockManagerInfo: Added broadcast_137_piece0 in memory on 172.26.0.13:37779 (size: 34.0 KiB, free: 412.5 MiB)
26/08/14 00:13:12 INFO BlockManagerInfo: Added rdd_885_0 in memory on 172.26.0.12:33791 (size: 1808.0 B, free: 412.6 MiB)
26/08/14 00:13:12 INFO BlockManagerInfo: Added rdd_885_3 in memory on 172.26.0.13:37779 (size: 1808.0 B, free: 412.5 MiB)
26/08/14 00:13:12 INFO TaskSetManager: Finished task 0.0 in stage 138.0 (TID 493) in 1929 ms on 172.26.0.12 (executor 0) (1/6)
26/08/14 00:13:12 INFO TaskSetManager: Finished task 3.0 in stage 138.0 (TID 494) in 1929 ms on 172.26.0.13 (executor 1) (2/6)
26/08/14 00:13:12 INFO BlockManagerInfo: Added rdd_885_2 in memory on 172.26.0.13:37779 (size: 1808.0 B, free: 412.5 MiB)
26/08/14 00:13:12 INFO TaskSetManager: Finished task 2.0 in stage 138.0 (TID 492) in 2021 ms on 172.26.0.13 (executor 1) (3/6)
26/08/14 00:13:12 INFO BlockManagerInfo: Added rdd_885_1 in memory on 172.26.0.12:33791 (size: 1808.0 B, free: 412.6 MiB)
26/08/14 00:13:12 INFO BlockManagerInfo: Added rdd_885_5 in memory on 172.26.0.12:33791 (size: 1808.0 B, free: 412.6 MiB)
26/08/14 00:13:12 INFO BlockManagerInfo: Added rdd_885_4 in memory on 172.26.0.13:37779 (size: 1808.0 B, free: 412.5 MiB)
26/08/14 00:13:12 INFO TaskSetManager: Finished task 5.0 in stage 138.0 (TID 497) in 2078 ms on 172.26.0.12 (executor 0) (4/6)
26/08/14 00:13:12 INFO TaskSetManager: Finished task 1.0 in stage 138.0 (TID 495) in 2085 ms on 172.26.0.12 (executor 0) (5/6)
26/08/14 00:13:12 INFO TaskSetManager: Finished task 4.0 in stage 138.0 (TID 496) in 2085 ms on 172.26.0.13 (executor 1) (6/6)
26/08/14 00:13:12 INFO TaskSchedulerImpl: Removed TaskSet 138.0, whose tasks have all completed, from pool 
26/08/14 00:13:12 INFO DAGScheduler: ResultStage 138 (call at /opt/spark/python/lib/py4j-0.10.9.7-src.zip/py4j/clientserver.py:617) finished in 2.096 s
26/08/14 00:13:12 INFO DAGScheduler: Job 75 is finished. Cancelling potential speculative or zombie tasks for this job
26/08/14 00:13:12 INFO TaskSchedulerImpl: Killing all running tasks in stage 138: Stage finished
26/08/14 00:13:12 INFO DAGScheduler: Job 75 finished: call at /opt/spark/python/lib/py4j-0.10.9.7-src.zip/py4j/clientserver.py:617, took 2.100178 s
26/08/14 00:13:12 INFO DefaultCachedBatchSerializer: Predicate isnotnull(kind#42789) generates partition filter: ((kind.count#42941 - kind.nullCount#42940) > 0)
26/08/14 00:13:12 INFO DefaultCachedBatchSerializer: Predicate (kind#42789 = dlq) generates partition filter: ((kind.lowerBound#42939 <= dlq) AND (dlq <= kind.upperBound#42938))
26/08/14 00:13:12 INFO BlockManagerInfo: Removed broadcast_136_piece0 on spark-driver:44031 in memory (size: 5.9 KiB, free: 191.1 MiB)
26/08/14 00:13:12 INFO BlockManagerInfo: Removed broadcast_136_piece0 on 172.26.0.12:33791 in memory (size: 5.9 KiB, free: 412.6 MiB)
26/08/14 00:13:12 INFO BlockManagerInfo: Removed broadcast_137_piece0 on spark-driver:44031 in memory (size: 34.0 KiB, free: 191.2 MiB)
26/08/14 00:13:12 INFO BlockManagerInfo: Removed broadcast_137_piece0 on 172.26.0.12:33791 in memory (size: 34.0 KiB, free: 412.6 MiB)
26/08/14 00:13:12 INFO BlockManagerInfo: Removed broadcast_137_piece0 on 172.26.0.13:37779 in memory (size: 34.0 KiB, free: 412.6 MiB)
26/08/14 00:13:12 INFO SparkContext: Starting job: count at <unknown>:0
26/08/14 00:13:12 INFO DAGScheduler: Registering RDD 895 (count at <unknown>:0) as input to shuffle 63
26/08/14 00:13:12 INFO DAGScheduler: Got job 76 (count at <unknown>:0) with 1 output partitions
26/08/14 00:13:12 INFO DAGScheduler: Final stage: ResultStage 140 (count at <unknown>:0)
26/08/14 00:13:12 INFO DAGScheduler: Parents of final stage: List(ShuffleMapStage 139)
26/08/14 00:13:12 INFO DAGScheduler: Missing parents: List(ShuffleMapStage 139)
26/08/14 00:13:12 INFO BlockManagerInfo: Removed broadcast_135_piece0 on spark-driver:44031 in memory (size: 25.6 KiB, free: 191.2 MiB)
26/08/14 00:13:12 INFO DAGScheduler: Submitting ShuffleMapStage 139 (MapPartitionsRDD[895] at count at <unknown>:0), which has no missing parents
26/08/14 00:13:12 INFO BlockManagerInfo: Removed broadcast_135_piece0 on 172.26.0.12:33791 in memory (size: 25.6 KiB, free: 412.7 MiB)
26/08/14 00:13:12 INFO BlockManagerInfo: Removed broadcast_135_piece0 on 172.26.0.13:37779 in memory (size: 25.6 KiB, free: 412.6 MiB)
26/08/14 00:13:12 INFO MemoryStore: Block broadcast_138 stored as values in memory (estimated size 92.2 KiB, free 191.0 MiB)
26/08/14 00:13:12 INFO MemoryStore: Block broadcast_138_piece0 stored as bytes in memory (estimated size 35.3 KiB, free 191.0 MiB)
26/08/14 00:13:12 INFO BlockManagerInfo: Added broadcast_138_piece0 in memory on spark-driver:44031 (size: 35.3 KiB, free: 191.2 MiB)
26/08/14 00:13:12 INFO SparkContext: Created broadcast 138 from broadcast at DAGScheduler.scala:1585
26/08/14 00:13:12 INFO DAGScheduler: Submitting 6 missing tasks from ShuffleMapStage 139 (MapPartitionsRDD[895] at count at <unknown>:0) (first 15 tasks are for partitions Vector(0, 1, 2, 3, 4, 5))
26/08/14 00:13:12 INFO TaskSchedulerImpl: Adding task set 139.0 with 6 tasks resource profile 0
26/08/14 00:13:12 INFO TaskSetManager: Starting task 0.0 in stage 139.0 (TID 498) (172.26.0.12, executor 0, partition 0, PROCESS_LOCAL, 9921 bytes) 
26/08/14 00:13:12 INFO TaskSetManager: Starting task 2.0 in stage 139.0 (TID 499) (172.26.0.13, executor 1, partition 2, PROCESS_LOCAL, 9921 bytes) 
26/08/14 00:13:12 INFO TaskSetManager: Starting task 1.0 in stage 139.0 (TID 500) (172.26.0.12, executor 0, partition 1, PROCESS_LOCAL, 9921 bytes) 
26/08/14 00:13:12 INFO TaskSetManager: Starting task 3.0 in stage 139.0 (TID 501) (172.26.0.13, executor 1, partition 3, PROCESS_LOCAL, 9921 bytes) 
26/08/14 00:13:12 INFO TaskSetManager: Starting task 5.0 in stage 139.0 (TID 502) (172.26.0.12, executor 0, partition 5, PROCESS_LOCAL, 9921 bytes) 
26/08/14 00:13:12 INFO TaskSetManager: Starting task 4.0 in stage 139.0 (TID 503) (172.26.0.13, executor 1, partition 4, PROCESS_LOCAL, 9921 bytes) 
26/08/14 00:13:12 INFO BlockManagerInfo: Added broadcast_138_piece0 in memory on 172.26.0.12:33791 (size: 35.3 KiB, free: 412.6 MiB)
26/08/14 00:13:12 INFO BlockManagerInfo: Added broadcast_138_piece0 in memory on 172.26.0.13:37779 (size: 35.3 KiB, free: 412.6 MiB)
26/08/14 00:13:12 INFO TaskSetManager: Finished task 5.0 in stage 139.0 (TID 502) in 77 ms on 172.26.0.12 (executor 0) (1/6)
26/08/14 00:13:12 INFO TaskSetManager: Finished task 0.0 in stage 139.0 (TID 498) in 79 ms on 172.26.0.12 (executor 0) (2/6)
26/08/14 00:13:12 INFO TaskSetManager: Finished task 1.0 in stage 139.0 (TID 500) in 79 ms on 172.26.0.12 (executor 0) (3/6)
26/08/14 00:13:12 INFO TaskSetManager: Finished task 3.0 in stage 139.0 (TID 501) in 148 ms on 172.26.0.13 (executor 1) (4/6)
26/08/14 00:13:12 INFO TaskSetManager: Finished task 4.0 in stage 139.0 (TID 503) in 148 ms on 172.26.0.13 (executor 1) (5/6)
26/08/14 00:13:12 INFO TaskSetManager: Finished task 2.0 in stage 139.0 (TID 499) in 152 ms on 172.26.0.13 (executor 1) (6/6)
26/08/14 00:13:12 INFO DAGScheduler: ShuffleMapStage 139 (count at <unknown>:0) finished in 0.180 s
26/08/14 00:13:12 INFO DAGScheduler: looking for newly runnable stages
26/08/14 00:13:12 INFO DAGScheduler: running: Set()
26/08/14 00:13:12 INFO DAGScheduler: waiting: Set(ResultStage 140)
26/08/14 00:13:12 INFO DAGScheduler: failed: Set()
26/08/14 00:13:12 INFO DAGScheduler: Submitting ResultStage 140 (MapPartitionsRDD[898] at count at <unknown>:0), which has no missing parents
26/08/14 00:13:12 INFO TaskSchedulerImpl: Removed TaskSet 139.0, whose tasks have all completed, from pool 
26/08/14 00:13:12 INFO MemoryStore: Block broadcast_139 stored as values in memory (estimated size 12.5 KiB, free 191.0 MiB)
26/08/14 00:13:12 INFO MemoryStore: Block broadcast_139_piece0 stored as bytes in memory (estimated size 5.9 KiB, free 191.0 MiB)
26/08/14 00:13:12 INFO BlockManagerInfo: Added broadcast_139_piece0 in memory on spark-driver:44031 (size: 5.9 KiB, free: 191.1 MiB)
26/08/14 00:13:12 INFO SparkContext: Created broadcast 139 from broadcast at DAGScheduler.scala:1585
26/08/14 00:13:12 INFO DAGScheduler: Submitting 1 missing tasks from ResultStage 140 (MapPartitionsRDD[898] at count at <unknown>:0) (first 15 tasks are for partitions Vector(0))
26/08/14 00:13:12 INFO TaskSchedulerImpl: Adding task set 140.0 with 1 tasks resource profile 0
26/08/14 00:13:12 INFO TaskSetManager: Starting task 0.0 in stage 140.0 (TID 504) (172.26.0.12, executor 0, partition 0, NODE_LOCAL, 9003 bytes) 
26/08/14 00:13:12 INFO BlockManagerInfo: Added broadcast_139_piece0 in memory on 172.26.0.12:33791 (size: 5.9 KiB, free: 412.6 MiB)
26/08/14 00:13:12 INFO MapOutputTrackerMasterEndpoint: Asked to send map output locations for shuffle 63 to 172.26.0.12:37282
26/08/14 00:13:12 INFO TaskSetManager: Finished task 0.0 in stage 140.0 (TID 504) in 94 ms on 172.26.0.12 (executor 0) (1/1)
26/08/14 00:13:12 INFO TaskSchedulerImpl: Removed TaskSet 140.0, whose tasks have all completed, from pool 
26/08/14 00:13:12 INFO DAGScheduler: ResultStage 140 (count at <unknown>:0) finished in 0.131 s
26/08/14 00:13:12 INFO DAGScheduler: Job 76 is finished. Cancelling potential speculative or zombie tasks for this job
26/08/14 00:13:12 INFO TaskSchedulerImpl: Killing all running tasks in stage 140: Stage finished
26/08/14 00:13:12 INFO DAGScheduler: Job 76 finished: count at <unknown>:0, took 0.322671 s
26/08/14 00:13:12 INFO MapPartitionsRDD: Removing RDD 885 from persistence list
26/08/14 00:13:12 INFO BlockManager: Removing RDD 885
26/08/14 00:13:13 INFO SparkContext: Starting job: call at /opt/spark/python/lib/py4j-0.10.9.7-src.zip/py4j/clientserver.py:617
26/08/14 00:13:13 INFO DAGScheduler: Registering RDD 903 (call at /opt/spark/python/lib/py4j-0.10.9.7-src.zip/py4j/clientserver.py:617) as input to shuffle 64
26/08/14 00:13:13 INFO DAGScheduler: Got job 77 (call at /opt/spark/python/lib/py4j-0.10.9.7-src.zip/py4j/clientserver.py:617) with 1 output partitions
26/08/14 00:13:13 INFO DAGScheduler: Final stage: ResultStage 142 (call at /opt/spark/python/lib/py4j-0.10.9.7-src.zip/py4j/clientserver.py:617)
26/08/14 00:13:13 INFO DAGScheduler: Parents of final stage: List(ShuffleMapStage 141)
26/08/14 00:13:13 INFO DAGScheduler: Missing parents: List(ShuffleMapStage 141)
26/08/14 00:13:13 INFO DAGScheduler: Submitting ShuffleMapStage 141 (MapPartitionsRDD[903] at call at /opt/spark/python/lib/py4j-0.10.9.7-src.zip/py4j/clientserver.py:617), which has no missing parents
26/08/14 00:13:13 INFO MemoryStore: Block broadcast_140 stored as values in memory (estimated size 66.2 KiB, free 190.9 MiB)
26/08/14 00:13:13 INFO MemoryStore: Block broadcast_140_piece0 stored as bytes in memory (estimated size 24.8 KiB, free 190.9 MiB)
26/08/14 00:13:13 INFO BlockManagerInfo: Added broadcast_140_piece0 in memory on spark-driver:44031 (size: 24.8 KiB, free: 191.1 MiB)
26/08/14 00:13:13 INFO SparkContext: Created broadcast 140 from broadcast at DAGScheduler.scala:1585
26/08/14 00:13:13 INFO DAGScheduler: Submitting 6 missing tasks from ShuffleMapStage 141 (MapPartitionsRDD[903] at call at /opt/spark/python/lib/py4j-0.10.9.7-src.zip/py4j/clientserver.py:617) (first 15 tasks are for partitions Vector(0, 1, 2, 3, 4, 5))
26/08/14 00:13:13 INFO TaskSchedulerImpl: Adding task set 141.0 with 6 tasks resource profile 0
26/08/14 00:13:13 INFO TaskSetManager: Starting task 0.0 in stage 141.0 (TID 505) (172.26.0.12, executor 0, partition 0, PROCESS_LOCAL, 9921 bytes) 
26/08/14 00:13:13 INFO TaskSetManager: Starting task 2.0 in stage 141.0 (TID 506) (172.26.0.13, executor 1, partition 2, PROCESS_LOCAL, 9921 bytes) 
26/08/14 00:13:13 INFO TaskSetManager: Starting task 1.0 in stage 141.0 (TID 507) (172.26.0.12, executor 0, partition 1, PROCESS_LOCAL, 9921 bytes) 
26/08/14 00:13:13 INFO TaskSetManager: Starting task 3.0 in stage 141.0 (TID 508) (172.26.0.13, executor 1, partition 3, PROCESS_LOCAL, 9921 bytes) 
26/08/14 00:13:13 INFO TaskSetManager: Starting task 5.0 in stage 141.0 (TID 509) (172.26.0.12, executor 0, partition 5, PROCESS_LOCAL, 9921 bytes) 
26/08/14 00:13:13 INFO TaskSetManager: Starting task 4.0 in stage 141.0 (TID 510) (172.26.0.13, executor 1, partition 4, PROCESS_LOCAL, 9921 bytes) 
26/08/14 00:13:13 INFO BlockManagerInfo: Added broadcast_140_piece0 in memory on 172.26.0.12:33791 (size: 24.8 KiB, free: 412.6 MiB)
26/08/14 00:13:13 INFO BlockManagerInfo: Added broadcast_140_piece0 in memory on 172.26.0.13:37779 (size: 24.8 KiB, free: 412.5 MiB)
26/08/14 00:13:13 INFO TaskSetManager: Finished task 4.0 in stage 141.0 (TID 510) in 75 ms on 172.26.0.13 (executor 1) (1/6)
26/08/14 00:13:13 INFO TaskSetManager: Finished task 3.0 in stage 141.0 (TID 508) in 76 ms on 172.26.0.13 (executor 1) (2/6)
26/08/14 00:13:13 INFO TaskSetManager: Finished task 2.0 in stage 141.0 (TID 506) in 77 ms on 172.26.0.13 (executor 1) (3/6)
26/08/14 00:13:13 INFO TaskSetManager: Finished task 5.0 in stage 141.0 (TID 509) in 81 ms on 172.26.0.12 (executor 0) (4/6)
26/08/14 00:13:13 INFO TaskSetManager: Finished task 1.0 in stage 141.0 (TID 507) in 88 ms on 172.26.0.12 (executor 0) (5/6)
26/08/14 00:13:13 INFO TaskSetManager: Finished task 0.0 in stage 141.0 (TID 505) in 89 ms on 172.26.0.12 (executor 0) (6/6)
26/08/14 00:13:13 INFO TaskSchedulerImpl: Removed TaskSet 141.0, whose tasks have all completed, from pool 
26/08/14 00:13:13 INFO DAGScheduler: ShuffleMapStage 141 (call at /opt/spark/python/lib/py4j-0.10.9.7-src.zip/py4j/clientserver.py:617) finished in 0.101 s
26/08/14 00:13:13 INFO DAGScheduler: looking for newly runnable stages
26/08/14 00:13:13 INFO DAGScheduler: running: Set()
26/08/14 00:13:13 INFO DAGScheduler: waiting: Set(ResultStage 142)
26/08/14 00:13:13 INFO DAGScheduler: failed: Set()
26/08/14 00:13:13 INFO DAGScheduler: Submitting ResultStage 142 (MapPartitionsRDD[906] at call at /opt/spark/python/lib/py4j-0.10.9.7-src.zip/py4j/clientserver.py:617), which has no missing parents
26/08/14 00:13:13 INFO MemoryStore: Block broadcast_141 stored as values in memory (estimated size 13.1 KiB, free 190.9 MiB)
26/08/14 00:13:13 INFO MemoryStore: Block broadcast_141_piece0 stored as bytes in memory (estimated size 6.1 KiB, free 190.9 MiB)
26/08/14 00:13:13 INFO BlockManagerInfo: Added broadcast_141_piece0 in memory on spark-driver:44031 (size: 6.1 KiB, free: 191.1 MiB)
26/08/14 00:13:13 INFO SparkContext: Created broadcast 141 from broadcast at DAGScheduler.scala:1585
26/08/14 00:13:13 INFO DAGScheduler: Submitting 1 missing tasks from ResultStage 142 (MapPartitionsRDD[906] at call at /opt/spark/python/lib/py4j-0.10.9.7-src.zip/py4j/clientserver.py:617) (first 15 tasks are for partitions Vector(0))
26/08/14 00:13:13 INFO TaskSchedulerImpl: Adding task set 142.0 with 1 tasks resource profile 0
26/08/14 00:13:13 INFO TaskSetManager: Starting task 0.0 in stage 142.0 (TID 511) (172.26.0.12, executor 0, partition 0, NODE_LOCAL, 9003 bytes) 
26/08/14 00:13:13 INFO BlockManagerInfo: Added broadcast_141_piece0 in memory on 172.26.0.12:33791 (size: 6.1 KiB, free: 412.6 MiB)
26/08/14 00:13:13 INFO MapOutputTrackerMasterEndpoint: Asked to send map output locations for shuffle 64 to 172.26.0.12:37282
26/08/14 00:13:13 INFO TaskSetManager: Finished task 0.0 in stage 142.0 (TID 511) in 46 ms on 172.26.0.12 (executor 0) (1/1)
26/08/14 00:13:13 INFO TaskSchedulerImpl: Removed TaskSet 142.0, whose tasks have all completed, from pool 
26/08/14 00:13:13 INFO DAGScheduler: ResultStage 142 (call at /opt/spark/python/lib/py4j-0.10.9.7-src.zip/py4j/clientserver.py:617) finished in 0.062 s
26/08/14 00:13:13 INFO DAGScheduler: Job 77 is finished. Cancelling potential speculative or zombie tasks for this job
26/08/14 00:13:13 INFO TaskSchedulerImpl: Killing all running tasks in stage 142: Stage finished
26/08/14 00:13:13 INFO DAGScheduler: Job 77 finished: call at /opt/spark/python/lib/py4j-0.10.9.7-src.zip/py4j/clientserver.py:617, took 0.166365 s
26/08/14 00:13:13 INFO MapPartitionsRDD: Removing RDD 847 from persistence list
26/08/14 00:13:13 INFO BlockManager: Removing RDD 847
26/08/14 00:13:13 INFO WatermarkTracker: Updating event-time watermark from 1786666263535 to 1786666268819 ms
26/08/14 00:13:13 INFO CheckpointFileManager: Writing atomically to file:/opt/checkpoints/trips/commits/13 using temp file file:/opt/checkpoints/trips/commits/.13.b83a414e-17e5-46b3-a57b-b3e1c6381e33.tmp
26/08/14 00:13:13 INFO CheckpointFileManager: Renamed temp file file:/opt/checkpoints/trips/commits/.13.b83a414e-17e5-46b3-a57b-b3e1c6381e33.tmp to file:/opt/checkpoints/trips/commits/13
26/08/14 00:13:13 INFO MicroBatchExecution: Streaming query made progress: {
  "id" : "673700e1-7609-4c3e-bff3-65e01579062f",
  "runId" : "684f6ae2-98d1-4139-a900-0d86eb048f89",
  "name" : "trips-ingest-chaos_kill_cassandra_1",
  "timestamp" : "2026-08-14T00:13:08.881Z",
  "batchId" : 13,
  "numInputRows" : 4201,
  "inputRowsPerSecond" : 797.30499145948,
  "processedRowsPerSecond" : 941.0842293906809,
  "durationMs" : {
    "addBatch" : 4196,
    "commitOffsets" : 158,
    "getBatch" : 1,
    "latestOffset" : 17,
    "queryPlanning" : 42,
    "triggerExecution" : 4464,
    "walCommit" : 44
  },
  "eventTime" : {
    "avg" : "2026-08-14T00:13:04.763Z",
    "max" : "2026-08-14T00:13:08.819Z",
    "min" : "2026-08-14T00:13:00.663Z",
    "watermark" : "2026-08-14T00:11:03.535Z"
  },
  "stateOperators" : [ ],
  "sources" : [ {
    "description" : "KafkaV2[Subscribe[trips.raw]]",
    "startOffset" : {
      "trips.raw" : {
        "2" : 237469,
        "5" : 235838,
        "4" : 237097,
        "1" : 236994,
        "3" : 237102,
        "0" : 237062
      }
    },
    "endOffset" : {
      "trips.raw" : {
        "2" : 238132,
        "5" : 236539,
        "4" : 237804,
        "1" : 237709,
        "3" : 237834,
        "0" : 237745
      }
    },
    "latestOffset" : {
      "trips.raw" : {
        "2" : 238132,
        "5" : 236539,
        "4" : 237804,
        "1" : 237709,
        "3" : 237834,
        "0" : 237745
      }
    },
    "numInputRows" : 4201,
    "inputRowsPerSecond" : 797.30499145948,
    "processedRowsPerSecond" : 941.0842293906809,
    "metrics" : {
      "avgOffsetsBehindLatest" : "0.0",
      "maxOffsetsBehindLatest" : "0",
      "minOffsetsBehindLatest" : "0"
    }
  } ],
  "sink" : {
    "description" : "ForeachBatchSink",
    "numOutputRows" : -1
  }
}
26/08/14 00:13:13 INFO CheckpointFileManager: Writing atomically to file:/opt/checkpoints/trips/offsets/14 using temp file file:/opt/checkpoints/trips/offsets/.14.def86370-1433-43a9-ac89-6971554b9e14.tmp
26/08/14 00:13:13 INFO CheckpointFileManager: Renamed temp file file:/opt/checkpoints/trips/offsets/.14.def86370-1433-43a9-ac89-6971554b9e14.tmp to file:/opt/checkpoints/trips/offsets/14
26/08/14 00:13:13 INFO MicroBatchExecution: Committed offsets for batch 14. Metadata OffsetSeqMetadata(1786666268819,1786666393369,Map(spark.sql.streaming.stateStore.providerClass -> org.apache.spark.sql.execution.streaming.state.HDFSBackedStateStoreProvider, spark.sql.streaming.join.stateFormatVersion -> 2, spark.sql.streaming.stateStore.compression.codec -> lz4, spark.sql.streaming.stateStore.rocksdb.formatVersion -> 5, spark.sql.streaming.statefulOperator.useStrictDistribution -> true, spark.sql.streaming.flatMapGroupsWithState.stateFormatVersion -> 2, spark.sql.streaming.multipleWatermarkPolicy -> min, spark.sql.streaming.aggregation.stateFormatVersion -> 2, spark.sql.shuffle.partitions -> 6))
26/08/14 00:13:13 INFO BlockManagerInfo: Removed broadcast_139_piece0 on spark-driver:44031 in memory (size: 5.9 KiB, free: 191.1 MiB)
26/08/14 00:13:13 INFO BlockManagerInfo: Removed broadcast_139_piece0 on 172.26.0.12:33791 in memory (size: 5.9 KiB, free: 413.8 MiB)
26/08/14 00:13:13 INFO KafkaOffsetReaderAdmin: Partitions added: Map()
26/08/14 00:13:13 INFO KafkaOffsetReaderAdmin: Partitions added: Map()
26/08/14 00:13:13 INFO BlockManagerInfo: Removed broadcast_138_piece0 on spark-driver:44031 in memory (size: 35.3 KiB, free: 191.2 MiB)
26/08/14 00:13:13 INFO BlockManagerInfo: Removed broadcast_138_piece0 on 172.26.0.12:33791 in memory (size: 35.3 KiB, free: 413.9 MiB)
26/08/14 00:13:13 INFO BlockManagerInfo: Removed broadcast_138_piece0 on 172.26.0.13:37779 in memory (size: 35.3 KiB, free: 413.9 MiB)
26/08/14 00:13:13 INFO BlockManagerInfo: Removed broadcast_140_piece0 on spark-driver:44031 in memory (size: 24.8 KiB, free: 191.2 MiB)
26/08/14 00:13:13 INFO BlockManagerInfo: Removed broadcast_140_piece0 on 172.26.0.13:37779 in memory (size: 24.8 KiB, free: 413.9 MiB)
26/08/14 00:13:13 INFO BlockManagerInfo: Removed broadcast_140_piece0 on 172.26.0.12:33791 in memory (size: 24.8 KiB, free: 413.9 MiB)
26/08/14 00:13:13 INFO KafkaOffsetReaderAdmin: Partitions added: Map()
26/08/14 00:13:13 INFO KafkaOffsetReaderAdmin: Partitions added: Map()
26/08/14 00:13:13 INFO BlockManagerInfo: Removed broadcast_141_piece0 on spark-driver:44031 in memory (size: 6.1 KiB, free: 191.2 MiB)
26/08/14 00:13:13 INFO BlockManagerInfo: Removed broadcast_141_piece0 on 172.26.0.12:33791 in memory (size: 6.1 KiB, free: 413.9 MiB)
2026-08-14 00:13:13,506 INFO  [stream] Received command c on object id p0
26/08/14 00:13:13 INFO SparkContext: Starting job: count at <unknown>:0
26/08/14 00:13:13 INFO DAGScheduler: Registering RDD 921 (count at <unknown>:0) as input to shuffle 65
26/08/14 00:13:13 INFO DAGScheduler: Got job 78 (count at <unknown>:0) with 1 output partitions
26/08/14 00:13:13 INFO DAGScheduler: Final stage: ResultStage 144 (count at <unknown>:0)
26/08/14 00:13:13 INFO DAGScheduler: Parents of final stage: List(ShuffleMapStage 143)
26/08/14 00:13:13 INFO DAGScheduler: Missing parents: List(ShuffleMapStage 143)
26/08/14 00:13:13 INFO DAGScheduler: Submitting ShuffleMapStage 143 (MapPartitionsRDD[921] at count at <unknown>:0), which has no missing parents
26/08/14 00:13:13 INFO MemoryStore: Block broadcast_142 stored as values in memory (estimated size 64.6 KiB, free 191.1 MiB)
26/08/14 00:13:13 INFO MemoryStore: Block broadcast_142_piece0 stored as bytes in memory (estimated size 24.0 KiB, free 191.0 MiB)
26/08/14 00:13:13 INFO BlockManagerInfo: Added broadcast_142_piece0 in memory on spark-driver:44031 (size: 24.0 KiB, free: 191.2 MiB)
26/08/14 00:13:13 INFO SparkContext: Created broadcast 142 from broadcast at DAGScheduler.scala:1585
26/08/14 00:13:13 INFO DAGScheduler: Submitting 6 missing tasks from ShuffleMapStage 143 (MapPartitionsRDD[921] at count at <unknown>:0) (first 15 tasks are for partitions Vector(0, 1, 2, 3, 4, 5))
26/08/14 00:13:13 INFO TaskSchedulerImpl: Adding task set 143.0 with 6 tasks resource profile 0
26/08/14 00:13:13 INFO TaskSetManager: Starting task 0.0 in stage 143.0 (TID 512) (172.26.0.12, executor 0, partition 0, PROCESS_LOCAL, 9921 bytes) 
26/08/14 00:13:13 INFO TaskSetManager: Starting task 2.0 in stage 143.0 (TID 513) (172.26.0.13, executor 1, partition 2, PROCESS_LOCAL, 9921 bytes) 
26/08/14 00:13:13 INFO TaskSetManager: Starting task 1.0 in stage 143.0 (TID 514) (172.26.0.12, executor 0, partition 1, PROCESS_LOCAL, 9921 bytes) 
26/08/14 00:13:13 INFO TaskSetManager: Starting task 3.0 in stage 143.0 (TID 515) (172.26.0.13, executor 1, partition 3, PROCESS_LOCAL, 9921 bytes) 
26/08/14 00:13:13 INFO TaskSetManager: Starting task 5.0 in stage 143.0 (TID 516) (172.26.0.12, executor 0, partition 5, PROCESS_LOCAL, 9921 bytes) 
26/08/14 00:13:13 INFO TaskSetManager: Starting task 4.0 in stage 143.0 (TID 517) (172.26.0.13, executor 1, partition 4, PROCESS_LOCAL, 9921 bytes) 
26/08/14 00:13:13 INFO BlockManagerInfo: Added broadcast_142_piece0 in memory on 172.26.0.13:37779 (size: 24.0 KiB, free: 413.9 MiB)
26/08/14 00:13:13 INFO BlockManagerInfo: Added broadcast_142_piece0 in memory on 172.26.0.12:33791 (size: 24.0 KiB, free: 413.9 MiB)
26/08/14 00:13:13 INFO BlockManagerInfo: Added rdd_916_5 in memory on 172.26.0.12:33791 (size: 350.8 KiB, free: 413.5 MiB)
26/08/14 00:13:13 INFO BlockManagerInfo: Added rdd_916_1 in memory on 172.26.0.12:33791 (size: 392.0 KiB, free: 413.2 MiB)
26/08/14 00:13:13 INFO BlockManagerInfo: Added rdd_916_0 in memory on 172.26.0.12:33791 (size: 393.8 KiB, free: 412.8 MiB)
26/08/14 00:13:13 INFO TaskSetManager: Finished task 5.0 in stage 143.0 (TID 516) in 164 ms on 172.26.0.12 (executor 0) (1/6)
26/08/14 00:13:13 INFO BlockManagerInfo: Added rdd_916_4 in memory on 172.26.0.13:37779 (size: 347.3 KiB, free: 413.5 MiB)
26/08/14 00:13:13 INFO BlockManagerInfo: Added rdd_916_3 in memory on 172.26.0.13:37779 (size: 369.1 KiB, free: 413.2 MiB)
26/08/14 00:13:13 INFO BlockManagerInfo: Added rdd_916_2 in memory on 172.26.0.13:37779 (size: 360.5 KiB, free: 412.8 MiB)
26/08/14 00:13:13 INFO TaskSetManager: Finished task 3.0 in stage 143.0 (TID 515) in 177 ms on 172.26.0.13 (executor 1) (2/6)
26/08/14 00:13:13 INFO TaskSetManager: Finished task 1.0 in stage 143.0 (TID 514) in 178 ms on 172.26.0.12 (executor 0) (3/6)
26/08/14 00:13:13 INFO TaskSetManager: Finished task 0.0 in stage 143.0 (TID 512) in 180 ms on 172.26.0.12 (executor 0) (4/6)
26/08/14 00:13:13 INFO TaskSetManager: Finished task 4.0 in stage 143.0 (TID 517) in 178 ms on 172.26.0.13 (executor 1) (5/6)
26/08/14 00:13:13 INFO TaskSetManager: Finished task 2.0 in stage 143.0 (TID 513) in 182 ms on 172.26.0.13 (executor 1) (6/6)
26/08/14 00:13:13 INFO TaskSchedulerImpl: Removed TaskSet 143.0, whose tasks have all completed, from pool 
26/08/14 00:13:13 INFO DAGScheduler: ShuffleMapStage 143 (count at <unknown>:0) finished in 0.190 s
26/08/14 00:13:13 INFO DAGScheduler: looking for newly runnable stages
26/08/14 00:13:13 INFO DAGScheduler: running: Set()
26/08/14 00:13:13 INFO DAGScheduler: waiting: Set(ResultStage 144)
26/08/14 00:13:13 INFO DAGScheduler: failed: Set()
26/08/14 00:13:13 INFO DAGScheduler: Submitting ResultStage 144 (MapPartitionsRDD[924] at count at <unknown>:0), which has no missing parents
26/08/14 00:13:13 INFO MemoryStore: Block broadcast_143 stored as values in memory (estimated size 12.5 KiB, free 191.0 MiB)
26/08/14 00:13:13 INFO MemoryStore: Block broadcast_143_piece0 stored as bytes in memory (estimated size 5.9 KiB, free 191.0 MiB)
26/08/14 00:13:13 INFO BlockManagerInfo: Added broadcast_143_piece0 in memory on spark-driver:44031 (size: 5.9 KiB, free: 191.2 MiB)
26/08/14 00:13:13 INFO SparkContext: Created broadcast 143 from broadcast at DAGScheduler.scala:1585
26/08/14 00:13:13 INFO DAGScheduler: Submitting 1 missing tasks from ResultStage 144 (MapPartitionsRDD[924] at count at <unknown>:0) (first 15 tasks are for partitions Vector(0))
26/08/14 00:13:13 INFO TaskSchedulerImpl: Adding task set 144.0 with 1 tasks resource profile 0
26/08/14 00:13:13 INFO TaskSetManager: Starting task 0.0 in stage 144.0 (TID 518) (172.26.0.12, executor 0, partition 0, NODE_LOCAL, 9003 bytes) 
26/08/14 00:13:13 INFO BlockManagerInfo: Added broadcast_143_piece0 in memory on 172.26.0.12:33791 (size: 5.9 KiB, free: 412.8 MiB)
26/08/14 00:13:13 INFO MapOutputTrackerMasterEndpoint: Asked to send map output locations for shuffle 65 to 172.26.0.12:37282
26/08/14 00:13:13 INFO TaskSetManager: Finished task 0.0 in stage 144.0 (TID 518) in 18 ms on 172.26.0.12 (executor 0) (1/1)
26/08/14 00:13:13 INFO TaskSchedulerImpl: Removed TaskSet 144.0, whose tasks have all completed, from pool 
26/08/14 00:13:13 INFO DAGScheduler: ResultStage 144 (count at <unknown>:0) finished in 0.024 s
26/08/14 00:13:13 INFO DAGScheduler: Job 78 is finished. Cancelling potential speculative or zombie tasks for this job
26/08/14 00:13:13 INFO TaskSchedulerImpl: Killing all running tasks in stage 144: Stage finished
26/08/14 00:13:13 INFO DAGScheduler: Job 78 finished: count at <unknown>:0, took 0.218286 s
26/08/14 00:13:13 INFO SparkContext: Starting job: count at <unknown>:0
26/08/14 00:13:13 INFO DAGScheduler: Registering RDD 929 (count at <unknown>:0) as input to shuffle 66
26/08/14 00:13:13 INFO BlockManagerInfo: Removed broadcast_143_piece0 on spark-driver:44031 in memory (size: 5.9 KiB, free: 191.2 MiB)
26/08/14 00:13:13 INFO DAGScheduler: Got job 79 (count at <unknown>:0) with 1 output partitions
26/08/14 00:13:13 INFO DAGScheduler: Final stage: ResultStage 146 (count at <unknown>:0)
26/08/14 00:13:13 INFO DAGScheduler: Parents of final stage: List(ShuffleMapStage 145)
26/08/14 00:13:13 INFO DAGScheduler: Missing parents: List(ShuffleMapStage 145)
26/08/14 00:13:13 INFO BlockManagerInfo: Removed broadcast_143_piece0 on 172.26.0.12:33791 in memory (size: 5.9 KiB, free: 412.8 MiB)
26/08/14 00:13:13 INFO DAGScheduler: Submitting ShuffleMapStage 145 (MapPartitionsRDD[929] at count at <unknown>:0), which has no missing parents
26/08/14 00:13:13 INFO BlockManagerInfo: Removed broadcast_142_piece0 on spark-driver:44031 in memory (size: 24.0 KiB, free: 191.2 MiB)
26/08/14 00:13:13 INFO MemoryStore: Block broadcast_144 stored as values in memory (estimated size 64.9 KiB, free 191.1 MiB)
26/08/14 00:13:13 INFO BlockManagerInfo: Removed broadcast_142_piece0 on 172.26.0.12:33791 in memory (size: 24.0 KiB, free: 412.8 MiB)
26/08/14 00:13:13 INFO BlockManagerInfo: Removed broadcast_142_piece0 on 172.26.0.13:37779 in memory (size: 24.0 KiB, free: 412.8 MiB)
26/08/14 00:13:13 INFO MemoryStore: Block broadcast_144_piece0 stored as bytes in memory (estimated size 24.2 KiB, free 191.0 MiB)
26/08/14 00:13:13 INFO BlockManagerInfo: Added broadcast_144_piece0 in memory on spark-driver:44031 (size: 24.2 KiB, free: 191.2 MiB)
26/08/14 00:13:13 INFO SparkContext: Created broadcast 144 from broadcast at DAGScheduler.scala:1585
26/08/14 00:13:13 INFO DAGScheduler: Submitting 6 missing tasks from ShuffleMapStage 145 (MapPartitionsRDD[929] at count at <unknown>:0) (first 15 tasks are for partitions Vector(0, 1, 2, 3, 4, 5))
26/08/14 00:13:13 INFO TaskSchedulerImpl: Adding task set 145.0 with 6 tasks resource profile 0
26/08/14 00:13:13 INFO TaskSetManager: Starting task 0.0 in stage 145.0 (TID 519) (172.26.0.12, executor 0, partition 0, PROCESS_LOCAL, 9921 bytes) 
26/08/14 00:13:13 INFO TaskSetManager: Starting task 2.0 in stage 145.0 (TID 520) (172.26.0.13, executor 1, partition 2, PROCESS_LOCAL, 9921 bytes) 
26/08/14 00:13:13 INFO TaskSetManager: Starting task 1.0 in stage 145.0 (TID 521) (172.26.0.12, executor 0, partition 1, PROCESS_LOCAL, 9921 bytes) 
26/08/14 00:13:13 INFO TaskSetManager: Starting task 3.0 in stage 145.0 (TID 522) (172.26.0.13, executor 1, partition 3, PROCESS_LOCAL, 9921 bytes) 
26/08/14 00:13:13 INFO TaskSetManager: Starting task 5.0 in stage 145.0 (TID 523) (172.26.0.12, executor 0, partition 5, PROCESS_LOCAL, 9921 bytes) 
26/08/14 00:13:13 INFO TaskSetManager: Starting task 4.0 in stage 145.0 (TID 524) (172.26.0.13, executor 1, partition 4, PROCESS_LOCAL, 9921 bytes) 
26/08/14 00:13:13 INFO BlockManagerInfo: Added broadcast_144_piece0 in memory on 172.26.0.12:33791 (size: 24.2 KiB, free: 412.8 MiB)
26/08/14 00:13:13 INFO BlockManagerInfo: Added broadcast_144_piece0 in memory on 172.26.0.13:37779 (size: 24.2 KiB, free: 412.8 MiB)
26/08/14 00:13:13 INFO TaskSetManager: Finished task 0.0 in stage 145.0 (TID 519) in 15 ms on 172.26.0.12 (executor 0) (1/6)
26/08/14 00:13:13 INFO TaskSetManager: Finished task 1.0 in stage 145.0 (TID 521) in 15 ms on 172.26.0.12 (executor 0) (2/6)
26/08/14 00:13:13 INFO TaskSetManager: Finished task 5.0 in stage 145.0 (TID 523) in 15 ms on 172.26.0.12 (executor 0) (3/6)
26/08/14 00:13:13 INFO TaskSetManager: Finished task 3.0 in stage 145.0 (TID 522) in 21 ms on 172.26.0.13 (executor 1) (4/6)
26/08/14 00:13:13 INFO TaskSetManager: Finished task 4.0 in stage 145.0 (TID 524) in 21 ms on 172.26.0.13 (executor 1) (5/6)
26/08/14 00:13:13 INFO TaskSetManager: Finished task 2.0 in stage 145.0 (TID 520) in 21 ms on 172.26.0.13 (executor 1) (6/6)
26/08/14 00:13:13 INFO TaskSchedulerImpl: Removed TaskSet 145.0, whose tasks have all completed, from pool 
26/08/14 00:13:13 INFO DAGScheduler: ShuffleMapStage 145 (count at <unknown>:0) finished in 0.027 s
26/08/14 00:13:13 INFO DAGScheduler: looking for newly runnable stages
26/08/14 00:13:13 INFO DAGScheduler: running: Set()
26/08/14 00:13:13 INFO DAGScheduler: waiting: Set(ResultStage 146)
26/08/14 00:13:13 INFO DAGScheduler: failed: Set()
26/08/14 00:13:13 INFO DAGScheduler: Submitting ResultStage 146 (MapPartitionsRDD[932] at count at <unknown>:0), which has no missing parents
26/08/14 00:13:13 INFO MemoryStore: Block broadcast_145 stored as values in memory (estimated size 12.5 KiB, free 191.0 MiB)
26/08/14 00:13:13 INFO MemoryStore: Block broadcast_145_piece0 stored as bytes in memory (estimated size 5.9 KiB, free 191.0 MiB)
26/08/14 00:13:13 INFO BlockManagerInfo: Added broadcast_145_piece0 in memory on spark-driver:44031 (size: 5.9 KiB, free: 191.2 MiB)
26/08/14 00:13:13 INFO SparkContext: Created broadcast 145 from broadcast at DAGScheduler.scala:1585
26/08/14 00:13:13 INFO DAGScheduler: Submitting 1 missing tasks from ResultStage 146 (MapPartitionsRDD[932] at count at <unknown>:0) (first 15 tasks are for partitions Vector(0))
26/08/14 00:13:13 INFO TaskSchedulerImpl: Adding task set 146.0 with 1 tasks resource profile 0
26/08/14 00:13:13 INFO TaskSetManager: Starting task 0.0 in stage 146.0 (TID 525) (172.26.0.12, executor 0, partition 0, NODE_LOCAL, 9003 bytes) 
26/08/14 00:13:13 INFO BlockManagerInfo: Added broadcast_145_piece0 in memory on 172.26.0.12:33791 (size: 5.9 KiB, free: 412.8 MiB)
26/08/14 00:13:13 INFO MapOutputTrackerMasterEndpoint: Asked to send map output locations for shuffle 66 to 172.26.0.12:37282
26/08/14 00:13:13 INFO TaskSetManager: Finished task 0.0 in stage 146.0 (TID 525) in 22 ms on 172.26.0.12 (executor 0) (1/1)
26/08/14 00:13:13 INFO TaskSchedulerImpl: Removed TaskSet 146.0, whose tasks have all completed, from pool 
26/08/14 00:13:13 INFO DAGScheduler: ResultStage 146 (count at <unknown>:0) finished in 0.026 s
26/08/14 00:13:13 INFO DAGScheduler: Job 79 is finished. Cancelling potential speculative or zombie tasks for this job
26/08/14 00:13:13 INFO TaskSchedulerImpl: Killing all running tasks in stage 146: Stage finished
26/08/14 00:13:13 INFO DAGScheduler: Job 79 finished: count at <unknown>:0, took 0.056090 s
26/08/14 00:13:13 INFO CodeGenerator: Code generated in 11.970625 ms
26/08/14 00:13:13 INFO DefaultCachedBatchSerializer: Predicate isnotnull(event_time#89-T120000ms) generates partition filter: ((event_time.count#45561 - event_time.nullCount#45560) > 0)
26/08/14 00:13:13 INFO DefaultCachedBatchSerializer: Predicate (event_time#89-T120000ms < 2026-08-14 00:11:08.819) generates partition filter: (event_time.lowerBound#45559 < 2026-08-14 00:11:08.819)
26/08/14 00:13:13 INFO SparkContext: Starting job: count at <unknown>:0
26/08/14 00:13:13 INFO DAGScheduler: Registering RDD 937 (count at <unknown>:0) as input to shuffle 67
26/08/14 00:13:13 INFO DAGScheduler: Got job 80 (count at <unknown>:0) with 1 output partitions
26/08/14 00:13:13 INFO DAGScheduler: Final stage: ResultStage 148 (count at <unknown>:0)
26/08/14 00:13:13 INFO DAGScheduler: Parents of final stage: List(ShuffleMapStage 147)
26/08/14 00:13:13 INFO DAGScheduler: Missing parents: List(ShuffleMapStage 147)
26/08/14 00:13:13 INFO DAGScheduler: Submitting ShuffleMapStage 147 (MapPartitionsRDD[937] at count at <unknown>:0), which has no missing parents
26/08/14 00:13:13 INFO MemoryStore: Block broadcast_146 stored as values in memory (estimated size 67.2 KiB, free 191.0 MiB)
26/08/14 00:13:13 INFO MemoryStore: Block broadcast_146_piece0 stored as bytes in memory (estimated size 25.6 KiB, free 190.9 MiB)
26/08/14 00:13:13 INFO BlockManagerInfo: Added broadcast_146_piece0 in memory on spark-driver:44031 (size: 25.6 KiB, free: 191.1 MiB)
26/08/14 00:13:13 INFO SparkContext: Created broadcast 146 from broadcast at DAGScheduler.scala:1585
26/08/14 00:13:13 INFO DAGScheduler: Submitting 6 missing tasks from ShuffleMapStage 147 (MapPartitionsRDD[937] at count at <unknown>:0) (first 15 tasks are for partitions Vector(0, 1, 2, 3, 4, 5))
26/08/14 00:13:13 INFO TaskSchedulerImpl: Adding task set 147.0 with 6 tasks resource profile 0
26/08/14 00:13:13 INFO TaskSetManager: Starting task 0.0 in stage 147.0 (TID 526) (172.26.0.12, executor 0, partition 0, PROCESS_LOCAL, 9921 bytes) 
26/08/14 00:13:13 INFO TaskSetManager: Starting task 2.0 in stage 147.0 (TID 527) (172.26.0.13, executor 1, partition 2, PROCESS_LOCAL, 9921 bytes) 
26/08/14 00:13:13 INFO TaskSetManager: Starting task 1.0 in stage 147.0 (TID 528) (172.26.0.12, executor 0, partition 1, PROCESS_LOCAL, 9921 bytes) 
26/08/14 00:13:13 INFO TaskSetManager: Starting task 3.0 in stage 147.0 (TID 529) (172.26.0.13, executor 1, partition 3, PROCESS_LOCAL, 9921 bytes) 
26/08/14 00:13:13 INFO TaskSetManager: Starting task 5.0 in stage 147.0 (TID 530) (172.26.0.12, executor 0, partition 5, PROCESS_LOCAL, 9921 bytes) 
26/08/14 00:13:13 INFO TaskSetManager: Starting task 4.0 in stage 147.0 (TID 531) (172.26.0.13, executor 1, partition 4, PROCESS_LOCAL, 9921 bytes) 
26/08/14 00:13:13 INFO BlockManagerInfo: Added broadcast_146_piece0 in memory on 172.26.0.12:33791 (size: 25.6 KiB, free: 412.7 MiB)
26/08/14 00:13:13 INFO BlockManagerInfo: Added broadcast_146_piece0 in memory on 172.26.0.13:37779 (size: 25.6 KiB, free: 412.8 MiB)
26/08/14 00:13:13 INFO TaskSetManager: Finished task 4.0 in stage 147.0 (TID 531) in 51 ms on 172.26.0.13 (executor 1) (1/6)
26/08/14 00:13:13 INFO TaskSetManager: Finished task 2.0 in stage 147.0 (TID 527) in 54 ms on 172.26.0.13 (executor 1) (2/6)
26/08/14 00:13:13 INFO TaskSetManager: Finished task 3.0 in stage 147.0 (TID 529) in 54 ms on 172.26.0.13 (executor 1) (3/6)
26/08/14 00:13:13 INFO TaskSetManager: Finished task 0.0 in stage 147.0 (TID 526) in 54 ms on 172.26.0.12 (executor 0) (4/6)
26/08/14 00:13:13 INFO TaskSetManager: Finished task 1.0 in stage 147.0 (TID 528) in 55 ms on 172.26.0.12 (executor 0) (5/6)
26/08/14 00:13:14 INFO TaskSetManager: Finished task 5.0 in stage 147.0 (TID 530) in 57 ms on 172.26.0.12 (executor 0) (6/6)
26/08/14 00:13:14 INFO TaskSchedulerImpl: Removed TaskSet 147.0, whose tasks have all completed, from pool 
26/08/14 00:13:14 INFO DAGScheduler: ShuffleMapStage 147 (count at <unknown>:0) finished in 0.062 s
26/08/14 00:13:14 INFO DAGScheduler: looking for newly runnable stages
26/08/14 00:13:14 INFO DAGScheduler: running: Set()
26/08/14 00:13:14 INFO DAGScheduler: waiting: Set(ResultStage 148)
26/08/14 00:13:14 INFO DAGScheduler: failed: Set()
26/08/14 00:13:14 INFO DAGScheduler: Submitting ResultStage 148 (MapPartitionsRDD[940] at count at <unknown>:0), which has no missing parents
26/08/14 00:13:14 INFO MemoryStore: Block broadcast_147 stored as values in memory (estimated size 12.5 KiB, free 190.9 MiB)
26/08/14 00:13:14 INFO MemoryStore: Block broadcast_147_piece0 stored as bytes in memory (estimated size 5.9 KiB, free 190.9 MiB)
26/08/14 00:13:14 INFO BlockManagerInfo: Added broadcast_147_piece0 in memory on spark-driver:44031 (size: 5.9 KiB, free: 191.1 MiB)
26/08/14 00:13:14 INFO SparkContext: Created broadcast 147 from broadcast at DAGScheduler.scala:1585
26/08/14 00:13:14 INFO DAGScheduler: Submitting 1 missing tasks from ResultStage 148 (MapPartitionsRDD[940] at count at <unknown>:0) (first 15 tasks are for partitions Vector(0))
26/08/14 00:13:14 INFO TaskSchedulerImpl: Adding task set 148.0 with 1 tasks resource profile 0
26/08/14 00:13:14 INFO TaskSetManager: Starting task 0.0 in stage 148.0 (TID 532) (172.26.0.12, executor 0, partition 0, NODE_LOCAL, 9003 bytes) 
26/08/14 00:13:14 INFO BlockManagerInfo: Added broadcast_147_piece0 in memory on 172.26.0.12:33791 (size: 5.9 KiB, free: 412.7 MiB)
26/08/14 00:13:14 INFO MapOutputTrackerMasterEndpoint: Asked to send map output locations for shuffle 67 to 172.26.0.12:37282
26/08/14 00:13:14 INFO TaskSetManager: Finished task 0.0 in stage 148.0 (TID 532) in 24 ms on 172.26.0.12 (executor 0) (1/1)
26/08/14 00:13:14 INFO TaskSchedulerImpl: Removed TaskSet 148.0, whose tasks have all completed, from pool 
26/08/14 00:13:14 INFO DAGScheduler: ResultStage 148 (count at <unknown>:0) finished in 0.030 s
26/08/14 00:13:14 INFO DAGScheduler: Job 80 is finished. Cancelling potential speculative or zombie tasks for this job
26/08/14 00:13:14 INFO TaskSchedulerImpl: Killing all running tasks in stage 148: Stage finished
26/08/14 00:13:14 INFO DAGScheduler: Job 80 finished: count at <unknown>:0, took 0.096093 s
26/08/14 00:13:14 INFO BlockManagerInfo: Removed broadcast_147_piece0 on spark-driver:44031 in memory (size: 5.9 KiB, free: 191.1 MiB)
26/08/14 00:13:14 INFO BlockManagerInfo: Removed broadcast_147_piece0 on 172.26.0.12:33791 in memory (size: 5.9 KiB, free: 412.7 MiB)
26/08/14 00:13:14 INFO BlockManagerInfo: Removed broadcast_146_piece0 on spark-driver:44031 in memory (size: 25.6 KiB, free: 191.2 MiB)
26/08/14 00:13:14 INFO BlockManagerInfo: Removed broadcast_146_piece0 on 172.26.0.13:37779 in memory (size: 25.6 KiB, free: 412.8 MiB)
26/08/14 00:13:14 INFO BlockManagerInfo: Removed broadcast_146_piece0 on 172.26.0.12:33791 in memory (size: 25.6 KiB, free: 412.8 MiB)
26/08/14 00:13:14 INFO BlockManagerInfo: Removed broadcast_145_piece0 on spark-driver:44031 in memory (size: 5.9 KiB, free: 191.2 MiB)
26/08/14 00:13:14 INFO BlockManagerInfo: Removed broadcast_145_piece0 on 172.26.0.12:33791 in memory (size: 5.9 KiB, free: 412.8 MiB)
26/08/14 00:13:14 INFO BlockManagerInfo: Removed broadcast_144_piece0 on spark-driver:44031 in memory (size: 24.2 KiB, free: 191.2 MiB)
26/08/14 00:13:14 INFO BlockManagerInfo: Removed broadcast_144_piece0 on 172.26.0.12:33791 in memory (size: 24.2 KiB, free: 412.8 MiB)
26/08/14 00:13:14 INFO BlockManagerInfo: Removed broadcast_144_piece0 on 172.26.0.13:37779 in memory (size: 24.2 KiB, free: 412.8 MiB)
26/08/14 00:13:14 INFO DefaultCachedBatchSerializer: Predicate isnotnull(kind#46118) generates partition filter: ((kind.count#46187 - kind.nullCount#46186) > 0)
26/08/14 00:13:14 INFO DefaultCachedBatchSerializer: Predicate (kind#46118 = stats) generates partition filter: ((kind.lowerBound#46185 <= stats) AND (stats <= kind.upperBound#46184))
26/08/14 00:13:14 INFO SparkContext: Starting job: call at /opt/spark/python/lib/py4j-0.10.9.7-src.zip/py4j/clientserver.py:617
26/08/14 00:13:14 INFO DAGScheduler: Got job 81 (call at /opt/spark/python/lib/py4j-0.10.9.7-src.zip/py4j/clientserver.py:617) with 6 output partitions
26/08/14 00:13:14 INFO DAGScheduler: Final stage: ResultStage 149 (call at /opt/spark/python/lib/py4j-0.10.9.7-src.zip/py4j/clientserver.py:617)
26/08/14 00:13:14 INFO DAGScheduler: Parents of final stage: List()
26/08/14 00:13:14 INFO DAGScheduler: Missing parents: List()
26/08/14 00:13:14 INFO DAGScheduler: Submitting ResultStage 149 (MapPartitionsRDD[959] at call at /opt/spark/python/lib/py4j-0.10.9.7-src.zip/py4j/clientserver.py:617), which has no missing parents
26/08/14 00:13:14 INFO MemoryStore: Block broadcast_148 stored as values in memory (estimated size 90.0 KiB, free 191.0 MiB)
26/08/14 00:13:14 INFO MemoryStore: Block broadcast_148_piece0 stored as bytes in memory (estimated size 34.0 KiB, free 191.0 MiB)
26/08/14 00:13:14 INFO BlockManagerInfo: Added broadcast_148_piece0 in memory on spark-driver:44031 (size: 34.0 KiB, free: 191.2 MiB)
26/08/14 00:13:14 INFO SparkContext: Created broadcast 148 from broadcast at DAGScheduler.scala:1585
26/08/14 00:13:14 INFO DAGScheduler: Submitting 6 missing tasks from ResultStage 149 (MapPartitionsRDD[959] at call at /opt/spark/python/lib/py4j-0.10.9.7-src.zip/py4j/clientserver.py:617) (first 15 tasks are for partitions Vector(0, 1, 2, 3, 4, 5))
26/08/14 00:13:14 INFO TaskSchedulerImpl: Adding task set 149.0 with 6 tasks resource profile 0
26/08/14 00:13:14 INFO TaskSetManager: Starting task 0.0 in stage 149.0 (TID 533) (172.26.0.12, executor 0, partition 0, PROCESS_LOCAL, 9932 bytes) 
26/08/14 00:13:14 INFO TaskSetManager: Starting task 2.0 in stage 149.0 (TID 534) (172.26.0.13, executor 1, partition 2, PROCESS_LOCAL, 9932 bytes) 
26/08/14 00:13:14 INFO TaskSetManager: Starting task 1.0 in stage 149.0 (TID 535) (172.26.0.12, executor 0, partition 1, PROCESS_LOCAL, 9932 bytes) 
26/08/14 00:13:14 INFO TaskSetManager: Starting task 3.0 in stage 149.0 (TID 536) (172.26.0.13, executor 1, partition 3, PROCESS_LOCAL, 9932 bytes) 
26/08/14 00:13:14 INFO TaskSetManager: Starting task 5.0 in stage 149.0 (TID 537) (172.26.0.12, executor 0, partition 5, PROCESS_LOCAL, 9932 bytes) 
26/08/14 00:13:14 INFO TaskSetManager: Starting task 4.0 in stage 149.0 (TID 538) (172.26.0.13, executor 1, partition 4, PROCESS_LOCAL, 9932 bytes) 
26/08/14 00:13:14 INFO BlockManagerInfo: Added broadcast_148_piece0 in memory on 172.26.0.13:37779 (size: 34.0 KiB, free: 412.8 MiB)
26/08/14 00:13:14 INFO BlockManagerInfo: Added broadcast_148_piece0 in memory on 172.26.0.12:33791 (size: 34.0 KiB, free: 412.8 MiB)
26/08/14 00:13:15 INFO BlockManagerInfo: Added rdd_954_4 in memory on 172.26.0.13:37779 (size: 1808.0 B, free: 412.8 MiB)
26/08/14 00:13:15 INFO BlockManagerInfo: Added rdd_954_2 in memory on 172.26.0.13:37779 (size: 1808.0 B, free: 412.8 MiB)
26/08/14 00:13:15 INFO TaskSetManager: Finished task 2.0 in stage 149.0 (TID 534) in 1280 ms on 172.26.0.13 (executor 1) (1/6)
26/08/14 00:13:15 INFO TaskSetManager: Finished task 4.0 in stage 149.0 (TID 538) in 1280 ms on 172.26.0.13 (executor 1) (2/6)
26/08/14 00:13:15 INFO BlockManagerInfo: Added rdd_954_5 in memory on 172.26.0.12:33791 (size: 1808.0 B, free: 412.8 MiB)
26/08/14 00:13:15 INFO TaskSetManager: Finished task 5.0 in stage 149.0 (TID 537) in 1360 ms on 172.26.0.12 (executor 0) (3/6)
26/08/14 00:13:15 INFO BlockManagerInfo: Added rdd_954_3 in memory on 172.26.0.13:37779 (size: 1808.0 B, free: 412.8 MiB)
26/08/14 00:13:15 INFO TaskSetManager: Finished task 3.0 in stage 149.0 (TID 536) in 1477 ms on 172.26.0.13 (executor 1) (4/6)
26/08/14 00:13:15 INFO BlockManagerInfo: Added rdd_954_1 in memory on 172.26.0.12:33791 (size: 1808.0 B, free: 412.8 MiB)
26/08/14 00:13:15 INFO BlockManagerInfo: Added rdd_954_0 in memory on 172.26.0.12:33791 (size: 1808.0 B, free: 412.8 MiB)
26/08/14 00:13:15 INFO TaskSetManager: Finished task 1.0 in stage 149.0 (TID 535) in 1508 ms on 172.26.0.12 (executor 0) (5/6)
26/08/14 00:13:15 INFO TaskSetManager: Finished task 0.0 in stage 149.0 (TID 533) in 1517 ms on 172.26.0.12 (executor 0) (6/6)
26/08/14 00:13:15 INFO TaskSchedulerImpl: Removed TaskSet 149.0, whose tasks have all completed, from pool 
26/08/14 00:13:15 INFO DAGScheduler: ResultStage 149 (call at /opt/spark/python/lib/py4j-0.10.9.7-src.zip/py4j/clientserver.py:617) finished in 1.525 s
26/08/14 00:13:15 INFO DAGScheduler: Job 81 is finished. Cancelling potential speculative or zombie tasks for this job
26/08/14 00:13:15 INFO TaskSchedulerImpl: Killing all running tasks in stage 149: Stage finished
26/08/14 00:13:15 INFO DAGScheduler: Job 81 finished: call at /opt/spark/python/lib/py4j-0.10.9.7-src.zip/py4j/clientserver.py:617, took 1.533808 s
26/08/14 00:13:15 INFO DefaultCachedBatchSerializer: Predicate isnotnull(kind#46118) generates partition filter: ((kind.count#46270 - kind.nullCount#46269) > 0)
26/08/14 00:13:15 INFO DefaultCachedBatchSerializer: Predicate (kind#46118 = dlq) generates partition filter: ((kind.lowerBound#46268 <= dlq) AND (dlq <= kind.upperBound#46267))
26/08/14 00:13:15 INFO SparkContext: Starting job: count at <unknown>:0
26/08/14 00:13:15 INFO DAGScheduler: Registering RDD 964 (count at <unknown>:0) as input to shuffle 68
26/08/14 00:13:15 INFO DAGScheduler: Got job 82 (count at <unknown>:0) with 1 output partitions
26/08/14 00:13:15 INFO DAGScheduler: Final stage: ResultStage 151 (count at <unknown>:0)
26/08/14 00:13:15 INFO DAGScheduler: Parents of final stage: List(ShuffleMapStage 150)
26/08/14 00:13:15 INFO DAGScheduler: Missing parents: List(ShuffleMapStage 150)
26/08/14 00:13:15 INFO DAGScheduler: Submitting ShuffleMapStage 150 (MapPartitionsRDD[964] at count at <unknown>:0), which has no missing parents
26/08/14 00:13:15 INFO MemoryStore: Block broadcast_149 stored as values in memory (estimated size 92.2 KiB, free 190.9 MiB)
26/08/14 00:13:15 INFO MemoryStore: Block broadcast_149_piece0 stored as bytes in memory (estimated size 35.3 KiB, free 190.9 MiB)
26/08/14 00:13:15 INFO BlockManagerInfo: Added broadcast_149_piece0 in memory on spark-driver:44031 (size: 35.3 KiB, free: 191.1 MiB)
26/08/14 00:13:15 INFO SparkContext: Created broadcast 149 from broadcast at DAGScheduler.scala:1585
26/08/14 00:13:15 INFO DAGScheduler: Submitting 6 missing tasks from ShuffleMapStage 150 (MapPartitionsRDD[964] at count at <unknown>:0) (first 15 tasks are for partitions Vector(0, 1, 2, 3, 4, 5))
26/08/14 00:13:15 INFO TaskSchedulerImpl: Adding task set 150.0 with 6 tasks resource profile 0
26/08/14 00:13:15 INFO TaskSetManager: Starting task 0.0 in stage 150.0 (TID 539) (172.26.0.12, executor 0, partition 0, PROCESS_LOCAL, 9921 bytes) 
26/08/14 00:13:15 INFO TaskSetManager: Starting task 2.0 in stage 150.0 (TID 540) (172.26.0.13, executor 1, partition 2, PROCESS_LOCAL, 9921 bytes) 
26/08/14 00:13:15 INFO TaskSetManager: Starting task 1.0 in stage 150.0 (TID 541) (172.26.0.12, executor 0, partition 1, PROCESS_LOCAL, 9921 bytes) 
26/08/14 00:13:15 INFO TaskSetManager: Starting task 3.0 in stage 150.0 (TID 542) (172.26.0.13, executor 1, partition 3, PROCESS_LOCAL, 9921 bytes) 
26/08/14 00:13:15 INFO TaskSetManager: Starting task 5.0 in stage 150.0 (TID 543) (172.26.0.12, executor 0, partition 5, PROCESS_LOCAL, 9921 bytes) 
26/08/14 00:13:15 INFO TaskSetManager: Starting task 4.0 in stage 150.0 (TID 544) (172.26.0.13, executor 1, partition 4, PROCESS_LOCAL, 9921 bytes) 
26/08/14 00:13:15 INFO BlockManagerInfo: Added broadcast_149_piece0 in memory on 172.26.0.13:37779 (size: 35.3 KiB, free: 412.8 MiB)
26/08/14 00:13:15 INFO BlockManagerInfo: Added broadcast_149_piece0 in memory on 172.26.0.12:33791 (size: 35.3 KiB, free: 412.7 MiB)
26/08/14 00:13:15 INFO TaskSetManager: Finished task 3.0 in stage 150.0 (TID 542) in 69 ms on 172.26.0.13 (executor 1) (1/6)
26/08/14 00:13:15 INFO TaskSetManager: Finished task 4.0 in stage 150.0 (TID 544) in 68 ms on 172.26.0.13 (executor 1) (2/6)
26/08/14 00:13:15 INFO TaskSetManager: Finished task 5.0 in stage 150.0 (TID 543) in 69 ms on 172.26.0.12 (executor 0) (3/6)
26/08/14 00:13:15 INFO TaskSetManager: Finished task 0.0 in stage 150.0 (TID 539) in 70 ms on 172.26.0.12 (executor 0) (4/6)
26/08/14 00:13:15 INFO TaskSetManager: Finished task 2.0 in stage 150.0 (TID 540) in 70 ms on 172.26.0.13 (executor 1) (5/6)
26/08/14 00:13:15 INFO TaskSetManager: Finished task 1.0 in stage 150.0 (TID 541) in 70 ms on 172.26.0.12 (executor 0) (6/6)
26/08/14 00:13:15 INFO TaskSchedulerImpl: Removed TaskSet 150.0, whose tasks have all completed, from pool 
26/08/14 00:13:15 INFO DAGScheduler: ShuffleMapStage 150 (count at <unknown>:0) finished in 0.091 s
26/08/14 00:13:15 INFO DAGScheduler: looking for newly runnable stages
26/08/14 00:13:15 INFO DAGScheduler: running: Set()
26/08/14 00:13:15 INFO DAGScheduler: waiting: Set(ResultStage 151)
26/08/14 00:13:15 INFO DAGScheduler: failed: Set()
26/08/14 00:13:15 INFO DAGScheduler: Submitting ResultStage 151 (MapPartitionsRDD[967] at count at <unknown>:0), which has no missing parents
26/08/14 00:13:15 INFO MemoryStore: Block broadcast_150 stored as values in memory (estimated size 12.5 KiB, free 190.9 MiB)
26/08/14 00:13:15 INFO MemoryStore: Block broadcast_150_piece0 stored as bytes in memory (estimated size 5.9 KiB, free 190.9 MiB)
26/08/14 00:13:15 INFO BlockManagerInfo: Added broadcast_150_piece0 in memory on spark-driver:44031 (size: 5.9 KiB, free: 191.1 MiB)
26/08/14 00:13:15 INFO SparkContext: Created broadcast 150 from broadcast at DAGScheduler.scala:1585
26/08/14 00:13:15 INFO DAGScheduler: Submitting 1 missing tasks from ResultStage 151 (MapPartitionsRDD[967] at count at <unknown>:0) (first 15 tasks are for partitions Vector(0))
26/08/14 00:13:15 INFO TaskSchedulerImpl: Adding task set 151.0 with 1 tasks resource profile 0
26/08/14 00:13:15 INFO TaskSetManager: Starting task 0.0 in stage 151.0 (TID 545) (172.26.0.12, executor 0, partition 0, NODE_LOCAL, 9003 bytes) 
26/08/14 00:13:15 INFO BlockManagerInfo: Added broadcast_150_piece0 in memory on 172.26.0.12:33791 (size: 5.9 KiB, free: 412.7 MiB)
26/08/14 00:13:15 INFO MapOutputTrackerMasterEndpoint: Asked to send map output locations for shuffle 68 to 172.26.0.12:37282
26/08/14 00:13:15 INFO TaskSetManager: Finished task 0.0 in stage 151.0 (TID 545) in 36 ms on 172.26.0.12 (executor 0) (1/1)
26/08/14 00:13:15 INFO TaskSchedulerImpl: Removed TaskSet 151.0, whose tasks have all completed, from pool 
26/08/14 00:13:15 INFO DAGScheduler: ResultStage 151 (count at <unknown>:0) finished in 0.056 s
26/08/14 00:13:15 INFO DAGScheduler: Job 82 is finished. Cancelling potential speculative or zombie tasks for this job
26/08/14 00:13:15 INFO TaskSchedulerImpl: Killing all running tasks in stage 151: Stage finished
26/08/14 00:13:15 INFO DAGScheduler: Job 82 finished: count at <unknown>:0, took 0.151840 s
26/08/14 00:13:15 INFO MapPartitionsRDD: Removing RDD 954 from persistence list
26/08/14 00:13:15 INFO BlockManager: Removing RDD 954
26/08/14 00:13:15 INFO BlockManagerInfo: Removed broadcast_148_piece0 on spark-driver:44031 in memory (size: 34.0 KiB, free: 191.1 MiB)
26/08/14 00:13:15 INFO BlockManagerInfo: Removed broadcast_148_piece0 on 172.26.0.12:33791 in memory (size: 34.0 KiB, free: 412.8 MiB)
26/08/14 00:13:15 INFO BlockManagerInfo: Removed broadcast_148_piece0 on 172.26.0.13:37779 in memory (size: 34.0 KiB, free: 412.8 MiB)
26/08/14 00:13:15 INFO BlockManagerInfo: Removed broadcast_150_piece0 on spark-driver:44031 in memory (size: 5.9 KiB, free: 191.2 MiB)
26/08/14 00:13:16 INFO BlockManagerInfo: Removed broadcast_150_piece0 on 172.26.0.12:33791 in memory (size: 5.9 KiB, free: 412.8 MiB)
26/08/14 00:13:16 INFO BlockManagerInfo: Removed broadcast_149_piece0 on spark-driver:44031 in memory (size: 35.3 KiB, free: 191.2 MiB)
26/08/14 00:13:16 INFO BlockManagerInfo: Removed broadcast_149_piece0 on 172.26.0.13:37779 in memory (size: 35.3 KiB, free: 412.8 MiB)
26/08/14 00:13:16 INFO SparkContext: Starting job: call at /opt/spark/python/lib/py4j-0.10.9.7-src.zip/py4j/clientserver.py:617
26/08/14 00:13:16 INFO DAGScheduler: Registering RDD 972 (call at /opt/spark/python/lib/py4j-0.10.9.7-src.zip/py4j/clientserver.py:617) as input to shuffle 69
26/08/14 00:13:16 INFO DAGScheduler: Got job 83 (call at /opt/spark/python/lib/py4j-0.10.9.7-src.zip/py4j/clientserver.py:617) with 1 output partitions
26/08/14 00:13:16 INFO DAGScheduler: Final stage: ResultStage 153 (call at /opt/spark/python/lib/py4j-0.10.9.7-src.zip/py4j/clientserver.py:617)
26/08/14 00:13:16 INFO DAGScheduler: Parents of final stage: List(ShuffleMapStage 152)
26/08/14 00:13:16 INFO DAGScheduler: Missing parents: List(ShuffleMapStage 152)
26/08/14 00:13:16 INFO DAGScheduler: Submitting ShuffleMapStage 152 (MapPartitionsRDD[972] at call at /opt/spark/python/lib/py4j-0.10.9.7-src.zip/py4j/clientserver.py:617), which has no missing parents
26/08/14 00:13:16 INFO BlockManagerInfo: Removed broadcast_149_piece0 on 172.26.0.12:33791 in memory (size: 35.3 KiB, free: 412.8 MiB)
26/08/14 00:13:16 INFO MemoryStore: Block broadcast_151 stored as values in memory (estimated size 66.2 KiB, free 191.1 MiB)
26/08/14 00:13:16 INFO MemoryStore: Block broadcast_151_piece0 stored as bytes in memory (estimated size 24.7 KiB, free 191.0 MiB)
26/08/14 00:13:16 INFO BlockManagerInfo: Added broadcast_151_piece0 in memory on spark-driver:44031 (size: 24.7 KiB, free: 191.2 MiB)
26/08/14 00:13:16 INFO SparkContext: Created broadcast 151 from broadcast at DAGScheduler.scala:1585
26/08/14 00:13:16 INFO DAGScheduler: Submitting 6 missing tasks from ShuffleMapStage 152 (MapPartitionsRDD[972] at call at /opt/spark/python/lib/py4j-0.10.9.7-src.zip/py4j/clientserver.py:617) (first 15 tasks are for partitions Vector(0, 1, 2, 3, 4, 5))
26/08/14 00:13:16 INFO TaskSchedulerImpl: Adding task set 152.0 with 6 tasks resource profile 0
26/08/14 00:13:16 INFO TaskSetManager: Starting task 2.0 in stage 152.0 (TID 546) (172.26.0.13, executor 1, partition 2, PROCESS_LOCAL, 9921 bytes) 
26/08/14 00:13:16 INFO TaskSetManager: Starting task 0.0 in stage 152.0 (TID 547) (172.26.0.12, executor 0, partition 0, PROCESS_LOCAL, 9921 bytes) 
26/08/14 00:13:16 INFO TaskSetManager: Starting task 3.0 in stage 152.0 (TID 548) (172.26.0.13, executor 1, partition 3, PROCESS_LOCAL, 9921 bytes) 
26/08/14 00:13:16 INFO TaskSetManager: Starting task 1.0 in stage 152.0 (TID 549) (172.26.0.12, executor 0, partition 1, PROCESS_LOCAL, 9921 bytes) 
26/08/14 00:13:16 INFO TaskSetManager: Starting task 4.0 in stage 152.0 (TID 550) (172.26.0.13, executor 1, partition 4, PROCESS_LOCAL, 9921 bytes) 
26/08/14 00:13:16 INFO TaskSetManager: Starting task 5.0 in stage 152.0 (TID 551) (172.26.0.12, executor 0, partition 5, PROCESS_LOCAL, 9921 bytes) 
26/08/14 00:13:16 INFO BlockManagerInfo: Added broadcast_151_piece0 in memory on 172.26.0.13:37779 (size: 24.7 KiB, free: 412.8 MiB)
26/08/14 00:13:16 INFO BlockManagerInfo: Added broadcast_151_piece0 in memory on 172.26.0.12:33791 (size: 24.7 KiB, free: 412.8 MiB)
26/08/14 00:13:16 INFO TaskSetManager: Finished task 0.0 in stage 152.0 (TID 547) in 41 ms on 172.26.0.12 (executor 0) (1/6)
26/08/14 00:13:16 INFO TaskSetManager: Finished task 5.0 in stage 152.0 (TID 551) in 40 ms on 172.26.0.12 (executor 0) (2/6)
26/08/14 00:13:16 INFO TaskSetManager: Finished task 1.0 in stage 152.0 (TID 549) in 41 ms on 172.26.0.12 (executor 0) (3/6)
26/08/14 00:13:16 INFO TaskSetManager: Finished task 2.0 in stage 152.0 (TID 546) in 53 ms on 172.26.0.13 (executor 1) (4/6)
26/08/14 00:13:16 INFO TaskSetManager: Finished task 3.0 in stage 152.0 (TID 548) in 53 ms on 172.26.0.13 (executor 1) (5/6)
26/08/14 00:13:16 INFO TaskSetManager: Finished task 4.0 in stage 152.0 (TID 550) in 53 ms on 172.26.0.13 (executor 1) (6/6)
26/08/14 00:13:16 INFO TaskSchedulerImpl: Removed TaskSet 152.0, whose tasks have all completed, from pool 
26/08/14 00:13:16 INFO DAGScheduler: ShuffleMapStage 152 (call at /opt/spark/python/lib/py4j-0.10.9.7-src.zip/py4j/clientserver.py:617) finished in 0.075 s
26/08/14 00:13:16 INFO DAGScheduler: looking for newly runnable stages
26/08/14 00:13:16 INFO DAGScheduler: running: Set()
26/08/14 00:13:16 INFO DAGScheduler: waiting: Set(ResultStage 153)
26/08/14 00:13:16 INFO DAGScheduler: failed: Set()
26/08/14 00:13:16 INFO DAGScheduler: Submitting ResultStage 153 (MapPartitionsRDD[975] at call at /opt/spark/python/lib/py4j-0.10.9.7-src.zip/py4j/clientserver.py:617), which has no missing parents
26/08/14 00:13:16 INFO MemoryStore: Block broadcast_152 stored as values in memory (estimated size 13.1 KiB, free 191.0 MiB)
26/08/14 00:13:16 INFO MemoryStore: Block broadcast_152_piece0 stored as bytes in memory (estimated size 6.1 KiB, free 191.0 MiB)
26/08/14 00:13:16 INFO BlockManagerInfo: Added broadcast_152_piece0 in memory on spark-driver:44031 (size: 6.1 KiB, free: 191.2 MiB)
26/08/14 00:13:16 INFO SparkContext: Created broadcast 152 from broadcast at DAGScheduler.scala:1585
26/08/14 00:13:16 INFO DAGScheduler: Submitting 1 missing tasks from ResultStage 153 (MapPartitionsRDD[975] at call at /opt/spark/python/lib/py4j-0.10.9.7-src.zip/py4j/clientserver.py:617) (first 15 tasks are for partitions Vector(0))
26/08/14 00:13:16 INFO TaskSchedulerImpl: Adding task set 153.0 with 1 tasks resource profile 0
26/08/14 00:13:16 INFO TaskSetManager: Starting task 0.0 in stage 153.0 (TID 552) (172.26.0.13, executor 1, partition 0, NODE_LOCAL, 9003 bytes) 
26/08/14 00:13:16 INFO BlockManagerInfo: Added broadcast_152_piece0 in memory on 172.26.0.13:37779 (size: 6.1 KiB, free: 412.8 MiB)
26/08/14 00:13:16 INFO MapOutputTrackerMasterEndpoint: Asked to send map output locations for shuffle 69 to 172.26.0.13:36452
26/08/14 00:13:16 INFO TaskSetManager: Finished task 0.0 in stage 153.0 (TID 552) in 29 ms on 172.26.0.13 (executor 1) (1/1)
26/08/14 00:13:16 INFO TaskSchedulerImpl: Removed TaskSet 153.0, whose tasks have all completed, from pool 
26/08/14 00:13:16 INFO DAGScheduler: ResultStage 153 (call at /opt/spark/python/lib/py4j-0.10.9.7-src.zip/py4j/clientserver.py:617) finished in 0.045 s
26/08/14 00:13:16 INFO DAGScheduler: Job 83 is finished. Cancelling potential speculative or zombie tasks for this job
26/08/14 00:13:16 INFO TaskSchedulerImpl: Killing all running tasks in stage 153: Stage finished
26/08/14 00:13:16 INFO DAGScheduler: Job 83 finished: call at /opt/spark/python/lib/py4j-0.10.9.7-src.zip/py4j/clientserver.py:617, took 0.125294 s
26/08/14 00:13:16 INFO MapPartitionsRDD: Removing RDD 916 from persistence list
26/08/14 00:13:16 INFO BlockManager: Removing RDD 916
26/08/14 00:13:16 INFO WatermarkTracker: Updating event-time watermark from 1786666268819 to 1786666273281 ms
26/08/14 00:13:16 INFO CheckpointFileManager: Writing atomically to file:/opt/checkpoints/trips/commits/14 using temp file file:/opt/checkpoints/trips/commits/.14.0c1247e0-0435-421a-8fd3-a2ab1590b662.tmp
26/08/14 00:13:16 INFO CheckpointFileManager: Renamed temp file file:/opt/checkpoints/trips/commits/.14.0c1247e0-0435-421a-8fd3-a2ab1590b662.tmp to file:/opt/checkpoints/trips/commits/14
26/08/14 00:13:16 INFO MicroBatchExecution: Streaming query made progress: {
  "id" : "673700e1-7609-4c3e-bff3-65e01579062f",
  "runId" : "684f6ae2-98d1-4139-a900-0d86eb048f89",
  "name" : "trips-ingest-chaos_kill_cassandra_1",
  "timestamp" : "2026-08-14T00:13:13.350Z",
  "batchId" : 14,
  "numInputRows" : 3574,
  "inputRowsPerSecond" : 799.7314835533676,
  "processedRowsPerSecond" : 1256.2390158172232,
  "durationMs" : {
    "addBatch" : 2667,
    "commitOffsets" : 56,
    "getBatch" : 3,
    "latestOffset" : 19,
    "queryPlanning" : 54,
    "triggerExecution" : 2845,
    "walCommit" : 39
  },
  "eventTime" : {
    "avg" : "2026-08-14T00:13:09.601Z",
    "max" : "2026-08-14T00:13:13.281Z",
    "min" : "2026-08-14T00:13:05.940Z",
    "watermark" : "2026-08-14T00:11:08.819Z"
  },
  "stateOperators" : [ ],
  "sources" : [ {
    "description" : "KafkaV2[Subscribe[trips.raw]]",
    "startOffset" : {
      "trips.raw" : {
        "2" : 238132,
        "5" : 236539,
        "4" : 237804,
        "1" : 237709,
        "3" : 237834,
        "0" : 237745
      }
    },
    "endOffset" : {
      "trips.raw" : {
        "2" : 238768,
        "5" : 237135,
        "4" : 238438,
        "1" : 238269,
        "3" : 238416,
        "0" : 238311
      }
    },
    "latestOffset" : {
      "trips.raw" : {
        "2" : 238768,
        "5" : 237135,
        "4" : 238438,
        "1" : 238269,
        "3" : 238416,
        "0" : 238311
      }
    },
    "numInputRows" : 3574,
    "inputRowsPerSecond" : 799.7314835533676,
    "processedRowsPerSecond" : 1256.2390158172232,
    "metrics" : {
      "avgOffsetsBehindLatest" : "0.0",
      "maxOffsetsBehindLatest" : "0",
      "minOffsetsBehindLatest" : "0"
    }
  } ],
  "sink" : {
    "description" : "ForeachBatchSink",
    "numOutputRows" : -1
  }
}
26/08/14 00:13:16 INFO CheckpointFileManager: Writing atomically to file:/opt/checkpoints/trips/offsets/15 using temp file file:/opt/checkpoints/trips/offsets/.15.372c581b-f1b9-4492-b518-31c9d4c21375.tmp
26/08/14 00:13:16 INFO CheckpointFileManager: Renamed temp file file:/opt/checkpoints/trips/offsets/.15.372c581b-f1b9-4492-b518-31c9d4c21375.tmp to file:/opt/checkpoints/trips/offsets/15
26/08/14 00:13:16 INFO MicroBatchExecution: Committed offsets for batch 15. Metadata OffsetSeqMetadata(1786666273281,1786666396236,Map(spark.sql.streaming.stateStore.providerClass -> org.apache.spark.sql.execution.streaming.state.HDFSBackedStateStoreProvider, spark.sql.streaming.join.stateFormatVersion -> 2, spark.sql.streaming.stateStore.compression.codec -> lz4, spark.sql.streaming.stateStore.rocksdb.formatVersion -> 5, spark.sql.streaming.statefulOperator.useStrictDistribution -> true, spark.sql.streaming.flatMapGroupsWithState.stateFormatVersion -> 2, spark.sql.streaming.multipleWatermarkPolicy -> min, spark.sql.streaming.aggregation.stateFormatVersion -> 2, spark.sql.shuffle.partitions -> 6))
26/08/14 00:13:16 INFO KafkaOffsetReaderAdmin: Partitions added: Map()
26/08/14 00:13:16 INFO KafkaOffsetReaderAdmin: Partitions added: Map()
26/08/14 00:13:16 INFO KafkaOffsetReaderAdmin: Partitions added: Map()
26/08/14 00:13:16 INFO KafkaOffsetReaderAdmin: Partitions added: Map()
2026-08-14 00:13:16,296 INFO  [stream] Received command c on object id p0
26/08/14 00:13:16 INFO SparkContext: Starting job: count at <unknown>:0
26/08/14 00:13:16 INFO DAGScheduler: Registering RDD 990 (count at <unknown>:0) as input to shuffle 70
26/08/14 00:13:16 INFO DAGScheduler: Got job 84 (count at <unknown>:0) with 1 output partitions
26/08/14 00:13:16 INFO DAGScheduler: Final stage: ResultStage 155 (count at <unknown>:0)
26/08/14 00:13:16 INFO DAGScheduler: Parents of final stage: List(ShuffleMapStage 154)
26/08/14 00:13:16 INFO DAGScheduler: Missing parents: List(ShuffleMapStage 154)
26/08/14 00:13:16 INFO DAGScheduler: Submitting ShuffleMapStage 154 (MapPartitionsRDD[990] at count at <unknown>:0), which has no missing parents
26/08/14 00:13:16 INFO BlockManagerInfo: Removed broadcast_152_piece0 on spark-driver:44031 in memory (size: 6.1 KiB, free: 191.2 MiB)
26/08/14 00:13:16 INFO BlockManagerInfo: Removed broadcast_152_piece0 on 172.26.0.13:37779 in memory (size: 6.1 KiB, free: 413.9 MiB)
26/08/14 00:13:16 INFO MemoryStore: Block broadcast_153 stored as values in memory (estimated size 64.6 KiB, free 191.0 MiB)
26/08/14 00:13:16 INFO MemoryStore: Block broadcast_153_piece0 stored as bytes in memory (estimated size 24.0 KiB, free 191.0 MiB)
26/08/14 00:13:16 INFO BlockManagerInfo: Added broadcast_153_piece0 in memory on spark-driver:44031 (size: 24.0 KiB, free: 191.1 MiB)
26/08/14 00:13:16 INFO SparkContext: Created broadcast 153 from broadcast at DAGScheduler.scala:1585
26/08/14 00:13:16 INFO DAGScheduler: Submitting 6 missing tasks from ShuffleMapStage 154 (MapPartitionsRDD[990] at count at <unknown>:0) (first 15 tasks are for partitions Vector(0, 1, 2, 3, 4, 5))
26/08/14 00:13:16 INFO TaskSchedulerImpl: Adding task set 154.0 with 6 tasks resource profile 0
26/08/14 00:13:16 INFO BlockManagerInfo: Removed broadcast_151_piece0 on spark-driver:44031 in memory (size: 24.7 KiB, free: 191.2 MiB)
26/08/14 00:13:16 INFO BlockManagerInfo: Removed broadcast_151_piece0 on 172.26.0.13:37779 in memory (size: 24.7 KiB, free: 413.9 MiB)
26/08/14 00:13:16 INFO TaskSetManager: Starting task 0.0 in stage 154.0 (TID 553) (172.26.0.12, executor 0, partition 0, PROCESS_LOCAL, 9921 bytes) 
26/08/14 00:13:16 INFO TaskSetManager: Starting task 2.0 in stage 154.0 (TID 554) (172.26.0.13, executor 1, partition 2, PROCESS_LOCAL, 9921 bytes) 
26/08/14 00:13:16 INFO TaskSetManager: Starting task 1.0 in stage 154.0 (TID 555) (172.26.0.12, executor 0, partition 1, PROCESS_LOCAL, 9921 bytes) 
26/08/14 00:13:16 INFO TaskSetManager: Starting task 3.0 in stage 154.0 (TID 556) (172.26.0.13, executor 1, partition 3, PROCESS_LOCAL, 9921 bytes) 
26/08/14 00:13:16 INFO TaskSetManager: Starting task 5.0 in stage 154.0 (TID 557) (172.26.0.12, executor 0, partition 5, PROCESS_LOCAL, 9921 bytes) 
26/08/14 00:13:16 INFO TaskSetManager: Starting task 4.0 in stage 154.0 (TID 558) (172.26.0.13, executor 1, partition 4, PROCESS_LOCAL, 9921 bytes) 
26/08/14 00:13:16 INFO BlockManagerInfo: Removed broadcast_151_piece0 on 172.26.0.12:33791 in memory (size: 24.7 KiB, free: 413.9 MiB)
26/08/14 00:13:16 INFO BlockManagerInfo: Added broadcast_153_piece0 in memory on 172.26.0.13:37779 (size: 24.0 KiB, free: 413.9 MiB)
26/08/14 00:13:16 INFO BlockManagerInfo: Added broadcast_153_piece0 in memory on 172.26.0.12:33791 (size: 24.0 KiB, free: 413.9 MiB)
26/08/14 00:13:16 INFO BlockManagerInfo: Added rdd_985_1 in memory on 172.26.0.12:33791 (size: 248.3 KiB, free: 413.6 MiB)
26/08/14 00:13:16 INFO BlockManagerInfo: Added rdd_985_3 in memory on 172.26.0.13:37779 (size: 241.4 KiB, free: 413.6 MiB)
26/08/14 00:13:16 INFO BlockManagerInfo: Added rdd_985_4 in memory on 172.26.0.13:37779 (size: 234.6 KiB, free: 413.4 MiB)
26/08/14 00:13:16 INFO BlockManagerInfo: Added rdd_985_5 in memory on 172.26.0.12:33791 (size: 228.0 KiB, free: 413.4 MiB)
26/08/14 00:13:16 INFO TaskSetManager: Finished task 1.0 in stage 154.0 (TID 555) in 119 ms on 172.26.0.12 (executor 0) (1/6)
26/08/14 00:13:16 INFO BlockManagerInfo: Added rdd_985_0 in memory on 172.26.0.12:33791 (size: 228.2 KiB, free: 413.2 MiB)
26/08/14 00:13:16 INFO TaskSetManager: Finished task 4.0 in stage 154.0 (TID 558) in 124 ms on 172.26.0.13 (executor 1) (2/6)
26/08/14 00:13:16 INFO TaskSetManager: Finished task 3.0 in stage 154.0 (TID 556) in 125 ms on 172.26.0.13 (executor 1) (3/6)
26/08/14 00:13:16 INFO TaskSetManager: Finished task 5.0 in stage 154.0 (TID 557) in 127 ms on 172.26.0.12 (executor 0) (4/6)
26/08/14 00:13:16 INFO TaskSetManager: Finished task 0.0 in stage 154.0 (TID 553) in 129 ms on 172.26.0.12 (executor 0) (5/6)
26/08/14 00:13:16 INFO BlockManagerInfo: Added rdd_985_2 in memory on 172.26.0.13:37779 (size: 248.3 KiB, free: 413.2 MiB)
26/08/14 00:13:16 INFO TaskSetManager: Finished task 2.0 in stage 154.0 (TID 554) in 134 ms on 172.26.0.13 (executor 1) (6/6)
26/08/14 00:13:16 INFO TaskSchedulerImpl: Removed TaskSet 154.0, whose tasks have all completed, from pool 
26/08/14 00:13:16 INFO DAGScheduler: ShuffleMapStage 154 (count at <unknown>:0) finished in 0.142 s
26/08/14 00:13:16 INFO DAGScheduler: looking for newly runnable stages
26/08/14 00:13:16 INFO DAGScheduler: running: Set()
26/08/14 00:13:16 INFO DAGScheduler: waiting: Set(ResultStage 155)
26/08/14 00:13:16 INFO DAGScheduler: failed: Set()
26/08/14 00:13:16 INFO DAGScheduler: Submitting ResultStage 155 (MapPartitionsRDD[993] at count at <unknown>:0), which has no missing parents
26/08/14 00:13:16 INFO MemoryStore: Block broadcast_154 stored as values in memory (estimated size 12.5 KiB, free 191.0 MiB)
26/08/14 00:13:16 INFO MemoryStore: Block broadcast_154_piece0 stored as bytes in memory (estimated size 5.9 KiB, free 191.0 MiB)
26/08/14 00:13:16 INFO BlockManagerInfo: Added broadcast_154_piece0 in memory on spark-driver:44031 (size: 5.9 KiB, free: 191.2 MiB)
26/08/14 00:13:16 INFO SparkContext: Created broadcast 154 from broadcast at DAGScheduler.scala:1585
26/08/14 00:13:16 INFO DAGScheduler: Submitting 1 missing tasks from ResultStage 155 (MapPartitionsRDD[993] at count at <unknown>:0) (first 15 tasks are for partitions Vector(0))
26/08/14 00:13:16 INFO TaskSchedulerImpl: Adding task set 155.0 with 1 tasks resource profile 0
26/08/14 00:13:16 INFO TaskSetManager: Starting task 0.0 in stage 155.0 (TID 559) (172.26.0.12, executor 0, partition 0, NODE_LOCAL, 9003 bytes) 
26/08/14 00:13:16 INFO BlockManagerInfo: Added broadcast_154_piece0 in memory on 172.26.0.12:33791 (size: 5.9 KiB, free: 413.2 MiB)
26/08/14 00:13:16 INFO MapOutputTrackerMasterEndpoint: Asked to send map output locations for shuffle 70 to 172.26.0.12:37282
26/08/14 00:13:16 INFO TaskSetManager: Finished task 0.0 in stage 155.0 (TID 559) in 11 ms on 172.26.0.12 (executor 0) (1/1)
26/08/14 00:13:16 INFO TaskSchedulerImpl: Removed TaskSet 155.0, whose tasks have all completed, from pool 
26/08/14 00:13:16 INFO DAGScheduler: ResultStage 155 (count at <unknown>:0) finished in 0.017 s
26/08/14 00:13:16 INFO DAGScheduler: Job 84 is finished. Cancelling potential speculative or zombie tasks for this job
26/08/14 00:13:16 INFO TaskSchedulerImpl: Killing all running tasks in stage 155: Stage finished
26/08/14 00:13:16 INFO DAGScheduler: Job 84 finished: count at <unknown>:0, took 0.172514 s
26/08/14 00:13:16 INFO SparkContext: Starting job: count at <unknown>:0
26/08/14 00:13:16 INFO DAGScheduler: Registering RDD 998 (count at <unknown>:0) as input to shuffle 71
26/08/14 00:13:16 INFO DAGScheduler: Got job 85 (count at <unknown>:0) with 1 output partitions
26/08/14 00:13:16 INFO DAGScheduler: Final stage: ResultStage 157 (count at <unknown>:0)
26/08/14 00:13:16 INFO DAGScheduler: Parents of final stage: List(ShuffleMapStage 156)
26/08/14 00:13:16 INFO DAGScheduler: Missing parents: List(ShuffleMapStage 156)
26/08/14 00:13:16 INFO DAGScheduler: Submitting ShuffleMapStage 156 (MapPartitionsRDD[998] at count at <unknown>:0), which has no missing parents
26/08/14 00:13:16 INFO MemoryStore: Block broadcast_155 stored as values in memory (estimated size 64.9 KiB, free 191.0 MiB)
26/08/14 00:13:16 INFO MemoryStore: Block broadcast_155_piece0 stored as bytes in memory (estimated size 24.2 KiB, free 190.9 MiB)
26/08/14 00:13:16 INFO BlockManagerInfo: Added broadcast_155_piece0 in memory on spark-driver:44031 (size: 24.2 KiB, free: 191.1 MiB)
26/08/14 00:13:16 INFO SparkContext: Created broadcast 155 from broadcast at DAGScheduler.scala:1585
26/08/14 00:13:16 INFO DAGScheduler: Submitting 6 missing tasks from ShuffleMapStage 156 (MapPartitionsRDD[998] at count at <unknown>:0) (first 15 tasks are for partitions Vector(0, 1, 2, 3, 4, 5))
26/08/14 00:13:16 INFO TaskSchedulerImpl: Adding task set 156.0 with 6 tasks resource profile 0
26/08/14 00:13:16 INFO TaskSetManager: Starting task 2.0 in stage 156.0 (TID 560) (172.26.0.13, executor 1, partition 2, PROCESS_LOCAL, 9921 bytes) 
26/08/14 00:13:16 INFO TaskSetManager: Starting task 0.0 in stage 156.0 (TID 561) (172.26.0.12, executor 0, partition 0, PROCESS_LOCAL, 9921 bytes) 
26/08/14 00:13:16 INFO TaskSetManager: Starting task 3.0 in stage 156.0 (TID 562) (172.26.0.13, executor 1, partition 3, PROCESS_LOCAL, 9921 bytes) 
26/08/14 00:13:16 INFO TaskSetManager: Starting task 1.0 in stage 156.0 (TID 563) (172.26.0.12, executor 0, partition 1, PROCESS_LOCAL, 9921 bytes) 
26/08/14 00:13:16 INFO TaskSetManager: Starting task 4.0 in stage 156.0 (TID 564) (172.26.0.13, executor 1, partition 4, PROCESS_LOCAL, 9921 bytes) 
26/08/14 00:13:16 INFO TaskSetManager: Starting task 5.0 in stage 156.0 (TID 565) (172.26.0.12, executor 0, partition 5, PROCESS_LOCAL, 9921 bytes) 
26/08/14 00:13:16 INFO BlockManagerInfo: Added broadcast_155_piece0 in memory on 172.26.0.13:37779 (size: 24.2 KiB, free: 413.1 MiB)
26/08/14 00:13:16 INFO BlockManagerInfo: Added broadcast_155_piece0 in memory on 172.26.0.12:33791 (size: 24.2 KiB, free: 413.2 MiB)
26/08/14 00:13:16 INFO TaskSetManager: Finished task 2.0 in stage 156.0 (TID 560) in 19 ms on 172.26.0.13 (executor 1) (1/6)
26/08/14 00:13:16 INFO TaskSetManager: Finished task 3.0 in stage 156.0 (TID 562) in 20 ms on 172.26.0.13 (executor 1) (2/6)
26/08/14 00:13:16 INFO TaskSetManager: Finished task 4.0 in stage 156.0 (TID 564) in 20 ms on 172.26.0.13 (executor 1) (3/6)
26/08/14 00:13:16 INFO TaskSetManager: Finished task 5.0 in stage 156.0 (TID 565) in 21 ms on 172.26.0.12 (executor 0) (4/6)
26/08/14 00:13:16 INFO TaskSetManager: Finished task 1.0 in stage 156.0 (TID 563) in 22 ms on 172.26.0.12 (executor 0) (5/6)
26/08/14 00:13:16 INFO TaskSetManager: Finished task 0.0 in stage 156.0 (TID 561) in 23 ms on 172.26.0.12 (executor 0) (6/6)
26/08/14 00:13:16 INFO TaskSchedulerImpl: Removed TaskSet 156.0, whose tasks have all completed, from pool 
26/08/14 00:13:16 INFO DAGScheduler: ShuffleMapStage 156 (count at <unknown>:0) finished in 0.026 s
26/08/14 00:13:16 INFO DAGScheduler: looking for newly runnable stages
26/08/14 00:13:16 INFO DAGScheduler: running: Set()
26/08/14 00:13:16 INFO DAGScheduler: waiting: Set(ResultStage 157)
26/08/14 00:13:16 INFO DAGScheduler: failed: Set()
26/08/14 00:13:16 INFO DAGScheduler: Submitting ResultStage 157 (MapPartitionsRDD[1001] at count at <unknown>:0), which has no missing parents
26/08/14 00:13:16 INFO MemoryStore: Block broadcast_156 stored as values in memory (estimated size 12.5 KiB, free 190.9 MiB)
26/08/14 00:13:16 INFO MemoryStore: Block broadcast_156_piece0 stored as bytes in memory (estimated size 5.9 KiB, free 190.9 MiB)
26/08/14 00:13:16 INFO BlockManagerInfo: Added broadcast_156_piece0 in memory on spark-driver:44031 (size: 5.9 KiB, free: 191.1 MiB)
26/08/14 00:13:16 INFO SparkContext: Created broadcast 156 from broadcast at DAGScheduler.scala:1585
26/08/14 00:13:16 INFO DAGScheduler: Submitting 1 missing tasks from ResultStage 157 (MapPartitionsRDD[1001] at count at <unknown>:0) (first 15 tasks are for partitions Vector(0))
26/08/14 00:13:16 INFO TaskSchedulerImpl: Adding task set 157.0 with 1 tasks resource profile 0
26/08/14 00:13:16 INFO TaskSetManager: Starting task 0.0 in stage 157.0 (TID 566) (172.26.0.13, executor 1, partition 0, NODE_LOCAL, 9003 bytes) 
26/08/14 00:13:16 INFO BlockManagerInfo: Added broadcast_156_piece0 in memory on 172.26.0.13:37779 (size: 5.9 KiB, free: 413.1 MiB)
26/08/14 00:13:16 INFO MapOutputTrackerMasterEndpoint: Asked to send map output locations for shuffle 71 to 172.26.0.13:36452
26/08/14 00:13:16 INFO TaskSetManager: Finished task 0.0 in stage 157.0 (TID 566) in 13 ms on 172.26.0.13 (executor 1) (1/1)
26/08/14 00:13:16 INFO TaskSchedulerImpl: Removed TaskSet 157.0, whose tasks have all completed, from pool 
26/08/14 00:13:16 INFO DAGScheduler: ResultStage 157 (count at <unknown>:0) finished in 0.015 s
26/08/14 00:13:16 INFO DAGScheduler: Job 85 is finished. Cancelling potential speculative or zombie tasks for this job
26/08/14 00:13:16 INFO TaskSchedulerImpl: Killing all running tasks in stage 157: Stage finished
26/08/14 00:13:16 INFO DAGScheduler: Job 85 finished: count at <unknown>:0, took 0.044087 s
26/08/14 00:13:16 INFO CodeGenerator: Code generated in 7.096292 ms
26/08/14 00:13:16 INFO DefaultCachedBatchSerializer: Predicate isnotnull(event_time#89-T120000ms) generates partition filter: ((event_time.count#48890 - event_time.nullCount#48889) > 0)
26/08/14 00:13:16 INFO DefaultCachedBatchSerializer: Predicate (event_time#89-T120000ms < 2026-08-14 00:11:13.281) generates partition filter: (event_time.lowerBound#48888 < 2026-08-14 00:11:13.281)
26/08/14 00:13:16 INFO BlockManagerInfo: Removed broadcast_154_piece0 on spark-driver:44031 in memory (size: 5.9 KiB, free: 191.1 MiB)
26/08/14 00:13:16 INFO BlockManagerInfo: Removed broadcast_154_piece0 on 172.26.0.12:33791 in memory (size: 5.9 KiB, free: 413.2 MiB)
26/08/14 00:13:16 INFO SparkContext: Starting job: count at <unknown>:0
26/08/14 00:13:16 INFO DAGScheduler: Registering RDD 1006 (count at <unknown>:0) as input to shuffle 72
26/08/14 00:13:16 INFO DAGScheduler: Got job 86 (count at <unknown>:0) with 1 output partitions
26/08/14 00:13:16 INFO DAGScheduler: Final stage: ResultStage 159 (count at <unknown>:0)
26/08/14 00:13:16 INFO DAGScheduler: Parents of final stage: List(ShuffleMapStage 158)
26/08/14 00:13:16 INFO DAGScheduler: Missing parents: List(ShuffleMapStage 158)
26/08/14 00:13:16 INFO DAGScheduler: Submitting ShuffleMapStage 158 (MapPartitionsRDD[1006] at count at <unknown>:0), which has no missing parents
26/08/14 00:13:16 INFO BlockManagerInfo: Removed broadcast_153_piece0 on spark-driver:44031 in memory (size: 24.0 KiB, free: 191.2 MiB)
26/08/14 00:13:16 INFO BlockManagerInfo: Removed broadcast_153_piece0 on 172.26.0.12:33791 in memory (size: 24.0 KiB, free: 413.2 MiB)
26/08/14 00:13:16 INFO BlockManagerInfo: Removed broadcast_153_piece0 on 172.26.0.13:37779 in memory (size: 24.0 KiB, free: 413.2 MiB)
26/08/14 00:13:16 INFO MemoryStore: Block broadcast_157 stored as values in memory (estimated size 67.2 KiB, free 191.0 MiB)
26/08/14 00:13:16 INFO MemoryStore: Block broadcast_157_piece0 stored as bytes in memory (estimated size 25.6 KiB, free 190.9 MiB)
26/08/14 00:13:16 INFO BlockManagerInfo: Added broadcast_157_piece0 in memory on spark-driver:44031 (size: 25.6 KiB, free: 191.1 MiB)
26/08/14 00:13:16 INFO SparkContext: Created broadcast 157 from broadcast at DAGScheduler.scala:1585
26/08/14 00:13:16 INFO DAGScheduler: Submitting 6 missing tasks from ShuffleMapStage 158 (MapPartitionsRDD[1006] at count at <unknown>:0) (first 15 tasks are for partitions Vector(0, 1, 2, 3, 4, 5))
26/08/14 00:13:16 INFO BlockManagerInfo: Removed broadcast_155_piece0 on spark-driver:44031 in memory (size: 24.2 KiB, free: 191.2 MiB)
26/08/14 00:13:16 INFO TaskSchedulerImpl: Adding task set 158.0 with 6 tasks resource profile 0
26/08/14 00:13:16 INFO TaskSetManager: Starting task 0.0 in stage 158.0 (TID 567) (172.26.0.12, executor 0, partition 0, PROCESS_LOCAL, 9921 bytes) 
26/08/14 00:13:16 INFO BlockManagerInfo: Removed broadcast_155_piece0 on 172.26.0.13:37779 in memory (size: 24.2 KiB, free: 413.2 MiB)
26/08/14 00:13:16 INFO TaskSetManager: Starting task 2.0 in stage 158.0 (TID 568) (172.26.0.13, executor 1, partition 2, PROCESS_LOCAL, 9921 bytes) 
26/08/14 00:13:16 INFO BlockManagerInfo: Removed broadcast_155_piece0 on 172.26.0.12:33791 in memory (size: 24.2 KiB, free: 413.2 MiB)
26/08/14 00:13:16 INFO TaskSetManager: Starting task 1.0 in stage 158.0 (TID 569) (172.26.0.12, executor 0, partition 1, PROCESS_LOCAL, 9921 bytes) 
26/08/14 00:13:16 INFO TaskSetManager: Starting task 3.0 in stage 158.0 (TID 570) (172.26.0.13, executor 1, partition 3, PROCESS_LOCAL, 9921 bytes) 
26/08/14 00:13:16 INFO TaskSetManager: Starting task 5.0 in stage 158.0 (TID 571) (172.26.0.12, executor 0, partition 5, PROCESS_LOCAL, 9921 bytes) 
26/08/14 00:13:16 INFO TaskSetManager: Starting task 4.0 in stage 158.0 (TID 572) (172.26.0.13, executor 1, partition 4, PROCESS_LOCAL, 9921 bytes) 
26/08/14 00:13:16 INFO BlockManagerInfo: Removed broadcast_156_piece0 on spark-driver:44031 in memory (size: 5.9 KiB, free: 191.2 MiB)
26/08/14 00:13:16 INFO BlockManagerInfo: Removed broadcast_156_piece0 on 172.26.0.13:37779 in memory (size: 5.9 KiB, free: 413.2 MiB)
26/08/14 00:13:16 INFO BlockManagerInfo: Added broadcast_157_piece0 in memory on 172.26.0.13:37779 (size: 25.6 KiB, free: 413.2 MiB)
26/08/14 00:13:16 INFO BlockManagerInfo: Added broadcast_157_piece0 in memory on 172.26.0.12:33791 (size: 25.6 KiB, free: 413.2 MiB)
26/08/14 00:13:16 INFO TaskSetManager: Finished task 3.0 in stage 158.0 (TID 570) in 64 ms on 172.26.0.13 (executor 1) (1/6)
26/08/14 00:13:16 INFO TaskSetManager: Finished task 4.0 in stage 158.0 (TID 572) in 65 ms on 172.26.0.13 (executor 1) (2/6)
26/08/14 00:13:16 INFO TaskSetManager: Finished task 0.0 in stage 158.0 (TID 567) in 67 ms on 172.26.0.12 (executor 0) (3/6)
26/08/14 00:13:16 INFO TaskSetManager: Finished task 5.0 in stage 158.0 (TID 571) in 66 ms on 172.26.0.12 (executor 0) (4/6)
26/08/14 00:13:16 INFO TaskSetManager: Finished task 1.0 in stage 158.0 (TID 569) in 67 ms on 172.26.0.12 (executor 0) (5/6)
26/08/14 00:13:16 INFO TaskSetManager: Finished task 2.0 in stage 158.0 (TID 568) in 67 ms on 172.26.0.13 (executor 1) (6/6)
26/08/14 00:13:16 INFO TaskSchedulerImpl: Removed TaskSet 158.0, whose tasks have all completed, from pool 
26/08/14 00:13:16 INFO DAGScheduler: ShuffleMapStage 158 (count at <unknown>:0) finished in 0.077 s
26/08/14 00:13:16 INFO DAGScheduler: looking for newly runnable stages
26/08/14 00:13:16 INFO DAGScheduler: running: Set()
26/08/14 00:13:16 INFO DAGScheduler: waiting: Set(ResultStage 159)
26/08/14 00:13:16 INFO DAGScheduler: failed: Set()
26/08/14 00:13:16 INFO DAGScheduler: Submitting ResultStage 159 (MapPartitionsRDD[1009] at count at <unknown>:0), which has no missing parents
26/08/14 00:13:16 INFO MemoryStore: Block broadcast_158 stored as values in memory (estimated size 12.5 KiB, free 191.0 MiB)
26/08/14 00:13:16 INFO MemoryStore: Block broadcast_158_piece0 stored as bytes in memory (estimated size 5.9 KiB, free 191.0 MiB)
26/08/14 00:13:16 INFO BlockManagerInfo: Added broadcast_158_piece0 in memory on spark-driver:44031 (size: 5.9 KiB, free: 191.2 MiB)
26/08/14 00:13:16 INFO SparkContext: Created broadcast 158 from broadcast at DAGScheduler.scala:1585
26/08/14 00:13:16 INFO DAGScheduler: Submitting 1 missing tasks from ResultStage 159 (MapPartitionsRDD[1009] at count at <unknown>:0) (first 15 tasks are for partitions Vector(0))
26/08/14 00:13:16 INFO TaskSchedulerImpl: Adding task set 159.0 with 1 tasks resource profile 0
26/08/14 00:13:16 INFO TaskSetManager: Starting task 0.0 in stage 159.0 (TID 573) (172.26.0.12, executor 0, partition 0, NODE_LOCAL, 9003 bytes) 
26/08/14 00:13:16 INFO BlockManagerInfo: Added broadcast_158_piece0 in memory on 172.26.0.12:33791 (size: 5.9 KiB, free: 413.2 MiB)
26/08/14 00:13:16 INFO MapOutputTrackerMasterEndpoint: Asked to send map output locations for shuffle 72 to 172.26.0.12:37282
26/08/14 00:13:16 INFO TaskSetManager: Finished task 0.0 in stage 159.0 (TID 573) in 17 ms on 172.26.0.12 (executor 0) (1/1)
26/08/14 00:13:16 INFO TaskSchedulerImpl: Removed TaskSet 159.0, whose tasks have all completed, from pool 
26/08/14 00:13:16 INFO DAGScheduler: ResultStage 159 (count at <unknown>:0) finished in 0.020 s
26/08/14 00:13:16 INFO DAGScheduler: Job 86 is finished. Cancelling potential speculative or zombie tasks for this job
26/08/14 00:13:16 INFO TaskSchedulerImpl: Killing all running tasks in stage 159: Stage finished
26/08/14 00:13:16 INFO DAGScheduler: Job 86 finished: count at <unknown>:0, took 0.102685 s
26/08/14 00:13:16 INFO DefaultCachedBatchSerializer: Predicate isnotnull(kind#49447) generates partition filter: ((kind.count#49516 - kind.nullCount#49515) > 0)
26/08/14 00:13:16 INFO DefaultCachedBatchSerializer: Predicate (kind#49447 = stats) generates partition filter: ((kind.lowerBound#49514 <= stats) AND (stats <= kind.upperBound#49513))
26/08/14 00:13:16 INFO SparkContext: Starting job: call at /opt/spark/python/lib/py4j-0.10.9.7-src.zip/py4j/clientserver.py:617
26/08/14 00:13:16 INFO DAGScheduler: Got job 87 (call at /opt/spark/python/lib/py4j-0.10.9.7-src.zip/py4j/clientserver.py:617) with 6 output partitions
26/08/14 00:13:16 INFO DAGScheduler: Final stage: ResultStage 160 (call at /opt/spark/python/lib/py4j-0.10.9.7-src.zip/py4j/clientserver.py:617)
26/08/14 00:13:16 INFO DAGScheduler: Parents of final stage: List()
26/08/14 00:13:16 INFO DAGScheduler: Missing parents: List()
26/08/14 00:13:16 INFO DAGScheduler: Submitting ResultStage 160 (MapPartitionsRDD[1028] at call at /opt/spark/python/lib/py4j-0.10.9.7-src.zip/py4j/clientserver.py:617), which has no missing parents
26/08/14 00:13:16 INFO MemoryStore: Block broadcast_159 stored as values in memory (estimated size 90.0 KiB, free 190.9 MiB)
26/08/14 00:13:16 INFO MemoryStore: Block broadcast_159_piece0 stored as bytes in memory (estimated size 34.0 KiB, free 190.9 MiB)
26/08/14 00:13:16 INFO BlockManagerInfo: Added broadcast_159_piece0 in memory on spark-driver:44031 (size: 34.0 KiB, free: 191.1 MiB)
26/08/14 00:13:16 INFO SparkContext: Created broadcast 159 from broadcast at DAGScheduler.scala:1585
26/08/14 00:13:16 INFO DAGScheduler: Submitting 6 missing tasks from ResultStage 160 (MapPartitionsRDD[1028] at call at /opt/spark/python/lib/py4j-0.10.9.7-src.zip/py4j/clientserver.py:617) (first 15 tasks are for partitions Vector(0, 1, 2, 3, 4, 5))
26/08/14 00:13:16 INFO TaskSchedulerImpl: Adding task set 160.0 with 6 tasks resource profile 0
26/08/14 00:13:16 INFO TaskSetManager: Starting task 2.0 in stage 160.0 (TID 574) (172.26.0.13, executor 1, partition 2, PROCESS_LOCAL, 9932 bytes) 
26/08/14 00:13:16 INFO TaskSetManager: Starting task 0.0 in stage 160.0 (TID 575) (172.26.0.12, executor 0, partition 0, PROCESS_LOCAL, 9932 bytes) 
26/08/14 00:13:16 INFO TaskSetManager: Starting task 3.0 in stage 160.0 (TID 576) (172.26.0.13, executor 1, partition 3, PROCESS_LOCAL, 9932 bytes) 
26/08/14 00:13:16 INFO TaskSetManager: Starting task 1.0 in stage 160.0 (TID 577) (172.26.0.12, executor 0, partition 1, PROCESS_LOCAL, 9932 bytes) 
26/08/14 00:13:16 INFO TaskSetManager: Starting task 4.0 in stage 160.0 (TID 578) (172.26.0.13, executor 1, partition 4, PROCESS_LOCAL, 9932 bytes) 
26/08/14 00:13:16 INFO TaskSetManager: Starting task 5.0 in stage 160.0 (TID 579) (172.26.0.12, executor 0, partition 5, PROCESS_LOCAL, 9932 bytes) 
26/08/14 00:13:16 INFO BlockManagerInfo: Added broadcast_159_piece0 in memory on 172.26.0.12:33791 (size: 34.0 KiB, free: 413.1 MiB)
26/08/14 00:13:16 INFO BlockManagerInfo: Added broadcast_159_piece0 in memory on 172.26.0.13:37779 (size: 34.0 KiB, free: 413.1 MiB)
26/08/14 00:13:17 INFO BlockManagerInfo: Added rdd_1023_0 in memory on 172.26.0.12:33791 (size: 1808.0 B, free: 413.1 MiB)
26/08/14 00:13:17 INFO BlockManagerInfo: Added rdd_1023_5 in memory on 172.26.0.12:33791 (size: 1808.0 B, free: 413.1 MiB)
26/08/14 00:13:17 INFO TaskSetManager: Finished task 0.0 in stage 160.0 (TID 575) in 994 ms on 172.26.0.12 (executor 0) (1/6)
26/08/14 00:13:17 INFO TaskSetManager: Finished task 5.0 in stage 160.0 (TID 579) in 994 ms on 172.26.0.12 (executor 0) (2/6)
26/08/14 00:13:17 INFO BlockManagerInfo: Added rdd_1023_1 in memory on 172.26.0.12:33791 (size: 1808.0 B, free: 413.1 MiB)
26/08/14 00:13:17 INFO TaskSetManager: Finished task 1.0 in stage 160.0 (TID 577) in 1018 ms on 172.26.0.12 (executor 0) (3/6)
26/08/14 00:13:17 INFO BlockManagerInfo: Added rdd_1023_4 in memory on 172.26.0.13:37779 (size: 1808.0 B, free: 413.1 MiB)
26/08/14 00:13:17 INFO TaskSetManager: Finished task 4.0 in stage 160.0 (TID 578) in 1049 ms on 172.26.0.13 (executor 1) (4/6)
26/08/14 00:13:17 INFO BlockManagerInfo: Added rdd_1023_2 in memory on 172.26.0.13:37779 (size: 1808.0 B, free: 413.1 MiB)
26/08/14 00:13:17 INFO TaskSetManager: Finished task 2.0 in stage 160.0 (TID 574) in 1060 ms on 172.26.0.13 (executor 1) (5/6)
26/08/14 00:13:17 INFO BlockManagerInfo: Added rdd_1023_3 in memory on 172.26.0.13:37779 (size: 1808.0 B, free: 413.1 MiB)
26/08/14 00:13:17 INFO TaskSetManager: Finished task 3.0 in stage 160.0 (TID 576) in 1076 ms on 172.26.0.13 (executor 1) (6/6)
26/08/14 00:13:17 INFO TaskSchedulerImpl: Removed TaskSet 160.0, whose tasks have all completed, from pool 
26/08/14 00:13:17 INFO DAGScheduler: ResultStage 160 (call at /opt/spark/python/lib/py4j-0.10.9.7-src.zip/py4j/clientserver.py:617) finished in 1.081 s
26/08/14 00:13:17 INFO DAGScheduler: Job 87 is finished. Cancelling potential speculative or zombie tasks for this job
26/08/14 00:13:17 INFO TaskSchedulerImpl: Killing all running tasks in stage 160: Stage finished
26/08/14 00:13:17 INFO DAGScheduler: Job 87 finished: call at /opt/spark/python/lib/py4j-0.10.9.7-src.zip/py4j/clientserver.py:617, took 1.086749 s
26/08/14 00:13:17 INFO DefaultCachedBatchSerializer: Predicate isnotnull(kind#49447) generates partition filter: ((kind.count#49599 - kind.nullCount#49598) > 0)
26/08/14 00:13:17 INFO DefaultCachedBatchSerializer: Predicate (kind#49447 = dlq) generates partition filter: ((kind.lowerBound#49597 <= dlq) AND (dlq <= kind.upperBound#49596))
26/08/14 00:13:17 INFO BlockManagerInfo: Removed broadcast_157_piece0 on spark-driver:44031 in memory (size: 25.6 KiB, free: 191.1 MiB)
26/08/14 00:13:17 INFO BlockManagerInfo: Removed broadcast_157_piece0 on 172.26.0.13:37779 in memory (size: 25.6 KiB, free: 413.2 MiB)
26/08/14 00:13:17 INFO SparkContext: Starting job: count at <unknown>:0
26/08/14 00:13:17 INFO BlockManagerInfo: Removed broadcast_157_piece0 on 172.26.0.12:33791 in memory (size: 25.6 KiB, free: 413.2 MiB)
26/08/14 00:13:17 INFO DAGScheduler: Registering RDD 1033 (count at <unknown>:0) as input to shuffle 73
26/08/14 00:13:17 INFO DAGScheduler: Got job 88 (count at <unknown>:0) with 1 output partitions
26/08/14 00:13:17 INFO DAGScheduler: Final stage: ResultStage 162 (count at <unknown>:0)
26/08/14 00:13:17 INFO DAGScheduler: Parents of final stage: List(ShuffleMapStage 161)
26/08/14 00:13:17 INFO DAGScheduler: Missing parents: List(ShuffleMapStage 161)
26/08/14 00:13:17 INFO DAGScheduler: Submitting ShuffleMapStage 161 (MapPartitionsRDD[1033] at count at <unknown>:0), which has no missing parents
26/08/14 00:13:17 INFO BlockManagerInfo: Removed broadcast_159_piece0 on spark-driver:44031 in memory (size: 34.0 KiB, free: 191.2 MiB)
26/08/14 00:13:17 INFO BlockManagerInfo: Removed broadcast_159_piece0 on 172.26.0.12:33791 in memory (size: 34.0 KiB, free: 413.2 MiB)
26/08/14 00:13:17 INFO BlockManagerInfo: Removed broadcast_159_piece0 on 172.26.0.13:37779 in memory (size: 34.0 KiB, free: 413.2 MiB)
26/08/14 00:13:17 INFO BlockManagerInfo: Removed broadcast_158_piece0 on spark-driver:44031 in memory (size: 5.9 KiB, free: 191.2 MiB)
26/08/14 00:13:17 INFO MemoryStore: Block broadcast_160 stored as values in memory (estimated size 92.2 KiB, free 191.0 MiB)
26/08/14 00:13:17 INFO BlockManagerInfo: Removed broadcast_158_piece0 on 172.26.0.12:33791 in memory (size: 5.9 KiB, free: 413.2 MiB)
26/08/14 00:13:17 INFO MemoryStore: Block broadcast_160_piece0 stored as bytes in memory (estimated size 35.3 KiB, free 191.0 MiB)
26/08/14 00:13:17 INFO BlockManagerInfo: Added broadcast_160_piece0 in memory on spark-driver:44031 (size: 35.3 KiB, free: 191.2 MiB)
26/08/14 00:13:17 INFO SparkContext: Created broadcast 160 from broadcast at DAGScheduler.scala:1585
26/08/14 00:13:17 INFO DAGScheduler: Submitting 6 missing tasks from ShuffleMapStage 161 (MapPartitionsRDD[1033] at count at <unknown>:0) (first 15 tasks are for partitions Vector(0, 1, 2, 3, 4, 5))
26/08/14 00:13:17 INFO TaskSchedulerImpl: Adding task set 161.0 with 6 tasks resource profile 0
26/08/14 00:13:17 INFO TaskSetManager: Starting task 2.0 in stage 161.0 (TID 580) (172.26.0.13, executor 1, partition 2, PROCESS_LOCAL, 9921 bytes) 
26/08/14 00:13:17 INFO TaskSetManager: Starting task 0.0 in stage 161.0 (TID 581) (172.26.0.12, executor 0, partition 0, PROCESS_LOCAL, 9921 bytes) 
26/08/14 00:13:17 INFO TaskSetManager: Starting task 3.0 in stage 161.0 (TID 582) (172.26.0.13, executor 1, partition 3, PROCESS_LOCAL, 9921 bytes) 
26/08/14 00:13:17 INFO TaskSetManager: Starting task 1.0 in stage 161.0 (TID 583) (172.26.0.12, executor 0, partition 1, PROCESS_LOCAL, 9921 bytes) 
26/08/14 00:13:17 INFO TaskSetManager: Starting task 4.0 in stage 161.0 (TID 584) (172.26.0.13, executor 1, partition 4, PROCESS_LOCAL, 9921 bytes) 
26/08/14 00:13:17 INFO TaskSetManager: Starting task 5.0 in stage 161.0 (TID 585) (172.26.0.12, executor 0, partition 5, PROCESS_LOCAL, 9921 bytes) 
26/08/14 00:13:18 INFO BlockManagerInfo: Added broadcast_160_piece0 in memory on 172.26.0.13:37779 (size: 35.3 KiB, free: 413.2 MiB)
26/08/14 00:13:18 INFO BlockManagerInfo: Added broadcast_160_piece0 in memory on 172.26.0.12:33791 (size: 35.3 KiB, free: 413.2 MiB)
26/08/14 00:13:18 INFO TaskSetManager: Finished task 4.0 in stage 161.0 (TID 584) in 59 ms on 172.26.0.13 (executor 1) (1/6)
26/08/14 00:13:18 INFO TaskSetManager: Finished task 2.0 in stage 161.0 (TID 580) in 63 ms on 172.26.0.13 (executor 1) (2/6)
26/08/14 00:13:18 INFO TaskSetManager: Finished task 3.0 in stage 161.0 (TID 582) in 64 ms on 172.26.0.13 (executor 1) (3/6)
26/08/14 00:13:18 INFO TaskSetManager: Finished task 1.0 in stage 161.0 (TID 583) in 63 ms on 172.26.0.12 (executor 0) (4/6)
26/08/14 00:13:18 INFO TaskSetManager: Finished task 0.0 in stage 161.0 (TID 581) in 64 ms on 172.26.0.12 (executor 0) (5/6)
26/08/14 00:13:18 INFO TaskSetManager: Finished task 5.0 in stage 161.0 (TID 585) in 63 ms on 172.26.0.12 (executor 0) (6/6)
26/08/14 00:13:18 INFO TaskSchedulerImpl: Removed TaskSet 161.0, whose tasks have all completed, from pool 
26/08/14 00:13:18 INFO DAGScheduler: ShuffleMapStage 161 (count at <unknown>:0) finished in 0.080 s
26/08/14 00:13:18 INFO DAGScheduler: looking for newly runnable stages
26/08/14 00:13:18 INFO DAGScheduler: running: Set()
26/08/14 00:13:18 INFO DAGScheduler: waiting: Set(ResultStage 162)
26/08/14 00:13:18 INFO DAGScheduler: failed: Set()
26/08/14 00:13:18 INFO DAGScheduler: Submitting ResultStage 162 (MapPartitionsRDD[1036] at count at <unknown>:0), which has no missing parents
26/08/14 00:13:18 INFO MemoryStore: Block broadcast_161 stored as values in memory (estimated size 12.5 KiB, free 191.0 MiB)
26/08/14 00:13:18 INFO MemoryStore: Block broadcast_161_piece0 stored as bytes in memory (estimated size 5.9 KiB, free 191.0 MiB)
26/08/14 00:13:18 INFO BlockManagerInfo: Added broadcast_161_piece0 in memory on spark-driver:44031 (size: 5.9 KiB, free: 191.1 MiB)
26/08/14 00:13:18 INFO SparkContext: Created broadcast 161 from broadcast at DAGScheduler.scala:1585
26/08/14 00:13:18 INFO DAGScheduler: Submitting 1 missing tasks from ResultStage 162 (MapPartitionsRDD[1036] at count at <unknown>:0) (first 15 tasks are for partitions Vector(0))
26/08/14 00:13:18 INFO TaskSchedulerImpl: Adding task set 162.0 with 1 tasks resource profile 0
26/08/14 00:13:18 INFO TaskSetManager: Starting task 0.0 in stage 162.0 (TID 586) (172.26.0.12, executor 0, partition 0, NODE_LOCAL, 9003 bytes) 
26/08/14 00:13:18 INFO BlockManagerInfo: Added broadcast_161_piece0 in memory on 172.26.0.12:33791 (size: 5.9 KiB, free: 413.2 MiB)
26/08/14 00:13:18 INFO MapOutputTrackerMasterEndpoint: Asked to send map output locations for shuffle 73 to 172.26.0.12:37282
26/08/14 00:13:18 INFO TaskSetManager: Finished task 0.0 in stage 162.0 (TID 586) in 30 ms on 172.26.0.12 (executor 0) (1/1)
26/08/14 00:13:18 INFO TaskSchedulerImpl: Removed TaskSet 162.0, whose tasks have all completed, from pool 
26/08/14 00:13:18 INFO DAGScheduler: ResultStage 162 (count at <unknown>:0) finished in 0.035 s
26/08/14 00:13:18 INFO DAGScheduler: Job 88 is finished. Cancelling potential speculative or zombie tasks for this job
26/08/14 00:13:18 INFO TaskSchedulerImpl: Killing all running tasks in stage 162: Stage finished
26/08/14 00:13:18 INFO DAGScheduler: Job 88 finished: count at <unknown>:0, took 0.119267 s
26/08/14 00:13:18 INFO MapPartitionsRDD: Removing RDD 1023 from persistence list
26/08/14 00:13:18 INFO BlockManager: Removing RDD 1023
26/08/14 00:13:18 INFO SparkContext: Starting job: call at /opt/spark/python/lib/py4j-0.10.9.7-src.zip/py4j/clientserver.py:617
26/08/14 00:13:18 INFO DAGScheduler: Registering RDD 1041 (call at /opt/spark/python/lib/py4j-0.10.9.7-src.zip/py4j/clientserver.py:617) as input to shuffle 74
26/08/14 00:13:18 INFO DAGScheduler: Got job 89 (call at /opt/spark/python/lib/py4j-0.10.9.7-src.zip/py4j/clientserver.py:617) with 1 output partitions
26/08/14 00:13:18 INFO DAGScheduler: Final stage: ResultStage 164 (call at /opt/spark/python/lib/py4j-0.10.9.7-src.zip/py4j/clientserver.py:617)
26/08/14 00:13:18 INFO DAGScheduler: Parents of final stage: List(ShuffleMapStage 163)
26/08/14 00:13:18 INFO DAGScheduler: Missing parents: List(ShuffleMapStage 163)
26/08/14 00:13:18 INFO DAGScheduler: Submitting ShuffleMapStage 163 (MapPartitionsRDD[1041] at call at /opt/spark/python/lib/py4j-0.10.9.7-src.zip/py4j/clientserver.py:617), which has no missing parents
26/08/14 00:13:18 INFO MemoryStore: Block broadcast_162 stored as values in memory (estimated size 66.2 KiB, free 190.9 MiB)
26/08/14 00:13:18 INFO MemoryStore: Block broadcast_162_piece0 stored as bytes in memory (estimated size 24.8 KiB, free 190.9 MiB)
26/08/14 00:13:18 INFO BlockManagerInfo: Added broadcast_162_piece0 in memory on spark-driver:44031 (size: 24.8 KiB, free: 191.1 MiB)
26/08/14 00:13:18 INFO SparkContext: Created broadcast 162 from broadcast at DAGScheduler.scala:1585
26/08/14 00:13:18 INFO DAGScheduler: Submitting 6 missing tasks from ShuffleMapStage 163 (MapPartitionsRDD[1041] at call at /opt/spark/python/lib/py4j-0.10.9.7-src.zip/py4j/clientserver.py:617) (first 15 tasks are for partitions Vector(0, 1, 2, 3, 4, 5))
26/08/14 00:13:18 INFO TaskSchedulerImpl: Adding task set 163.0 with 6 tasks resource profile 0
26/08/14 00:13:18 INFO TaskSetManager: Starting task 2.0 in stage 163.0 (TID 587) (172.26.0.13, executor 1, partition 2, PROCESS_LOCAL, 9921 bytes) 
26/08/14 00:13:18 INFO TaskSetManager: Starting task 0.0 in stage 163.0 (TID 588) (172.26.0.12, executor 0, partition 0, PROCESS_LOCAL, 9921 bytes) 
26/08/14 00:13:18 INFO TaskSetManager: Starting task 3.0 in stage 163.0 (TID 589) (172.26.0.13, executor 1, partition 3, PROCESS_LOCAL, 9921 bytes) 
26/08/14 00:13:18 INFO TaskSetManager: Starting task 1.0 in stage 163.0 (TID 590) (172.26.0.12, executor 0, partition 1, PROCESS_LOCAL, 9921 bytes) 
26/08/14 00:13:18 INFO TaskSetManager: Starting task 4.0 in stage 163.0 (TID 591) (172.26.0.13, executor 1, partition 4, PROCESS_LOCAL, 9921 bytes) 
26/08/14 00:13:18 INFO TaskSetManager: Starting task 5.0 in stage 163.0 (TID 592) (172.26.0.12, executor 0, partition 5, PROCESS_LOCAL, 9921 bytes) 
26/08/14 00:13:18 INFO BlockManagerInfo: Added broadcast_162_piece0 in memory on 172.26.0.13:37779 (size: 24.8 KiB, free: 413.1 MiB)
26/08/14 00:13:18 INFO BlockManagerInfo: Added broadcast_162_piece0 in memory on 172.26.0.12:33791 (size: 24.8 KiB, free: 413.1 MiB)
26/08/14 00:13:18 INFO TaskSetManager: Finished task 3.0 in stage 163.0 (TID 589) in 23 ms on 172.26.0.13 (executor 1) (1/6)
26/08/14 00:13:18 INFO TaskSetManager: Finished task 2.0 in stage 163.0 (TID 587) in 24 ms on 172.26.0.13 (executor 1) (2/6)
26/08/14 00:13:18 INFO TaskSetManager: Finished task 4.0 in stage 163.0 (TID 591) in 24 ms on 172.26.0.13 (executor 1) (3/6)
26/08/14 00:13:18 INFO TaskSetManager: Finished task 5.0 in stage 163.0 (TID 592) in 30 ms on 172.26.0.12 (executor 0) (4/6)
26/08/14 00:13:18 INFO TaskSetManager: Finished task 0.0 in stage 163.0 (TID 588) in 31 ms on 172.26.0.12 (executor 0) (5/6)
26/08/14 00:13:18 INFO TaskSetManager: Finished task 1.0 in stage 163.0 (TID 590) in 31 ms on 172.26.0.12 (executor 0) (6/6)
26/08/14 00:13:18 INFO TaskSchedulerImpl: Removed TaskSet 163.0, whose tasks have all completed, from pool 
26/08/14 00:13:18 INFO DAGScheduler: ShuffleMapStage 163 (call at /opt/spark/python/lib/py4j-0.10.9.7-src.zip/py4j/clientserver.py:617) finished in 0.044 s
26/08/14 00:13:18 INFO DAGScheduler: looking for newly runnable stages
26/08/14 00:13:18 INFO DAGScheduler: running: Set()
26/08/14 00:13:18 INFO DAGScheduler: waiting: Set(ResultStage 164)
26/08/14 00:13:18 INFO DAGScheduler: failed: Set()
26/08/14 00:13:18 INFO DAGScheduler: Submitting ResultStage 164 (MapPartitionsRDD[1044] at call at /opt/spark/python/lib/py4j-0.10.9.7-src.zip/py4j/clientserver.py:617), which has no missing parents
26/08/14 00:13:18 INFO MemoryStore: Block broadcast_163 stored as values in memory (estimated size 13.1 KiB, free 190.9 MiB)
26/08/14 00:13:18 INFO MemoryStore: Block broadcast_163_piece0 stored as bytes in memory (estimated size 6.1 KiB, free 190.9 MiB)
26/08/14 00:13:18 INFO BlockManagerInfo: Added broadcast_163_piece0 in memory on spark-driver:44031 (size: 6.1 KiB, free: 191.1 MiB)
26/08/14 00:13:18 INFO SparkContext: Created broadcast 163 from broadcast at DAGScheduler.scala:1585
26/08/14 00:13:18 INFO DAGScheduler: Submitting 1 missing tasks from ResultStage 164 (MapPartitionsRDD[1044] at call at /opt/spark/python/lib/py4j-0.10.9.7-src.zip/py4j/clientserver.py:617) (first 15 tasks are for partitions Vector(0))
26/08/14 00:13:18 INFO TaskSchedulerImpl: Adding task set 164.0 with 1 tasks resource profile 0
26/08/14 00:13:18 INFO TaskSetManager: Starting task 0.0 in stage 164.0 (TID 593) (172.26.0.13, executor 1, partition 0, NODE_LOCAL, 9003 bytes) 
26/08/14 00:13:18 INFO BlockManagerInfo: Added broadcast_163_piece0 in memory on 172.26.0.13:37779 (size: 6.1 KiB, free: 413.1 MiB)
26/08/14 00:13:18 INFO MapOutputTrackerMasterEndpoint: Asked to send map output locations for shuffle 74 to 172.26.0.13:36452
26/08/14 00:13:18 INFO TaskSetManager: Finished task 0.0 in stage 164.0 (TID 593) in 28 ms on 172.26.0.13 (executor 1) (1/1)
26/08/14 00:13:18 INFO TaskSchedulerImpl: Removed TaskSet 164.0, whose tasks have all completed, from pool 
26/08/14 00:13:18 INFO DAGScheduler: ResultStage 164 (call at /opt/spark/python/lib/py4j-0.10.9.7-src.zip/py4j/clientserver.py:617) finished in 0.044 s
26/08/14 00:13:18 INFO DAGScheduler: Job 89 is finished. Cancelling potential speculative or zombie tasks for this job
26/08/14 00:13:18 INFO TaskSchedulerImpl: Killing all running tasks in stage 164: Stage finished
26/08/14 00:13:18 INFO DAGScheduler: Job 89 finished: call at /opt/spark/python/lib/py4j-0.10.9.7-src.zip/py4j/clientserver.py:617, took 0.094495 s
26/08/14 00:13:18 INFO MapPartitionsRDD: Removing RDD 985 from persistence list
26/08/14 00:13:18 INFO BlockManager: Removing RDD 985
26/08/14 00:13:18 INFO WatermarkTracker: Updating event-time watermark from 1786666273281 to 1786666276191 ms
26/08/14 00:13:18 INFO CheckpointFileManager: Writing atomically to file:/opt/checkpoints/trips/commits/15 using temp file file:/opt/checkpoints/trips/commits/.15.f8e875b1-d8d3-4873-b189-f25f186d9462.tmp
26/08/14 00:13:18 INFO CheckpointFileManager: Renamed temp file file:/opt/checkpoints/trips/commits/.15.f8e875b1-d8d3-4873-b189-f25f186d9462.tmp to file:/opt/checkpoints/trips/commits/15
26/08/14 00:13:18 INFO MicroBatchExecution: Streaming query made progress: {
  "id" : "673700e1-7609-4c3e-bff3-65e01579062f",
  "runId" : "684f6ae2-98d1-4139-a900-0d86eb048f89",
  "name" : "trips-ingest-chaos_kill_cassandra_1",
  "timestamp" : "2026-08-14T00:13:16.197Z",
  "batchId" : 15,
  "numInputRows" : 2289,
  "inputRowsPerSecond" : 804.0042149631191,
  "processedRowsPerSecond" : 1086.894586894587,
  "durationMs" : {
    "addBatch" : 1987,
    "commitOffsets" : 40,
    "getBatch" : 0,
    "latestOffset" : 38,
    "queryPlanning" : 16,
    "triggerExecution" : 2105,
    "walCommit" : 20
  },
  "eventTime" : {
    "avg" : "2026-08-14T00:13:13.274Z",
    "max" : "2026-08-14T00:13:16.191Z",
    "min" : "2026-08-14T00:13:10.477Z",
    "watermark" : "2026-08-14T00:11:13.281Z"
  },
  "stateOperators" : [ ],
  "sources" : [ {
    "description" : "KafkaV2[Subscribe[trips.raw]]",
    "startOffset" : {
      "trips.raw" : {
        "2" : 238768,
        "5" : 237135,
        "4" : 238438,
        "1" : 238269,
        "3" : 238416,
        "0" : 238311
      }
    },
    "endOffset" : {
      "trips.raw" : {
        "2" : 239133,
        "5" : 237522,
        "4" : 238836,
        "1" : 238645,
        "3" : 238814,
        "0" : 238676
      }
    },
    "latestOffset" : {
      "trips.raw" : {
        "2" : 239133,
        "5" : 237522,
        "4" : 238836,
        "1" : 238645,
        "3" : 238814,
        "0" : 238676
      }
    },
    "numInputRows" : 2289,
    "inputRowsPerSecond" : 804.0042149631191,
    "processedRowsPerSecond" : 1086.894586894587,
    "metrics" : {
      "avgOffsetsBehindLatest" : "0.0",
      "maxOffsetsBehindLatest" : "0",
      "minOffsetsBehindLatest" : "0"
    }
  } ],
  "sink" : {
    "description" : "ForeachBatchSink",
    "numOutputRows" : -1
  }
}
26/08/14 00:13:18 INFO CheckpointFileManager: Writing atomically to file:/opt/checkpoints/trips/offsets/16 using temp file file:/opt/checkpoints/trips/offsets/.16.baa099d9-8981-4b1c-afad-fc98e56d1bb5.tmp
26/08/14 00:13:18 INFO CheckpointFileManager: Renamed temp file file:/opt/checkpoints/trips/offsets/.16.baa099d9-8981-4b1c-afad-fc98e56d1bb5.tmp to file:/opt/checkpoints/trips/offsets/16
26/08/14 00:13:18 INFO MicroBatchExecution: Committed offsets for batch 16. Metadata OffsetSeqMetadata(1786666276191,1786666398312,Map(spark.sql.streaming.stateStore.providerClass -> org.apache.spark.sql.execution.streaming.state.HDFSBackedStateStoreProvider, spark.sql.streaming.join.stateFormatVersion -> 2, spark.sql.streaming.stateStore.compression.codec -> lz4, spark.sql.streaming.stateStore.rocksdb.formatVersion -> 5, spark.sql.streaming.statefulOperator.useStrictDistribution -> true, spark.sql.streaming.flatMapGroupsWithState.stateFormatVersion -> 2, spark.sql.streaming.multipleWatermarkPolicy -> min, spark.sql.streaming.aggregation.stateFormatVersion -> 2, spark.sql.shuffle.partitions -> 6))
26/08/14 00:13:18 INFO BlockManagerInfo: Removed broadcast_161_piece0 on spark-driver:44031 in memory (size: 5.9 KiB, free: 191.1 MiB)
26/08/14 00:13:18 INFO KafkaOffsetReaderAdmin: Partitions added: Map()
26/08/14 00:13:18 INFO KafkaOffsetReaderAdmin: Partitions added: Map()
26/08/14 00:13:18 INFO BlockManagerInfo: Removed broadcast_161_piece0 on 172.26.0.12:33791 in memory (size: 5.9 KiB, free: 413.8 MiB)
26/08/14 00:13:18 INFO BlockManagerInfo: Removed broadcast_160_piece0 on spark-driver:44031 in memory (size: 35.3 KiB, free: 191.2 MiB)
26/08/14 00:13:18 INFO BlockManagerInfo: Removed broadcast_160_piece0 on 172.26.0.12:33791 in memory (size: 35.3 KiB, free: 413.9 MiB)
26/08/14 00:13:18 INFO BlockManagerInfo: Removed broadcast_160_piece0 on 172.26.0.13:37779 in memory (size: 35.3 KiB, free: 413.9 MiB)
26/08/14 00:13:18 INFO BlockManagerInfo: Removed broadcast_163_piece0 on spark-driver:44031 in memory (size: 6.1 KiB, free: 191.2 MiB)
26/08/14 00:13:18 INFO BlockManagerInfo: Removed broadcast_163_piece0 on 172.26.0.13:37779 in memory (size: 6.1 KiB, free: 413.9 MiB)
26/08/14 00:13:18 INFO BlockManagerInfo: Removed broadcast_162_piece0 on spark-driver:44031 in memory (size: 24.8 KiB, free: 191.2 MiB)
26/08/14 00:13:18 INFO BlockManagerInfo: Removed broadcast_162_piece0 on 172.26.0.13:37779 in memory (size: 24.8 KiB, free: 413.9 MiB)
26/08/14 00:13:18 INFO BlockManagerInfo: Removed broadcast_162_piece0 on 172.26.0.12:33791 in memory (size: 24.8 KiB, free: 413.9 MiB)
26/08/14 00:13:18 INFO KafkaOffsetReaderAdmin: Partitions added: Map()
26/08/14 00:13:18 INFO KafkaOffsetReaderAdmin: Partitions added: Map()
2026-08-14 00:13:18,378 INFO  [stream] Received command c on object id p0
26/08/14 00:13:18 INFO SparkContext: Starting job: count at <unknown>:0
26/08/14 00:13:18 INFO DAGScheduler: Registering RDD 1059 (count at <unknown>:0) as input to shuffle 75
26/08/14 00:13:18 INFO DAGScheduler: Got job 90 (count at <unknown>:0) with 1 output partitions
26/08/14 00:13:18 INFO DAGScheduler: Final stage: ResultStage 166 (count at <unknown>:0)
26/08/14 00:13:18 INFO DAGScheduler: Parents of final stage: List(ShuffleMapStage 165)
26/08/14 00:13:18 INFO DAGScheduler: Missing parents: List(ShuffleMapStage 165)
26/08/14 00:13:18 INFO DAGScheduler: Submitting ShuffleMapStage 165 (MapPartitionsRDD[1059] at count at <unknown>:0), which has no missing parents
26/08/14 00:13:18 INFO MemoryStore: Block broadcast_164 stored as values in memory (estimated size 64.6 KiB, free 191.1 MiB)
26/08/14 00:13:18 INFO MemoryStore: Block broadcast_164_piece0 stored as bytes in memory (estimated size 24.1 KiB, free 191.0 MiB)
26/08/14 00:13:18 INFO BlockManagerInfo: Added broadcast_164_piece0 in memory on spark-driver:44031 (size: 24.1 KiB, free: 191.2 MiB)
26/08/14 00:13:18 INFO SparkContext: Created broadcast 164 from broadcast at DAGScheduler.scala:1585
26/08/14 00:13:18 INFO DAGScheduler: Submitting 6 missing tasks from ShuffleMapStage 165 (MapPartitionsRDD[1059] at count at <unknown>:0) (first 15 tasks are for partitions Vector(0, 1, 2, 3, 4, 5))
26/08/14 00:13:18 INFO TaskSchedulerImpl: Adding task set 165.0 with 6 tasks resource profile 0
26/08/14 00:13:18 INFO TaskSetManager: Starting task 2.0 in stage 165.0 (TID 594) (172.26.0.13, executor 1, partition 2, PROCESS_LOCAL, 9921 bytes) 
26/08/14 00:13:18 INFO TaskSetManager: Starting task 0.0 in stage 165.0 (TID 595) (172.26.0.12, executor 0, partition 0, PROCESS_LOCAL, 9921 bytes) 
26/08/14 00:13:18 INFO TaskSetManager: Starting task 3.0 in stage 165.0 (TID 596) (172.26.0.13, executor 1, partition 3, PROCESS_LOCAL, 9921 bytes) 
26/08/14 00:13:18 INFO TaskSetManager: Starting task 1.0 in stage 165.0 (TID 597) (172.26.0.12, executor 0, partition 1, PROCESS_LOCAL, 9921 bytes) 
26/08/14 00:13:18 INFO TaskSetManager: Starting task 4.0 in stage 165.0 (TID 598) (172.26.0.13, executor 1, partition 4, PROCESS_LOCAL, 9921 bytes) 
26/08/14 00:13:18 INFO TaskSetManager: Starting task 5.0 in stage 165.0 (TID 599) (172.26.0.12, executor 0, partition 5, PROCESS_LOCAL, 9921 bytes) 
26/08/14 00:13:18 INFO BlockManagerInfo: Added broadcast_164_piece0 in memory on 172.26.0.13:37779 (size: 24.1 KiB, free: 413.9 MiB)
26/08/14 00:13:18 INFO BlockManagerInfo: Added broadcast_164_piece0 in memory on 172.26.0.12:33791 (size: 24.1 KiB, free: 413.9 MiB)
26/08/14 00:13:18 INFO BlockManagerInfo: Added rdd_1054_1 in memory on 172.26.0.12:33791 (size: 175.4 KiB, free: 413.7 MiB)
26/08/14 00:13:18 INFO BlockManagerInfo: Added rdd_1054_0 in memory on 172.26.0.12:33791 (size: 163.8 KiB, free: 413.5 MiB)
26/08/14 00:13:18 INFO BlockManagerInfo: Added rdd_1054_5 in memory on 172.26.0.12:33791 (size: 192.6 KiB, free: 413.4 MiB)
26/08/14 00:13:18 INFO TaskSetManager: Finished task 1.0 in stage 165.0 (TID 597) in 93 ms on 172.26.0.12 (executor 0) (1/6)
26/08/14 00:13:18 INFO TaskSetManager: Finished task 0.0 in stage 165.0 (TID 595) in 93 ms on 172.26.0.12 (executor 0) (2/6)
26/08/14 00:13:18 INFO TaskSetManager: Finished task 5.0 in stage 165.0 (TID 599) in 96 ms on 172.26.0.12 (executor 0) (3/6)
26/08/14 00:13:18 INFO BlockManagerInfo: Added rdd_1054_2 in memory on 172.26.0.13:37779 (size: 163.3 KiB, free: 413.7 MiB)
26/08/14 00:13:18 INFO BlockManagerInfo: Added rdd_1054_4 in memory on 172.26.0.13:37779 (size: 182.3 KiB, free: 413.5 MiB)
26/08/14 00:13:18 INFO BlockManagerInfo: Added rdd_1054_3 in memory on 172.26.0.13:37779 (size: 170.6 KiB, free: 413.4 MiB)
26/08/14 00:13:18 INFO TaskSetManager: Finished task 2.0 in stage 165.0 (TID 594) in 104 ms on 172.26.0.13 (executor 1) (4/6)
26/08/14 00:13:18 INFO TaskSetManager: Finished task 4.0 in stage 165.0 (TID 598) in 104 ms on 172.26.0.13 (executor 1) (5/6)
26/08/14 00:13:18 INFO TaskSetManager: Finished task 3.0 in stage 165.0 (TID 596) in 105 ms on 172.26.0.13 (executor 1) (6/6)
26/08/14 00:13:18 INFO TaskSchedulerImpl: Removed TaskSet 165.0, whose tasks have all completed, from pool 
26/08/14 00:13:18 INFO DAGScheduler: ShuffleMapStage 165 (count at <unknown>:0) finished in 0.111 s
26/08/14 00:13:18 INFO DAGScheduler: looking for newly runnable stages
26/08/14 00:13:18 INFO DAGScheduler: running: Set()
26/08/14 00:13:18 INFO DAGScheduler: waiting: Set(ResultStage 166)
26/08/14 00:13:18 INFO DAGScheduler: failed: Set()
26/08/14 00:13:18 INFO DAGScheduler: Submitting ResultStage 166 (MapPartitionsRDD[1062] at count at <unknown>:0), which has no missing parents
26/08/14 00:13:18 INFO MemoryStore: Block broadcast_165 stored as values in memory (estimated size 12.5 KiB, free 191.0 MiB)
26/08/14 00:13:18 INFO MemoryStore: Block broadcast_165_piece0 stored as bytes in memory (estimated size 5.9 KiB, free 191.0 MiB)
26/08/14 00:13:18 INFO BlockManagerInfo: Added broadcast_165_piece0 in memory on spark-driver:44031 (size: 5.9 KiB, free: 191.2 MiB)
26/08/14 00:13:18 INFO SparkContext: Created broadcast 165 from broadcast at DAGScheduler.scala:1585
26/08/14 00:13:18 INFO DAGScheduler: Submitting 1 missing tasks from ResultStage 166 (MapPartitionsRDD[1062] at count at <unknown>:0) (first 15 tasks are for partitions Vector(0))
26/08/14 00:13:18 INFO TaskSchedulerImpl: Adding task set 166.0 with 1 tasks resource profile 0
26/08/14 00:13:18 INFO TaskSetManager: Starting task 0.0 in stage 166.0 (TID 600) (172.26.0.13, executor 1, partition 0, NODE_LOCAL, 9003 bytes) 
26/08/14 00:13:18 INFO BlockManagerInfo: Added broadcast_165_piece0 in memory on 172.26.0.13:37779 (size: 5.9 KiB, free: 413.4 MiB)
26/08/14 00:13:18 INFO MapOutputTrackerMasterEndpoint: Asked to send map output locations for shuffle 75 to 172.26.0.13:36452
26/08/14 00:13:18 INFO TaskSetManager: Finished task 0.0 in stage 166.0 (TID 600) in 15 ms on 172.26.0.13 (executor 1) (1/1)
26/08/14 00:13:18 INFO TaskSchedulerImpl: Removed TaskSet 166.0, whose tasks have all completed, from pool 
26/08/14 00:13:18 INFO DAGScheduler: ResultStage 166 (count at <unknown>:0) finished in 0.018 s
26/08/14 00:13:18 INFO DAGScheduler: Job 90 is finished. Cancelling potential speculative or zombie tasks for this job
26/08/14 00:13:18 INFO TaskSchedulerImpl: Killing all running tasks in stage 166: Stage finished
26/08/14 00:13:18 INFO DAGScheduler: Job 90 finished: count at <unknown>:0, took 0.134933 s
26/08/14 00:13:18 INFO SparkContext: Starting job: count at <unknown>:0
26/08/14 00:13:18 INFO DAGScheduler: Registering RDD 1067 (count at <unknown>:0) as input to shuffle 76
26/08/14 00:13:18 INFO DAGScheduler: Got job 91 (count at <unknown>:0) with 1 output partitions
26/08/14 00:13:18 INFO DAGScheduler: Final stage: ResultStage 168 (count at <unknown>:0)
26/08/14 00:13:18 INFO DAGScheduler: Parents of final stage: List(ShuffleMapStage 167)
26/08/14 00:13:18 INFO DAGScheduler: Missing parents: List(ShuffleMapStage 167)
26/08/14 00:13:18 INFO DAGScheduler: Submitting ShuffleMapStage 167 (MapPartitionsRDD[1067] at count at <unknown>:0), which has no missing parents
26/08/14 00:13:18 INFO BlockManagerInfo: Removed broadcast_164_piece0 on spark-driver:44031 in memory (size: 24.1 KiB, free: 191.2 MiB)
26/08/14 00:13:18 INFO BlockManagerInfo: Removed broadcast_164_piece0 on 172.26.0.13:37779 in memory (size: 24.1 KiB, free: 413.4 MiB)
26/08/14 00:13:18 INFO BlockManagerInfo: Removed broadcast_164_piece0 on 172.26.0.12:33791 in memory (size: 24.1 KiB, free: 413.4 MiB)
26/08/14 00:13:18 INFO MemoryStore: Block broadcast_166 stored as values in memory (estimated size 64.9 KiB, free 191.0 MiB)
26/08/14 00:13:18 INFO BlockManagerInfo: Removed broadcast_165_piece0 on spark-driver:44031 in memory (size: 5.9 KiB, free: 191.2 MiB)
26/08/14 00:13:18 INFO MemoryStore: Block broadcast_166_piece0 stored as bytes in memory (estimated size 24.2 KiB, free 191.0 MiB)
26/08/14 00:13:18 INFO BlockManagerInfo: Added broadcast_166_piece0 in memory on spark-driver:44031 (size: 24.2 KiB, free: 191.2 MiB)
26/08/14 00:13:18 INFO BlockManagerInfo: Removed broadcast_165_piece0 on 172.26.0.13:37779 in memory (size: 5.9 KiB, free: 413.4 MiB)
26/08/14 00:13:18 INFO SparkContext: Created broadcast 166 from broadcast at DAGScheduler.scala:1585
26/08/14 00:13:18 INFO DAGScheduler: Submitting 6 missing tasks from ShuffleMapStage 167 (MapPartitionsRDD[1067] at count at <unknown>:0) (first 15 tasks are for partitions Vector(0, 1, 2, 3, 4, 5))
26/08/14 00:13:18 INFO TaskSchedulerImpl: Adding task set 167.0 with 6 tasks resource profile 0
26/08/14 00:13:18 INFO TaskSetManager: Starting task 2.0 in stage 167.0 (TID 601) (172.26.0.13, executor 1, partition 2, PROCESS_LOCAL, 9921 bytes) 
26/08/14 00:13:18 INFO TaskSetManager: Starting task 0.0 in stage 167.0 (TID 602) (172.26.0.12, executor 0, partition 0, PROCESS_LOCAL, 9921 bytes) 
26/08/14 00:13:18 INFO TaskSetManager: Starting task 3.0 in stage 167.0 (TID 603) (172.26.0.13, executor 1, partition 3, PROCESS_LOCAL, 9921 bytes) 
26/08/14 00:13:18 INFO TaskSetManager: Starting task 1.0 in stage 167.0 (TID 604) (172.26.0.12, executor 0, partition 1, PROCESS_LOCAL, 9921 bytes) 
26/08/14 00:13:18 INFO TaskSetManager: Starting task 4.0 in stage 167.0 (TID 605) (172.26.0.13, executor 1, partition 4, PROCESS_LOCAL, 9921 bytes) 
26/08/14 00:13:18 INFO TaskSetManager: Starting task 5.0 in stage 167.0 (TID 606) (172.26.0.12, executor 0, partition 5, PROCESS_LOCAL, 9921 bytes) 
26/08/14 00:13:18 INFO BlockManagerInfo: Added broadcast_166_piece0 in memory on 172.26.0.12:33791 (size: 24.2 KiB, free: 413.4 MiB)
26/08/14 00:13:18 INFO BlockManagerInfo: Added broadcast_166_piece0 in memory on 172.26.0.13:37779 (size: 24.2 KiB, free: 413.4 MiB)
26/08/14 00:13:18 INFO TaskSetManager: Finished task 0.0 in stage 167.0 (TID 602) in 16 ms on 172.26.0.12 (executor 0) (1/6)
26/08/14 00:13:18 INFO TaskSetManager: Finished task 5.0 in stage 167.0 (TID 606) in 16 ms on 172.26.0.12 (executor 0) (2/6)
26/08/14 00:13:18 INFO TaskSetManager: Finished task 2.0 in stage 167.0 (TID 601) in 16 ms on 172.26.0.13 (executor 1) (3/6)
26/08/14 00:13:18 INFO TaskSetManager: Finished task 3.0 in stage 167.0 (TID 603) in 16 ms on 172.26.0.13 (executor 1) (4/6)
26/08/14 00:13:18 INFO TaskSetManager: Finished task 4.0 in stage 167.0 (TID 605) in 17 ms on 172.26.0.13 (executor 1) (5/6)
26/08/14 00:13:18 INFO TaskSetManager: Finished task 1.0 in stage 167.0 (TID 604) in 17 ms on 172.26.0.12 (executor 0) (6/6)
26/08/14 00:13:18 INFO TaskSchedulerImpl: Removed TaskSet 167.0, whose tasks have all completed, from pool 
26/08/14 00:13:18 INFO DAGScheduler: ShuffleMapStage 167 (count at <unknown>:0) finished in 0.024 s
26/08/14 00:13:18 INFO DAGScheduler: looking for newly runnable stages
26/08/14 00:13:18 INFO DAGScheduler: running: Set()
26/08/14 00:13:18 INFO DAGScheduler: waiting: Set(ResultStage 168)
26/08/14 00:13:18 INFO DAGScheduler: failed: Set()
26/08/14 00:13:18 INFO DAGScheduler: Submitting ResultStage 168 (MapPartitionsRDD[1070] at count at <unknown>:0), which has no missing parents
26/08/14 00:13:18 INFO MemoryStore: Block broadcast_167 stored as values in memory (estimated size 12.5 KiB, free 191.0 MiB)
26/08/14 00:13:18 INFO MemoryStore: Block broadcast_167_piece0 stored as bytes in memory (estimated size 5.9 KiB, free 191.0 MiB)
26/08/14 00:13:18 INFO BlockManagerInfo: Added broadcast_167_piece0 in memory on spark-driver:44031 (size: 5.9 KiB, free: 191.2 MiB)
26/08/14 00:13:18 INFO SparkContext: Created broadcast 167 from broadcast at DAGScheduler.scala:1585
26/08/14 00:13:18 INFO DAGScheduler: Submitting 1 missing tasks from ResultStage 168 (MapPartitionsRDD[1070] at count at <unknown>:0) (first 15 tasks are for partitions Vector(0))
26/08/14 00:13:18 INFO TaskSchedulerImpl: Adding task set 168.0 with 1 tasks resource profile 0
26/08/14 00:13:18 INFO TaskSetManager: Starting task 0.0 in stage 168.0 (TID 607) (172.26.0.13, executor 1, partition 0, NODE_LOCAL, 9003 bytes) 
26/08/14 00:13:18 INFO BlockManagerInfo: Added broadcast_167_piece0 in memory on 172.26.0.13:37779 (size: 5.9 KiB, free: 413.4 MiB)
26/08/14 00:13:18 INFO MapOutputTrackerMasterEndpoint: Asked to send map output locations for shuffle 76 to 172.26.0.13:36452
26/08/14 00:13:18 INFO TaskSetManager: Finished task 0.0 in stage 168.0 (TID 607) in 13 ms on 172.26.0.13 (executor 1) (1/1)
26/08/14 00:13:18 INFO TaskSchedulerImpl: Removed TaskSet 168.0, whose tasks have all completed, from pool 
26/08/14 00:13:18 INFO DAGScheduler: ResultStage 168 (count at <unknown>:0) finished in 0.015 s
26/08/14 00:13:18 INFO DAGScheduler: Job 91 is finished. Cancelling potential speculative or zombie tasks for this job
26/08/14 00:13:18 INFO TaskSchedulerImpl: Killing all running tasks in stage 168: Stage finished
26/08/14 00:13:18 INFO DAGScheduler: Job 91 finished: count at <unknown>:0, took 0.041899 s
26/08/14 00:13:18 INFO CodeGenerator: Code generated in 10.040666 ms
26/08/14 00:13:18 INFO DefaultCachedBatchSerializer: Predicate isnotnull(event_time#89-T120000ms) generates partition filter: ((event_time.count#52219 - event_time.nullCount#52218) > 0)
26/08/14 00:13:18 INFO DefaultCachedBatchSerializer: Predicate (event_time#89-T120000ms < 2026-08-14 00:11:16.191) generates partition filter: (event_time.lowerBound#52217 < 2026-08-14 00:11:16.191)
26/08/14 00:13:18 INFO SparkContext: Starting job: count at <unknown>:0
26/08/14 00:13:18 INFO DAGScheduler: Registering RDD 1075 (count at <unknown>:0) as input to shuffle 77
26/08/14 00:13:18 INFO DAGScheduler: Got job 92 (count at <unknown>:0) with 1 output partitions
26/08/14 00:13:18 INFO DAGScheduler: Final stage: ResultStage 170 (count at <unknown>:0)
26/08/14 00:13:18 INFO DAGScheduler: Parents of final stage: List(ShuffleMapStage 169)
26/08/14 00:13:18 INFO DAGScheduler: Missing parents: List(ShuffleMapStage 169)
26/08/14 00:13:18 INFO DAGScheduler: Submitting ShuffleMapStage 169 (MapPartitionsRDD[1075] at count at <unknown>:0), which has no missing parents
26/08/14 00:13:18 INFO MemoryStore: Block broadcast_168 stored as values in memory (estimated size 67.2 KiB, free 191.0 MiB)
26/08/14 00:13:18 INFO MemoryStore: Block broadcast_168_piece0 stored as bytes in memory (estimated size 25.6 KiB, free 190.9 MiB)
26/08/14 00:13:18 INFO BlockManagerInfo: Added broadcast_168_piece0 in memory on spark-driver:44031 (size: 25.6 KiB, free: 191.1 MiB)
26/08/14 00:13:18 INFO SparkContext: Created broadcast 168 from broadcast at DAGScheduler.scala:1585
26/08/14 00:13:18 INFO DAGScheduler: Submitting 6 missing tasks from ShuffleMapStage 169 (MapPartitionsRDD[1075] at count at <unknown>:0) (first 15 tasks are for partitions Vector(0, 1, 2, 3, 4, 5))
26/08/14 00:13:18 INFO TaskSchedulerImpl: Adding task set 169.0 with 6 tasks resource profile 0
26/08/14 00:13:18 INFO TaskSetManager: Starting task 2.0 in stage 169.0 (TID 608) (172.26.0.13, executor 1, partition 2, PROCESS_LOCAL, 9921 bytes) 
26/08/14 00:13:18 INFO TaskSetManager: Starting task 0.0 in stage 169.0 (TID 609) (172.26.0.12, executor 0, partition 0, PROCESS_LOCAL, 9921 bytes) 
26/08/14 00:13:18 INFO TaskSetManager: Starting task 3.0 in stage 169.0 (TID 610) (172.26.0.13, executor 1, partition 3, PROCESS_LOCAL, 9921 bytes) 
26/08/14 00:13:18 INFO TaskSetManager: Starting task 1.0 in stage 169.0 (TID 611) (172.26.0.12, executor 0, partition 1, PROCESS_LOCAL, 9921 bytes) 
26/08/14 00:13:18 INFO TaskSetManager: Starting task 4.0 in stage 169.0 (TID 612) (172.26.0.13, executor 1, partition 4, PROCESS_LOCAL, 9921 bytes) 
26/08/14 00:13:18 INFO TaskSetManager: Starting task 5.0 in stage 169.0 (TID 613) (172.26.0.12, executor 0, partition 5, PROCESS_LOCAL, 9921 bytes) 
26/08/14 00:13:18 INFO BlockManagerInfo: Added broadcast_168_piece0 in memory on 172.26.0.12:33791 (size: 25.6 KiB, free: 413.3 MiB)
26/08/14 00:13:18 INFO BlockManagerInfo: Added broadcast_168_piece0 in memory on 172.26.0.13:37779 (size: 25.6 KiB, free: 413.3 MiB)
26/08/14 00:13:18 INFO TaskSetManager: Finished task 1.0 in stage 169.0 (TID 611) in 45 ms on 172.26.0.12 (executor 0) (1/6)
26/08/14 00:13:18 INFO TaskSetManager: Finished task 0.0 in stage 169.0 (TID 609) in 50 ms on 172.26.0.12 (executor 0) (2/6)
26/08/14 00:13:18 INFO TaskSetManager: Finished task 2.0 in stage 169.0 (TID 608) in 57 ms on 172.26.0.13 (executor 1) (3/6)
26/08/14 00:13:18 INFO TaskSetManager: Finished task 4.0 in stage 169.0 (TID 612) in 57 ms on 172.26.0.13 (executor 1) (4/6)
26/08/14 00:13:18 INFO TaskSetManager: Finished task 3.0 in stage 169.0 (TID 610) in 58 ms on 172.26.0.13 (executor 1) (5/6)
26/08/14 00:13:18 INFO TaskSetManager: Finished task 5.0 in stage 169.0 (TID 613) in 61 ms on 172.26.0.12 (executor 0) (6/6)
26/08/14 00:13:18 INFO TaskSchedulerImpl: Removed TaskSet 169.0, whose tasks have all completed, from pool 
26/08/14 00:13:18 INFO DAGScheduler: ShuffleMapStage 169 (count at <unknown>:0) finished in 0.067 s
26/08/14 00:13:18 INFO DAGScheduler: looking for newly runnable stages
26/08/14 00:13:18 INFO DAGScheduler: running: Set()
26/08/14 00:13:18 INFO DAGScheduler: waiting: Set(ResultStage 170)
26/08/14 00:13:18 INFO DAGScheduler: failed: Set()
26/08/14 00:13:18 INFO DAGScheduler: Submitting ResultStage 170 (MapPartitionsRDD[1078] at count at <unknown>:0), which has no missing parents
26/08/14 00:13:18 INFO MemoryStore: Block broadcast_169 stored as values in memory (estimated size 12.5 KiB, free 190.9 MiB)
26/08/14 00:13:18 INFO MemoryStore: Block broadcast_169_piece0 stored as bytes in memory (estimated size 5.9 KiB, free 190.9 MiB)
26/08/14 00:13:18 INFO BlockManagerInfo: Added broadcast_169_piece0 in memory on spark-driver:44031 (size: 5.9 KiB, free: 191.1 MiB)
26/08/14 00:13:18 INFO SparkContext: Created broadcast 169 from broadcast at DAGScheduler.scala:1585
26/08/14 00:13:18 INFO DAGScheduler: Submitting 1 missing tasks from ResultStage 170 (MapPartitionsRDD[1078] at count at <unknown>:0) (first 15 tasks are for partitions Vector(0))
26/08/14 00:13:18 INFO TaskSchedulerImpl: Adding task set 170.0 with 1 tasks resource profile 0
26/08/14 00:13:18 INFO TaskSetManager: Starting task 0.0 in stage 170.0 (TID 614) (172.26.0.13, executor 1, partition 0, NODE_LOCAL, 9003 bytes) 
26/08/14 00:13:18 INFO BlockManagerInfo: Added broadcast_169_piece0 in memory on 172.26.0.13:37779 (size: 5.9 KiB, free: 413.3 MiB)
26/08/14 00:13:18 INFO MapOutputTrackerMasterEndpoint: Asked to send map output locations for shuffle 77 to 172.26.0.13:36452
26/08/14 00:13:18 INFO TaskSetManager: Finished task 0.0 in stage 170.0 (TID 614) in 13 ms on 172.26.0.13 (executor 1) (1/1)
26/08/14 00:13:18 INFO TaskSchedulerImpl: Removed TaskSet 170.0, whose tasks have all completed, from pool 
26/08/14 00:13:18 INFO DAGScheduler: ResultStage 170 (count at <unknown>:0) finished in 0.016 s
26/08/14 00:13:18 INFO DAGScheduler: Job 92 is finished. Cancelling potential speculative or zombie tasks for this job
26/08/14 00:13:18 INFO TaskSchedulerImpl: Killing all running tasks in stage 170: Stage finished
26/08/14 00:13:18 INFO DAGScheduler: Job 92 finished: count at <unknown>:0, took 0.085527 s
26/08/14 00:13:18 INFO BlockManagerInfo: Removed broadcast_166_piece0 on spark-driver:44031 in memory (size: 24.2 KiB, free: 191.2 MiB)
26/08/14 00:13:18 INFO BlockManagerInfo: Removed broadcast_166_piece0 on 172.26.0.13:37779 in memory (size: 24.2 KiB, free: 413.4 MiB)
26/08/14 00:13:18 INFO BlockManagerInfo: Removed broadcast_166_piece0 on 172.26.0.12:33791 in memory (size: 24.2 KiB, free: 413.4 MiB)
26/08/14 00:13:18 INFO BlockManagerInfo: Removed broadcast_169_piece0 on spark-driver:44031 in memory (size: 5.9 KiB, free: 191.2 MiB)
26/08/14 00:13:18 INFO BlockManagerInfo: Removed broadcast_169_piece0 on 172.26.0.13:37779 in memory (size: 5.9 KiB, free: 413.4 MiB)
26/08/14 00:13:18 INFO BlockManagerInfo: Removed broadcast_167_piece0 on spark-driver:44031 in memory (size: 5.9 KiB, free: 191.2 MiB)
26/08/14 00:13:18 INFO BlockManagerInfo: Removed broadcast_167_piece0 on 172.26.0.13:37779 in memory (size: 5.9 KiB, free: 413.4 MiB)
26/08/14 00:13:18 INFO BlockManagerInfo: Removed broadcast_168_piece0 on spark-driver:44031 in memory (size: 25.6 KiB, free: 191.2 MiB)
26/08/14 00:13:18 INFO BlockManagerInfo: Removed broadcast_168_piece0 on 172.26.0.13:37779 in memory (size: 25.6 KiB, free: 413.4 MiB)
26/08/14 00:13:18 INFO BlockManagerInfo: Removed broadcast_168_piece0 on 172.26.0.12:33791 in memory (size: 25.6 KiB, free: 413.4 MiB)
26/08/14 00:13:18 INFO DefaultCachedBatchSerializer: Predicate isnotnull(kind#52776) generates partition filter: ((kind.count#52845 - kind.nullCount#52844) > 0)
26/08/14 00:13:18 INFO DefaultCachedBatchSerializer: Predicate (kind#52776 = stats) generates partition filter: ((kind.lowerBound#52843 <= stats) AND (stats <= kind.upperBound#52842))
26/08/14 00:13:18 INFO SparkContext: Starting job: call at /opt/spark/python/lib/py4j-0.10.9.7-src.zip/py4j/clientserver.py:617
26/08/14 00:13:18 INFO DAGScheduler: Got job 93 (call at /opt/spark/python/lib/py4j-0.10.9.7-src.zip/py4j/clientserver.py:617) with 6 output partitions
26/08/14 00:13:18 INFO DAGScheduler: Final stage: ResultStage 171 (call at /opt/spark/python/lib/py4j-0.10.9.7-src.zip/py4j/clientserver.py:617)
26/08/14 00:13:18 INFO DAGScheduler: Parents of final stage: List()
26/08/14 00:13:18 INFO DAGScheduler: Missing parents: List()
26/08/14 00:13:18 INFO DAGScheduler: Submitting ResultStage 171 (MapPartitionsRDD[1097] at call at /opt/spark/python/lib/py4j-0.10.9.7-src.zip/py4j/clientserver.py:617), which has no missing parents
26/08/14 00:13:18 INFO MemoryStore: Block broadcast_170 stored as values in memory (estimated size 90.0 KiB, free 191.0 MiB)
26/08/14 00:13:18 INFO MemoryStore: Block broadcast_170_piece0 stored as bytes in memory (estimated size 34.0 KiB, free 191.0 MiB)
26/08/14 00:13:18 INFO BlockManagerInfo: Added broadcast_170_piece0 in memory on spark-driver:44031 (size: 34.0 KiB, free: 191.2 MiB)
26/08/14 00:13:18 INFO SparkContext: Created broadcast 170 from broadcast at DAGScheduler.scala:1585
26/08/14 00:13:18 INFO DAGScheduler: Submitting 6 missing tasks from ResultStage 171 (MapPartitionsRDD[1097] at call at /opt/spark/python/lib/py4j-0.10.9.7-src.zip/py4j/clientserver.py:617) (first 15 tasks are for partitions Vector(0, 1, 2, 3, 4, 5))
26/08/14 00:13:18 INFO TaskSchedulerImpl: Adding task set 171.0 with 6 tasks resource profile 0
26/08/14 00:13:18 INFO TaskSetManager: Starting task 2.0 in stage 171.0 (TID 615) (172.26.0.13, executor 1, partition 2, PROCESS_LOCAL, 9932 bytes) 
26/08/14 00:13:18 INFO TaskSetManager: Starting task 0.0 in stage 171.0 (TID 616) (172.26.0.12, executor 0, partition 0, PROCESS_LOCAL, 9932 bytes) 
26/08/14 00:13:18 INFO TaskSetManager: Starting task 3.0 in stage 171.0 (TID 617) (172.26.0.13, executor 1, partition 3, PROCESS_LOCAL, 9932 bytes) 
26/08/14 00:13:18 INFO TaskSetManager: Starting task 1.0 in stage 171.0 (TID 618) (172.26.0.12, executor 0, partition 1, PROCESS_LOCAL, 9932 bytes) 
26/08/14 00:13:18 INFO TaskSetManager: Starting task 4.0 in stage 171.0 (TID 619) (172.26.0.13, executor 1, partition 4, PROCESS_LOCAL, 9932 bytes) 
26/08/14 00:13:18 INFO TaskSetManager: Starting task 5.0 in stage 171.0 (TID 620) (172.26.0.12, executor 0, partition 5, PROCESS_LOCAL, 9932 bytes) 
26/08/14 00:13:18 INFO BlockManagerInfo: Added broadcast_170_piece0 in memory on 172.26.0.13:37779 (size: 34.0 KiB, free: 413.4 MiB)
26/08/14 00:13:18 INFO BlockManagerInfo: Added broadcast_170_piece0 in memory on 172.26.0.12:33791 (size: 34.0 KiB, free: 413.3 MiB)
26/08/14 00:13:19 INFO BlockManagerInfo: Added rdd_1092_0 in memory on 172.26.0.12:33791 (size: 1792.0 B, free: 413.3 MiB)
26/08/14 00:13:19 INFO TaskSetManager: Finished task 0.0 in stage 171.0 (TID 616) in 490 ms on 172.26.0.12 (executor 0) (1/6)
26/08/14 00:13:19 INFO BlockManagerInfo: Added rdd_1092_2 in memory on 172.26.0.13:37779 (size: 1792.0 B, free: 413.4 MiB)
26/08/14 00:13:19 INFO TaskSetManager: Finished task 2.0 in stage 171.0 (TID 615) in 516 ms on 172.26.0.13 (executor 1) (2/6)
26/08/14 00:13:19 INFO BlockManagerInfo: Added rdd_1092_1 in memory on 172.26.0.12:33791 (size: 1792.0 B, free: 413.3 MiB)
26/08/14 00:13:19 INFO TaskSetManager: Finished task 1.0 in stage 171.0 (TID 618) in 528 ms on 172.26.0.12 (executor 0) (3/6)
26/08/14 00:13:19 INFO BlockManagerInfo: Added rdd_1092_3 in memory on 172.26.0.13:37779 (size: 1792.0 B, free: 413.4 MiB)
26/08/14 00:13:19 INFO TaskSetManager: Finished task 3.0 in stage 171.0 (TID 617) in 593 ms on 172.26.0.13 (executor 1) (4/6)
26/08/14 00:13:19 INFO BlockManagerInfo: Added rdd_1092_5 in memory on 172.26.0.12:33791 (size: 1792.0 B, free: 413.3 MiB)
26/08/14 00:13:19 INFO TaskSetManager: Finished task 5.0 in stage 171.0 (TID 620) in 605 ms on 172.26.0.12 (executor 0) (5/6)
26/08/14 00:13:19 INFO BlockManagerInfo: Added rdd_1092_4 in memory on 172.26.0.13:37779 (size: 1792.0 B, free: 413.4 MiB)
26/08/14 00:13:19 INFO TaskSetManager: Finished task 4.0 in stage 171.0 (TID 619) in 615 ms on 172.26.0.13 (executor 1) (6/6)
26/08/14 00:13:19 INFO TaskSchedulerImpl: Removed TaskSet 171.0, whose tasks have all completed, from pool 
26/08/14 00:13:19 INFO DAGScheduler: ResultStage 171 (call at /opt/spark/python/lib/py4j-0.10.9.7-src.zip/py4j/clientserver.py:617) finished in 0.621 s
26/08/14 00:13:19 INFO DAGScheduler: Job 93 is finished. Cancelling potential speculative or zombie tasks for this job
26/08/14 00:13:19 INFO TaskSchedulerImpl: Killing all running tasks in stage 171: Stage finished
26/08/14 00:13:19 INFO DAGScheduler: Job 93 finished: call at /opt/spark/python/lib/py4j-0.10.9.7-src.zip/py4j/clientserver.py:617, took 0.624608 s
26/08/14 00:13:19 INFO DefaultCachedBatchSerializer: Predicate isnotnull(kind#52776) generates partition filter: ((kind.count#52928 - kind.nullCount#52927) > 0)
26/08/14 00:13:19 INFO DefaultCachedBatchSerializer: Predicate (kind#52776 = dlq) generates partition filter: ((kind.lowerBound#52926 <= dlq) AND (dlq <= kind.upperBound#52925))
26/08/14 00:13:19 INFO SparkContext: Starting job: count at <unknown>:0
26/08/14 00:13:19 INFO DAGScheduler: Registering RDD 1102 (count at <unknown>:0) as input to shuffle 78
26/08/14 00:13:19 INFO DAGScheduler: Got job 94 (count at <unknown>:0) with 1 output partitions
26/08/14 00:13:19 INFO DAGScheduler: Final stage: ResultStage 173 (count at <unknown>:0)
26/08/14 00:13:19 INFO DAGScheduler: Parents of final stage: List(ShuffleMapStage 172)
26/08/14 00:13:19 INFO DAGScheduler: Missing parents: List(ShuffleMapStage 172)
26/08/14 00:13:19 INFO DAGScheduler: Submitting ShuffleMapStage 172 (MapPartitionsRDD[1102] at count at <unknown>:0), which has no missing parents
26/08/14 00:13:19 INFO MemoryStore: Block broadcast_171 stored as values in memory (estimated size 92.2 KiB, free 190.9 MiB)
26/08/14 00:13:19 INFO MemoryStore: Block broadcast_171_piece0 stored as bytes in memory (estimated size 35.3 KiB, free 190.9 MiB)
26/08/14 00:13:19 INFO BlockManagerInfo: Added broadcast_171_piece0 in memory on spark-driver:44031 (size: 35.3 KiB, free: 191.1 MiB)
26/08/14 00:13:19 INFO SparkContext: Created broadcast 171 from broadcast at DAGScheduler.scala:1585
26/08/14 00:13:19 INFO DAGScheduler: Submitting 6 missing tasks from ShuffleMapStage 172 (MapPartitionsRDD[1102] at count at <unknown>:0) (first 15 tasks are for partitions Vector(0, 1, 2, 3, 4, 5))
26/08/14 00:13:19 INFO TaskSchedulerImpl: Adding task set 172.0 with 6 tasks resource profile 0
26/08/14 00:13:19 INFO TaskSetManager: Starting task 0.0 in stage 172.0 (TID 621) (172.26.0.12, executor 0, partition 0, PROCESS_LOCAL, 9921 bytes) 
26/08/14 00:13:19 INFO TaskSetManager: Starting task 2.0 in stage 172.0 (TID 622) (172.26.0.13, executor 1, partition 2, PROCESS_LOCAL, 9921 bytes) 
26/08/14 00:13:19 INFO TaskSetManager: Starting task 1.0 in stage 172.0 (TID 623) (172.26.0.12, executor 0, partition 1, PROCESS_LOCAL, 9921 bytes) 
26/08/14 00:13:19 INFO TaskSetManager: Starting task 3.0 in stage 172.0 (TID 624) (172.26.0.13, executor 1, partition 3, PROCESS_LOCAL, 9921 bytes) 
26/08/14 00:13:19 INFO TaskSetManager: Starting task 5.0 in stage 172.0 (TID 625) (172.26.0.12, executor 0, partition 5, PROCESS_LOCAL, 9921 bytes) 
26/08/14 00:13:19 INFO TaskSetManager: Starting task 4.0 in stage 172.0 (TID 626) (172.26.0.13, executor 1, partition 4, PROCESS_LOCAL, 9921 bytes) 
26/08/14 00:13:19 INFO BlockManagerInfo: Added broadcast_171_piece0 in memory on 172.26.0.12:33791 (size: 35.3 KiB, free: 413.3 MiB)
26/08/14 00:13:19 INFO BlockManagerInfo: Added broadcast_171_piece0 in memory on 172.26.0.13:37779 (size: 35.3 KiB, free: 413.3 MiB)
26/08/14 00:13:19 INFO TaskSetManager: Finished task 5.0 in stage 172.0 (TID 625) in 30 ms on 172.26.0.12 (executor 0) (1/6)
26/08/14 00:13:19 INFO TaskSetManager: Finished task 0.0 in stage 172.0 (TID 621) in 31 ms on 172.26.0.12 (executor 0) (2/6)
26/08/14 00:13:19 INFO TaskSetManager: Finished task 1.0 in stage 172.0 (TID 623) in 30 ms on 172.26.0.12 (executor 0) (3/6)
26/08/14 00:13:19 INFO TaskSetManager: Finished task 3.0 in stage 172.0 (TID 624) in 45 ms on 172.26.0.13 (executor 1) (4/6)
26/08/14 00:13:19 INFO TaskSetManager: Finished task 4.0 in stage 172.0 (TID 626) in 45 ms on 172.26.0.13 (executor 1) (5/6)
26/08/14 00:13:19 INFO TaskSetManager: Finished task 2.0 in stage 172.0 (TID 622) in 48 ms on 172.26.0.13 (executor 1) (6/6)
26/08/14 00:13:19 INFO TaskSchedulerImpl: Removed TaskSet 172.0, whose tasks have all completed, from pool 
26/08/14 00:13:19 INFO DAGScheduler: ShuffleMapStage 172 (count at <unknown>:0) finished in 0.067 s
26/08/14 00:13:19 INFO DAGScheduler: looking for newly runnable stages
26/08/14 00:13:19 INFO DAGScheduler: running: Set()
26/08/14 00:13:19 INFO DAGScheduler: waiting: Set(ResultStage 173)
26/08/14 00:13:19 INFO DAGScheduler: failed: Set()
26/08/14 00:13:19 INFO DAGScheduler: Submitting ResultStage 173 (MapPartitionsRDD[1105] at count at <unknown>:0), which has no missing parents
26/08/14 00:13:19 INFO MemoryStore: Block broadcast_172 stored as values in memory (estimated size 12.5 KiB, free 190.9 MiB)
26/08/14 00:13:19 INFO MemoryStore: Block broadcast_172_piece0 stored as bytes in memory (estimated size 5.9 KiB, free 190.9 MiB)
26/08/14 00:13:19 INFO BlockManagerInfo: Added broadcast_172_piece0 in memory on spark-driver:44031 (size: 5.9 KiB, free: 191.1 MiB)
26/08/14 00:13:19 INFO SparkContext: Created broadcast 172 from broadcast at DAGScheduler.scala:1585
26/08/14 00:13:19 INFO DAGScheduler: Submitting 1 missing tasks from ResultStage 173 (MapPartitionsRDD[1105] at count at <unknown>:0) (first 15 tasks are for partitions Vector(0))
26/08/14 00:13:19 INFO TaskSchedulerImpl: Adding task set 173.0 with 1 tasks resource profile 0
26/08/14 00:13:19 INFO TaskSetManager: Starting task 0.0 in stage 173.0 (TID 627) (172.26.0.12, executor 0, partition 0, NODE_LOCAL, 9003 bytes) 
26/08/14 00:13:19 INFO BlockManagerInfo: Added broadcast_172_piece0 in memory on 172.26.0.12:33791 (size: 5.9 KiB, free: 413.3 MiB)
26/08/14 00:13:19 INFO MapOutputTrackerMasterEndpoint: Asked to send map output locations for shuffle 78 to 172.26.0.12:37282
26/08/14 00:13:19 INFO TaskSetManager: Finished task 0.0 in stage 173.0 (TID 627) in 54 ms on 172.26.0.12 (executor 0) (1/1)
26/08/14 00:13:19 INFO TaskSchedulerImpl: Removed TaskSet 173.0, whose tasks have all completed, from pool 
26/08/14 00:13:19 INFO DAGScheduler: ResultStage 173 (count at <unknown>:0) finished in 0.060 s
26/08/14 00:13:19 INFO DAGScheduler: Job 94 is finished. Cancelling potential speculative or zombie tasks for this job
26/08/14 00:13:19 INFO TaskSchedulerImpl: Killing all running tasks in stage 173: Stage finished
26/08/14 00:13:19 INFO DAGScheduler: Job 94 finished: count at <unknown>:0, took 0.133727 s
26/08/14 00:13:19 INFO MapPartitionsRDD: Removing RDD 1092 from persistence list
26/08/14 00:13:19 INFO BlockManager: Removing RDD 1092
26/08/14 00:13:19 INFO BlockManagerInfo: Removed broadcast_172_piece0 on spark-driver:44031 in memory (size: 5.9 KiB, free: 191.1 MiB)
26/08/14 00:13:19 INFO BlockManagerInfo: Removed broadcast_172_piece0 on 172.26.0.12:33791 in memory (size: 5.9 KiB, free: 413.3 MiB)
26/08/14 00:13:19 INFO SparkContext: Starting job: call at /opt/spark/python/lib/py4j-0.10.9.7-src.zip/py4j/clientserver.py:617
26/08/14 00:13:19 INFO BlockManagerInfo: Removed broadcast_170_piece0 on spark-driver:44031 in memory (size: 34.0 KiB, free: 191.2 MiB)
26/08/14 00:13:19 INFO BlockManagerInfo: Removed broadcast_170_piece0 on 172.26.0.13:37779 in memory (size: 34.0 KiB, free: 413.4 MiB)
26/08/14 00:13:19 INFO BlockManagerInfo: Removed broadcast_170_piece0 on 172.26.0.12:33791 in memory (size: 34.0 KiB, free: 413.3 MiB)
26/08/14 00:13:19 INFO DAGScheduler: Registering RDD 1110 (call at /opt/spark/python/lib/py4j-0.10.9.7-src.zip/py4j/clientserver.py:617) as input to shuffle 79
26/08/14 00:13:19 INFO DAGScheduler: Got job 95 (call at /opt/spark/python/lib/py4j-0.10.9.7-src.zip/py4j/clientserver.py:617) with 1 output partitions
26/08/14 00:13:19 INFO DAGScheduler: Final stage: ResultStage 175 (call at /opt/spark/python/lib/py4j-0.10.9.7-src.zip/py4j/clientserver.py:617)
26/08/14 00:13:19 INFO DAGScheduler: Parents of final stage: List(ShuffleMapStage 174)
26/08/14 00:13:19 INFO DAGScheduler: Missing parents: List(ShuffleMapStage 174)
26/08/14 00:13:19 INFO DAGScheduler: Submitting ShuffleMapStage 174 (MapPartitionsRDD[1110] at call at /opt/spark/python/lib/py4j-0.10.9.7-src.zip/py4j/clientserver.py:617), which has no missing parents
26/08/14 00:13:19 INFO BlockManagerInfo: Removed broadcast_171_piece0 on 172.26.0.12:33791 in memory (size: 35.3 KiB, free: 413.4 MiB)
26/08/14 00:13:19 INFO BlockManagerInfo: Removed broadcast_171_piece0 on spark-driver:44031 in memory (size: 35.3 KiB, free: 191.2 MiB)
26/08/14 00:13:19 INFO BlockManagerInfo: Removed broadcast_171_piece0 on 172.26.0.13:37779 in memory (size: 35.3 KiB, free: 413.4 MiB)
26/08/14 00:13:19 INFO MemoryStore: Block broadcast_173 stored as values in memory (estimated size 66.2 KiB, free 191.1 MiB)
26/08/14 00:13:19 INFO MemoryStore: Block broadcast_173_piece0 stored as bytes in memory (estimated size 24.8 KiB, free 191.0 MiB)
26/08/14 00:13:19 INFO BlockManagerInfo: Added broadcast_173_piece0 in memory on spark-driver:44031 (size: 24.8 KiB, free: 191.2 MiB)
26/08/14 00:13:19 INFO SparkContext: Created broadcast 173 from broadcast at DAGScheduler.scala:1585
26/08/14 00:13:19 INFO DAGScheduler: Submitting 6 missing tasks from ShuffleMapStage 174 (MapPartitionsRDD[1110] at call at /opt/spark/python/lib/py4j-0.10.9.7-src.zip/py4j/clientserver.py:617) (first 15 tasks are for partitions Vector(0, 1, 2, 3, 4, 5))
26/08/14 00:13:19 INFO TaskSchedulerImpl: Adding task set 174.0 with 6 tasks resource profile 0
26/08/14 00:13:19 INFO TaskSetManager: Starting task 2.0 in stage 174.0 (TID 628) (172.26.0.13, executor 1, partition 2, PROCESS_LOCAL, 9921 bytes) 
26/08/14 00:13:19 INFO TaskSetManager: Starting task 0.0 in stage 174.0 (TID 629) (172.26.0.12, executor 0, partition 0, PROCESS_LOCAL, 9921 bytes) 
26/08/14 00:13:19 INFO TaskSetManager: Starting task 3.0 in stage 174.0 (TID 630) (172.26.0.13, executor 1, partition 3, PROCESS_LOCAL, 9921 bytes) 
26/08/14 00:13:19 INFO TaskSetManager: Starting task 1.0 in stage 174.0 (TID 631) (172.26.0.12, executor 0, partition 1, PROCESS_LOCAL, 9921 bytes) 
26/08/14 00:13:19 INFO TaskSetManager: Starting task 4.0 in stage 174.0 (TID 632) (172.26.0.13, executor 1, partition 4, PROCESS_LOCAL, 9921 bytes) 
26/08/14 00:13:19 INFO TaskSetManager: Starting task 5.0 in stage 174.0 (TID 633) (172.26.0.12, executor 0, partition 5, PROCESS_LOCAL, 9921 bytes) 
26/08/14 00:13:19 INFO BlockManagerInfo: Added broadcast_173_piece0 in memory on 172.26.0.13:37779 (size: 24.8 KiB, free: 413.4 MiB)
26/08/14 00:13:19 INFO BlockManagerInfo: Added broadcast_173_piece0 in memory on 172.26.0.12:33791 (size: 24.8 KiB, free: 413.4 MiB)
26/08/14 00:13:20 INFO TaskSetManager: Finished task 0.0 in stage 174.0 (TID 629) in 158 ms on 172.26.0.12 (executor 0) (1/6)
26/08/14 00:13:20 INFO TaskSetManager: Finished task 5.0 in stage 174.0 (TID 633) in 158 ms on 172.26.0.12 (executor 0) (2/6)
26/08/14 00:13:20 INFO TaskSetManager: Finished task 1.0 in stage 174.0 (TID 631) in 170 ms on 172.26.0.12 (executor 0) (3/6)
26/08/14 00:13:20 INFO TaskSetManager: Finished task 4.0 in stage 174.0 (TID 632) in 189 ms on 172.26.0.13 (executor 1) (4/6)
26/08/14 00:13:20 INFO TaskSetManager: Finished task 3.0 in stage 174.0 (TID 630) in 191 ms on 172.26.0.13 (executor 1) (5/6)
26/08/14 00:13:20 INFO TaskSetManager: Finished task 2.0 in stage 174.0 (TID 628) in 195 ms on 172.26.0.13 (executor 1) (6/6)
26/08/14 00:13:20 INFO TaskSchedulerImpl: Removed TaskSet 174.0, whose tasks have all completed, from pool 
26/08/14 00:13:20 INFO DAGScheduler: ShuffleMapStage 174 (call at /opt/spark/python/lib/py4j-0.10.9.7-src.zip/py4j/clientserver.py:617) finished in 0.232 s
26/08/14 00:13:20 INFO DAGScheduler: looking for newly runnable stages
26/08/14 00:13:20 INFO DAGScheduler: running: Set()
26/08/14 00:13:20 INFO DAGScheduler: waiting: Set(ResultStage 175)
26/08/14 00:13:20 INFO DAGScheduler: failed: Set()
26/08/14 00:13:20 INFO DAGScheduler: Submitting ResultStage 175 (MapPartitionsRDD[1113] at call at /opt/spark/python/lib/py4j-0.10.9.7-src.zip/py4j/clientserver.py:617), which has no missing parents
26/08/14 00:13:20 INFO MemoryStore: Block broadcast_174 stored as values in memory (estimated size 13.1 KiB, free 191.0 MiB)
26/08/14 00:13:20 INFO MemoryStore: Block broadcast_174_piece0 stored as bytes in memory (estimated size 6.1 KiB, free 191.0 MiB)
26/08/14 00:13:20 INFO BlockManagerInfo: Added broadcast_174_piece0 in memory on spark-driver:44031 (size: 6.1 KiB, free: 191.2 MiB)
26/08/14 00:13:20 INFO SparkContext: Created broadcast 174 from broadcast at DAGScheduler.scala:1585
26/08/14 00:13:20 INFO DAGScheduler: Submitting 1 missing tasks from ResultStage 175 (MapPartitionsRDD[1113] at call at /opt/spark/python/lib/py4j-0.10.9.7-src.zip/py4j/clientserver.py:617) (first 15 tasks are for partitions Vector(0))
26/08/14 00:13:20 INFO TaskSchedulerImpl: Adding task set 175.0 with 1 tasks resource profile 0
26/08/14 00:13:20 INFO TaskSetManager: Starting task 0.0 in stage 175.0 (TID 634) (172.26.0.13, executor 1, partition 0, NODE_LOCAL, 9003 bytes) 
26/08/14 00:13:20 INFO BlockManagerInfo: Added broadcast_174_piece0 in memory on 172.26.0.13:37779 (size: 6.1 KiB, free: 413.4 MiB)
26/08/14 00:13:20 INFO MapOutputTrackerMasterEndpoint: Asked to send map output locations for shuffle 79 to 172.26.0.13:36452
26/08/14 00:13:20 INFO TaskSetManager: Finished task 0.0 in stage 175.0 (TID 634) in 55 ms on 172.26.0.13 (executor 1) (1/1)
26/08/14 00:13:20 INFO TaskSchedulerImpl: Removed TaskSet 175.0, whose tasks have all completed, from pool 
26/08/14 00:13:20 INFO DAGScheduler: ResultStage 175 (call at /opt/spark/python/lib/py4j-0.10.9.7-src.zip/py4j/clientserver.py:617) finished in 0.069 s
26/08/14 00:13:20 INFO DAGScheduler: Job 95 is finished. Cancelling potential speculative or zombie tasks for this job
26/08/14 00:13:20 INFO TaskSchedulerImpl: Killing all running tasks in stage 175: Stage finished
26/08/14 00:13:20 INFO DAGScheduler: Job 95 finished: call at /opt/spark/python/lib/py4j-0.10.9.7-src.zip/py4j/clientserver.py:617, took 0.316541 s
26/08/14 00:13:20 INFO MapPartitionsRDD: Removing RDD 1054 from persistence list
26/08/14 00:13:20 INFO BlockManager: Removing RDD 1054
26/08/14 00:13:20 INFO WatermarkTracker: Updating event-time watermark from 1786666276191 to 1786666278221 ms
26/08/14 00:13:20 INFO CheckpointFileManager: Writing atomically to file:/opt/checkpoints/trips/commits/16 using temp file file:/opt/checkpoints/trips/commits/.16.b5eba55b-c30f-4ebe-97d1-19c70caabbdc.tmp
26/08/14 00:13:20 INFO CheckpointFileManager: Renamed temp file file:/opt/checkpoints/trips/commits/.16.b5eba55b-c30f-4ebe-97d1-19c70caabbdc.tmp to file:/opt/checkpoints/trips/commits/16
26/08/14 00:13:20 INFO MicroBatchExecution: Streaming query made progress: {
  "id" : "673700e1-7609-4c3e-bff3-65e01579062f",
  "runId" : "684f6ae2-98d1-4139-a900-0d86eb048f89",
  "name" : "trips-ingest-chaos_kill_cassandra_1",
  "timestamp" : "2026-08-14T00:13:18.305Z",
  "batchId" : 16,
  "numInputRows" : 1666,
  "inputRowsPerSecond" : 790.3225806451612,
  "processedRowsPerSecond" : 836.7654445002511,
  "durationMs" : {
    "addBatch" : 1832,
    "commitOffsets" : 106,
    "getBatch" : 0,
    "latestOffset" : 7,
    "queryPlanning" : 23,
    "triggerExecution" : 1991,
    "walCommit" : 18
  },
  "eventTime" : {
    "avg" : "2026-08-14T00:13:15.732Z",
    "max" : "2026-08-14T00:13:18.221Z",
    "min" : "2026-08-14T00:13:13.347Z",
    "watermark" : "2026-08-14T00:11:16.191Z"
  },
  "stateOperators" : [ ],
  "sources" : [ {
    "description" : "KafkaV2[Subscribe[trips.raw]]",
    "startOffset" : {
      "trips.raw" : {
        "2" : 239133,
        "5" : 237522,
        "4" : 238836,
        "1" : 238645,
        "3" : 238814,
        "0" : 238676
      }
    },
    "endOffset" : {
      "trips.raw" : {
        "2" : 239393,
        "5" : 237793,
        "4" : 239115,
        "1" : 238935,
        "3" : 239073,
        "0" : 238983
      }
    },
    "latestOffset" : {
      "trips.raw" : {
        "2" : 239393,
        "5" : 237793,
        "4" : 239115,
        "1" : 238935,
        "3" : 239073,
        "0" : 238983
      }
    },
    "numInputRows" : 1666,
    "inputRowsPerSecond" : 790.3225806451612,
    "processedRowsPerSecond" : 836.7654445002511,
    "metrics" : {
      "avgOffsetsBehindLatest" : "0.0",
      "maxOffsetsBehindLatest" : "0",
      "minOffsetsBehindLatest" : "0"
    }
  } ],
  "sink" : {
    "description" : "ForeachBatchSink",
    "numOutputRows" : -1
  }
}
26/08/14 00:13:20 INFO CheckpointFileManager: Writing atomically to file:/opt/checkpoints/trips/offsets/17 using temp file file:/opt/checkpoints/trips/offsets/.17.64f5e416-6274-40de-a842-d6f8ffbea683.tmp
26/08/14 00:13:20 INFO CheckpointFileManager: Renamed temp file file:/opt/checkpoints/trips/offsets/.17.64f5e416-6274-40de-a842-d6f8ffbea683.tmp to file:/opt/checkpoints/trips/offsets/17
26/08/14 00:13:20 INFO MicroBatchExecution: Committed offsets for batch 17. Metadata OffsetSeqMetadata(1786666278221,1786666400334,Map(spark.sql.streaming.stateStore.providerClass -> org.apache.spark.sql.execution.streaming.state.HDFSBackedStateStoreProvider, spark.sql.streaming.join.stateFormatVersion -> 2, spark.sql.streaming.stateStore.compression.codec -> lz4, spark.sql.streaming.stateStore.rocksdb.formatVersion -> 5, spark.sql.streaming.statefulOperator.useStrictDistribution -> true, spark.sql.streaming.flatMapGroupsWithState.stateFormatVersion -> 2, spark.sql.streaming.multipleWatermarkPolicy -> min, spark.sql.streaming.aggregation.stateFormatVersion -> 2, spark.sql.shuffle.partitions -> 6))
26/08/14 00:13:20 INFO KafkaOffsetReaderAdmin: Partitions added: Map()
26/08/14 00:13:20 INFO KafkaOffsetReaderAdmin: Partitions added: Map()
26/08/14 00:13:20 INFO KafkaOffsetReaderAdmin: Partitions added: Map()
26/08/14 00:13:20 INFO KafkaOffsetReaderAdmin: Partitions added: Map()
2026-08-14 00:13:20,484 INFO  [stream] Received command c on object id p0
26/08/14 00:13:20 INFO SparkContext: Starting job: count at <unknown>:0
26/08/14 00:13:20 INFO DAGScheduler: Registering RDD 1128 (count at <unknown>:0) as input to shuffle 80
26/08/14 00:13:20 INFO DAGScheduler: Got job 96 (count at <unknown>:0) with 1 output partitions
26/08/14 00:13:20 INFO DAGScheduler: Final stage: ResultStage 177 (count at <unknown>:0)
26/08/14 00:13:20 INFO DAGScheduler: Parents of final stage: List(ShuffleMapStage 176)
26/08/14 00:13:20 INFO DAGScheduler: Missing parents: List(ShuffleMapStage 176)
26/08/14 00:13:20 INFO DAGScheduler: Submitting ShuffleMapStage 176 (MapPartitionsRDD[1128] at count at <unknown>:0), which has no missing parents
26/08/14 00:13:20 INFO BlockManagerInfo: Removed broadcast_174_piece0 on spark-driver:44031 in memory (size: 6.1 KiB, free: 191.2 MiB)
26/08/14 00:13:20 INFO BlockManagerInfo: Removed broadcast_174_piece0 on 172.26.0.13:37779 in memory (size: 6.1 KiB, free: 413.9 MiB)
26/08/14 00:13:20 INFO BlockManagerInfo: Removed broadcast_173_piece0 on 172.26.0.13:37779 in memory (size: 24.8 KiB, free: 413.9 MiB)
26/08/14 00:13:20 INFO BlockManagerInfo: Removed broadcast_173_piece0 on 172.26.0.12:33791 in memory (size: 24.8 KiB, free: 413.9 MiB)
26/08/14 00:13:20 INFO BlockManagerInfo: Removed broadcast_173_piece0 on spark-driver:44031 in memory (size: 24.8 KiB, free: 191.2 MiB)
26/08/14 00:13:20 INFO MemoryStore: Block broadcast_175 stored as values in memory (estimated size 64.6 KiB, free 191.1 MiB)
26/08/14 00:13:20 INFO MemoryStore: Block broadcast_175_piece0 stored as bytes in memory (estimated size 24.1 KiB, free 191.0 MiB)
26/08/14 00:13:20 INFO BlockManagerInfo: Added broadcast_175_piece0 in memory on spark-driver:44031 (size: 24.1 KiB, free: 191.2 MiB)
26/08/14 00:13:20 INFO SparkContext: Created broadcast 175 from broadcast at DAGScheduler.scala:1585
26/08/14 00:13:20 INFO DAGScheduler: Submitting 6 missing tasks from ShuffleMapStage 176 (MapPartitionsRDD[1128] at count at <unknown>:0) (first 15 tasks are for partitions Vector(0, 1, 2, 3, 4, 5))
26/08/14 00:13:20 INFO TaskSchedulerImpl: Adding task set 176.0 with 6 tasks resource profile 0
26/08/14 00:13:20 INFO TaskSetManager: Starting task 0.0 in stage 176.0 (TID 635) (172.26.0.12, executor 0, partition 0, PROCESS_LOCAL, 9921 bytes) 
26/08/14 00:13:20 INFO TaskSetManager: Starting task 2.0 in stage 176.0 (TID 636) (172.26.0.13, executor 1, partition 2, PROCESS_LOCAL, 9921 bytes) 
26/08/14 00:13:20 INFO TaskSetManager: Starting task 1.0 in stage 176.0 (TID 637) (172.26.0.12, executor 0, partition 1, PROCESS_LOCAL, 9921 bytes) 
26/08/14 00:13:20 INFO TaskSetManager: Starting task 3.0 in stage 176.0 (TID 638) (172.26.0.13, executor 1, partition 3, PROCESS_LOCAL, 9921 bytes) 
26/08/14 00:13:20 INFO TaskSetManager: Starting task 5.0 in stage 176.0 (TID 639) (172.26.0.12, executor 0, partition 5, PROCESS_LOCAL, 9921 bytes) 
26/08/14 00:13:20 INFO TaskSetManager: Starting task 4.0 in stage 176.0 (TID 640) (172.26.0.13, executor 1, partition 4, PROCESS_LOCAL, 9921 bytes) 
26/08/14 00:13:20 INFO BlockManagerInfo: Added broadcast_175_piece0 in memory on 172.26.0.13:37779 (size: 24.1 KiB, free: 413.9 MiB)
26/08/14 00:13:20 INFO BlockManagerInfo: Added broadcast_175_piece0 in memory on 172.26.0.12:33791 (size: 24.1 KiB, free: 413.9 MiB)
26/08/14 00:13:21 INFO BlockManagerInfo: Added rdd_1123_0 in memory on 172.26.0.12:33791 (size: 150.4 KiB, free: 413.7 MiB)
26/08/14 00:13:21 INFO BlockManagerInfo: Added rdd_1123_1 in memory on 172.26.0.12:33791 (size: 176.2 KiB, free: 413.6 MiB)
26/08/14 00:13:21 INFO BlockManagerInfo: Added rdd_1123_5 in memory on 172.26.0.12:33791 (size: 172.0 KiB, free: 413.4 MiB)
26/08/14 00:13:21 INFO TaskSetManager: Finished task 0.0 in stage 176.0 (TID 635) in 409 ms on 172.26.0.12 (executor 0) (1/6)
26/08/14 00:13:21 INFO TaskSetManager: Finished task 1.0 in stage 176.0 (TID 637) in 406 ms on 172.26.0.12 (executor 0) (2/6)
26/08/14 00:13:21 INFO TaskSetManager: Finished task 5.0 in stage 176.0 (TID 639) in 405 ms on 172.26.0.12 (executor 0) (3/6)
26/08/14 00:13:21 INFO BlockManagerInfo: Added rdd_1123_2 in memory on 172.26.0.13:37779 (size: 170.8 KiB, free: 413.7 MiB)
26/08/14 00:13:21 INFO BlockManagerInfo: Added rdd_1123_3 in memory on 172.26.0.13:37779 (size: 169.5 KiB, free: 413.5 MiB)
26/08/14 00:13:21 INFO BlockManagerInfo: Added rdd_1123_4 in memory on 172.26.0.13:37779 (size: 175.6 KiB, free: 413.4 MiB)
26/08/14 00:13:21 INFO TaskSetManager: Finished task 2.0 in stage 176.0 (TID 636) in 852 ms on 172.26.0.13 (executor 1) (4/6)
26/08/14 00:13:21 INFO TaskSetManager: Finished task 4.0 in stage 176.0 (TID 640) in 852 ms on 172.26.0.13 (executor 1) (5/6)
26/08/14 00:13:21 INFO TaskSetManager: Finished task 3.0 in stage 176.0 (TID 638) in 854 ms on 172.26.0.13 (executor 1) (6/6)
26/08/14 00:13:21 INFO TaskSchedulerImpl: Removed TaskSet 176.0, whose tasks have all completed, from pool 
26/08/14 00:13:21 INFO DAGScheduler: ShuffleMapStage 176 (count at <unknown>:0) finished in 0.903 s
26/08/14 00:13:21 INFO DAGScheduler: looking for newly runnable stages
26/08/14 00:13:21 INFO DAGScheduler: running: Set()
26/08/14 00:13:21 INFO DAGScheduler: waiting: Set(ResultStage 177)
26/08/14 00:13:21 INFO DAGScheduler: failed: Set()
26/08/14 00:13:21 INFO DAGScheduler: Submitting ResultStage 177 (MapPartitionsRDD[1131] at count at <unknown>:0), which has no missing parents
26/08/14 00:13:21 INFO MemoryStore: Block broadcast_176 stored as values in memory (estimated size 12.5 KiB, free 191.0 MiB)
26/08/14 00:13:21 INFO MemoryStore: Block broadcast_176_piece0 stored as bytes in memory (estimated size 5.9 KiB, free 191.0 MiB)
26/08/14 00:13:21 INFO BlockManagerInfo: Added broadcast_176_piece0 in memory on spark-driver:44031 (size: 5.9 KiB, free: 191.2 MiB)
26/08/14 00:13:21 INFO SparkContext: Created broadcast 176 from broadcast at DAGScheduler.scala:1585
26/08/14 00:13:21 INFO DAGScheduler: Submitting 1 missing tasks from ResultStage 177 (MapPartitionsRDD[1131] at count at <unknown>:0) (first 15 tasks are for partitions Vector(0))
26/08/14 00:13:21 INFO TaskSchedulerImpl: Adding task set 177.0 with 1 tasks resource profile 0
26/08/14 00:13:21 INFO TaskSetManager: Starting task 0.0 in stage 177.0 (TID 641) (172.26.0.13, executor 1, partition 0, NODE_LOCAL, 9003 bytes) 
26/08/14 00:13:21 INFO BlockManagerInfo: Added broadcast_176_piece0 in memory on 172.26.0.13:37779 (size: 5.9 KiB, free: 413.4 MiB)
26/08/14 00:13:21 INFO MapOutputTrackerMasterEndpoint: Asked to send map output locations for shuffle 80 to 172.26.0.13:36452
26/08/14 00:13:21 INFO TaskSetManager: Finished task 0.0 in stage 177.0 (TID 641) in 46 ms on 172.26.0.13 (executor 1) (1/1)
26/08/14 00:13:21 INFO TaskSchedulerImpl: Removed TaskSet 177.0, whose tasks have all completed, from pool 
26/08/14 00:13:21 INFO DAGScheduler: ResultStage 177 (count at <unknown>:0) finished in 0.064 s
26/08/14 00:13:21 INFO DAGScheduler: Job 96 is finished. Cancelling potential speculative or zombie tasks for this job
26/08/14 00:13:21 INFO TaskSchedulerImpl: Killing all running tasks in stage 177: Stage finished
26/08/14 00:13:21 INFO DAGScheduler: Job 96 finished: count at <unknown>:0, took 1.009625 s
26/08/14 00:13:21 INFO SparkContext: Starting job: count at <unknown>:0
26/08/14 00:13:21 INFO DAGScheduler: Registering RDD 1136 (count at <unknown>:0) as input to shuffle 81
26/08/14 00:13:21 INFO DAGScheduler: Got job 97 (count at <unknown>:0) with 1 output partitions
26/08/14 00:13:21 INFO DAGScheduler: Final stage: ResultStage 179 (count at <unknown>:0)
26/08/14 00:13:21 INFO DAGScheduler: Parents of final stage: List(ShuffleMapStage 178)
26/08/14 00:13:21 INFO DAGScheduler: Missing parents: List(ShuffleMapStage 178)
26/08/14 00:13:21 INFO DAGScheduler: Submitting ShuffleMapStage 178 (MapPartitionsRDD[1136] at count at <unknown>:0), which has no missing parents
26/08/14 00:13:21 INFO MemoryStore: Block broadcast_177 stored as values in memory (estimated size 64.9 KiB, free 191.0 MiB)
26/08/14 00:13:21 INFO MemoryStore: Block broadcast_177_piece0 stored as bytes in memory (estimated size 24.2 KiB, free 190.9 MiB)
26/08/14 00:13:21 INFO BlockManagerInfo: Added broadcast_177_piece0 in memory on spark-driver:44031 (size: 24.2 KiB, free: 191.1 MiB)
26/08/14 00:13:21 INFO SparkContext: Created broadcast 177 from broadcast at DAGScheduler.scala:1585
26/08/14 00:13:21 INFO DAGScheduler: Submitting 6 missing tasks from ShuffleMapStage 178 (MapPartitionsRDD[1136] at count at <unknown>:0) (first 15 tasks are for partitions Vector(0, 1, 2, 3, 4, 5))
26/08/14 00:13:21 INFO TaskSchedulerImpl: Adding task set 178.0 with 6 tasks resource profile 0
26/08/14 00:13:21 INFO TaskSetManager: Starting task 0.0 in stage 178.0 (TID 642) (172.26.0.12, executor 0, partition 0, PROCESS_LOCAL, 9921 bytes) 
26/08/14 00:13:21 INFO TaskSetManager: Starting task 2.0 in stage 178.0 (TID 643) (172.26.0.13, executor 1, partition 2, PROCESS_LOCAL, 9921 bytes) 
26/08/14 00:13:21 INFO TaskSetManager: Starting task 1.0 in stage 178.0 (TID 644) (172.26.0.12, executor 0, partition 1, PROCESS_LOCAL, 9921 bytes) 
26/08/14 00:13:21 INFO TaskSetManager: Starting task 3.0 in stage 178.0 (TID 645) (172.26.0.13, executor 1, partition 3, PROCESS_LOCAL, 9921 bytes) 
26/08/14 00:13:21 INFO TaskSetManager: Starting task 5.0 in stage 178.0 (TID 646) (172.26.0.12, executor 0, partition 5, PROCESS_LOCAL, 9921 bytes) 
26/08/14 00:13:21 INFO TaskSetManager: Starting task 4.0 in stage 178.0 (TID 647) (172.26.0.13, executor 1, partition 4, PROCESS_LOCAL, 9921 bytes) 
26/08/14 00:13:21 INFO BlockManagerInfo: Added broadcast_177_piece0 in memory on 172.26.0.13:37779 (size: 24.2 KiB, free: 413.3 MiB)
26/08/14 00:13:21 INFO BlockManagerInfo: Added broadcast_177_piece0 in memory on 172.26.0.12:33791 (size: 24.2 KiB, free: 413.4 MiB)
26/08/14 00:13:21 INFO TaskSetManager: Finished task 5.0 in stage 178.0 (TID 646) in 44 ms on 172.26.0.12 (executor 0) (1/6)
26/08/14 00:13:21 INFO TaskSetManager: Finished task 1.0 in stage 178.0 (TID 644) in 50 ms on 172.26.0.12 (executor 0) (2/6)
26/08/14 00:13:21 INFO TaskSetManager: Finished task 0.0 in stage 178.0 (TID 642) in 54 ms on 172.26.0.12 (executor 0) (3/6)
26/08/14 00:13:21 INFO TaskSetManager: Finished task 2.0 in stage 178.0 (TID 643) in 60 ms on 172.26.0.13 (executor 1) (4/6)
26/08/14 00:13:21 INFO TaskSetManager: Finished task 3.0 in stage 178.0 (TID 645) in 66 ms on 172.26.0.13 (executor 1) (5/6)
26/08/14 00:13:21 INFO TaskSetManager: Finished task 4.0 in stage 178.0 (TID 647) in 67 ms on 172.26.0.13 (executor 1) (6/6)
26/08/14 00:13:21 INFO TaskSchedulerImpl: Removed TaskSet 178.0, whose tasks have all completed, from pool 
26/08/14 00:13:21 INFO DAGScheduler: ShuffleMapStage 178 (count at <unknown>:0) finished in 0.079 s
26/08/14 00:13:21 INFO DAGScheduler: looking for newly runnable stages
26/08/14 00:13:21 INFO DAGScheduler: running: Set()
26/08/14 00:13:21 INFO DAGScheduler: waiting: Set(ResultStage 179)
26/08/14 00:13:21 INFO DAGScheduler: failed: Set()
26/08/14 00:13:21 INFO DAGScheduler: Submitting ResultStage 179 (MapPartitionsRDD[1139] at count at <unknown>:0), which has no missing parents
26/08/14 00:13:21 INFO MemoryStore: Block broadcast_178 stored as values in memory (estimated size 12.5 KiB, free 190.9 MiB)
26/08/14 00:13:21 INFO MemoryStore: Block broadcast_178_piece0 stored as bytes in memory (estimated size 5.9 KiB, free 190.9 MiB)
26/08/14 00:13:21 INFO BlockManagerInfo: Added broadcast_178_piece0 in memory on spark-driver:44031 (size: 5.9 KiB, free: 191.1 MiB)
26/08/14 00:13:21 INFO SparkContext: Created broadcast 178 from broadcast at DAGScheduler.scala:1585
26/08/14 00:13:21 INFO DAGScheduler: Submitting 1 missing tasks from ResultStage 179 (MapPartitionsRDD[1139] at count at <unknown>:0) (first 15 tasks are for partitions Vector(0))
26/08/14 00:13:21 INFO TaskSchedulerImpl: Adding task set 179.0 with 1 tasks resource profile 0
26/08/14 00:13:21 INFO TaskSetManager: Starting task 0.0 in stage 179.0 (TID 648) (172.26.0.13, executor 1, partition 0, NODE_LOCAL, 9003 bytes) 
26/08/14 00:13:21 INFO BlockManagerInfo: Added broadcast_178_piece0 in memory on 172.26.0.13:37779 (size: 5.9 KiB, free: 413.3 MiB)
26/08/14 00:13:21 INFO MapOutputTrackerMasterEndpoint: Asked to send map output locations for shuffle 81 to 172.26.0.13:36452
26/08/14 00:13:21 INFO TaskSetManager: Finished task 0.0 in stage 179.0 (TID 648) in 65 ms on 172.26.0.13 (executor 1) (1/1)
26/08/14 00:13:21 INFO TaskSchedulerImpl: Removed TaskSet 179.0, whose tasks have all completed, from pool 
26/08/14 00:13:21 INFO DAGScheduler: ResultStage 179 (count at <unknown>:0) finished in 0.073 s
26/08/14 00:13:21 INFO DAGScheduler: Job 97 is finished. Cancelling potential speculative or zombie tasks for this job
26/08/14 00:13:21 INFO TaskSchedulerImpl: Killing all running tasks in stage 179: Stage finished
26/08/14 00:13:21 INFO DAGScheduler: Job 97 finished: count at <unknown>:0, took 0.164570 s
26/08/14 00:13:21 INFO CodeGenerator: Code generated in 28.925292 ms
26/08/14 00:13:21 INFO DefaultCachedBatchSerializer: Predicate isnotnull(event_time#89-T120000ms) generates partition filter: ((event_time.count#55548 - event_time.nullCount#55547) > 0)
26/08/14 00:13:21 INFO DefaultCachedBatchSerializer: Predicate (event_time#89-T120000ms < 2026-08-14 00:11:18.221) generates partition filter: (event_time.lowerBound#55546 < 2026-08-14 00:11:18.221)
26/08/14 00:13:22 INFO BlockManagerInfo: Removed broadcast_175_piece0 on spark-driver:44031 in memory (size: 24.1 KiB, free: 191.2 MiB)
26/08/14 00:13:22 INFO SparkContext: Starting job: count at <unknown>:0
26/08/14 00:13:22 INFO BlockManagerInfo: Removed broadcast_175_piece0 on 172.26.0.13:37779 in memory (size: 24.1 KiB, free: 413.4 MiB)
26/08/14 00:13:22 INFO DAGScheduler: Registering RDD 1144 (count at <unknown>:0) as input to shuffle 82
26/08/14 00:13:22 INFO DAGScheduler: Got job 98 (count at <unknown>:0) with 1 output partitions
26/08/14 00:13:22 INFO DAGScheduler: Final stage: ResultStage 181 (count at <unknown>:0)
26/08/14 00:13:22 INFO DAGScheduler: Parents of final stage: List(ShuffleMapStage 180)
26/08/14 00:13:22 INFO BlockManagerInfo: Removed broadcast_175_piece0 on 172.26.0.12:33791 in memory (size: 24.1 KiB, free: 413.4 MiB)
26/08/14 00:13:22 INFO DAGScheduler: Missing parents: List(ShuffleMapStage 180)
26/08/14 00:13:22 INFO BlockManagerInfo: Removed broadcast_177_piece0 on spark-driver:44031 in memory (size: 24.2 KiB, free: 191.2 MiB)
26/08/14 00:13:22 INFO DAGScheduler: Submitting ShuffleMapStage 180 (MapPartitionsRDD[1144] at count at <unknown>:0), which has no missing parents
26/08/14 00:13:22 INFO BlockManagerInfo: Removed broadcast_177_piece0 on 172.26.0.13:37779 in memory (size: 24.2 KiB, free: 413.4 MiB)
26/08/14 00:13:22 INFO BlockManagerInfo: Removed broadcast_177_piece0 on 172.26.0.12:33791 in memory (size: 24.2 KiB, free: 413.4 MiB)
26/08/14 00:13:22 INFO MemoryStore: Block broadcast_179 stored as values in memory (estimated size 67.2 KiB, free 191.0 MiB)
26/08/14 00:13:22 INFO BlockManagerInfo: Removed broadcast_178_piece0 on spark-driver:44031 in memory (size: 5.9 KiB, free: 191.2 MiB)
26/08/14 00:13:22 INFO MemoryStore: Block broadcast_179_piece0 stored as bytes in memory (estimated size 25.6 KiB, free 191.0 MiB)
26/08/14 00:13:22 INFO BlockManagerInfo: Added broadcast_179_piece0 in memory on spark-driver:44031 (size: 25.6 KiB, free: 191.2 MiB)
26/08/14 00:13:22 INFO SparkContext: Created broadcast 179 from broadcast at DAGScheduler.scala:1585
26/08/14 00:13:22 INFO DAGScheduler: Submitting 6 missing tasks from ShuffleMapStage 180 (MapPartitionsRDD[1144] at count at <unknown>:0) (first 15 tasks are for partitions Vector(0, 1, 2, 3, 4, 5))
26/08/14 00:13:22 INFO TaskSchedulerImpl: Adding task set 180.0 with 6 tasks resource profile 0
26/08/14 00:13:22 INFO TaskSetManager: Starting task 2.0 in stage 180.0 (TID 649) (172.26.0.13, executor 1, partition 2, PROCESS_LOCAL, 9921 bytes) 
26/08/14 00:13:22 INFO TaskSetManager: Starting task 0.0 in stage 180.0 (TID 650) (172.26.0.12, executor 0, partition 0, PROCESS_LOCAL, 9921 bytes) 
26/08/14 00:13:22 INFO TaskSetManager: Starting task 3.0 in stage 180.0 (TID 651) (172.26.0.13, executor 1, partition 3, PROCESS_LOCAL, 9921 bytes) 
26/08/14 00:13:22 INFO TaskSetManager: Starting task 1.0 in stage 180.0 (TID 652) (172.26.0.12, executor 0, partition 1, PROCESS_LOCAL, 9921 bytes) 
26/08/14 00:13:22 INFO BlockManagerInfo: Removed broadcast_178_piece0 on 172.26.0.13:37779 in memory (size: 5.9 KiB, free: 413.4 MiB)
26/08/14 00:13:22 INFO TaskSetManager: Starting task 4.0 in stage 180.0 (TID 653) (172.26.0.13, executor 1, partition 4, PROCESS_LOCAL, 9921 bytes) 
26/08/14 00:13:22 INFO TaskSetManager: Starting task 5.0 in stage 180.0 (TID 654) (172.26.0.12, executor 0, partition 5, PROCESS_LOCAL, 9921 bytes) 
26/08/14 00:13:22 INFO BlockManagerInfo: Removed broadcast_176_piece0 on spark-driver:44031 in memory (size: 5.9 KiB, free: 191.2 MiB)
26/08/14 00:13:22 INFO BlockManagerInfo: Added broadcast_179_piece0 in memory on 172.26.0.13:37779 (size: 25.6 KiB, free: 413.4 MiB)
26/08/14 00:13:22 INFO BlockManagerInfo: Removed broadcast_176_piece0 on 172.26.0.13:37779 in memory (size: 5.9 KiB, free: 413.4 MiB)
26/08/14 00:13:22 INFO BlockManagerInfo: Added broadcast_179_piece0 in memory on 172.26.0.12:33791 (size: 25.6 KiB, free: 413.4 MiB)
26/08/14 00:13:22 INFO TaskSetManager: Finished task 2.0 in stage 180.0 (TID 649) in 134 ms on 172.26.0.13 (executor 1) (1/6)
26/08/14 00:13:22 INFO TaskSetManager: Finished task 3.0 in stage 180.0 (TID 651) in 137 ms on 172.26.0.13 (executor 1) (2/6)
26/08/14 00:13:22 INFO TaskSetManager: Finished task 4.0 in stage 180.0 (TID 653) in 137 ms on 172.26.0.13 (executor 1) (3/6)
26/08/14 00:13:22 INFO TaskSetManager: Finished task 1.0 in stage 180.0 (TID 652) in 162 ms on 172.26.0.12 (executor 0) (4/6)
26/08/14 00:13:22 INFO TaskSetManager: Finished task 0.0 in stage 180.0 (TID 650) in 163 ms on 172.26.0.12 (executor 0) (5/6)
26/08/14 00:13:22 INFO TaskSetManager: Finished task 5.0 in stage 180.0 (TID 654) in 158 ms on 172.26.0.12 (executor 0) (6/6)
26/08/14 00:13:22 INFO TaskSchedulerImpl: Removed TaskSet 180.0, whose tasks have all completed, from pool 
26/08/14 00:13:22 INFO DAGScheduler: ShuffleMapStage 180 (count at <unknown>:0) finished in 0.194 s
26/08/14 00:13:22 INFO DAGScheduler: looking for newly runnable stages
26/08/14 00:13:22 INFO DAGScheduler: running: Set()
26/08/14 00:13:22 INFO DAGScheduler: waiting: Set(ResultStage 181)
26/08/14 00:13:22 INFO DAGScheduler: failed: Set()
26/08/14 00:13:22 INFO DAGScheduler: Submitting ResultStage 181 (MapPartitionsRDD[1147] at count at <unknown>:0), which has no missing parents
26/08/14 00:13:22 INFO MemoryStore: Block broadcast_180 stored as values in memory (estimated size 12.5 KiB, free 191.0 MiB)
26/08/14 00:13:22 INFO MemoryStore: Block broadcast_180_piece0 stored as bytes in memory (estimated size 5.9 KiB, free 191.0 MiB)
26/08/14 00:13:22 INFO BlockManagerInfo: Added broadcast_180_piece0 in memory on spark-driver:44031 (size: 5.9 KiB, free: 191.2 MiB)
26/08/14 00:13:22 INFO SparkContext: Created broadcast 180 from broadcast at DAGScheduler.scala:1585
26/08/14 00:13:22 INFO DAGScheduler: Submitting 1 missing tasks from ResultStage 181 (MapPartitionsRDD[1147] at count at <unknown>:0) (first 15 tasks are for partitions Vector(0))
26/08/14 00:13:22 INFO TaskSchedulerImpl: Adding task set 181.0 with 1 tasks resource profile 0
26/08/14 00:13:22 INFO TaskSetManager: Starting task 0.0 in stage 181.0 (TID 655) (172.26.0.12, executor 0, partition 0, NODE_LOCAL, 9003 bytes) 
26/08/14 00:13:22 INFO BlockManagerInfo: Added broadcast_180_piece0 in memory on 172.26.0.12:33791 (size: 5.9 KiB, free: 413.4 MiB)
26/08/14 00:13:22 INFO MapOutputTrackerMasterEndpoint: Asked to send map output locations for shuffle 82 to 172.26.0.12:37282
26/08/14 00:13:22 INFO TaskSetManager: Finished task 0.0 in stage 181.0 (TID 655) in 59 ms on 172.26.0.12 (executor 0) (1/1)
26/08/14 00:13:22 INFO TaskSchedulerImpl: Removed TaskSet 181.0, whose tasks have all completed, from pool 
26/08/14 00:13:22 INFO DAGScheduler: ResultStage 181 (count at <unknown>:0) finished in 0.070 s
26/08/14 00:13:22 INFO DAGScheduler: Job 98 is finished. Cancelling potential speculative or zombie tasks for this job
26/08/14 00:13:22 INFO TaskSchedulerImpl: Killing all running tasks in stage 181: Stage finished
26/08/14 00:13:22 INFO DAGScheduler: Job 98 finished: count at <unknown>:0, took 0.277930 s
26/08/14 00:13:22 INFO DefaultCachedBatchSerializer: Predicate isnotnull(kind#56105) generates partition filter: ((kind.count#56174 - kind.nullCount#56173) > 0)
26/08/14 00:13:22 INFO DefaultCachedBatchSerializer: Predicate (kind#56105 = stats) generates partition filter: ((kind.lowerBound#56172 <= stats) AND (stats <= kind.upperBound#56171))
26/08/14 00:13:22 INFO SparkContext: Starting job: call at /opt/spark/python/lib/py4j-0.10.9.7-src.zip/py4j/clientserver.py:617
26/08/14 00:13:22 INFO DAGScheduler: Got job 99 (call at /opt/spark/python/lib/py4j-0.10.9.7-src.zip/py4j/clientserver.py:617) with 6 output partitions
26/08/14 00:13:22 INFO DAGScheduler: Final stage: ResultStage 182 (call at /opt/spark/python/lib/py4j-0.10.9.7-src.zip/py4j/clientserver.py:617)
26/08/14 00:13:22 INFO DAGScheduler: Parents of final stage: List()
26/08/14 00:13:22 INFO DAGScheduler: Missing parents: List()
26/08/14 00:13:22 INFO DAGScheduler: Submitting ResultStage 182 (MapPartitionsRDD[1166] at call at /opt/spark/python/lib/py4j-0.10.9.7-src.zip/py4j/clientserver.py:617), which has no missing parents
26/08/14 00:13:22 INFO MemoryStore: Block broadcast_181 stored as values in memory (estimated size 90.0 KiB, free 190.9 MiB)
26/08/14 00:13:22 INFO MemoryStore: Block broadcast_181_piece0 stored as bytes in memory (estimated size 34.0 KiB, free 190.9 MiB)
26/08/14 00:13:22 INFO BlockManagerInfo: Added broadcast_181_piece0 in memory on spark-driver:44031 (size: 34.0 KiB, free: 191.1 MiB)
26/08/14 00:13:22 INFO SparkContext: Created broadcast 181 from broadcast at DAGScheduler.scala:1585
26/08/14 00:13:22 INFO DAGScheduler: Submitting 6 missing tasks from ResultStage 182 (MapPartitionsRDD[1166] at call at /opt/spark/python/lib/py4j-0.10.9.7-src.zip/py4j/clientserver.py:617) (first 15 tasks are for partitions Vector(0, 1, 2, 3, 4, 5))
26/08/14 00:13:22 INFO TaskSchedulerImpl: Adding task set 182.0 with 6 tasks resource profile 0
26/08/14 00:13:22 INFO TaskSetManager: Starting task 2.0 in stage 182.0 (TID 656) (172.26.0.13, executor 1, partition 2, PROCESS_LOCAL, 9932 bytes) 
26/08/14 00:13:22 INFO TaskSetManager: Starting task 0.0 in stage 182.0 (TID 657) (172.26.0.12, executor 0, partition 0, PROCESS_LOCAL, 9932 bytes) 
26/08/14 00:13:22 INFO TaskSetManager: Starting task 3.0 in stage 182.0 (TID 658) (172.26.0.13, executor 1, partition 3, PROCESS_LOCAL, 9932 bytes) 
26/08/14 00:13:22 INFO TaskSetManager: Starting task 1.0 in stage 182.0 (TID 659) (172.26.0.12, executor 0, partition 1, PROCESS_LOCAL, 9932 bytes) 
26/08/14 00:13:22 INFO TaskSetManager: Starting task 4.0 in stage 182.0 (TID 660) (172.26.0.13, executor 1, partition 4, PROCESS_LOCAL, 9932 bytes) 
26/08/14 00:13:22 INFO TaskSetManager: Starting task 5.0 in stage 182.0 (TID 661) (172.26.0.12, executor 0, partition 5, PROCESS_LOCAL, 9932 bytes) 
26/08/14 00:13:22 INFO BlockManagerInfo: Added broadcast_181_piece0 in memory on 172.26.0.13:37779 (size: 34.0 KiB, free: 413.3 MiB)
26/08/14 00:13:22 INFO BlockManagerInfo: Added broadcast_181_piece0 in memory on 172.26.0.12:33791 (size: 34.0 KiB, free: 413.4 MiB)
26/08/14 00:13:23 INFO BlockManagerInfo: Added rdd_1161_0 in memory on 172.26.0.12:33791 (size: 1792.0 B, free: 413.3 MiB)
26/08/14 00:13:24 INFO BlockManagerInfo: Added rdd_1161_2 in memory on 172.26.0.13:37779 (size: 1792.0 B, free: 413.3 MiB)
26/08/14 00:13:24 INFO BlockManagerInfo: Added rdd_1161_4 in memory on 172.26.0.13:37779 (size: 1792.0 B, free: 413.3 MiB)
26/08/14 00:13:24 INFO BlockManagerInfo: Added rdd_1161_3 in memory on 172.26.0.13:37779 (size: 1792.0 B, free: 413.3 MiB)
26/08/14 00:13:24 INFO TaskSetManager: Finished task 2.0 in stage 182.0 (TID 656) in 1654 ms on 172.26.0.13 (executor 1) (1/6)
26/08/14 00:13:24 INFO TaskSetManager: Finished task 0.0 in stage 182.0 (TID 657) in 1654 ms on 172.26.0.12 (executor 0) (2/6)
26/08/14 00:13:24 INFO TaskSetManager: Finished task 4.0 in stage 182.0 (TID 660) in 1655 ms on 172.26.0.13 (executor 1) (3/6)
26/08/14 00:13:24 INFO TaskSetManager: Finished task 3.0 in stage 182.0 (TID 658) in 1656 ms on 172.26.0.13 (executor 1) (4/6)
26/08/14 00:13:24 INFO BlockManagerInfo: Added rdd_1161_1 in memory on 172.26.0.12:33791 (size: 1792.0 B, free: 413.3 MiB)
26/08/14 00:13:24 INFO BlockManagerInfo: Added rdd_1161_5 in memory on 172.26.0.12:33791 (size: 1792.0 B, free: 413.3 MiB)
26/08/14 00:13:24 INFO TaskSetManager: Finished task 1.0 in stage 182.0 (TID 659) in 1724 ms on 172.26.0.12 (executor 0) (5/6)
26/08/14 00:13:24 INFO TaskSetManager: Finished task 5.0 in stage 182.0 (TID 661) in 1725 ms on 172.26.0.12 (executor 0) (6/6)
26/08/14 00:13:24 INFO TaskSchedulerImpl: Removed TaskSet 182.0, whose tasks have all completed, from pool 
26/08/14 00:13:24 INFO DAGScheduler: ResultStage 182 (call at /opt/spark/python/lib/py4j-0.10.9.7-src.zip/py4j/clientserver.py:617) finished in 1.741 s
26/08/14 00:13:24 INFO DAGScheduler: Job 99 is finished. Cancelling potential speculative or zombie tasks for this job
26/08/14 00:13:24 INFO TaskSchedulerImpl: Killing all running tasks in stage 182: Stage finished
26/08/14 00:13:24 INFO DAGScheduler: Job 99 finished: call at /opt/spark/python/lib/py4j-0.10.9.7-src.zip/py4j/clientserver.py:617, took 1.748847 s
26/08/14 00:13:24 INFO DefaultCachedBatchSerializer: Predicate isnotnull(kind#56105) generates partition filter: ((kind.count#56257 - kind.nullCount#56256) > 0)
26/08/14 00:13:24 INFO DefaultCachedBatchSerializer: Predicate (kind#56105 = dlq) generates partition filter: ((kind.lowerBound#56255 <= dlq) AND (dlq <= kind.upperBound#56254))
26/08/14 00:13:24 INFO BlockManagerInfo: Removed broadcast_181_piece0 on spark-driver:44031 in memory (size: 34.0 KiB, free: 191.2 MiB)
26/08/14 00:13:24 INFO BlockManagerInfo: Removed broadcast_181_piece0 on 172.26.0.12:33791 in memory (size: 34.0 KiB, free: 413.4 MiB)
26/08/14 00:13:24 INFO SparkContext: Starting job: count at <unknown>:0
26/08/14 00:13:24 INFO DAGScheduler: Registering RDD 1171 (count at <unknown>:0) as input to shuffle 83
26/08/14 00:13:24 INFO DAGScheduler: Got job 100 (count at <unknown>:0) with 1 output partitions
26/08/14 00:13:24 INFO DAGScheduler: Final stage: ResultStage 184 (count at <unknown>:0)
26/08/14 00:13:24 INFO DAGScheduler: Parents of final stage: List(ShuffleMapStage 183)
26/08/14 00:13:24 INFO DAGScheduler: Missing parents: List(ShuffleMapStage 183)
26/08/14 00:13:24 INFO BlockManagerInfo: Removed broadcast_181_piece0 on 172.26.0.13:37779 in memory (size: 34.0 KiB, free: 413.4 MiB)
26/08/14 00:13:24 INFO DAGScheduler: Submitting ShuffleMapStage 183 (MapPartitionsRDD[1171] at count at <unknown>:0), which has no missing parents
26/08/14 00:13:24 INFO BlockManagerInfo: Removed broadcast_180_piece0 on spark-driver:44031 in memory (size: 5.9 KiB, free: 191.2 MiB)
26/08/14 00:13:24 INFO BlockManagerInfo: Removed broadcast_180_piece0 on 172.26.0.12:33791 in memory (size: 5.9 KiB, free: 413.4 MiB)
26/08/14 00:13:24 INFO MemoryStore: Block broadcast_182 stored as values in memory (estimated size 92.2 KiB, free 190.9 MiB)
26/08/14 00:13:24 INFO BlockManagerInfo: Removed broadcast_179_piece0 on spark-driver:44031 in memory (size: 25.6 KiB, free: 191.2 MiB)
26/08/14 00:13:24 INFO BlockManagerInfo: Removed broadcast_179_piece0 on 172.26.0.13:37779 in memory (size: 25.6 KiB, free: 413.4 MiB)
26/08/14 00:13:24 INFO BlockManagerInfo: Removed broadcast_179_piece0 on 172.26.0.12:33791 in memory (size: 25.6 KiB, free: 413.4 MiB)
26/08/14 00:13:24 INFO MemoryStore: Block broadcast_182_piece0 stored as bytes in memory (estimated size 35.3 KiB, free 191.0 MiB)
26/08/14 00:13:24 INFO BlockManagerInfo: Added broadcast_182_piece0 in memory on spark-driver:44031 (size: 35.3 KiB, free: 191.2 MiB)
26/08/14 00:13:24 INFO SparkContext: Created broadcast 182 from broadcast at DAGScheduler.scala:1585
26/08/14 00:13:24 INFO DAGScheduler: Submitting 6 missing tasks from ShuffleMapStage 183 (MapPartitionsRDD[1171] at count at <unknown>:0) (first 15 tasks are for partitions Vector(0, 1, 2, 3, 4, 5))
26/08/14 00:13:24 INFO TaskSchedulerImpl: Adding task set 183.0 with 6 tasks resource profile 0
26/08/14 00:13:24 INFO TaskSetManager: Starting task 2.0 in stage 183.0 (TID 662) (172.26.0.13, executor 1, partition 2, PROCESS_LOCAL, 9921 bytes) 
26/08/14 00:13:24 INFO TaskSetManager: Starting task 0.0 in stage 183.0 (TID 663) (172.26.0.12, executor 0, partition 0, PROCESS_LOCAL, 9921 bytes) 
26/08/14 00:13:24 INFO TaskSetManager: Starting task 3.0 in stage 183.0 (TID 664) (172.26.0.13, executor 1, partition 3, PROCESS_LOCAL, 9921 bytes) 
26/08/14 00:13:24 INFO TaskSetManager: Starting task 1.0 in stage 183.0 (TID 665) (172.26.0.12, executor 0, partition 1, PROCESS_LOCAL, 9921 bytes) 
26/08/14 00:13:24 INFO TaskSetManager: Starting task 4.0 in stage 183.0 (TID 666) (172.26.0.13, executor 1, partition 4, PROCESS_LOCAL, 9921 bytes) 
26/08/14 00:13:24 INFO TaskSetManager: Starting task 5.0 in stage 183.0 (TID 667) (172.26.0.12, executor 0, partition 5, PROCESS_LOCAL, 9921 bytes) 
26/08/14 00:13:24 INFO BlockManagerInfo: Added broadcast_182_piece0 in memory on 172.26.0.13:37779 (size: 35.3 KiB, free: 413.4 MiB)
26/08/14 00:13:24 INFO BlockManagerInfo: Added broadcast_182_piece0 in memory on 172.26.0.12:33791 (size: 35.3 KiB, free: 413.4 MiB)
26/08/14 00:13:24 INFO TaskSetManager: Finished task 0.0 in stage 183.0 (TID 663) in 90 ms on 172.26.0.12 (executor 0) (1/6)
26/08/14 00:13:24 INFO TaskSetManager: Finished task 5.0 in stage 183.0 (TID 667) in 89 ms on 172.26.0.12 (executor 0) (2/6)
26/08/14 00:13:24 INFO TaskSetManager: Finished task 1.0 in stage 183.0 (TID 665) in 92 ms on 172.26.0.12 (executor 0) (3/6)
26/08/14 00:13:24 INFO TaskSetManager: Finished task 4.0 in stage 183.0 (TID 666) in 142 ms on 172.26.0.13 (executor 1) (4/6)
26/08/14 00:13:24 INFO TaskSetManager: Finished task 2.0 in stage 183.0 (TID 662) in 143 ms on 172.26.0.13 (executor 1) (5/6)
26/08/14 00:13:24 INFO TaskSetManager: Finished task 3.0 in stage 183.0 (TID 664) in 143 ms on 172.26.0.13 (executor 1) (6/6)
26/08/14 00:13:24 INFO TaskSchedulerImpl: Removed TaskSet 183.0, whose tasks have all completed, from pool 
26/08/14 00:13:24 INFO DAGScheduler: ShuffleMapStage 183 (count at <unknown>:0) finished in 0.167 s
26/08/14 00:13:24 INFO DAGScheduler: looking for newly runnable stages
26/08/14 00:13:24 INFO DAGScheduler: running: Set()
26/08/14 00:13:24 INFO DAGScheduler: waiting: Set(ResultStage 184)
26/08/14 00:13:24 INFO DAGScheduler: failed: Set()
26/08/14 00:13:24 INFO DAGScheduler: Submitting ResultStage 184 (MapPartitionsRDD[1174] at count at <unknown>:0), which has no missing parents
26/08/14 00:13:24 INFO MemoryStore: Block broadcast_183 stored as values in memory (estimated size 12.5 KiB, free 191.0 MiB)
26/08/14 00:13:24 INFO MemoryStore: Block broadcast_183_piece0 stored as bytes in memory (estimated size 5.9 KiB, free 191.0 MiB)
26/08/14 00:13:24 INFO BlockManagerInfo: Added broadcast_183_piece0 in memory on spark-driver:44031 (size: 5.9 KiB, free: 191.1 MiB)
26/08/14 00:13:24 INFO SparkContext: Created broadcast 183 from broadcast at DAGScheduler.scala:1585
26/08/14 00:13:24 INFO DAGScheduler: Submitting 1 missing tasks from ResultStage 184 (MapPartitionsRDD[1174] at count at <unknown>:0) (first 15 tasks are for partitions Vector(0))
26/08/14 00:13:24 INFO TaskSchedulerImpl: Adding task set 184.0 with 1 tasks resource profile 0
26/08/14 00:13:24 INFO TaskSetManager: Starting task 0.0 in stage 184.0 (TID 668) (172.26.0.13, executor 1, partition 0, NODE_LOCAL, 9003 bytes) 
26/08/14 00:13:24 INFO BlockManagerInfo: Added broadcast_183_piece0 in memory on 172.26.0.13:37779 (size: 5.9 KiB, free: 413.4 MiB)
26/08/14 00:13:24 INFO MapOutputTrackerMasterEndpoint: Asked to send map output locations for shuffle 83 to 172.26.0.13:36452
26/08/14 00:13:24 INFO TaskSetManager: Finished task 0.0 in stage 184.0 (TID 668) in 51 ms on 172.26.0.13 (executor 1) (1/1)
26/08/14 00:13:24 INFO TaskSchedulerImpl: Removed TaskSet 184.0, whose tasks have all completed, from pool 
26/08/14 00:13:24 INFO DAGScheduler: ResultStage 184 (count at <unknown>:0) finished in 0.064 s
26/08/14 00:13:24 INFO DAGScheduler: Job 100 is finished. Cancelling potential speculative or zombie tasks for this job
26/08/14 00:13:24 INFO TaskSchedulerImpl: Killing all running tasks in stage 184: Stage finished
26/08/14 00:13:24 INFO DAGScheduler: Job 100 finished: count at <unknown>:0, took 0.243717 s
26/08/14 00:13:24 INFO MapPartitionsRDD: Removing RDD 1161 from persistence list
26/08/14 00:13:24 INFO BlockManager: Removing RDD 1161
26/08/14 00:13:24 INFO SparkContext: Starting job: call at /opt/spark/python/lib/py4j-0.10.9.7-src.zip/py4j/clientserver.py:617
26/08/14 00:13:24 INFO DAGScheduler: Registering RDD 1179 (call at /opt/spark/python/lib/py4j-0.10.9.7-src.zip/py4j/clientserver.py:617) as input to shuffle 84
26/08/14 00:13:24 INFO DAGScheduler: Got job 101 (call at /opt/spark/python/lib/py4j-0.10.9.7-src.zip/py4j/clientserver.py:617) with 1 output partitions
26/08/14 00:13:24 INFO DAGScheduler: Final stage: ResultStage 186 (call at /opt/spark/python/lib/py4j-0.10.9.7-src.zip/py4j/clientserver.py:617)
26/08/14 00:13:24 INFO DAGScheduler: Parents of final stage: List(ShuffleMapStage 185)
26/08/14 00:13:24 INFO DAGScheduler: Missing parents: List(ShuffleMapStage 185)
26/08/14 00:13:24 INFO DAGScheduler: Submitting ShuffleMapStage 185 (MapPartitionsRDD[1179] at call at /opt/spark/python/lib/py4j-0.10.9.7-src.zip/py4j/clientserver.py:617), which has no missing parents
26/08/14 00:13:24 INFO MemoryStore: Block broadcast_184 stored as values in memory (estimated size 66.2 KiB, free 190.9 MiB)
26/08/14 00:13:24 INFO MemoryStore: Block broadcast_184_piece0 stored as bytes in memory (estimated size 24.8 KiB, free 190.9 MiB)
26/08/14 00:13:24 INFO BlockManagerInfo: Added broadcast_184_piece0 in memory on spark-driver:44031 (size: 24.8 KiB, free: 191.1 MiB)
26/08/14 00:13:24 INFO SparkContext: Created broadcast 184 from broadcast at DAGScheduler.scala:1585
26/08/14 00:13:24 INFO DAGScheduler: Submitting 6 missing tasks from ShuffleMapStage 185 (MapPartitionsRDD[1179] at call at /opt/spark/python/lib/py4j-0.10.9.7-src.zip/py4j/clientserver.py:617) (first 15 tasks are for partitions Vector(0, 1, 2, 3, 4, 5))
26/08/14 00:13:24 INFO TaskSchedulerImpl: Adding task set 185.0 with 6 tasks resource profile 0
26/08/14 00:13:24 INFO TaskSetManager: Starting task 2.0 in stage 185.0 (TID 669) (172.26.0.13, executor 1, partition 2, PROCESS_LOCAL, 9921 bytes) 
26/08/14 00:13:24 INFO TaskSetManager: Starting task 0.0 in stage 185.0 (TID 670) (172.26.0.12, executor 0, partition 0, PROCESS_LOCAL, 9921 bytes) 
26/08/14 00:13:24 INFO TaskSetManager: Starting task 3.0 in stage 185.0 (TID 671) (172.26.0.13, executor 1, partition 3, PROCESS_LOCAL, 9921 bytes) 
26/08/14 00:13:24 INFO TaskSetManager: Starting task 1.0 in stage 185.0 (TID 672) (172.26.0.12, executor 0, partition 1, PROCESS_LOCAL, 9921 bytes) 
26/08/14 00:13:24 INFO TaskSetManager: Starting task 4.0 in stage 185.0 (TID 673) (172.26.0.13, executor 1, partition 4, PROCESS_LOCAL, 9921 bytes) 
26/08/14 00:13:24 INFO TaskSetManager: Starting task 5.0 in stage 185.0 (TID 674) (172.26.0.12, executor 0, partition 5, PROCESS_LOCAL, 9921 bytes) 
26/08/14 00:13:24 INFO BlockManagerInfo: Added broadcast_184_piece0 in memory on 172.26.0.13:37779 (size: 24.8 KiB, free: 413.3 MiB)
26/08/14 00:13:24 INFO BlockManagerInfo: Added broadcast_184_piece0 in memory on 172.26.0.12:33791 (size: 24.8 KiB, free: 413.4 MiB)
26/08/14 00:13:24 INFO TaskSetManager: Finished task 2.0 in stage 185.0 (TID 669) in 46 ms on 172.26.0.13 (executor 1) (1/6)
26/08/14 00:13:24 INFO TaskSetManager: Finished task 3.0 in stage 185.0 (TID 671) in 48 ms on 172.26.0.13 (executor 1) (2/6)
26/08/14 00:13:24 INFO TaskSetManager: Finished task 4.0 in stage 185.0 (TID 673) in 45 ms on 172.26.0.13 (executor 1) (3/6)
26/08/14 00:13:24 INFO TaskSetManager: Finished task 0.0 in stage 185.0 (TID 670) in 52 ms on 172.26.0.12 (executor 0) (4/6)
26/08/14 00:13:24 INFO TaskSetManager: Finished task 1.0 in stage 185.0 (TID 672) in 51 ms on 172.26.0.12 (executor 0) (5/6)
26/08/14 00:13:24 INFO TaskSetManager: Finished task 5.0 in stage 185.0 (TID 674) in 48 ms on 172.26.0.12 (executor 0) (6/6)
26/08/14 00:13:24 INFO TaskSchedulerImpl: Removed TaskSet 185.0, whose tasks have all completed, from pool 
26/08/14 00:13:24 INFO DAGScheduler: ShuffleMapStage 185 (call at /opt/spark/python/lib/py4j-0.10.9.7-src.zip/py4j/clientserver.py:617) finished in 0.067 s
26/08/14 00:13:24 INFO DAGScheduler: looking for newly runnable stages
26/08/14 00:13:24 INFO DAGScheduler: running: Set()
26/08/14 00:13:24 INFO DAGScheduler: waiting: Set(ResultStage 186)
26/08/14 00:13:24 INFO DAGScheduler: failed: Set()
26/08/14 00:13:24 INFO DAGScheduler: Submitting ResultStage 186 (MapPartitionsRDD[1182] at call at /opt/spark/python/lib/py4j-0.10.9.7-src.zip/py4j/clientserver.py:617), which has no missing parents
26/08/14 00:13:24 INFO MemoryStore: Block broadcast_185 stored as values in memory (estimated size 13.1 KiB, free 190.9 MiB)
26/08/14 00:13:24 INFO MemoryStore: Block broadcast_185_piece0 stored as bytes in memory (estimated size 6.1 KiB, free 190.9 MiB)
26/08/14 00:13:24 INFO BlockManagerInfo: Added broadcast_185_piece0 in memory on spark-driver:44031 (size: 6.1 KiB, free: 191.1 MiB)
26/08/14 00:13:24 INFO SparkContext: Created broadcast 185 from broadcast at DAGScheduler.scala:1585
26/08/14 00:13:24 INFO DAGScheduler: Submitting 1 missing tasks from ResultStage 186 (MapPartitionsRDD[1182] at call at /opt/spark/python/lib/py4j-0.10.9.7-src.zip/py4j/clientserver.py:617) (first 15 tasks are for partitions Vector(0))
26/08/14 00:13:24 INFO TaskSchedulerImpl: Adding task set 186.0 with 1 tasks resource profile 0
26/08/14 00:13:24 INFO TaskSetManager: Starting task 0.0 in stage 186.0 (TID 675) (172.26.0.13, executor 1, partition 0, NODE_LOCAL, 9003 bytes) 
26/08/14 00:13:24 INFO BlockManagerInfo: Added broadcast_185_piece0 in memory on 172.26.0.13:37779 (size: 6.1 KiB, free: 413.3 MiB)
26/08/14 00:13:24 INFO MapOutputTrackerMasterEndpoint: Asked to send map output locations for shuffle 84 to 172.26.0.13:36452
26/08/14 00:13:24 INFO TaskSetManager: Finished task 0.0 in stage 186.0 (TID 675) in 31 ms on 172.26.0.13 (executor 1) (1/1)
26/08/14 00:13:24 INFO TaskSchedulerImpl: Removed TaskSet 186.0, whose tasks have all completed, from pool 
26/08/14 00:13:24 INFO DAGScheduler: ResultStage 186 (call at /opt/spark/python/lib/py4j-0.10.9.7-src.zip/py4j/clientserver.py:617) finished in 0.046 s
26/08/14 00:13:24 INFO DAGScheduler: Job 101 is finished. Cancelling potential speculative or zombie tasks for this job
26/08/14 00:13:24 INFO TaskSchedulerImpl: Killing all running tasks in stage 186: Stage finished
26/08/14 00:13:24 INFO DAGScheduler: Job 101 finished: call at /opt/spark/python/lib/py4j-0.10.9.7-src.zip/py4j/clientserver.py:617, took 0.118710 s
26/08/14 00:13:24 INFO MapPartitionsRDD: Removing RDD 1123 from persistence list
26/08/14 00:13:24 INFO WatermarkTracker: Updating event-time watermark from 1786666278221 to 1786666280202 ms
26/08/14 00:13:24 INFO BlockManager: Removing RDD 1123
26/08/14 00:13:24 INFO CheckpointFileManager: Writing atomically to file:/opt/checkpoints/trips/commits/17 using temp file file:/opt/checkpoints/trips/commits/.17.bc06426b-158d-4695-a0f6-aed74f3648ef.tmp
26/08/14 00:13:24 INFO CheckpointFileManager: Renamed temp file file:/opt/checkpoints/trips/commits/.17.bc06426b-158d-4695-a0f6-aed74f3648ef.tmp to file:/opt/checkpoints/trips/commits/17
26/08/14 00:13:24 INFO MicroBatchExecution: Streaming query made progress: {
  "id" : "673700e1-7609-4c3e-bff3-65e01579062f",
  "runId" : "684f6ae2-98d1-4139-a900-0d86eb048f89",
  "name" : "trips-ingest-chaos_kill_cassandra_1",
  "timestamp" : "2026-08-14T00:13:20.310Z",
  "batchId" : 17,
  "numInputRows" : 1610,
  "inputRowsPerSecond" : 802.9925187032419,
  "processedRowsPerSecond" : 346.6092572658773,
  "durationMs" : {
    "addBatch" : 4380,
    "commitOffsets" : 150,
    "getBatch" : 0,
    "latestOffset" : 24,
    "queryPlanning" : 41,
    "triggerExecution" : 4645,
    "walCommit" : 38
  },
  "eventTime" : {
    "avg" : "2026-08-14T00:13:17.775Z",
    "max" : "2026-08-14T00:13:20.202Z",
    "min" : "2026-08-14T00:13:15.440Z",
    "watermark" : "2026-08-14T00:11:18.221Z"
  },
  "stateOperators" : [ ],
  "sources" : [ {
    "description" : "KafkaV2[Subscribe[trips.raw]]",
    "startOffset" : {
      "trips.raw" : {
        "2" : 239393,
        "5" : 237793,
        "4" : 239115,
        "1" : 238935,
        "3" : 239073,
        "0" : 238983
      }
    },
    "endOffset" : {
      "trips.raw" : {
        "2" : 239631,
        "5" : 238062,
        "4" : 239395,
        "1" : 239214,
        "3" : 239344,
        "0" : 239256
      }
    },
    "latestOffset" : {
      "trips.raw" : {
        "2" : 239631,
        "5" : 238062,
        "4" : 239395,
        "1" : 239214,
        "3" : 239344,
        "0" : 239256
      }
    },
    "numInputRows" : 1610,
    "inputRowsPerSecond" : 802.9925187032419,
    "processedRowsPerSecond" : 346.6092572658773,
    "metrics" : {
      "avgOffsetsBehindLatest" : "0.0",
      "maxOffsetsBehindLatest" : "0",
      "minOffsetsBehindLatest" : "0"
    }
  } ],
  "sink" : {
    "description" : "ForeachBatchSink",
    "numOutputRows" : -1
  }
}
26/08/14 00:13:24 INFO CheckpointFileManager: Writing atomically to file:/opt/checkpoints/trips/offsets/18 using temp file file:/opt/checkpoints/trips/offsets/.18.40e622f5-13a5-440a-a0a0-d4334729a3df.tmp
26/08/14 00:13:25 INFO CheckpointFileManager: Renamed temp file file:/opt/checkpoints/trips/offsets/.18.40e622f5-13a5-440a-a0a0-d4334729a3df.tmp to file:/opt/checkpoints/trips/offsets/18
26/08/14 00:13:25 INFO MicroBatchExecution: Committed offsets for batch 18. Metadata OffsetSeqMetadata(1786666280202,1786666404983,Map(spark.sql.streaming.stateStore.providerClass -> org.apache.spark.sql.execution.streaming.state.HDFSBackedStateStoreProvider, spark.sql.streaming.join.stateFormatVersion -> 2, spark.sql.streaming.stateStore.compression.codec -> lz4, spark.sql.streaming.stateStore.rocksdb.formatVersion -> 5, spark.sql.streaming.statefulOperator.useStrictDistribution -> true, spark.sql.streaming.flatMapGroupsWithState.stateFormatVersion -> 2, spark.sql.streaming.multipleWatermarkPolicy -> min, spark.sql.streaming.aggregation.stateFormatVersion -> 2, spark.sql.shuffle.partitions -> 6))
26/08/14 00:13:25 INFO BlockManagerInfo: Removed broadcast_183_piece0 on spark-driver:44031 in memory (size: 5.9 KiB, free: 191.1 MiB)
26/08/14 00:13:25 INFO BlockManagerInfo: Removed broadcast_183_piece0 on 172.26.0.13:37779 in memory (size: 5.9 KiB, free: 413.8 MiB)
26/08/14 00:13:25 INFO KafkaOffsetReaderAdmin: Partitions added: Map()
26/08/14 00:13:25 INFO BlockManagerInfo: Removed broadcast_184_piece0 on 172.26.0.12:33791 in memory (size: 24.8 KiB, free: 413.9 MiB)
26/08/14 00:13:25 INFO KafkaOffsetReaderAdmin: Partitions added: Map()
26/08/14 00:13:25 INFO BlockManagerInfo: Removed broadcast_184_piece0 on 172.26.0.13:37779 in memory (size: 24.8 KiB, free: 413.9 MiB)
26/08/14 00:13:25 INFO BlockManagerInfo: Removed broadcast_184_piece0 on spark-driver:44031 in memory (size: 24.8 KiB, free: 191.1 MiB)
26/08/14 00:13:25 INFO BlockManagerInfo: Removed broadcast_182_piece0 on 172.26.0.13:37779 in memory (size: 35.3 KiB, free: 413.9 MiB)
26/08/14 00:13:25 INFO BlockManagerInfo: Removed broadcast_182_piece0 on 172.26.0.12:33791 in memory (size: 35.3 KiB, free: 413.9 MiB)
26/08/14 00:13:25 INFO BlockManagerInfo: Removed broadcast_182_piece0 on spark-driver:44031 in memory (size: 35.3 KiB, free: 191.2 MiB)
26/08/14 00:13:25 INFO BlockManagerInfo: Removed broadcast_185_piece0 on 172.26.0.13:37779 in memory (size: 6.1 KiB, free: 413.9 MiB)
26/08/14 00:13:25 INFO BlockManagerInfo: Removed broadcast_185_piece0 on spark-driver:44031 in memory (size: 6.1 KiB, free: 191.2 MiB)
26/08/14 00:13:25 INFO KafkaOffsetReaderAdmin: Partitions added: Map()
26/08/14 00:13:25 INFO KafkaOffsetReaderAdmin: Partitions added: Map()
2026-08-14 00:13:25,213 INFO  [stream] Received command c on object id p0
26/08/14 00:13:25 INFO SparkContext: Starting job: count at <unknown>:0
26/08/14 00:13:25 INFO DAGScheduler: Registering RDD 1197 (count at <unknown>:0) as input to shuffle 85
26/08/14 00:13:25 INFO DAGScheduler: Got job 102 (count at <unknown>:0) with 1 output partitions
26/08/14 00:13:25 INFO DAGScheduler: Final stage: ResultStage 188 (count at <unknown>:0)
26/08/14 00:13:25 INFO DAGScheduler: Parents of final stage: List(ShuffleMapStage 187)
26/08/14 00:13:25 INFO DAGScheduler: Missing parents: List(ShuffleMapStage 187)
26/08/14 00:13:25 INFO DAGScheduler: Submitting ShuffleMapStage 187 (MapPartitionsRDD[1197] at count at <unknown>:0), which has no missing parents
26/08/14 00:13:25 INFO MemoryStore: Block broadcast_186 stored as values in memory (estimated size 64.6 KiB, free 191.1 MiB)
26/08/14 00:13:25 INFO MemoryStore: Block broadcast_186_piece0 stored as bytes in memory (estimated size 24.1 KiB, free 191.0 MiB)
26/08/14 00:13:25 INFO BlockManagerInfo: Added broadcast_186_piece0 in memory on spark-driver:44031 (size: 24.1 KiB, free: 191.2 MiB)
26/08/14 00:13:25 INFO SparkContext: Created broadcast 186 from broadcast at DAGScheduler.scala:1585
26/08/14 00:13:25 INFO DAGScheduler: Submitting 6 missing tasks from ShuffleMapStage 187 (MapPartitionsRDD[1197] at count at <unknown>:0) (first 15 tasks are for partitions Vector(0, 1, 2, 3, 4, 5))
26/08/14 00:13:25 INFO TaskSchedulerImpl: Adding task set 187.0 with 6 tasks resource profile 0
26/08/14 00:13:25 INFO TaskSetManager: Starting task 0.0 in stage 187.0 (TID 676) (172.26.0.12, executor 0, partition 0, PROCESS_LOCAL, 9921 bytes) 
26/08/14 00:13:25 INFO TaskSetManager: Starting task 2.0 in stage 187.0 (TID 677) (172.26.0.13, executor 1, partition 2, PROCESS_LOCAL, 9921 bytes) 
26/08/14 00:13:25 INFO TaskSetManager: Starting task 1.0 in stage 187.0 (TID 678) (172.26.0.12, executor 0, partition 1, PROCESS_LOCAL, 9921 bytes) 
26/08/14 00:13:25 INFO TaskSetManager: Starting task 3.0 in stage 187.0 (TID 679) (172.26.0.13, executor 1, partition 3, PROCESS_LOCAL, 9921 bytes) 
26/08/14 00:13:25 INFO TaskSetManager: Starting task 5.0 in stage 187.0 (TID 680) (172.26.0.12, executor 0, partition 5, PROCESS_LOCAL, 9921 bytes) 
26/08/14 00:13:25 INFO TaskSetManager: Starting task 4.0 in stage 187.0 (TID 681) (172.26.0.13, executor 1, partition 4, PROCESS_LOCAL, 9921 bytes) 
26/08/14 00:13:25 INFO BlockManagerInfo: Added broadcast_186_piece0 in memory on 172.26.0.13:37779 (size: 24.1 KiB, free: 413.9 MiB)
26/08/14 00:13:25 INFO BlockManagerInfo: Added broadcast_186_piece0 in memory on 172.26.0.12:33791 (size: 24.1 KiB, free: 413.9 MiB)
26/08/14 00:13:25 INFO BlockManagerInfo: Added rdd_1192_0 in memory on 172.26.0.12:33791 (size: 401.1 KiB, free: 413.5 MiB)
26/08/14 00:13:25 INFO BlockManagerInfo: Added rdd_1192_2 in memory on 172.26.0.13:37779 (size: 382.0 KiB, free: 413.5 MiB)
26/08/14 00:13:25 INFO BlockManagerInfo: Added rdd_1192_4 in memory on 172.26.0.13:37779 (size: 371.7 KiB, free: 413.1 MiB)
26/08/14 00:13:25 INFO TaskSetManager: Finished task 0.0 in stage 187.0 (TID 676) in 203 ms on 172.26.0.12 (executor 0) (1/6)
26/08/14 00:13:25 INFO TaskSetManager: Finished task 2.0 in stage 187.0 (TID 677) in 208 ms on 172.26.0.13 (executor 1) (2/6)
26/08/14 00:13:25 INFO BlockManagerInfo: Added rdd_1192_1 in memory on 172.26.0.12:33791 (size: 389.4 KiB, free: 413.1 MiB)
26/08/14 00:13:25 INFO TaskSetManager: Finished task 4.0 in stage 187.0 (TID 681) in 216 ms on 172.26.0.13 (executor 1) (3/6)
26/08/14 00:13:25 INFO BlockManagerInfo: Added rdd_1192_5 in memory on 172.26.0.12:33791 (size: 360.7 KiB, free: 412.8 MiB)
26/08/14 00:13:25 INFO TaskSetManager: Finished task 1.0 in stage 187.0 (TID 678) in 220 ms on 172.26.0.12 (executor 0) (4/6)
26/08/14 00:13:25 INFO TaskSetManager: Finished task 5.0 in stage 187.0 (TID 680) in 227 ms on 172.26.0.12 (executor 0) (5/6)
26/08/14 00:13:25 INFO BlockManagerInfo: Added rdd_1192_3 in memory on 172.26.0.13:37779 (size: 400.6 KiB, free: 412.8 MiB)
26/08/14 00:13:25 INFO TaskSetManager: Finished task 3.0 in stage 187.0 (TID 679) in 245 ms on 172.26.0.13 (executor 1) (6/6)
26/08/14 00:13:25 INFO TaskSchedulerImpl: Removed TaskSet 187.0, whose tasks have all completed, from pool 
26/08/14 00:13:25 INFO DAGScheduler: ShuffleMapStage 187 (count at <unknown>:0) finished in 0.254 s
26/08/14 00:13:25 INFO DAGScheduler: looking for newly runnable stages
26/08/14 00:13:25 INFO DAGScheduler: running: Set()
26/08/14 00:13:25 INFO DAGScheduler: waiting: Set(ResultStage 188)
26/08/14 00:13:25 INFO DAGScheduler: failed: Set()
26/08/14 00:13:25 INFO DAGScheduler: Submitting ResultStage 188 (MapPartitionsRDD[1200] at count at <unknown>:0), which has no missing parents
26/08/14 00:13:25 INFO MemoryStore: Block broadcast_187 stored as values in memory (estimated size 12.5 KiB, free 191.0 MiB)
26/08/14 00:13:25 INFO MemoryStore: Block broadcast_187_piece0 stored as bytes in memory (estimated size 5.9 KiB, free 191.0 MiB)
26/08/14 00:13:25 INFO BlockManagerInfo: Added broadcast_187_piece0 in memory on spark-driver:44031 (size: 5.9 KiB, free: 191.2 MiB)
26/08/14 00:13:25 INFO SparkContext: Created broadcast 187 from broadcast at DAGScheduler.scala:1585
26/08/14 00:13:25 INFO DAGScheduler: Submitting 1 missing tasks from ResultStage 188 (MapPartitionsRDD[1200] at count at <unknown>:0) (first 15 tasks are for partitions Vector(0))
26/08/14 00:13:25 INFO TaskSchedulerImpl: Adding task set 188.0 with 1 tasks resource profile 0
26/08/14 00:13:25 INFO TaskSetManager: Starting task 0.0 in stage 188.0 (TID 682) (172.26.0.13, executor 1, partition 0, NODE_LOCAL, 9003 bytes) 
26/08/14 00:13:25 INFO BlockManagerInfo: Added broadcast_187_piece0 in memory on 172.26.0.13:37779 (size: 5.9 KiB, free: 412.7 MiB)
26/08/14 00:13:25 INFO MapOutputTrackerMasterEndpoint: Asked to send map output locations for shuffle 85 to 172.26.0.13:36452
26/08/14 00:13:25 INFO TaskSetManager: Finished task 0.0 in stage 188.0 (TID 682) in 46 ms on 172.26.0.13 (executor 1) (1/1)
26/08/14 00:13:25 INFO TaskSchedulerImpl: Removed TaskSet 188.0, whose tasks have all completed, from pool 
26/08/14 00:13:25 INFO DAGScheduler: ResultStage 188 (count at <unknown>:0) finished in 0.057 s
26/08/14 00:13:25 INFO DAGScheduler: Job 102 is finished. Cancelling potential speculative or zombie tasks for this job
26/08/14 00:13:25 INFO TaskSchedulerImpl: Killing all running tasks in stage 188: Stage finished
26/08/14 00:13:25 INFO DAGScheduler: Job 102 finished: count at <unknown>:0, took 0.317174 s
26/08/14 00:13:25 INFO SparkContext: Starting job: count at <unknown>:0
26/08/14 00:13:25 INFO DAGScheduler: Registering RDD 1205 (count at <unknown>:0) as input to shuffle 86
26/08/14 00:13:25 INFO DAGScheduler: Got job 103 (count at <unknown>:0) with 1 output partitions
26/08/14 00:13:25 INFO DAGScheduler: Final stage: ResultStage 190 (count at <unknown>:0)
26/08/14 00:13:25 INFO DAGScheduler: Parents of final stage: List(ShuffleMapStage 189)
26/08/14 00:13:25 INFO DAGScheduler: Missing parents: List(ShuffleMapStage 189)
26/08/14 00:13:25 INFO DAGScheduler: Submitting ShuffleMapStage 189 (MapPartitionsRDD[1205] at count at <unknown>:0), which has no missing parents
26/08/14 00:13:25 INFO BlockManagerInfo: Removed broadcast_187_piece0 on spark-driver:44031 in memory (size: 5.9 KiB, free: 191.2 MiB)
26/08/14 00:13:25 INFO MemoryStore: Block broadcast_188 stored as values in memory (estimated size 64.9 KiB, free 191.0 MiB)
26/08/14 00:13:25 INFO BlockManagerInfo: Removed broadcast_187_piece0 on 172.26.0.13:37779 in memory (size: 5.9 KiB, free: 412.8 MiB)
26/08/14 00:13:25 INFO MemoryStore: Block broadcast_188_piece0 stored as bytes in memory (estimated size 24.2 KiB, free 191.0 MiB)
26/08/14 00:13:25 INFO BlockManagerInfo: Added broadcast_188_piece0 in memory on spark-driver:44031 (size: 24.2 KiB, free: 191.1 MiB)
26/08/14 00:13:25 INFO SparkContext: Created broadcast 188 from broadcast at DAGScheduler.scala:1585
26/08/14 00:13:25 INFO DAGScheduler: Submitting 6 missing tasks from ShuffleMapStage 189 (MapPartitionsRDD[1205] at count at <unknown>:0) (first 15 tasks are for partitions Vector(0, 1, 2, 3, 4, 5))
26/08/14 00:13:25 INFO TaskSchedulerImpl: Adding task set 189.0 with 6 tasks resource profile 0
26/08/14 00:13:25 INFO TaskSetManager: Starting task 0.0 in stage 189.0 (TID 683) (172.26.0.12, executor 0, partition 0, PROCESS_LOCAL, 9921 bytes) 
26/08/14 00:13:25 INFO BlockManagerInfo: Removed broadcast_186_piece0 on spark-driver:44031 in memory (size: 24.1 KiB, free: 191.2 MiB)
26/08/14 00:13:25 INFO TaskSetManager: Starting task 2.0 in stage 189.0 (TID 684) (172.26.0.13, executor 1, partition 2, PROCESS_LOCAL, 9921 bytes) 
26/08/14 00:13:25 INFO TaskSetManager: Starting task 1.0 in stage 189.0 (TID 685) (172.26.0.12, executor 0, partition 1, PROCESS_LOCAL, 9921 bytes) 
26/08/14 00:13:25 INFO TaskSetManager: Starting task 3.0 in stage 189.0 (TID 686) (172.26.0.13, executor 1, partition 3, PROCESS_LOCAL, 9921 bytes) 
26/08/14 00:13:25 INFO TaskSetManager: Starting task 5.0 in stage 189.0 (TID 687) (172.26.0.12, executor 0, partition 5, PROCESS_LOCAL, 9921 bytes) 
26/08/14 00:13:25 INFO TaskSetManager: Starting task 4.0 in stage 189.0 (TID 688) (172.26.0.13, executor 1, partition 4, PROCESS_LOCAL, 9921 bytes) 
26/08/14 00:13:25 INFO BlockManagerInfo: Removed broadcast_186_piece0 on 172.26.0.12:33791 in memory (size: 24.1 KiB, free: 412.8 MiB)
26/08/14 00:13:25 INFO BlockManagerInfo: Removed broadcast_186_piece0 on 172.26.0.13:37779 in memory (size: 24.1 KiB, free: 412.8 MiB)
26/08/14 00:13:25 INFO BlockManagerInfo: Added broadcast_188_piece0 in memory on 172.26.0.13:37779 (size: 24.2 KiB, free: 412.8 MiB)
26/08/14 00:13:25 INFO BlockManagerInfo: Added broadcast_188_piece0 in memory on 172.26.0.12:33791 (size: 24.2 KiB, free: 412.8 MiB)
26/08/14 00:13:25 INFO TaskSetManager: Finished task 0.0 in stage 189.0 (TID 683) in 26 ms on 172.26.0.12 (executor 0) (1/6)
26/08/14 00:13:25 INFO TaskSetManager: Finished task 1.0 in stage 189.0 (TID 685) in 25 ms on 172.26.0.12 (executor 0) (2/6)
26/08/14 00:13:25 INFO TaskSetManager: Finished task 4.0 in stage 189.0 (TID 688) in 25 ms on 172.26.0.13 (executor 1) (3/6)
26/08/14 00:13:25 INFO TaskSetManager: Finished task 2.0 in stage 189.0 (TID 684) in 26 ms on 172.26.0.13 (executor 1) (4/6)
26/08/14 00:13:25 INFO TaskSetManager: Finished task 5.0 in stage 189.0 (TID 687) in 26 ms on 172.26.0.12 (executor 0) (5/6)
26/08/14 00:13:25 INFO TaskSetManager: Finished task 3.0 in stage 189.0 (TID 686) in 26 ms on 172.26.0.13 (executor 1) (6/6)
26/08/14 00:13:25 INFO TaskSchedulerImpl: Removed TaskSet 189.0, whose tasks have all completed, from pool 
26/08/14 00:13:25 INFO DAGScheduler: ShuffleMapStage 189 (count at <unknown>:0) finished in 0.047 s
26/08/14 00:13:25 INFO DAGScheduler: looking for newly runnable stages
26/08/14 00:13:25 INFO DAGScheduler: running: Set()
26/08/14 00:13:25 INFO DAGScheduler: waiting: Set(ResultStage 190)
26/08/14 00:13:25 INFO DAGScheduler: failed: Set()
26/08/14 00:13:25 INFO DAGScheduler: Submitting ResultStage 190 (MapPartitionsRDD[1208] at count at <unknown>:0), which has no missing parents
26/08/14 00:13:25 INFO MemoryStore: Block broadcast_189 stored as values in memory (estimated size 12.5 KiB, free 191.0 MiB)
26/08/14 00:13:25 INFO MemoryStore: Block broadcast_189_piece0 stored as bytes in memory (estimated size 5.9 KiB, free 191.0 MiB)
26/08/14 00:13:25 INFO BlockManagerInfo: Added broadcast_189_piece0 in memory on spark-driver:44031 (size: 5.9 KiB, free: 191.2 MiB)
26/08/14 00:13:25 INFO SparkContext: Created broadcast 189 from broadcast at DAGScheduler.scala:1585
26/08/14 00:13:25 INFO DAGScheduler: Submitting 1 missing tasks from ResultStage 190 (MapPartitionsRDD[1208] at count at <unknown>:0) (first 15 tasks are for partitions Vector(0))
26/08/14 00:13:25 INFO TaskSchedulerImpl: Adding task set 190.0 with 1 tasks resource profile 0
26/08/14 00:13:25 INFO TaskSetManager: Starting task 0.0 in stage 190.0 (TID 689) (172.26.0.12, executor 0, partition 0, NODE_LOCAL, 9003 bytes) 
26/08/14 00:13:25 INFO BlockManagerInfo: Added broadcast_189_piece0 in memory on 172.26.0.12:33791 (size: 5.9 KiB, free: 412.7 MiB)
26/08/14 00:13:25 INFO MapOutputTrackerMasterEndpoint: Asked to send map output locations for shuffle 86 to 172.26.0.12:37282
26/08/14 00:13:25 INFO TaskSetManager: Finished task 0.0 in stage 190.0 (TID 689) in 27 ms on 172.26.0.12 (executor 0) (1/1)
26/08/14 00:13:25 INFO TaskSchedulerImpl: Removed TaskSet 190.0, whose tasks have all completed, from pool 
26/08/14 00:13:25 INFO DAGScheduler: ResultStage 190 (count at <unknown>:0) finished in 0.030 s
26/08/14 00:13:25 INFO DAGScheduler: Job 103 is finished. Cancelling potential speculative or zombie tasks for this job
26/08/14 00:13:25 INFO TaskSchedulerImpl: Killing all running tasks in stage 190: Stage finished
26/08/14 00:13:25 INFO DAGScheduler: Job 103 finished: count at <unknown>:0, took 0.082222 s
26/08/14 00:13:25 INFO CodeGenerator: Code generated in 26.890291 ms
26/08/14 00:13:25 INFO DefaultCachedBatchSerializer: Predicate isnotnull(event_time#89-T120000ms) generates partition filter: ((event_time.count#58877 - event_time.nullCount#58876) > 0)
26/08/14 00:13:25 INFO DefaultCachedBatchSerializer: Predicate (event_time#89-T120000ms < 2026-08-14 00:11:20.202) generates partition filter: (event_time.lowerBound#58875 < 2026-08-14 00:11:20.202)
26/08/14 00:13:25 INFO SparkContext: Starting job: count at <unknown>:0
26/08/14 00:13:25 INFO DAGScheduler: Registering RDD 1213 (count at <unknown>:0) as input to shuffle 87
26/08/14 00:13:25 INFO DAGScheduler: Got job 104 (count at <unknown>:0) with 1 output partitions
26/08/14 00:13:25 INFO DAGScheduler: Final stage: ResultStage 192 (count at <unknown>:0)
26/08/14 00:13:25 INFO DAGScheduler: Parents of final stage: List(ShuffleMapStage 191)
26/08/14 00:13:25 INFO DAGScheduler: Missing parents: List(ShuffleMapStage 191)
26/08/14 00:13:25 INFO DAGScheduler: Submitting ShuffleMapStage 191 (MapPartitionsRDD[1213] at count at <unknown>:0), which has no missing parents
26/08/14 00:13:25 INFO MemoryStore: Block broadcast_190 stored as values in memory (estimated size 67.2 KiB, free 191.0 MiB)
26/08/14 00:13:25 INFO MemoryStore: Block broadcast_190_piece0 stored as bytes in memory (estimated size 25.6 KiB, free 190.9 MiB)
26/08/14 00:13:25 INFO BlockManagerInfo: Added broadcast_190_piece0 in memory on spark-driver:44031 (size: 25.6 KiB, free: 191.1 MiB)
26/08/14 00:13:25 INFO SparkContext: Created broadcast 190 from broadcast at DAGScheduler.scala:1585
26/08/14 00:13:25 INFO DAGScheduler: Submitting 6 missing tasks from ShuffleMapStage 191 (MapPartitionsRDD[1213] at count at <unknown>:0) (first 15 tasks are for partitions Vector(0, 1, 2, 3, 4, 5))
26/08/14 00:13:25 INFO TaskSchedulerImpl: Adding task set 191.0 with 6 tasks resource profile 0
26/08/14 00:13:25 INFO TaskSetManager: Starting task 2.0 in stage 191.0 (TID 690) (172.26.0.13, executor 1, partition 2, PROCESS_LOCAL, 9921 bytes) 
26/08/14 00:13:25 INFO TaskSetManager: Starting task 0.0 in stage 191.0 (TID 691) (172.26.0.12, executor 0, partition 0, PROCESS_LOCAL, 9921 bytes) 
26/08/14 00:13:25 INFO TaskSetManager: Starting task 3.0 in stage 191.0 (TID 692) (172.26.0.13, executor 1, partition 3, PROCESS_LOCAL, 9921 bytes) 
26/08/14 00:13:25 INFO TaskSetManager: Starting task 1.0 in stage 191.0 (TID 693) (172.26.0.12, executor 0, partition 1, PROCESS_LOCAL, 9921 bytes) 
26/08/14 00:13:25 INFO TaskSetManager: Starting task 4.0 in stage 191.0 (TID 694) (172.26.0.13, executor 1, partition 4, PROCESS_LOCAL, 9921 bytes) 
26/08/14 00:13:25 INFO TaskSetManager: Starting task 5.0 in stage 191.0 (TID 695) (172.26.0.12, executor 0, partition 5, PROCESS_LOCAL, 9921 bytes) 
26/08/14 00:13:25 INFO BlockManagerInfo: Added broadcast_190_piece0 in memory on 172.26.0.12:33791 (size: 25.6 KiB, free: 412.7 MiB)
26/08/14 00:13:25 INFO BlockManagerInfo: Added broadcast_190_piece0 in memory on 172.26.0.13:37779 (size: 25.6 KiB, free: 412.7 MiB)
26/08/14 00:13:25 INFO TaskSetManager: Finished task 1.0 in stage 191.0 (TID 693) in 64 ms on 172.26.0.12 (executor 0) (1/6)
26/08/14 00:13:25 INFO TaskSetManager: Finished task 0.0 in stage 191.0 (TID 691) in 65 ms on 172.26.0.12 (executor 0) (2/6)
26/08/14 00:13:25 INFO TaskSetManager: Finished task 5.0 in stage 191.0 (TID 695) in 66 ms on 172.26.0.12 (executor 0) (3/6)
26/08/14 00:13:25 INFO TaskSetManager: Finished task 3.0 in stage 191.0 (TID 692) in 89 ms on 172.26.0.13 (executor 1) (4/6)
26/08/14 00:13:25 INFO TaskSetManager: Finished task 2.0 in stage 191.0 (TID 690) in 91 ms on 172.26.0.13 (executor 1) (5/6)
26/08/14 00:13:25 INFO TaskSetManager: Finished task 4.0 in stage 191.0 (TID 694) in 94 ms on 172.26.0.13 (executor 1) (6/6)
26/08/14 00:13:25 INFO TaskSchedulerImpl: Removed TaskSet 191.0, whose tasks have all completed, from pool 
26/08/14 00:13:25 INFO DAGScheduler: ShuffleMapStage 191 (count at <unknown>:0) finished in 0.106 s
26/08/14 00:13:25 INFO DAGScheduler: looking for newly runnable stages
26/08/14 00:13:25 INFO DAGScheduler: running: Set()
26/08/14 00:13:25 INFO DAGScheduler: waiting: Set(ResultStage 192)
26/08/14 00:13:25 INFO DAGScheduler: failed: Set()
26/08/14 00:13:25 INFO DAGScheduler: Submitting ResultStage 192 (MapPartitionsRDD[1216] at count at <unknown>:0), which has no missing parents
26/08/14 00:13:25 INFO MemoryStore: Block broadcast_191 stored as values in memory (estimated size 12.5 KiB, free 190.9 MiB)
26/08/14 00:13:25 INFO MemoryStore: Block broadcast_191_piece0 stored as bytes in memory (estimated size 5.9 KiB, free 190.9 MiB)
26/08/14 00:13:25 INFO BlockManagerInfo: Added broadcast_191_piece0 in memory on spark-driver:44031 (size: 5.9 KiB, free: 191.1 MiB)
26/08/14 00:13:25 INFO SparkContext: Created broadcast 191 from broadcast at DAGScheduler.scala:1585
26/08/14 00:13:25 INFO DAGScheduler: Submitting 1 missing tasks from ResultStage 192 (MapPartitionsRDD[1216] at count at <unknown>:0) (first 15 tasks are for partitions Vector(0))
26/08/14 00:13:25 INFO TaskSchedulerImpl: Adding task set 192.0 with 1 tasks resource profile 0
26/08/14 00:13:25 INFO TaskSetManager: Starting task 0.0 in stage 192.0 (TID 696) (172.26.0.13, executor 1, partition 0, NODE_LOCAL, 9003 bytes) 
26/08/14 00:13:25 INFO BlockManagerInfo: Added broadcast_191_piece0 in memory on 172.26.0.13:37779 (size: 5.9 KiB, free: 412.7 MiB)
26/08/14 00:13:25 INFO MapOutputTrackerMasterEndpoint: Asked to send map output locations for shuffle 87 to 172.26.0.13:36452
26/08/14 00:13:25 INFO TaskSetManager: Finished task 0.0 in stage 192.0 (TID 696) in 28 ms on 172.26.0.13 (executor 1) (1/1)
26/08/14 00:13:25 INFO TaskSchedulerImpl: Removed TaskSet 192.0, whose tasks have all completed, from pool 
26/08/14 00:13:25 INFO DAGScheduler: ResultStage 192 (count at <unknown>:0) finished in 0.036 s
26/08/14 00:13:25 INFO DAGScheduler: Job 104 is finished. Cancelling potential speculative or zombie tasks for this job
26/08/14 00:13:25 INFO TaskSchedulerImpl: Killing all running tasks in stage 192: Stage finished
26/08/14 00:13:25 INFO DAGScheduler: Job 104 finished: count at <unknown>:0, took 0.147424 s
26/08/14 00:13:26 INFO BlockManagerInfo: Removed broadcast_189_piece0 on spark-driver:44031 in memory (size: 5.9 KiB, free: 191.1 MiB)
26/08/14 00:13:26 INFO BlockManagerInfo: Removed broadcast_189_piece0 on 172.26.0.12:33791 in memory (size: 5.9 KiB, free: 412.7 MiB)
26/08/14 00:13:26 INFO BlockManagerInfo: Removed broadcast_190_piece0 on spark-driver:44031 in memory (size: 25.6 KiB, free: 191.2 MiB)
26/08/14 00:13:26 INFO BlockManagerInfo: Removed broadcast_190_piece0 on 172.26.0.12:33791 in memory (size: 25.6 KiB, free: 412.8 MiB)
26/08/14 00:13:26 INFO BlockManagerInfo: Removed broadcast_190_piece0 on 172.26.0.13:37779 in memory (size: 25.6 KiB, free: 412.7 MiB)
26/08/14 00:13:26 INFO BlockManager: Removing RDD 1161
26/08/14 00:13:26 INFO BlockManagerInfo: Removed broadcast_188_piece0 on spark-driver:44031 in memory (size: 24.2 KiB, free: 191.2 MiB)
26/08/14 00:13:26 INFO BlockManagerInfo: Removed broadcast_188_piece0 on 172.26.0.13:37779 in memory (size: 24.2 KiB, free: 412.8 MiB)
26/08/14 00:13:26 INFO BlockManagerInfo: Removed broadcast_188_piece0 on 172.26.0.12:33791 in memory (size: 24.2 KiB, free: 412.8 MiB)
26/08/14 00:13:26 INFO BlockManagerInfo: Removed broadcast_191_piece0 on spark-driver:44031 in memory (size: 5.9 KiB, free: 191.2 MiB)
26/08/14 00:13:26 INFO BlockManagerInfo: Removed broadcast_191_piece0 on 172.26.0.13:37779 in memory (size: 5.9 KiB, free: 412.8 MiB)
26/08/14 00:13:26 INFO DefaultCachedBatchSerializer: Predicate isnotnull(kind#59434) generates partition filter: ((kind.count#59503 - kind.nullCount#59502) > 0)
26/08/14 00:13:26 INFO DefaultCachedBatchSerializer: Predicate (kind#59434 = stats) generates partition filter: ((kind.lowerBound#59501 <= stats) AND (stats <= kind.upperBound#59500))
26/08/14 00:13:26 INFO SparkContext: Starting job: call at /opt/spark/python/lib/py4j-0.10.9.7-src.zip/py4j/clientserver.py:617
26/08/14 00:13:26 INFO DAGScheduler: Got job 105 (call at /opt/spark/python/lib/py4j-0.10.9.7-src.zip/py4j/clientserver.py:617) with 6 output partitions
26/08/14 00:13:26 INFO DAGScheduler: Final stage: ResultStage 193 (call at /opt/spark/python/lib/py4j-0.10.9.7-src.zip/py4j/clientserver.py:617)
26/08/14 00:13:26 INFO DAGScheduler: Parents of final stage: List()
26/08/14 00:13:26 INFO DAGScheduler: Missing parents: List()
26/08/14 00:13:26 INFO DAGScheduler: Submitting ResultStage 193 (MapPartitionsRDD[1235] at call at /opt/spark/python/lib/py4j-0.10.9.7-src.zip/py4j/clientserver.py:617), which has no missing parents
26/08/14 00:13:26 INFO MemoryStore: Block broadcast_192 stored as values in memory (estimated size 90.0 KiB, free 191.0 MiB)
26/08/14 00:13:26 INFO MemoryStore: Block broadcast_192_piece0 stored as bytes in memory (estimated size 34.0 KiB, free 191.0 MiB)
26/08/14 00:13:26 INFO BlockManagerInfo: Added broadcast_192_piece0 in memory on spark-driver:44031 (size: 34.0 KiB, free: 191.2 MiB)
26/08/14 00:13:26 INFO SparkContext: Created broadcast 192 from broadcast at DAGScheduler.scala:1585
26/08/14 00:13:26 INFO DAGScheduler: Submitting 6 missing tasks from ResultStage 193 (MapPartitionsRDD[1235] at call at /opt/spark/python/lib/py4j-0.10.9.7-src.zip/py4j/clientserver.py:617) (first 15 tasks are for partitions Vector(0, 1, 2, 3, 4, 5))
26/08/14 00:13:26 INFO TaskSchedulerImpl: Adding task set 193.0 with 6 tasks resource profile 0
26/08/14 00:13:26 INFO TaskSetManager: Starting task 0.0 in stage 193.0 (TID 697) (172.26.0.12, executor 0, partition 0, PROCESS_LOCAL, 9932 bytes) 
26/08/14 00:13:26 INFO TaskSetManager: Starting task 2.0 in stage 193.0 (TID 698) (172.26.0.13, executor 1, partition 2, PROCESS_LOCAL, 9932 bytes) 
26/08/14 00:13:26 INFO TaskSetManager: Starting task 1.0 in stage 193.0 (TID 699) (172.26.0.12, executor 0, partition 1, PROCESS_LOCAL, 9932 bytes) 
26/08/14 00:13:26 INFO TaskSetManager: Starting task 3.0 in stage 193.0 (TID 700) (172.26.0.13, executor 1, partition 3, PROCESS_LOCAL, 9932 bytes) 
26/08/14 00:13:26 INFO TaskSetManager: Starting task 5.0 in stage 193.0 (TID 701) (172.26.0.12, executor 0, partition 5, PROCESS_LOCAL, 9932 bytes) 
26/08/14 00:13:26 INFO TaskSetManager: Starting task 4.0 in stage 193.0 (TID 702) (172.26.0.13, executor 1, partition 4, PROCESS_LOCAL, 9932 bytes) 
26/08/14 00:13:26 INFO BlockManagerInfo: Added broadcast_192_piece0 in memory on 172.26.0.12:33791 (size: 34.0 KiB, free: 412.7 MiB)
26/08/14 00:13:26 INFO BlockManagerInfo: Added broadcast_192_piece0 in memory on 172.26.0.13:37779 (size: 34.0 KiB, free: 412.7 MiB)
26/08/14 00:13:27 INFO BlockManagerInfo: Added rdd_1230_5 in memory on 172.26.0.12:33791 (size: 1808.0 B, free: 412.7 MiB)
26/08/14 00:13:28 INFO BlockManagerInfo: Added rdd_1230_0 in memory on 172.26.0.12:33791 (size: 1808.0 B, free: 412.7 MiB)
26/08/14 00:13:28 INFO BlockManagerInfo: Added rdd_1230_1 in memory on 172.26.0.12:33791 (size: 1808.0 B, free: 412.7 MiB)
26/08/14 00:13:28 INFO TaskSetManager: Finished task 1.0 in stage 193.0 (TID 699) in 2018 ms on 172.26.0.12 (executor 0) (1/6)
26/08/14 00:13:28 INFO TaskSetManager: Finished task 5.0 in stage 193.0 (TID 701) in 2018 ms on 172.26.0.12 (executor 0) (2/6)
26/08/14 00:13:28 INFO TaskSetManager: Finished task 0.0 in stage 193.0 (TID 697) in 2019 ms on 172.26.0.12 (executor 0) (3/6)
26/08/14 00:13:28 INFO BlockManagerInfo: Added rdd_1230_2 in memory on 172.26.0.13:37779 (size: 1808.0 B, free: 412.7 MiB)
26/08/14 00:13:28 INFO TaskSetManager: Finished task 2.0 in stage 193.0 (TID 698) in 2117 ms on 172.26.0.13 (executor 1) (4/6)
26/08/14 00:13:28 INFO BlockManagerInfo: Added rdd_1230_4 in memory on 172.26.0.13:37779 (size: 1808.0 B, free: 412.7 MiB)
26/08/14 00:13:28 INFO BlockManagerInfo: Added rdd_1230_3 in memory on 172.26.0.13:37779 (size: 1808.0 B, free: 412.7 MiB)
26/08/14 00:13:28 INFO TaskSetManager: Finished task 4.0 in stage 193.0 (TID 702) in 2553 ms on 172.26.0.13 (executor 1) (5/6)
26/08/14 00:13:28 INFO TaskSetManager: Finished task 3.0 in stage 193.0 (TID 700) in 2592 ms on 172.26.0.13 (executor 1) (6/6)
26/08/14 00:13:28 INFO TaskSchedulerImpl: Removed TaskSet 193.0, whose tasks have all completed, from pool 
26/08/14 00:13:28 INFO DAGScheduler: ResultStage 193 (call at /opt/spark/python/lib/py4j-0.10.9.7-src.zip/py4j/clientserver.py:617) finished in 2.604 s
26/08/14 00:13:28 INFO DAGScheduler: Job 105 is finished. Cancelling potential speculative or zombie tasks for this job
26/08/14 00:13:28 INFO TaskSchedulerImpl: Killing all running tasks in stage 193: Stage finished
26/08/14 00:13:28 INFO DAGScheduler: Job 105 finished: call at /opt/spark/python/lib/py4j-0.10.9.7-src.zip/py4j/clientserver.py:617, took 2.615265 s
26/08/14 00:13:28 INFO DefaultCachedBatchSerializer: Predicate isnotnull(kind#59434) generates partition filter: ((kind.count#59586 - kind.nullCount#59585) > 0)
26/08/14 00:13:28 INFO DefaultCachedBatchSerializer: Predicate (kind#59434 = dlq) generates partition filter: ((kind.lowerBound#59584 <= dlq) AND (dlq <= kind.upperBound#59583))
26/08/14 00:13:29 INFO SparkContext: Starting job: count at <unknown>:0
26/08/14 00:13:29 INFO DAGScheduler: Registering RDD 1240 (count at <unknown>:0) as input to shuffle 88
26/08/14 00:13:29 INFO DAGScheduler: Got job 106 (count at <unknown>:0) with 1 output partitions
26/08/14 00:13:29 INFO DAGScheduler: Final stage: ResultStage 195 (count at <unknown>:0)
26/08/14 00:13:29 INFO DAGScheduler: Parents of final stage: List(ShuffleMapStage 194)
26/08/14 00:13:29 INFO DAGScheduler: Missing parents: List(ShuffleMapStage 194)
26/08/14 00:13:29 INFO DAGScheduler: Submitting ShuffleMapStage 194 (MapPartitionsRDD[1240] at count at <unknown>:0), which has no missing parents
26/08/14 00:13:29 INFO MemoryStore: Block broadcast_193 stored as values in memory (estimated size 92.2 KiB, free 190.9 MiB)
26/08/14 00:13:29 INFO MemoryStore: Block broadcast_193_piece0 stored as bytes in memory (estimated size 35.3 KiB, free 190.9 MiB)
26/08/14 00:13:29 INFO BlockManagerInfo: Added broadcast_193_piece0 in memory on spark-driver:44031 (size: 35.3 KiB, free: 191.1 MiB)
26/08/14 00:13:29 INFO SparkContext: Created broadcast 193 from broadcast at DAGScheduler.scala:1585
26/08/14 00:13:29 INFO DAGScheduler: Submitting 6 missing tasks from ShuffleMapStage 194 (MapPartitionsRDD[1240] at count at <unknown>:0) (first 15 tasks are for partitions Vector(0, 1, 2, 3, 4, 5))
26/08/14 00:13:29 INFO TaskSchedulerImpl: Adding task set 194.0 with 6 tasks resource profile 0
26/08/14 00:13:29 INFO TaskSetManager: Starting task 0.0 in stage 194.0 (TID 703) (172.26.0.12, executor 0, partition 0, PROCESS_LOCAL, 9921 bytes) 
26/08/14 00:13:29 INFO TaskSetManager: Starting task 2.0 in stage 194.0 (TID 704) (172.26.0.13, executor 1, partition 2, PROCESS_LOCAL, 9921 bytes) 
26/08/14 00:13:29 INFO TaskSetManager: Starting task 1.0 in stage 194.0 (TID 705) (172.26.0.12, executor 0, partition 1, PROCESS_LOCAL, 9921 bytes) 
26/08/14 00:13:29 INFO TaskSetManager: Starting task 3.0 in stage 194.0 (TID 706) (172.26.0.13, executor 1, partition 3, PROCESS_LOCAL, 9921 bytes) 
26/08/14 00:13:29 INFO TaskSetManager: Starting task 5.0 in stage 194.0 (TID 707) (172.26.0.12, executor 0, partition 5, PROCESS_LOCAL, 9921 bytes) 
26/08/14 00:13:29 INFO TaskSetManager: Starting task 4.0 in stage 194.0 (TID 708) (172.26.0.13, executor 1, partition 4, PROCESS_LOCAL, 9921 bytes) 
26/08/14 00:13:29 INFO BlockManagerInfo: Added broadcast_193_piece0 in memory on 172.26.0.13:37779 (size: 35.3 KiB, free: 412.7 MiB)
26/08/14 00:13:29 INFO BlockManagerInfo: Added broadcast_193_piece0 in memory on 172.26.0.12:33791 (size: 35.3 KiB, free: 412.7 MiB)
26/08/14 00:13:29 INFO TaskSetManager: Finished task 2.0 in stage 194.0 (TID 704) in 101 ms on 172.26.0.13 (executor 1) (1/6)
26/08/14 00:13:29 INFO TaskSetManager: Finished task 3.0 in stage 194.0 (TID 706) in 101 ms on 172.26.0.13 (executor 1) (2/6)
26/08/14 00:13:29 INFO TaskSetManager: Finished task 4.0 in stage 194.0 (TID 708) in 101 ms on 172.26.0.13 (executor 1) (3/6)
26/08/14 00:13:29 INFO TaskSetManager: Finished task 0.0 in stage 194.0 (TID 703) in 108 ms on 172.26.0.12 (executor 0) (4/6)
26/08/14 00:13:29 INFO TaskSetManager: Finished task 5.0 in stage 194.0 (TID 707) in 107 ms on 172.26.0.12 (executor 0) (5/6)
26/08/14 00:13:29 INFO TaskSetManager: Finished task 1.0 in stage 194.0 (TID 705) in 110 ms on 172.26.0.12 (executor 0) (6/6)
26/08/14 00:13:29 INFO TaskSchedulerImpl: Removed TaskSet 194.0, whose tasks have all completed, from pool 
26/08/14 00:13:29 INFO DAGScheduler: ShuffleMapStage 194 (count at <unknown>:0) finished in 0.156 s
26/08/14 00:13:29 INFO DAGScheduler: looking for newly runnable stages
26/08/14 00:13:29 INFO DAGScheduler: running: Set()
26/08/14 00:13:29 INFO DAGScheduler: waiting: Set(ResultStage 195)
26/08/14 00:13:29 INFO DAGScheduler: failed: Set()
26/08/14 00:13:29 INFO DAGScheduler: Submitting ResultStage 195 (MapPartitionsRDD[1243] at count at <unknown>:0), which has no missing parents
26/08/14 00:13:29 INFO MemoryStore: Block broadcast_194 stored as values in memory (estimated size 12.5 KiB, free 190.9 MiB)
26/08/14 00:13:29 INFO MemoryStore: Block broadcast_194_piece0 stored as bytes in memory (estimated size 5.9 KiB, free 190.9 MiB)
26/08/14 00:13:29 INFO BlockManagerInfo: Added broadcast_194_piece0 in memory on spark-driver:44031 (size: 5.9 KiB, free: 191.1 MiB)
26/08/14 00:13:29 INFO SparkContext: Created broadcast 194 from broadcast at DAGScheduler.scala:1585
26/08/14 00:13:29 INFO DAGScheduler: Submitting 1 missing tasks from ResultStage 195 (MapPartitionsRDD[1243] at count at <unknown>:0) (first 15 tasks are for partitions Vector(0))
26/08/14 00:13:29 INFO TaskSchedulerImpl: Adding task set 195.0 with 1 tasks resource profile 0
26/08/14 00:13:29 INFO TaskSetManager: Starting task 0.0 in stage 195.0 (TID 709) (172.26.0.12, executor 0, partition 0, NODE_LOCAL, 9003 bytes) 
26/08/14 00:13:29 INFO BlockManagerInfo: Added broadcast_194_piece0 in memory on 172.26.0.12:33791 (size: 5.9 KiB, free: 412.7 MiB)
26/08/14 00:13:29 INFO MapOutputTrackerMasterEndpoint: Asked to send map output locations for shuffle 88 to 172.26.0.12:37282
26/08/14 00:13:29 INFO TaskSetManager: Finished task 0.0 in stage 195.0 (TID 709) in 39 ms on 172.26.0.12 (executor 0) (1/1)
26/08/14 00:13:29 INFO TaskSchedulerImpl: Removed TaskSet 195.0, whose tasks have all completed, from pool 
26/08/14 00:13:29 INFO DAGScheduler: ResultStage 195 (count at <unknown>:0) finished in 0.049 s
26/08/14 00:13:29 INFO DAGScheduler: Job 106 is finished. Cancelling potential speculative or zombie tasks for this job
26/08/14 00:13:29 INFO TaskSchedulerImpl: Killing all running tasks in stage 195: Stage finished
26/08/14 00:13:29 INFO DAGScheduler: Job 106 finished: count at <unknown>:0, took 0.222160 s
26/08/14 00:13:29 INFO MapPartitionsRDD: Removing RDD 1230 from persistence list
26/08/14 00:13:29 INFO BlockManager: Removing RDD 1230
26/08/14 00:13:29 INFO BlockManagerInfo: Removed broadcast_194_piece0 on spark-driver:44031 in memory (size: 5.9 KiB, free: 191.1 MiB)
26/08/14 00:13:29 INFO BlockManagerInfo: Removed broadcast_194_piece0 on 172.26.0.12:33791 in memory (size: 5.9 KiB, free: 412.7 MiB)
26/08/14 00:13:29 INFO BlockManagerInfo: Removed broadcast_193_piece0 on spark-driver:44031 in memory (size: 35.3 KiB, free: 191.2 MiB)
26/08/14 00:13:29 INFO BlockManagerInfo: Removed broadcast_193_piece0 on 172.26.0.12:33791 in memory (size: 35.3 KiB, free: 412.7 MiB)
26/08/14 00:13:29 INFO BlockManagerInfo: Removed broadcast_193_piece0 on 172.26.0.13:37779 in memory (size: 35.3 KiB, free: 412.7 MiB)
26/08/14 00:13:29 INFO SparkContext: Starting job: call at /opt/spark/python/lib/py4j-0.10.9.7-src.zip/py4j/clientserver.py:617
26/08/14 00:13:29 INFO DAGScheduler: Registering RDD 1248 (call at /opt/spark/python/lib/py4j-0.10.9.7-src.zip/py4j/clientserver.py:617) as input to shuffle 89
26/08/14 00:13:29 INFO DAGScheduler: Got job 107 (call at /opt/spark/python/lib/py4j-0.10.9.7-src.zip/py4j/clientserver.py:617) with 1 output partitions
26/08/14 00:13:29 INFO DAGScheduler: Final stage: ResultStage 197 (call at /opt/spark/python/lib/py4j-0.10.9.7-src.zip/py4j/clientserver.py:617)
26/08/14 00:13:29 INFO DAGScheduler: Parents of final stage: List(ShuffleMapStage 196)
26/08/14 00:13:29 INFO DAGScheduler: Missing parents: List(ShuffleMapStage 196)
26/08/14 00:13:29 INFO BlockManagerInfo: Removed broadcast_192_piece0 on spark-driver:44031 in memory (size: 34.0 KiB, free: 191.2 MiB)
26/08/14 00:13:29 INFO DAGScheduler: Submitting ShuffleMapStage 196 (MapPartitionsRDD[1248] at call at /opt/spark/python/lib/py4j-0.10.9.7-src.zip/py4j/clientserver.py:617), which has no missing parents
26/08/14 00:13:29 INFO BlockManagerInfo: Removed broadcast_192_piece0 on 172.26.0.12:33791 in memory (size: 34.0 KiB, free: 412.8 MiB)
26/08/14 00:13:29 INFO BlockManagerInfo: Removed broadcast_192_piece0 on 172.26.0.13:37779 in memory (size: 34.0 KiB, free: 412.8 MiB)
26/08/14 00:13:29 INFO MemoryStore: Block broadcast_195 stored as values in memory (estimated size 66.2 KiB, free 191.1 MiB)
26/08/14 00:13:29 INFO MemoryStore: Block broadcast_195_piece0 stored as bytes in memory (estimated size 24.8 KiB, free 191.0 MiB)
26/08/14 00:13:29 INFO BlockManagerInfo: Added broadcast_195_piece0 in memory on spark-driver:44031 (size: 24.8 KiB, free: 191.2 MiB)
26/08/14 00:13:29 INFO SparkContext: Created broadcast 195 from broadcast at DAGScheduler.scala:1585
26/08/14 00:13:29 INFO DAGScheduler: Submitting 6 missing tasks from ShuffleMapStage 196 (MapPartitionsRDD[1248] at call at /opt/spark/python/lib/py4j-0.10.9.7-src.zip/py4j/clientserver.py:617) (first 15 tasks are for partitions Vector(0, 1, 2, 3, 4, 5))
26/08/14 00:13:29 INFO TaskSchedulerImpl: Adding task set 196.0 with 6 tasks resource profile 0
26/08/14 00:13:29 INFO TaskSetManager: Starting task 2.0 in stage 196.0 (TID 710) (172.26.0.13, executor 1, partition 2, PROCESS_LOCAL, 9921 bytes) 
26/08/14 00:13:29 INFO TaskSetManager: Starting task 0.0 in stage 196.0 (TID 711) (172.26.0.12, executor 0, partition 0, PROCESS_LOCAL, 9921 bytes) 
26/08/14 00:13:29 INFO TaskSetManager: Starting task 3.0 in stage 196.0 (TID 712) (172.26.0.13, executor 1, partition 3, PROCESS_LOCAL, 9921 bytes) 
26/08/14 00:13:29 INFO TaskSetManager: Starting task 1.0 in stage 196.0 (TID 713) (172.26.0.12, executor 0, partition 1, PROCESS_LOCAL, 9921 bytes) 
26/08/14 00:13:29 INFO TaskSetManager: Starting task 4.0 in stage 196.0 (TID 714) (172.26.0.13, executor 1, partition 4, PROCESS_LOCAL, 9921 bytes) 
26/08/14 00:13:29 INFO TaskSetManager: Starting task 5.0 in stage 196.0 (TID 715) (172.26.0.12, executor 0, partition 5, PROCESS_LOCAL, 9921 bytes) 
26/08/14 00:13:29 INFO BlockManagerInfo: Added broadcast_195_piece0 in memory on 172.26.0.13:37779 (size: 24.8 KiB, free: 412.7 MiB)
26/08/14 00:13:29 INFO BlockManagerInfo: Added broadcast_195_piece0 in memory on 172.26.0.12:33791 (size: 24.8 KiB, free: 412.8 MiB)
26/08/14 00:13:29 INFO TaskSetManager: Finished task 3.0 in stage 196.0 (TID 712) in 46 ms on 172.26.0.13 (executor 1) (1/6)
26/08/14 00:13:29 INFO TaskSetManager: Finished task 2.0 in stage 196.0 (TID 710) in 48 ms on 172.26.0.13 (executor 1) (2/6)
26/08/14 00:13:29 INFO TaskSetManager: Finished task 5.0 in stage 196.0 (TID 715) in 50 ms on 172.26.0.12 (executor 0) (3/6)
26/08/14 00:13:29 INFO TaskSetManager: Finished task 1.0 in stage 196.0 (TID 713) in 52 ms on 172.26.0.12 (executor 0) (4/6)
26/08/14 00:13:29 INFO TaskSetManager: Finished task 4.0 in stage 196.0 (TID 714) in 53 ms on 172.26.0.13 (executor 1) (5/6)
26/08/14 00:13:29 INFO TaskSetManager: Finished task 0.0 in stage 196.0 (TID 711) in 55 ms on 172.26.0.12 (executor 0) (6/6)
26/08/14 00:13:29 INFO TaskSchedulerImpl: Removed TaskSet 196.0, whose tasks have all completed, from pool 
26/08/14 00:13:29 INFO DAGScheduler: ShuffleMapStage 196 (call at /opt/spark/python/lib/py4j-0.10.9.7-src.zip/py4j/clientserver.py:617) finished in 0.082 s
26/08/14 00:13:29 INFO DAGScheduler: looking for newly runnable stages
26/08/14 00:13:29 INFO DAGScheduler: running: Set()
26/08/14 00:13:29 INFO DAGScheduler: waiting: Set(ResultStage 197)
26/08/14 00:13:29 INFO DAGScheduler: failed: Set()
26/08/14 00:13:29 INFO DAGScheduler: Submitting ResultStage 197 (MapPartitionsRDD[1251] at call at /opt/spark/python/lib/py4j-0.10.9.7-src.zip/py4j/clientserver.py:617), which has no missing parents
26/08/14 00:13:29 INFO MemoryStore: Block broadcast_196 stored as values in memory (estimated size 13.1 KiB, free 191.0 MiB)
26/08/14 00:13:29 INFO MemoryStore: Block broadcast_196_piece0 stored as bytes in memory (estimated size 6.2 KiB, free 191.0 MiB)
26/08/14 00:13:29 INFO BlockManagerInfo: Added broadcast_196_piece0 in memory on spark-driver:44031 (size: 6.2 KiB, free: 191.2 MiB)
26/08/14 00:13:29 INFO SparkContext: Created broadcast 196 from broadcast at DAGScheduler.scala:1585
26/08/14 00:13:29 INFO DAGScheduler: Submitting 1 missing tasks from ResultStage 197 (MapPartitionsRDD[1251] at call at /opt/spark/python/lib/py4j-0.10.9.7-src.zip/py4j/clientserver.py:617) (first 15 tasks are for partitions Vector(0))
26/08/14 00:13:29 INFO TaskSchedulerImpl: Adding task set 197.0 with 1 tasks resource profile 0
26/08/14 00:13:29 INFO TaskSetManager: Starting task 0.0 in stage 197.0 (TID 716) (172.26.0.12, executor 0, partition 0, NODE_LOCAL, 9003 bytes) 
26/08/14 00:13:29 INFO BlockManagerInfo: Added broadcast_196_piece0 in memory on 172.26.0.12:33791 (size: 6.2 KiB, free: 412.7 MiB)
26/08/14 00:13:29 INFO MapOutputTrackerMasterEndpoint: Asked to send map output locations for shuffle 89 to 172.26.0.12:37282
26/08/14 00:13:29 INFO TaskSetManager: Finished task 0.0 in stage 197.0 (TID 716) in 34 ms on 172.26.0.12 (executor 0) (1/1)
26/08/14 00:13:29 INFO TaskSchedulerImpl: Removed TaskSet 197.0, whose tasks have all completed, from pool 
26/08/14 00:13:29 INFO DAGScheduler: ResultStage 197 (call at /opt/spark/python/lib/py4j-0.10.9.7-src.zip/py4j/clientserver.py:617) finished in 0.045 s
26/08/14 00:13:29 INFO DAGScheduler: Job 107 is finished. Cancelling potential speculative or zombie tasks for this job
26/08/14 00:13:29 INFO TaskSchedulerImpl: Killing all running tasks in stage 197: Stage finished
26/08/14 00:13:29 INFO DAGScheduler: Job 107 finished: call at /opt/spark/python/lib/py4j-0.10.9.7-src.zip/py4j/clientserver.py:617, took 0.141839 s
26/08/14 00:13:29 INFO MapPartitionsRDD: Removing RDD 1192 from persistence list
26/08/14 00:13:29 INFO BlockManager: Removing RDD 1192
26/08/14 00:13:29 INFO WatermarkTracker: Updating event-time watermark from 1786666280202 to 1786666284797 ms
26/08/14 00:13:29 INFO CheckpointFileManager: Writing atomically to file:/opt/checkpoints/trips/commits/18 using temp file file:/opt/checkpoints/trips/commits/.18.159ccfea-98e1-42be-9fac-0686be50c0ae.tmp
26/08/14 00:13:29 INFO CheckpointFileManager: Renamed temp file file:/opt/checkpoints/trips/commits/.18.159ccfea-98e1-42be-9fac-0686be50c0ae.tmp to file:/opt/checkpoints/trips/commits/18
26/08/14 00:13:29 INFO MicroBatchExecution: Streaming query made progress: {
  "id" : "673700e1-7609-4c3e-bff3-65e01579062f",
  "runId" : "684f6ae2-98d1-4139-a900-0d86eb048f89",
  "name" : "trips-ingest-chaos_kill_cassandra_1",
  "timestamp" : "2026-08-14T00:13:24.958Z",
  "batchId" : 18,
  "numInputRows" : 3723,
  "inputRowsPerSecond" : 800.9896729776249,
  "processedRowsPerSecond" : 799.6134020618557,
  "durationMs" : {
    "addBatch" : 4401,
    "commitOffsets" : 57,
    "getBatch" : 1,
    "latestOffset" : 23,
    "queryPlanning" : 107,
    "triggerExecution" : 4656,
    "walCommit" : 39
  },
  "eventTime" : {
    "avg" : "2026-08-14T00:13:21.150Z",
    "max" : "2026-08-14T00:13:24.797Z",
    "min" : "2026-08-14T00:13:17.347Z",
    "watermark" : "2026-08-14T00:11:20.202Z"
  },
  "stateOperators" : [ ],
  "sources" : [ {
    "description" : "KafkaV2[Subscribe[trips.raw]]",
    "startOffset" : {
      "trips.raw" : {
        "2" : 239631,
        "5" : 238062,
        "4" : 239395,
        "1" : 239214,
        "3" : 239344,
        "0" : 239256
      }
    },
    "endOffset" : {
      "trips.raw" : {
        "2" : 240279,
        "5" : 238709,
        "4" : 240024,
        "1" : 239814,
        "3" : 239961,
        "0" : 239838
      }
    },
    "latestOffset" : {
      "trips.raw" : {
        "2" : 240279,
        "5" : 238709,
        "4" : 240024,
        "1" : 239814,
        "3" : 239961,
        "0" : 239838
      }
    },
    "numInputRows" : 3723,
    "inputRowsPerSecond" : 800.9896729776249,
    "processedRowsPerSecond" : 799.6134020618557,
    "metrics" : {
      "avgOffsetsBehindLatest" : "0.0",
      "maxOffsetsBehindLatest" : "0",
      "minOffsetsBehindLatest" : "0"
    }
  } ],
  "sink" : {
    "description" : "ForeachBatchSink",
    "numOutputRows" : -1
  }
}
26/08/14 00:13:29 INFO CheckpointFileManager: Writing atomically to file:/opt/checkpoints/trips/offsets/19 using temp file file:/opt/checkpoints/trips/offsets/.19.aa3dfeba-3a0f-458c-a38f-663a7ab59e83.tmp
26/08/14 00:13:29 INFO CheckpointFileManager: Renamed temp file file:/opt/checkpoints/trips/offsets/.19.aa3dfeba-3a0f-458c-a38f-663a7ab59e83.tmp to file:/opt/checkpoints/trips/offsets/19
26/08/14 00:13:29 INFO MicroBatchExecution: Committed offsets for batch 19. Metadata OffsetSeqMetadata(1786666284797,1786666409640,Map(spark.sql.streaming.stateStore.providerClass -> org.apache.spark.sql.execution.streaming.state.HDFSBackedStateStoreProvider, spark.sql.streaming.join.stateFormatVersion -> 2, spark.sql.streaming.stateStore.compression.codec -> lz4, spark.sql.streaming.stateStore.rocksdb.formatVersion -> 5, spark.sql.streaming.statefulOperator.useStrictDistribution -> true, spark.sql.streaming.flatMapGroupsWithState.stateFormatVersion -> 2, spark.sql.streaming.multipleWatermarkPolicy -> min, spark.sql.streaming.aggregation.stateFormatVersion -> 2, spark.sql.shuffle.partitions -> 6))
26/08/14 00:13:29 INFO KafkaOffsetReaderAdmin: Partitions added: Map()
26/08/14 00:13:29 INFO KafkaOffsetReaderAdmin: Partitions added: Map()
26/08/14 00:13:29 INFO KafkaOffsetReaderAdmin: Partitions added: Map()
26/08/14 00:13:29 INFO KafkaOffsetReaderAdmin: Partitions added: Map()
2026-08-14 00:13:29,733 INFO  [stream] Received command c on object id p0
26/08/14 00:13:29 INFO SparkContext: Starting job: count at <unknown>:0
26/08/14 00:13:29 INFO DAGScheduler: Registering RDD 1266 (count at <unknown>:0) as input to shuffle 90
26/08/14 00:13:29 INFO DAGScheduler: Got job 108 (count at <unknown>:0) with 1 output partitions
26/08/14 00:13:29 INFO DAGScheduler: Final stage: ResultStage 199 (count at <unknown>:0)
26/08/14 00:13:29 INFO DAGScheduler: Parents of final stage: List(ShuffleMapStage 198)
26/08/14 00:13:29 INFO DAGScheduler: Missing parents: List(ShuffleMapStage 198)
26/08/14 00:13:29 INFO DAGScheduler: Submitting ShuffleMapStage 198 (MapPartitionsRDD[1266] at count at <unknown>:0), which has no missing parents
26/08/14 00:13:29 INFO MemoryStore: Block broadcast_197 stored as values in memory (estimated size 64.6 KiB, free 191.0 MiB)
26/08/14 00:13:29 INFO MemoryStore: Block broadcast_197_piece0 stored as bytes in memory (estimated size 24.1 KiB, free 190.9 MiB)
26/08/14 00:13:29 INFO BlockManagerInfo: Added broadcast_197_piece0 in memory on spark-driver:44031 (size: 24.1 KiB, free: 191.1 MiB)
26/08/14 00:13:29 INFO BlockManagerInfo: Removed broadcast_196_piece0 on spark-driver:44031 in memory (size: 6.2 KiB, free: 191.1 MiB)
26/08/14 00:13:29 INFO SparkContext: Created broadcast 197 from broadcast at DAGScheduler.scala:1585
26/08/14 00:13:29 INFO DAGScheduler: Submitting 6 missing tasks from ShuffleMapStage 198 (MapPartitionsRDD[1266] at count at <unknown>:0) (first 15 tasks are for partitions Vector(0, 1, 2, 3, 4, 5))
26/08/14 00:13:29 INFO TaskSchedulerImpl: Adding task set 198.0 with 6 tasks resource profile 0
26/08/14 00:13:29 INFO TaskSetManager: Starting task 2.0 in stage 198.0 (TID 717) (172.26.0.13, executor 1, partition 2, PROCESS_LOCAL, 9921 bytes) 
26/08/14 00:13:29 INFO BlockManagerInfo: Removed broadcast_196_piece0 on 172.26.0.12:33791 in memory (size: 6.2 KiB, free: 413.9 MiB)
26/08/14 00:13:29 INFO TaskSetManager: Starting task 0.0 in stage 198.0 (TID 718) (172.26.0.12, executor 0, partition 0, PROCESS_LOCAL, 9921 bytes) 
26/08/14 00:13:29 INFO TaskSetManager: Starting task 3.0 in stage 198.0 (TID 719) (172.26.0.13, executor 1, partition 3, PROCESS_LOCAL, 9921 bytes) 
26/08/14 00:13:29 INFO TaskSetManager: Starting task 1.0 in stage 198.0 (TID 720) (172.26.0.12, executor 0, partition 1, PROCESS_LOCAL, 9921 bytes) 
26/08/14 00:13:29 INFO TaskSetManager: Starting task 4.0 in stage 198.0 (TID 721) (172.26.0.13, executor 1, partition 4, PROCESS_LOCAL, 9921 bytes) 
26/08/14 00:13:29 INFO TaskSetManager: Starting task 5.0 in stage 198.0 (TID 722) (172.26.0.12, executor 0, partition 5, PROCESS_LOCAL, 9921 bytes) 
26/08/14 00:13:29 INFO BlockManagerInfo: Removed broadcast_195_piece0 on spark-driver:44031 in memory (size: 24.8 KiB, free: 191.2 MiB)
26/08/14 00:13:29 INFO BlockManagerInfo: Removed broadcast_195_piece0 on 172.26.0.12:33791 in memory (size: 24.8 KiB, free: 413.9 MiB)
26/08/14 00:13:29 INFO BlockManagerInfo: Removed broadcast_195_piece0 on 172.26.0.13:37779 in memory (size: 24.8 KiB, free: 413.9 MiB)
26/08/14 00:13:29 INFO BlockManagerInfo: Added broadcast_197_piece0 in memory on 172.26.0.13:37779 (size: 24.1 KiB, free: 413.9 MiB)
26/08/14 00:13:29 INFO BlockManagerInfo: Added broadcast_197_piece0 in memory on 172.26.0.12:33791 (size: 24.1 KiB, free: 413.9 MiB)
26/08/14 00:13:30 INFO BlockManagerInfo: Added rdd_1261_3 in memory on 172.26.0.13:37779 (size: 386.4 KiB, free: 413.5 MiB)
26/08/14 00:13:30 INFO BlockManagerInfo: Added rdd_1261_4 in memory on 172.26.0.13:37779 (size: 385.1 KiB, free: 413.1 MiB)
26/08/14 00:13:30 INFO BlockManagerInfo: Added rdd_1261_2 in memory on 172.26.0.13:37779 (size: 380.2 KiB, free: 412.8 MiB)
26/08/14 00:13:30 INFO TaskSetManager: Finished task 4.0 in stage 198.0 (TID 721) in 236 ms on 172.26.0.13 (executor 1) (1/6)
26/08/14 00:13:30 INFO TaskSetManager: Finished task 3.0 in stage 198.0 (TID 719) in 238 ms on 172.26.0.13 (executor 1) (2/6)
26/08/14 00:13:30 INFO TaskSetManager: Finished task 2.0 in stage 198.0 (TID 717) in 242 ms on 172.26.0.13 (executor 1) (3/6)
26/08/14 00:13:30 INFO BlockManagerInfo: Added rdd_1261_1 in memory on 172.26.0.12:33791 (size: 401.4 KiB, free: 413.5 MiB)
26/08/14 00:13:30 INFO BlockManagerInfo: Added rdd_1261_0 in memory on 172.26.0.12:33791 (size: 394.2 KiB, free: 413.1 MiB)
26/08/14 00:13:30 INFO BlockManagerInfo: Added rdd_1261_5 in memory on 172.26.0.12:33791 (size: 362.6 KiB, free: 412.7 MiB)
26/08/14 00:13:30 INFO TaskSetManager: Finished task 0.0 in stage 198.0 (TID 718) in 607 ms on 172.26.0.12 (executor 0) (4/6)
26/08/14 00:13:30 INFO TaskSetManager: Finished task 1.0 in stage 198.0 (TID 720) in 607 ms on 172.26.0.12 (executor 0) (5/6)
26/08/14 00:13:30 INFO TaskSetManager: Finished task 5.0 in stage 198.0 (TID 722) in 610 ms on 172.26.0.12 (executor 0) (6/6)
26/08/14 00:13:30 INFO TaskSchedulerImpl: Removed TaskSet 198.0, whose tasks have all completed, from pool 
26/08/14 00:13:30 INFO DAGScheduler: ShuffleMapStage 198 (count at <unknown>:0) finished in 0.628 s
26/08/14 00:13:30 INFO DAGScheduler: looking for newly runnable stages
26/08/14 00:13:30 INFO DAGScheduler: running: Set()
26/08/14 00:13:30 INFO DAGScheduler: waiting: Set(ResultStage 199)
26/08/14 00:13:30 INFO DAGScheduler: failed: Set()
26/08/14 00:13:30 INFO DAGScheduler: Submitting ResultStage 199 (MapPartitionsRDD[1269] at count at <unknown>:0), which has no missing parents
26/08/14 00:13:30 INFO MemoryStore: Block broadcast_198 stored as values in memory (estimated size 12.5 KiB, free 191.0 MiB)
26/08/14 00:13:30 INFO MemoryStore: Block broadcast_198_piece0 stored as bytes in memory (estimated size 5.9 KiB, free 191.0 MiB)
26/08/14 00:13:30 INFO BlockManagerInfo: Added broadcast_198_piece0 in memory on spark-driver:44031 (size: 5.9 KiB, free: 191.2 MiB)
26/08/14 00:13:30 INFO SparkContext: Created broadcast 198 from broadcast at DAGScheduler.scala:1585
26/08/14 00:13:30 INFO DAGScheduler: Submitting 1 missing tasks from ResultStage 199 (MapPartitionsRDD[1269] at count at <unknown>:0) (first 15 tasks are for partitions Vector(0))
26/08/14 00:13:30 INFO TaskSchedulerImpl: Adding task set 199.0 with 1 tasks resource profile 0
26/08/14 00:13:30 INFO TaskSetManager: Starting task 0.0 in stage 199.0 (TID 723) (172.26.0.13, executor 1, partition 0, NODE_LOCAL, 9003 bytes) 
26/08/14 00:13:30 INFO BlockManagerInfo: Added broadcast_198_piece0 in memory on 172.26.0.13:37779 (size: 5.9 KiB, free: 412.7 MiB)
26/08/14 00:13:30 INFO MapOutputTrackerMasterEndpoint: Asked to send map output locations for shuffle 90 to 172.26.0.13:36452
26/08/14 00:13:30 INFO TaskSetManager: Finished task 0.0 in stage 199.0 (TID 723) in 30 ms on 172.26.0.13 (executor 1) (1/1)
26/08/14 00:13:30 INFO TaskSchedulerImpl: Removed TaskSet 199.0, whose tasks have all completed, from pool 
26/08/14 00:13:30 INFO DAGScheduler: ResultStage 199 (count at <unknown>:0) finished in 0.036 s
26/08/14 00:13:30 INFO DAGScheduler: Job 108 is finished. Cancelling potential speculative or zombie tasks for this job
26/08/14 00:13:30 INFO TaskSchedulerImpl: Killing all running tasks in stage 199: Stage finished
26/08/14 00:13:30 INFO DAGScheduler: Job 108 finished: count at <unknown>:0, took 0.668439 s
26/08/14 00:13:30 INFO SparkContext: Starting job: count at <unknown>:0
26/08/14 00:13:30 INFO DAGScheduler: Registering RDD 1274 (count at <unknown>:0) as input to shuffle 91
26/08/14 00:13:30 INFO DAGScheduler: Got job 109 (count at <unknown>:0) with 1 output partitions
26/08/14 00:13:30 INFO DAGScheduler: Final stage: ResultStage 201 (count at <unknown>:0)
26/08/14 00:13:30 INFO DAGScheduler: Parents of final stage: List(ShuffleMapStage 200)
26/08/14 00:13:30 INFO DAGScheduler: Missing parents: List(ShuffleMapStage 200)
26/08/14 00:13:30 INFO DAGScheduler: Submitting ShuffleMapStage 200 (MapPartitionsRDD[1274] at count at <unknown>:0), which has no missing parents
26/08/14 00:13:30 INFO MemoryStore: Block broadcast_199 stored as values in memory (estimated size 64.9 KiB, free 191.0 MiB)
26/08/14 00:13:30 INFO MemoryStore: Block broadcast_199_piece0 stored as bytes in memory (estimated size 24.2 KiB, free 190.9 MiB)
26/08/14 00:13:30 INFO BlockManagerInfo: Added broadcast_199_piece0 in memory on spark-driver:44031 (size: 24.2 KiB, free: 191.1 MiB)
26/08/14 00:13:30 INFO SparkContext: Created broadcast 199 from broadcast at DAGScheduler.scala:1585
26/08/14 00:13:30 INFO DAGScheduler: Submitting 6 missing tasks from ShuffleMapStage 200 (MapPartitionsRDD[1274] at count at <unknown>:0) (first 15 tasks are for partitions Vector(0, 1, 2, 3, 4, 5))
26/08/14 00:13:30 INFO TaskSchedulerImpl: Adding task set 200.0 with 6 tasks resource profile 0
26/08/14 00:13:30 INFO TaskSetManager: Starting task 2.0 in stage 200.0 (TID 724) (172.26.0.13, executor 1, partition 2, PROCESS_LOCAL, 9921 bytes) 
26/08/14 00:13:30 INFO TaskSetManager: Starting task 0.0 in stage 200.0 (TID 725) (172.26.0.12, executor 0, partition 0, PROCESS_LOCAL, 9921 bytes) 
26/08/14 00:13:30 INFO TaskSetManager: Starting task 3.0 in stage 200.0 (TID 726) (172.26.0.13, executor 1, partition 3, PROCESS_LOCAL, 9921 bytes) 
26/08/14 00:13:30 INFO TaskSetManager: Starting task 1.0 in stage 200.0 (TID 727) (172.26.0.12, executor 0, partition 1, PROCESS_LOCAL, 9921 bytes) 
26/08/14 00:13:30 INFO TaskSetManager: Starting task 4.0 in stage 200.0 (TID 728) (172.26.0.13, executor 1, partition 4, PROCESS_LOCAL, 9921 bytes) 
26/08/14 00:13:30 INFO TaskSetManager: Starting task 5.0 in stage 200.0 (TID 729) (172.26.0.12, executor 0, partition 5, PROCESS_LOCAL, 9921 bytes) 
26/08/14 00:13:30 INFO BlockManagerInfo: Added broadcast_199_piece0 in memory on 172.26.0.13:37779 (size: 24.2 KiB, free: 412.7 MiB)
26/08/14 00:13:30 INFO BlockManagerInfo: Added broadcast_199_piece0 in memory on 172.26.0.12:33791 (size: 24.2 KiB, free: 412.7 MiB)
26/08/14 00:13:30 INFO TaskSetManager: Finished task 3.0 in stage 200.0 (TID 726) in 17 ms on 172.26.0.13 (executor 1) (1/6)
26/08/14 00:13:30 INFO TaskSetManager: Finished task 2.0 in stage 200.0 (TID 724) in 17 ms on 172.26.0.13 (executor 1) (2/6)
26/08/14 00:13:30 INFO TaskSetManager: Finished task 4.0 in stage 200.0 (TID 728) in 18 ms on 172.26.0.13 (executor 1) (3/6)
26/08/14 00:13:30 INFO TaskSetManager: Finished task 1.0 in stage 200.0 (TID 727) in 19 ms on 172.26.0.12 (executor 0) (4/6)
26/08/14 00:13:30 INFO TaskSetManager: Finished task 0.0 in stage 200.0 (TID 725) in 19 ms on 172.26.0.12 (executor 0) (5/6)
26/08/14 00:13:30 INFO TaskSetManager: Finished task 5.0 in stage 200.0 (TID 729) in 19 ms on 172.26.0.12 (executor 0) (6/6)
26/08/14 00:13:30 INFO TaskSchedulerImpl: Removed TaskSet 200.0, whose tasks have all completed, from pool 
26/08/14 00:13:30 INFO DAGScheduler: ShuffleMapStage 200 (count at <unknown>:0) finished in 0.024 s
26/08/14 00:13:30 INFO DAGScheduler: looking for newly runnable stages
26/08/14 00:13:30 INFO DAGScheduler: running: Set()
26/08/14 00:13:30 INFO DAGScheduler: waiting: Set(ResultStage 201)
26/08/14 00:13:30 INFO DAGScheduler: failed: Set()
26/08/14 00:13:30 INFO DAGScheduler: Submitting ResultStage 201 (MapPartitionsRDD[1277] at count at <unknown>:0), which has no missing parents
26/08/14 00:13:30 INFO MemoryStore: Block broadcast_200 stored as values in memory (estimated size 12.5 KiB, free 190.9 MiB)
26/08/14 00:13:30 INFO MemoryStore: Block broadcast_200_piece0 stored as bytes in memory (estimated size 5.9 KiB, free 190.9 MiB)
26/08/14 00:13:30 INFO BlockManagerInfo: Added broadcast_200_piece0 in memory on spark-driver:44031 (size: 5.9 KiB, free: 191.1 MiB)
26/08/14 00:13:30 INFO SparkContext: Created broadcast 200 from broadcast at DAGScheduler.scala:1585
26/08/14 00:13:30 INFO DAGScheduler: Submitting 1 missing tasks from ResultStage 201 (MapPartitionsRDD[1277] at count at <unknown>:0) (first 15 tasks are for partitions Vector(0))
26/08/14 00:13:30 INFO TaskSchedulerImpl: Adding task set 201.0 with 1 tasks resource profile 0
26/08/14 00:13:30 INFO TaskSetManager: Starting task 0.0 in stage 201.0 (TID 730) (172.26.0.13, executor 1, partition 0, NODE_LOCAL, 9003 bytes) 
26/08/14 00:13:30 INFO BlockManagerInfo: Added broadcast_200_piece0 in memory on 172.26.0.13:37779 (size: 5.9 KiB, free: 412.7 MiB)
26/08/14 00:13:30 INFO MapOutputTrackerMasterEndpoint: Asked to send map output locations for shuffle 91 to 172.26.0.13:36452
26/08/14 00:13:30 INFO TaskSetManager: Finished task 0.0 in stage 201.0 (TID 730) in 19 ms on 172.26.0.13 (executor 1) (1/1)
26/08/14 00:13:30 INFO TaskSchedulerImpl: Removed TaskSet 201.0, whose tasks have all completed, from pool 
26/08/14 00:13:30 INFO DAGScheduler: ResultStage 201 (count at <unknown>:0) finished in 0.023 s
26/08/14 00:13:30 INFO DAGScheduler: Job 109 is finished. Cancelling potential speculative or zombie tasks for this job
26/08/14 00:13:30 INFO TaskSchedulerImpl: Killing all running tasks in stage 201: Stage finished
26/08/14 00:13:30 INFO DAGScheduler: Job 109 finished: count at <unknown>:0, took 0.051427 s
26/08/14 00:13:30 INFO CodeGenerator: Code generated in 17.855458 ms
26/08/14 00:13:30 INFO DefaultCachedBatchSerializer: Predicate isnotnull(event_time#89-T120000ms) generates partition filter: ((event_time.count#62206 - event_time.nullCount#62205) > 0)
26/08/14 00:13:30 INFO DefaultCachedBatchSerializer: Predicate (event_time#89-T120000ms < 2026-08-14 00:11:24.797) generates partition filter: (event_time.lowerBound#62204 < 2026-08-14 00:11:24.797)
26/08/14 00:13:30 INFO BlockManagerInfo: Removed broadcast_200_piece0 on spark-driver:44031 in memory (size: 5.9 KiB, free: 191.1 MiB)
26/08/14 00:13:30 INFO BlockManagerInfo: Removed broadcast_200_piece0 on 172.26.0.13:37779 in memory (size: 5.9 KiB, free: 412.7 MiB)
26/08/14 00:13:30 INFO SparkContext: Starting job: count at <unknown>:0
26/08/14 00:13:30 INFO DAGScheduler: Registering RDD 1282 (count at <unknown>:0) as input to shuffle 92
26/08/14 00:13:30 INFO DAGScheduler: Got job 110 (count at <unknown>:0) with 1 output partitions
26/08/14 00:13:30 INFO DAGScheduler: Final stage: ResultStage 203 (count at <unknown>:0)
26/08/14 00:13:30 INFO DAGScheduler: Parents of final stage: List(ShuffleMapStage 202)
26/08/14 00:13:30 INFO DAGScheduler: Missing parents: List(ShuffleMapStage 202)
26/08/14 00:13:30 INFO DAGScheduler: Submitting ShuffleMapStage 202 (MapPartitionsRDD[1282] at count at <unknown>:0), which has no missing parents
26/08/14 00:13:30 INFO BlockManagerInfo: Removed broadcast_198_piece0 on spark-driver:44031 in memory (size: 5.9 KiB, free: 191.1 MiB)
26/08/14 00:13:30 INFO BlockManagerInfo: Removed broadcast_198_piece0 on 172.26.0.13:37779 in memory (size: 5.9 KiB, free: 412.7 MiB)
26/08/14 00:13:30 INFO MemoryStore: Block broadcast_201 stored as values in memory (estimated size 67.2 KiB, free 190.9 MiB)
26/08/14 00:13:30 INFO BlockManagerInfo: Removed broadcast_199_piece0 on spark-driver:44031 in memory (size: 24.2 KiB, free: 191.2 MiB)
26/08/14 00:13:30 INFO MemoryStore: Block broadcast_201_piece0 stored as bytes in memory (estimated size 25.6 KiB, free 190.9 MiB)
26/08/14 00:13:30 INFO BlockManagerInfo: Added broadcast_201_piece0 in memory on spark-driver:44031 (size: 25.6 KiB, free: 191.1 MiB)
26/08/14 00:13:30 INFO BlockManagerInfo: Removed broadcast_199_piece0 on 172.26.0.13:37779 in memory (size: 24.2 KiB, free: 412.8 MiB)
26/08/14 00:13:30 INFO BlockManagerInfo: Removed broadcast_199_piece0 on 172.26.0.12:33791 in memory (size: 24.2 KiB, free: 412.7 MiB)
26/08/14 00:13:30 INFO SparkContext: Created broadcast 201 from broadcast at DAGScheduler.scala:1585
26/08/14 00:13:30 INFO DAGScheduler: Submitting 6 missing tasks from ShuffleMapStage 202 (MapPartitionsRDD[1282] at count at <unknown>:0) (first 15 tasks are for partitions Vector(0, 1, 2, 3, 4, 5))
26/08/14 00:13:30 INFO TaskSchedulerImpl: Adding task set 202.0 with 6 tasks resource profile 0
26/08/14 00:13:30 INFO TaskSetManager: Starting task 2.0 in stage 202.0 (TID 731) (172.26.0.13, executor 1, partition 2, PROCESS_LOCAL, 9921 bytes) 
26/08/14 00:13:30 INFO TaskSetManager: Starting task 0.0 in stage 202.0 (TID 732) (172.26.0.12, executor 0, partition 0, PROCESS_LOCAL, 9921 bytes) 
26/08/14 00:13:30 INFO TaskSetManager: Starting task 3.0 in stage 202.0 (TID 733) (172.26.0.13, executor 1, partition 3, PROCESS_LOCAL, 9921 bytes) 
26/08/14 00:13:30 INFO TaskSetManager: Starting task 1.0 in stage 202.0 (TID 734) (172.26.0.12, executor 0, partition 1, PROCESS_LOCAL, 9921 bytes) 
26/08/14 00:13:30 INFO TaskSetManager: Starting task 4.0 in stage 202.0 (TID 735) (172.26.0.13, executor 1, partition 4, PROCESS_LOCAL, 9921 bytes) 
26/08/14 00:13:30 INFO TaskSetManager: Starting task 5.0 in stage 202.0 (TID 736) (172.26.0.12, executor 0, partition 5, PROCESS_LOCAL, 9921 bytes) 
26/08/14 00:13:30 INFO BlockManagerInfo: Removed broadcast_197_piece0 on spark-driver:44031 in memory (size: 24.1 KiB, free: 191.2 MiB)
26/08/14 00:13:30 INFO BlockManagerInfo: Removed broadcast_197_piece0 on 172.26.0.13:37779 in memory (size: 24.1 KiB, free: 412.8 MiB)
26/08/14 00:13:30 INFO BlockManagerInfo: Removed broadcast_197_piece0 on 172.26.0.12:33791 in memory (size: 24.1 KiB, free: 412.8 MiB)
26/08/14 00:13:30 INFO BlockManagerInfo: Added broadcast_201_piece0 in memory on 172.26.0.12:33791 (size: 25.6 KiB, free: 412.7 MiB)
26/08/14 00:13:30 INFO BlockManagerInfo: Added broadcast_201_piece0 in memory on 172.26.0.13:37779 (size: 25.6 KiB, free: 412.8 MiB)
26/08/14 00:13:30 INFO TaskSetManager: Finished task 1.0 in stage 202.0 (TID 734) in 57 ms on 172.26.0.12 (executor 0) (1/6)
26/08/14 00:13:30 INFO TaskSetManager: Finished task 5.0 in stage 202.0 (TID 736) in 56 ms on 172.26.0.12 (executor 0) (2/6)
26/08/14 00:13:30 INFO TaskSetManager: Finished task 0.0 in stage 202.0 (TID 732) in 60 ms on 172.26.0.12 (executor 0) (3/6)
26/08/14 00:13:30 INFO TaskSetManager: Finished task 4.0 in stage 202.0 (TID 735) in 75 ms on 172.26.0.13 (executor 1) (4/6)
26/08/14 00:13:30 INFO TaskSetManager: Finished task 2.0 in stage 202.0 (TID 731) in 76 ms on 172.26.0.13 (executor 1) (5/6)
26/08/14 00:13:30 INFO TaskSetManager: Finished task 3.0 in stage 202.0 (TID 733) in 76 ms on 172.26.0.13 (executor 1) (6/6)
26/08/14 00:13:30 INFO TaskSchedulerImpl: Removed TaskSet 202.0, whose tasks have all completed, from pool 
26/08/14 00:13:30 INFO DAGScheduler: ShuffleMapStage 202 (count at <unknown>:0) finished in 0.089 s
26/08/14 00:13:30 INFO DAGScheduler: looking for newly runnable stages
26/08/14 00:13:30 INFO DAGScheduler: running: Set()
26/08/14 00:13:30 INFO DAGScheduler: waiting: Set(ResultStage 203)
26/08/14 00:13:30 INFO DAGScheduler: failed: Set()
26/08/14 00:13:30 INFO DAGScheduler: Submitting ResultStage 203 (MapPartitionsRDD[1285] at count at <unknown>:0), which has no missing parents
26/08/14 00:13:30 INFO MemoryStore: Block broadcast_202 stored as values in memory (estimated size 12.5 KiB, free 191.0 MiB)
26/08/14 00:13:30 INFO MemoryStore: Block broadcast_202_piece0 stored as bytes in memory (estimated size 5.9 KiB, free 191.0 MiB)
26/08/14 00:13:30 INFO BlockManagerInfo: Added broadcast_202_piece0 in memory on spark-driver:44031 (size: 5.9 KiB, free: 191.2 MiB)
26/08/14 00:13:30 INFO SparkContext: Created broadcast 202 from broadcast at DAGScheduler.scala:1585
26/08/14 00:13:30 INFO DAGScheduler: Submitting 1 missing tasks from ResultStage 203 (MapPartitionsRDD[1285] at count at <unknown>:0) (first 15 tasks are for partitions Vector(0))
26/08/14 00:13:30 INFO TaskSchedulerImpl: Adding task set 203.0 with 1 tasks resource profile 0
26/08/14 00:13:30 INFO TaskSetManager: Starting task 0.0 in stage 203.0 (TID 737) (172.26.0.12, executor 0, partition 0, NODE_LOCAL, 9003 bytes) 
26/08/14 00:13:30 INFO BlockManagerInfo: Added broadcast_202_piece0 in memory on 172.26.0.12:33791 (size: 5.9 KiB, free: 412.7 MiB)
26/08/14 00:13:30 INFO MapOutputTrackerMasterEndpoint: Asked to send map output locations for shuffle 92 to 172.26.0.12:37282
26/08/14 00:13:30 INFO TaskSetManager: Finished task 0.0 in stage 203.0 (TID 737) in 20 ms on 172.26.0.12 (executor 0) (1/1)
26/08/14 00:13:30 INFO TaskSchedulerImpl: Removed TaskSet 203.0, whose tasks have all completed, from pool 
26/08/14 00:13:30 INFO DAGScheduler: ResultStage 203 (count at <unknown>:0) finished in 0.023 s
26/08/14 00:13:30 INFO DAGScheduler: Job 110 is finished. Cancelling potential speculative or zombie tasks for this job
26/08/14 00:13:30 INFO TaskSchedulerImpl: Killing all running tasks in stage 203: Stage finished
26/08/14 00:13:30 INFO DAGScheduler: Job 110 finished: count at <unknown>:0, took 0.117635 s
26/08/14 00:13:30 INFO DefaultCachedBatchSerializer: Predicate isnotnull(kind#62763) generates partition filter: ((kind.count#62832 - kind.nullCount#62831) > 0)
26/08/14 00:13:30 INFO DefaultCachedBatchSerializer: Predicate (kind#62763 = stats) generates partition filter: ((kind.lowerBound#62830 <= stats) AND (stats <= kind.upperBound#62829))
26/08/14 00:13:30 INFO SparkContext: Starting job: call at /opt/spark/python/lib/py4j-0.10.9.7-src.zip/py4j/clientserver.py:617
26/08/14 00:13:30 INFO DAGScheduler: Got job 111 (call at /opt/spark/python/lib/py4j-0.10.9.7-src.zip/py4j/clientserver.py:617) with 6 output partitions
26/08/14 00:13:30 INFO DAGScheduler: Final stage: ResultStage 204 (call at /opt/spark/python/lib/py4j-0.10.9.7-src.zip/py4j/clientserver.py:617)
26/08/14 00:13:30 INFO DAGScheduler: Parents of final stage: List()
26/08/14 00:13:30 INFO DAGScheduler: Missing parents: List()
26/08/14 00:13:30 INFO DAGScheduler: Submitting ResultStage 204 (MapPartitionsRDD[1304] at call at /opt/spark/python/lib/py4j-0.10.9.7-src.zip/py4j/clientserver.py:617), which has no missing parents
26/08/14 00:13:30 INFO MemoryStore: Block broadcast_203 stored as values in memory (estimated size 90.0 KiB, free 190.9 MiB)
26/08/14 00:13:30 INFO MemoryStore: Block broadcast_203_piece0 stored as bytes in memory (estimated size 34.1 KiB, free 190.9 MiB)
26/08/14 00:13:30 INFO BlockManagerInfo: Added broadcast_203_piece0 in memory on spark-driver:44031 (size: 34.1 KiB, free: 191.1 MiB)
26/08/14 00:13:30 INFO SparkContext: Created broadcast 203 from broadcast at DAGScheduler.scala:1585
26/08/14 00:13:30 INFO DAGScheduler: Submitting 6 missing tasks from ResultStage 204 (MapPartitionsRDD[1304] at call at /opt/spark/python/lib/py4j-0.10.9.7-src.zip/py4j/clientserver.py:617) (first 15 tasks are for partitions Vector(0, 1, 2, 3, 4, 5))
26/08/14 00:13:30 INFO TaskSchedulerImpl: Adding task set 204.0 with 6 tasks resource profile 0
26/08/14 00:13:30 INFO TaskSetManager: Starting task 0.0 in stage 204.0 (TID 738) (172.26.0.12, executor 0, partition 0, PROCESS_LOCAL, 9932 bytes) 
26/08/14 00:13:30 INFO TaskSetManager: Starting task 2.0 in stage 204.0 (TID 739) (172.26.0.13, executor 1, partition 2, PROCESS_LOCAL, 9932 bytes) 
26/08/14 00:13:30 INFO TaskSetManager: Starting task 1.0 in stage 204.0 (TID 740) (172.26.0.12, executor 0, partition 1, PROCESS_LOCAL, 9932 bytes) 
26/08/14 00:13:30 INFO TaskSetManager: Starting task 3.0 in stage 204.0 (TID 741) (172.26.0.13, executor 1, partition 3, PROCESS_LOCAL, 9932 bytes) 
26/08/14 00:13:30 INFO TaskSetManager: Starting task 5.0 in stage 204.0 (TID 742) (172.26.0.12, executor 0, partition 5, PROCESS_LOCAL, 9932 bytes) 
26/08/14 00:13:30 INFO TaskSetManager: Starting task 4.0 in stage 204.0 (TID 743) (172.26.0.13, executor 1, partition 4, PROCESS_LOCAL, 9932 bytes) 
26/08/14 00:13:30 INFO BlockManagerInfo: Added broadcast_203_piece0 in memory on 172.26.0.12:33791 (size: 34.1 KiB, free: 412.7 MiB)
26/08/14 00:13:30 INFO BlockManagerInfo: Added broadcast_203_piece0 in memory on 172.26.0.13:37779 (size: 34.1 KiB, free: 412.7 MiB)
26/08/14 00:13:32 INFO BlockManagerInfo: Added rdd_1299_4 in memory on 172.26.0.13:37779 (size: 1808.0 B, free: 412.7 MiB)
26/08/14 00:13:32 INFO BlockManagerInfo: Added rdd_1299_3 in memory on 172.26.0.13:37779 (size: 1808.0 B, free: 412.7 MiB)
26/08/14 00:13:32 INFO BlockManagerInfo: Added rdd_1299_5 in memory on 172.26.0.12:33791 (size: 1808.0 B, free: 412.7 MiB)
26/08/14 00:13:32 INFO BlockManagerInfo: Added rdd_1299_0 in memory on 172.26.0.12:33791 (size: 1808.0 B, free: 412.7 MiB)
26/08/14 00:13:32 INFO TaskSetManager: Finished task 3.0 in stage 204.0 (TID 741) in 1870 ms on 172.26.0.13 (executor 1) (1/6)
26/08/14 00:13:32 INFO TaskSetManager: Finished task 4.0 in stage 204.0 (TID 743) in 1870 ms on 172.26.0.13 (executor 1) (2/6)
26/08/14 00:13:32 INFO BlockManagerInfo: Added rdd_1299_2 in memory on 172.26.0.13:37779 (size: 1808.0 B, free: 412.7 MiB)
26/08/14 00:13:33 INFO TaskSetManager: Finished task 0.0 in stage 204.0 (TID 738) in 2167 ms on 172.26.0.12 (executor 0) (3/6)
26/08/14 00:13:33 INFO TaskSetManager: Finished task 5.0 in stage 204.0 (TID 742) in 2170 ms on 172.26.0.12 (executor 0) (4/6)
26/08/14 00:13:33 INFO TaskSetManager: Finished task 2.0 in stage 204.0 (TID 739) in 2226 ms on 172.26.0.13 (executor 1) (5/6)
26/08/14 00:13:33 INFO BlockManagerInfo: Added rdd_1299_1 in memory on 172.26.0.12:33791 (size: 1808.0 B, free: 412.7 MiB)
26/08/14 00:13:33 INFO TaskSetManager: Finished task 1.0 in stage 204.0 (TID 740) in 2285 ms on 172.26.0.12 (executor 0) (6/6)
26/08/14 00:13:33 INFO TaskSchedulerImpl: Removed TaskSet 204.0, whose tasks have all completed, from pool 
26/08/14 00:13:33 INFO DAGScheduler: ResultStage 204 (call at /opt/spark/python/lib/py4j-0.10.9.7-src.zip/py4j/clientserver.py:617) finished in 2.297 s
26/08/14 00:13:33 INFO DAGScheduler: Job 111 is finished. Cancelling potential speculative or zombie tasks for this job
26/08/14 00:13:33 INFO TaskSchedulerImpl: Killing all running tasks in stage 204: Stage finished
26/08/14 00:13:33 INFO DAGScheduler: Job 111 finished: call at /opt/spark/python/lib/py4j-0.10.9.7-src.zip/py4j/clientserver.py:617, took 2.308307 s
26/08/14 00:13:33 INFO DefaultCachedBatchSerializer: Predicate isnotnull(kind#62763) generates partition filter: ((kind.count#62915 - kind.nullCount#62914) > 0)
26/08/14 00:13:33 INFO DefaultCachedBatchSerializer: Predicate (kind#62763 = dlq) generates partition filter: ((kind.lowerBound#62913 <= dlq) AND (dlq <= kind.upperBound#62912))
26/08/14 00:13:33 INFO BlockManagerInfo: Removed broadcast_202_piece0 on spark-driver:44031 in memory (size: 5.9 KiB, free: 191.1 MiB)
26/08/14 00:13:33 INFO BlockManagerInfo: Removed broadcast_202_piece0 on 172.26.0.12:33791 in memory (size: 5.9 KiB, free: 412.7 MiB)
26/08/14 00:13:33 INFO SparkContext: Starting job: count at <unknown>:0
26/08/14 00:13:33 INFO DAGScheduler: Registering RDD 1309 (count at <unknown>:0) as input to shuffle 93
26/08/14 00:13:33 INFO BlockManagerInfo: Removed broadcast_203_piece0 on spark-driver:44031 in memory (size: 34.1 KiB, free: 191.2 MiB)
26/08/14 00:13:33 INFO DAGScheduler: Got job 112 (count at <unknown>:0) with 1 output partitions
26/08/14 00:13:33 INFO DAGScheduler: Final stage: ResultStage 206 (count at <unknown>:0)
26/08/14 00:13:33 INFO DAGScheduler: Parents of final stage: List(ShuffleMapStage 205)
26/08/14 00:13:33 INFO DAGScheduler: Missing parents: List(ShuffleMapStage 205)
26/08/14 00:13:33 INFO BlockManagerInfo: Removed broadcast_203_piece0 on 172.26.0.12:33791 in memory (size: 34.1 KiB, free: 412.7 MiB)
26/08/14 00:13:33 INFO BlockManagerInfo: Removed broadcast_203_piece0 on 172.26.0.13:37779 in memory (size: 34.1 KiB, free: 412.7 MiB)
26/08/14 00:13:33 INFO DAGScheduler: Submitting ShuffleMapStage 205 (MapPartitionsRDD[1309] at count at <unknown>:0), which has no missing parents
26/08/14 00:13:33 INFO BlockManagerInfo: Removed broadcast_201_piece0 on spark-driver:44031 in memory (size: 25.6 KiB, free: 191.2 MiB)
26/08/14 00:13:33 INFO BlockManagerInfo: Removed broadcast_201_piece0 on 172.26.0.13:37779 in memory (size: 25.6 KiB, free: 412.8 MiB)
26/08/14 00:13:33 INFO BlockManagerInfo: Removed broadcast_201_piece0 on 172.26.0.12:33791 in memory (size: 25.6 KiB, free: 412.8 MiB)
26/08/14 00:13:33 INFO MemoryStore: Block broadcast_204 stored as values in memory (estimated size 92.2 KiB, free 191.0 MiB)
26/08/14 00:13:33 INFO MemoryStore: Block broadcast_204_piece0 stored as bytes in memory (estimated size 35.3 KiB, free 191.0 MiB)
26/08/14 00:13:33 INFO BlockManagerInfo: Added broadcast_204_piece0 in memory on spark-driver:44031 (size: 35.3 KiB, free: 191.2 MiB)
26/08/14 00:13:33 INFO SparkContext: Created broadcast 204 from broadcast at DAGScheduler.scala:1585
26/08/14 00:13:33 INFO DAGScheduler: Submitting 6 missing tasks from ShuffleMapStage 205 (MapPartitionsRDD[1309] at count at <unknown>:0) (first 15 tasks are for partitions Vector(0, 1, 2, 3, 4, 5))
26/08/14 00:13:33 INFO TaskSchedulerImpl: Adding task set 205.0 with 6 tasks resource profile 0
26/08/14 00:13:33 INFO TaskSetManager: Starting task 2.0 in stage 205.0 (TID 744) (172.26.0.13, executor 1, partition 2, PROCESS_LOCAL, 9921 bytes) 
26/08/14 00:13:33 INFO TaskSetManager: Starting task 0.0 in stage 205.0 (TID 745) (172.26.0.12, executor 0, partition 0, PROCESS_LOCAL, 9921 bytes) 
26/08/14 00:13:33 INFO TaskSetManager: Starting task 3.0 in stage 205.0 (TID 746) (172.26.0.13, executor 1, partition 3, PROCESS_LOCAL, 9921 bytes) 
26/08/14 00:13:33 INFO TaskSetManager: Starting task 1.0 in stage 205.0 (TID 747) (172.26.0.12, executor 0, partition 1, PROCESS_LOCAL, 9921 bytes) 
26/08/14 00:13:33 INFO TaskSetManager: Starting task 4.0 in stage 205.0 (TID 748) (172.26.0.13, executor 1, partition 4, PROCESS_LOCAL, 9921 bytes) 
26/08/14 00:13:33 INFO TaskSetManager: Starting task 5.0 in stage 205.0 (TID 749) (172.26.0.12, executor 0, partition 5, PROCESS_LOCAL, 9921 bytes) 
26/08/14 00:13:33 INFO BlockManagerInfo: Added broadcast_204_piece0 in memory on 172.26.0.13:37779 (size: 35.3 KiB, free: 412.7 MiB)
26/08/14 00:13:33 INFO BlockManagerInfo: Added broadcast_204_piece0 in memory on 172.26.0.12:33791 (size: 35.3 KiB, free: 412.7 MiB)
26/08/14 00:13:33 INFO TaskSetManager: Finished task 4.0 in stage 205.0 (TID 748) in 106 ms on 172.26.0.13 (executor 1) (1/6)
26/08/14 00:13:33 INFO TaskSetManager: Finished task 3.0 in stage 205.0 (TID 746) in 111 ms on 172.26.0.13 (executor 1) (2/6)
26/08/14 00:13:33 INFO TaskSetManager: Finished task 2.0 in stage 205.0 (TID 744) in 138 ms on 172.26.0.13 (executor 1) (3/6)
26/08/14 00:13:33 INFO TaskSetManager: Finished task 5.0 in stage 205.0 (TID 749) in 193 ms on 172.26.0.12 (executor 0) (4/6)
26/08/14 00:13:33 INFO TaskSetManager: Finished task 1.0 in stage 205.0 (TID 747) in 195 ms on 172.26.0.12 (executor 0) (5/6)
26/08/14 00:13:33 INFO TaskSetManager: Finished task 0.0 in stage 205.0 (TID 745) in 202 ms on 172.26.0.12 (executor 0) (6/6)
26/08/14 00:13:33 INFO TaskSchedulerImpl: Removed TaskSet 205.0, whose tasks have all completed, from pool 
26/08/14 00:13:33 INFO DAGScheduler: ShuffleMapStage 205 (count at <unknown>:0) finished in 0.363 s
26/08/14 00:13:33 INFO DAGScheduler: looking for newly runnable stages
26/08/14 00:13:33 INFO DAGScheduler: running: Set()
26/08/14 00:13:33 INFO DAGScheduler: waiting: Set(ResultStage 206)
26/08/14 00:13:33 INFO DAGScheduler: failed: Set()
26/08/14 00:13:33 INFO DAGScheduler: Submitting ResultStage 206 (MapPartitionsRDD[1312] at count at <unknown>:0), which has no missing parents
26/08/14 00:13:33 INFO MemoryStore: Block broadcast_205 stored as values in memory (estimated size 12.5 KiB, free 191.0 MiB)
26/08/14 00:13:34 INFO MemoryStore: Block broadcast_205_piece0 stored as bytes in memory (estimated size 5.9 KiB, free 191.0 MiB)
26/08/14 00:13:34 INFO BlockManagerInfo: Added broadcast_205_piece0 in memory on spark-driver:44031 (size: 5.9 KiB, free: 191.1 MiB)
26/08/14 00:13:34 INFO SparkContext: Created broadcast 205 from broadcast at DAGScheduler.scala:1585
26/08/14 00:13:34 INFO DAGScheduler: Submitting 1 missing tasks from ResultStage 206 (MapPartitionsRDD[1312] at count at <unknown>:0) (first 15 tasks are for partitions Vector(0))
26/08/14 00:13:34 INFO TaskSchedulerImpl: Adding task set 206.0 with 1 tasks resource profile 0
26/08/14 00:13:34 INFO TaskSetManager: Starting task 0.0 in stage 206.0 (TID 750) (172.26.0.13, executor 1, partition 0, NODE_LOCAL, 9003 bytes) 
26/08/14 00:13:34 INFO BlockManagerInfo: Added broadcast_205_piece0 in memory on 172.26.0.13:37779 (size: 5.9 KiB, free: 412.7 MiB)
26/08/14 00:13:34 INFO MapOutputTrackerMasterEndpoint: Asked to send map output locations for shuffle 93 to 172.26.0.13:36452
26/08/14 00:13:34 INFO TaskSetManager: Finished task 0.0 in stage 206.0 (TID 750) in 63 ms on 172.26.0.13 (executor 1) (1/1)
26/08/14 00:13:34 INFO TaskSchedulerImpl: Removed TaskSet 206.0, whose tasks have all completed, from pool 
26/08/14 00:13:34 INFO DAGScheduler: ResultStage 206 (count at <unknown>:0) finished in 0.090 s
26/08/14 00:13:34 INFO DAGScheduler: Job 112 is finished. Cancelling potential speculative or zombie tasks for this job
26/08/14 00:13:34 INFO TaskSchedulerImpl: Killing all running tasks in stage 206: Stage finished
26/08/14 00:13:34 INFO DAGScheduler: Job 112 finished: count at <unknown>:0, took 0.492144 s
26/08/14 00:13:34 INFO MapPartitionsRDD: Removing RDD 1299 from persistence list
26/08/14 00:13:34 INFO BlockManager: Removing RDD 1299
26/08/14 00:13:34 INFO SparkContext: Starting job: call at /opt/spark/python/lib/py4j-0.10.9.7-src.zip/py4j/clientserver.py:617
26/08/14 00:13:34 INFO DAGScheduler: Registering RDD 1317 (call at /opt/spark/python/lib/py4j-0.10.9.7-src.zip/py4j/clientserver.py:617) as input to shuffle 94
26/08/14 00:13:34 INFO DAGScheduler: Got job 113 (call at /opt/spark/python/lib/py4j-0.10.9.7-src.zip/py4j/clientserver.py:617) with 1 output partitions
26/08/14 00:13:34 INFO DAGScheduler: Final stage: ResultStage 208 (call at /opt/spark/python/lib/py4j-0.10.9.7-src.zip/py4j/clientserver.py:617)
26/08/14 00:13:34 INFO DAGScheduler: Parents of final stage: List(ShuffleMapStage 207)
26/08/14 00:13:34 INFO DAGScheduler: Missing parents: List(ShuffleMapStage 207)
26/08/14 00:13:34 INFO DAGScheduler: Submitting ShuffleMapStage 207 (MapPartitionsRDD[1317] at call at /opt/spark/python/lib/py4j-0.10.9.7-src.zip/py4j/clientserver.py:617), which has no missing parents
26/08/14 00:13:34 INFO MemoryStore: Block broadcast_206 stored as values in memory (estimated size 66.2 KiB, free 190.9 MiB)
26/08/14 00:13:34 INFO MemoryStore: Block broadcast_206_piece0 stored as bytes in memory (estimated size 24.8 KiB, free 190.9 MiB)
26/08/14 00:13:34 INFO BlockManagerInfo: Added broadcast_206_piece0 in memory on spark-driver:44031 (size: 24.8 KiB, free: 191.1 MiB)
26/08/14 00:13:34 INFO SparkContext: Created broadcast 206 from broadcast at DAGScheduler.scala:1585
26/08/14 00:13:34 INFO DAGScheduler: Submitting 6 missing tasks from ShuffleMapStage 207 (MapPartitionsRDD[1317] at call at /opt/spark/python/lib/py4j-0.10.9.7-src.zip/py4j/clientserver.py:617) (first 15 tasks are for partitions Vector(0, 1, 2, 3, 4, 5))
26/08/14 00:13:34 INFO TaskSchedulerImpl: Adding task set 207.0 with 6 tasks resource profile 0
26/08/14 00:13:34 INFO TaskSetManager: Starting task 0.0 in stage 207.0 (TID 751) (172.26.0.12, executor 0, partition 0, PROCESS_LOCAL, 9921 bytes) 
26/08/14 00:13:34 INFO TaskSetManager: Starting task 2.0 in stage 207.0 (TID 752) (172.26.0.13, executor 1, partition 2, PROCESS_LOCAL, 9921 bytes) 
26/08/14 00:13:34 INFO TaskSetManager: Starting task 1.0 in stage 207.0 (TID 753) (172.26.0.12, executor 0, partition 1, PROCESS_LOCAL, 9921 bytes) 
26/08/14 00:13:34 INFO TaskSetManager: Starting task 3.0 in stage 207.0 (TID 754) (172.26.0.13, executor 1, partition 3, PROCESS_LOCAL, 9921 bytes) 
26/08/14 00:13:34 INFO TaskSetManager: Starting task 5.0 in stage 207.0 (TID 755) (172.26.0.12, executor 0, partition 5, PROCESS_LOCAL, 9921 bytes) 
26/08/14 00:13:34 INFO TaskSetManager: Starting task 4.0 in stage 207.0 (TID 756) (172.26.0.13, executor 1, partition 4, PROCESS_LOCAL, 9921 bytes) 
26/08/14 00:13:34 INFO BlockManagerInfo: Added broadcast_206_piece0 in memory on 172.26.0.13:37779 (size: 24.8 KiB, free: 412.7 MiB)
26/08/14 00:13:34 INFO BlockManagerInfo: Added broadcast_206_piece0 in memory on 172.26.0.12:33791 (size: 24.8 KiB, free: 412.7 MiB)
26/08/14 00:13:34 INFO TaskSetManager: Finished task 2.0 in stage 207.0 (TID 752) in 44 ms on 172.26.0.13 (executor 1) (1/6)
26/08/14 00:13:34 INFO TaskSetManager: Finished task 4.0 in stage 207.0 (TID 756) in 38 ms on 172.26.0.13 (executor 1) (2/6)
26/08/14 00:13:34 INFO TaskSetManager: Finished task 3.0 in stage 207.0 (TID 754) in 45 ms on 172.26.0.13 (executor 1) (3/6)
26/08/14 00:13:34 INFO TaskSetManager: Finished task 0.0 in stage 207.0 (TID 751) in 61 ms on 172.26.0.12 (executor 0) (4/6)
26/08/14 00:13:34 INFO TaskSetManager: Finished task 1.0 in stage 207.0 (TID 753) in 58 ms on 172.26.0.12 (executor 0) (5/6)
26/08/14 00:13:34 INFO TaskSetManager: Finished task 5.0 in stage 207.0 (TID 755) in 61 ms on 172.26.0.12 (executor 0) (6/6)
26/08/14 00:13:34 INFO DAGScheduler: ShuffleMapStage 207 (call at /opt/spark/python/lib/py4j-0.10.9.7-src.zip/py4j/clientserver.py:617) finished in 0.082 s
26/08/14 00:13:34 INFO DAGScheduler: looking for newly runnable stages
26/08/14 00:13:34 INFO DAGScheduler: running: Set()
26/08/14 00:13:34 INFO DAGScheduler: waiting: Set(ResultStage 208)
26/08/14 00:13:34 INFO DAGScheduler: failed: Set()
26/08/14 00:13:34 INFO DAGScheduler: Submitting ResultStage 208 (MapPartitionsRDD[1320] at call at /opt/spark/python/lib/py4j-0.10.9.7-src.zip/py4j/clientserver.py:617), which has no missing parents
26/08/14 00:13:34 INFO TaskSchedulerImpl: Removed TaskSet 207.0, whose tasks have all completed, from pool 
26/08/14 00:13:34 INFO MemoryStore: Block broadcast_207 stored as values in memory (estimated size 13.1 KiB, free 190.9 MiB)
26/08/14 00:13:34 INFO MemoryStore: Block broadcast_207_piece0 stored as bytes in memory (estimated size 6.1 KiB, free 190.9 MiB)
26/08/14 00:13:34 INFO BlockManagerInfo: Added broadcast_207_piece0 in memory on spark-driver:44031 (size: 6.1 KiB, free: 191.1 MiB)
26/08/14 00:13:34 INFO SparkContext: Created broadcast 207 from broadcast at DAGScheduler.scala:1585
26/08/14 00:13:34 INFO DAGScheduler: Submitting 1 missing tasks from ResultStage 208 (MapPartitionsRDD[1320] at call at /opt/spark/python/lib/py4j-0.10.9.7-src.zip/py4j/clientserver.py:617) (first 15 tasks are for partitions Vector(0))
26/08/14 00:13:34 INFO TaskSchedulerImpl: Adding task set 208.0 with 1 tasks resource profile 0
26/08/14 00:13:34 INFO TaskSetManager: Starting task 0.0 in stage 208.0 (TID 757) (172.26.0.12, executor 0, partition 0, NODE_LOCAL, 9003 bytes) 
26/08/14 00:13:34 INFO BlockManagerInfo: Added broadcast_207_piece0 in memory on 172.26.0.12:33791 (size: 6.1 KiB, free: 412.7 MiB)
26/08/14 00:13:34 INFO MapOutputTrackerMasterEndpoint: Asked to send map output locations for shuffle 94 to 172.26.0.12:37282
26/08/14 00:13:34 INFO TaskSetManager: Finished task 0.0 in stage 208.0 (TID 757) in 54 ms on 172.26.0.12 (executor 0) (1/1)
26/08/14 00:13:34 INFO TaskSchedulerImpl: Removed TaskSet 208.0, whose tasks have all completed, from pool 
26/08/14 00:13:34 INFO DAGScheduler: ResultStage 208 (call at /opt/spark/python/lib/py4j-0.10.9.7-src.zip/py4j/clientserver.py:617) finished in 0.064 s
26/08/14 00:13:34 INFO DAGScheduler: Job 113 is finished. Cancelling potential speculative or zombie tasks for this job
26/08/14 00:13:34 INFO TaskSchedulerImpl: Killing all running tasks in stage 208: Stage finished
26/08/14 00:13:34 INFO DAGScheduler: Job 113 finished: call at /opt/spark/python/lib/py4j-0.10.9.7-src.zip/py4j/clientserver.py:617, took 0.151415 s
26/08/14 00:13:34 INFO MapPartitionsRDD: Removing RDD 1261 from persistence list
26/08/14 00:13:34 INFO BlockManager: Removing RDD 1261
26/08/14 00:13:34 INFO WatermarkTracker: Updating event-time watermark from 1786666284797 to 1786666289567 ms
26/08/14 00:13:34 INFO CheckpointFileManager: Writing atomically to file:/opt/checkpoints/trips/commits/19 using temp file file:/opt/checkpoints/trips/commits/.19.b216fdbb-6222-4314-87f9-2647ffa24f9a.tmp
26/08/14 00:13:34 INFO CheckpointFileManager: Renamed temp file file:/opt/checkpoints/trips/commits/.19.b216fdbb-6222-4314-87f9-2647ffa24f9a.tmp to file:/opt/checkpoints/trips/commits/19
26/08/14 00:13:34 INFO MicroBatchExecution: Streaming query made progress: {
  "id" : "673700e1-7609-4c3e-bff3-65e01579062f",
  "runId" : "684f6ae2-98d1-4139-a900-0d86eb048f89",
  "name" : "trips-ingest-chaos_kill_cassandra_1",
  "timestamp" : "2026-08-14T00:13:29.626Z",
  "batchId" : 19,
  "numInputRows" : 3731,
  "inputRowsPerSecond" : 799.2716366752356,
  "processedRowsPerSecond" : 772.1440397350993,
  "durationMs" : {
    "addBatch" : 4677,
    "commitOffsets" : 83,
    "getBatch" : 0,
    "latestOffset" : 13,
    "queryPlanning" : 21,
    "triggerExecution" : 4832,
    "walCommit" : 31
  },
  "eventTime" : {
    "avg" : "2026-08-14T00:13:25.799Z",
    "max" : "2026-08-14T00:13:29.567Z",
    "min" : "2026-08-14T00:13:21.979Z",
    "watermark" : "2026-08-14T00:11:24.797Z"
  },
  "stateOperators" : [ ],
  "sources" : [ {
    "description" : "KafkaV2[Subscribe[trips.raw]]",
    "startOffset" : {
      "trips.raw" : {
        "2" : 240279,
        "5" : 238709,
        "4" : 240024,
        "1" : 239814,
        "3" : 239961,
        "0" : 239838
      }
    },
    "endOffset" : {
      "trips.raw" : {
        "2" : 240916,
        "5" : 239333,
        "4" : 240673,
        "1" : 240436,
        "3" : 240575,
        "0" : 240423
      }
    },
    "latestOffset" : {
      "trips.raw" : {
        "2" : 240916,
        "5" : 239333,
        "4" : 240673,
        "1" : 240436,
        "3" : 240575,
        "0" : 240423
      }
    },
    "numInputRows" : 3731,
    "inputRowsPerSecond" : 799.2716366752356,
    "processedRowsPerSecond" : 772.1440397350993,
    "metrics" : {
      "avgOffsetsBehindLatest" : "0.0",
      "maxOffsetsBehindLatest" : "0",
      "minOffsetsBehindLatest" : "0"
    }
  } ],
  "sink" : {
    "description" : "ForeachBatchSink",
    "numOutputRows" : -1
  }
}
26/08/14 00:13:34 INFO CheckpointFileManager: Writing atomically to file:/opt/checkpoints/trips/offsets/20 using temp file file:/opt/checkpoints/trips/offsets/.20.32d922d1-375e-44eb-b9f4-4b3bf726ef02.tmp
26/08/14 00:13:34 INFO CheckpointFileManager: Renamed temp file file:/opt/checkpoints/trips/offsets/.20.32d922d1-375e-44eb-b9f4-4b3bf726ef02.tmp to file:/opt/checkpoints/trips/offsets/20
26/08/14 00:13:34 INFO MicroBatchExecution: Committed offsets for batch 20. Metadata OffsetSeqMetadata(1786666289567,1786666414492,Map(spark.sql.streaming.stateStore.providerClass -> org.apache.spark.sql.execution.streaming.state.HDFSBackedStateStoreProvider, spark.sql.streaming.join.stateFormatVersion -> 2, spark.sql.streaming.stateStore.compression.codec -> lz4, spark.sql.streaming.stateStore.rocksdb.formatVersion -> 5, spark.sql.streaming.statefulOperator.useStrictDistribution -> true, spark.sql.streaming.flatMapGroupsWithState.stateFormatVersion -> 2, spark.sql.streaming.multipleWatermarkPolicy -> min, spark.sql.streaming.aggregation.stateFormatVersion -> 2, spark.sql.shuffle.partitions -> 6))
26/08/14 00:13:34 INFO KafkaOffsetReaderAdmin: Partitions added: Map()
26/08/14 00:13:34 INFO BlockManagerInfo: Removed broadcast_205_piece0 on spark-driver:44031 in memory (size: 5.9 KiB, free: 191.1 MiB)
26/08/14 00:13:34 INFO KafkaOffsetReaderAdmin: Partitions added: Map()
26/08/14 00:13:34 INFO BlockManagerInfo: Removed broadcast_205_piece0 on 172.26.0.13:37779 in memory (size: 5.9 KiB, free: 413.8 MiB)
26/08/14 00:13:34 INFO BlockManagerInfo: Removed broadcast_206_piece0 on spark-driver:44031 in memory (size: 24.8 KiB, free: 191.1 MiB)
26/08/14 00:13:34 INFO BlockManagerInfo: Removed broadcast_206_piece0 on 172.26.0.13:37779 in memory (size: 24.8 KiB, free: 413.9 MiB)
26/08/14 00:13:34 INFO BlockManagerInfo: Removed broadcast_206_piece0 on 172.26.0.12:33791 in memory (size: 24.8 KiB, free: 413.9 MiB)
26/08/14 00:13:34 INFO KafkaOffsetReaderAdmin: Partitions added: Map()
26/08/14 00:13:34 INFO BlockManagerInfo: Removed broadcast_207_piece0 on spark-driver:44031 in memory (size: 6.1 KiB, free: 191.2 MiB)
26/08/14 00:13:34 INFO KafkaOffsetReaderAdmin: Partitions added: Map()
26/08/14 00:13:34 INFO BlockManagerInfo: Removed broadcast_207_piece0 on 172.26.0.12:33791 in memory (size: 6.1 KiB, free: 413.9 MiB)
26/08/14 00:13:34 INFO BlockManagerInfo: Removed broadcast_204_piece0 on spark-driver:44031 in memory (size: 35.3 KiB, free: 191.2 MiB)
26/08/14 00:13:34 INFO BlockManagerInfo: Removed broadcast_204_piece0 on 172.26.0.12:33791 in memory (size: 35.3 KiB, free: 413.9 MiB)
26/08/14 00:13:34 INFO BlockManagerInfo: Removed broadcast_204_piece0 on 172.26.0.13:37779 in memory (size: 35.3 KiB, free: 413.9 MiB)
2026-08-14 00:13:34,645 INFO  [stream] Received command c on object id p0
26/08/14 00:13:34 INFO SparkContext: Starting job: count at <unknown>:0
26/08/14 00:13:34 INFO DAGScheduler: Registering RDD 1335 (count at <unknown>:0) as input to shuffle 95
26/08/14 00:13:34 INFO DAGScheduler: Got job 114 (count at <unknown>:0) with 1 output partitions
26/08/14 00:13:34 INFO DAGScheduler: Final stage: ResultStage 210 (count at <unknown>:0)
26/08/14 00:13:34 INFO DAGScheduler: Parents of final stage: List(ShuffleMapStage 209)
26/08/14 00:13:34 INFO DAGScheduler: Missing parents: List(ShuffleMapStage 209)
26/08/14 00:13:34 INFO DAGScheduler: Submitting ShuffleMapStage 209 (MapPartitionsRDD[1335] at count at <unknown>:0), which has no missing parents
26/08/14 00:13:34 INFO MemoryStore: Block broadcast_208 stored as values in memory (estimated size 64.6 KiB, free 191.1 MiB)
26/08/14 00:13:34 INFO MemoryStore: Block broadcast_208_piece0 stored as bytes in memory (estimated size 24.1 KiB, free 191.0 MiB)
26/08/14 00:13:34 INFO BlockManagerInfo: Added broadcast_208_piece0 in memory on spark-driver:44031 (size: 24.1 KiB, free: 191.2 MiB)
26/08/14 00:13:34 INFO SparkContext: Created broadcast 208 from broadcast at DAGScheduler.scala:1585
26/08/14 00:13:34 INFO DAGScheduler: Submitting 6 missing tasks from ShuffleMapStage 209 (MapPartitionsRDD[1335] at count at <unknown>:0) (first 15 tasks are for partitions Vector(0, 1, 2, 3, 4, 5))
26/08/14 00:13:34 INFO TaskSchedulerImpl: Adding task set 209.0 with 6 tasks resource profile 0
26/08/14 00:13:34 INFO TaskSetManager: Starting task 0.0 in stage 209.0 (TID 758) (172.26.0.12, executor 0, partition 0, PROCESS_LOCAL, 9921 bytes) 
26/08/14 00:13:34 INFO TaskSetManager: Starting task 2.0 in stage 209.0 (TID 759) (172.26.0.13, executor 1, partition 2, PROCESS_LOCAL, 9921 bytes) 
26/08/14 00:13:34 INFO TaskSetManager: Starting task 1.0 in stage 209.0 (TID 760) (172.26.0.12, executor 0, partition 1, PROCESS_LOCAL, 9921 bytes) 
26/08/14 00:13:34 INFO TaskSetManager: Starting task 3.0 in stage 209.0 (TID 761) (172.26.0.13, executor 1, partition 3, PROCESS_LOCAL, 9921 bytes) 
26/08/14 00:13:34 INFO TaskSetManager: Starting task 5.0 in stage 209.0 (TID 762) (172.26.0.12, executor 0, partition 5, PROCESS_LOCAL, 9921 bytes) 
26/08/14 00:13:34 INFO TaskSetManager: Starting task 4.0 in stage 209.0 (TID 763) (172.26.0.13, executor 1, partition 4, PROCESS_LOCAL, 9921 bytes) 
26/08/14 00:13:34 INFO BlockManagerInfo: Added broadcast_208_piece0 in memory on 172.26.0.12:33791 (size: 24.1 KiB, free: 413.9 MiB)
26/08/14 00:13:34 INFO BlockManagerInfo: Added broadcast_208_piece0 in memory on 172.26.0.13:37779 (size: 24.1 KiB, free: 413.9 MiB)
26/08/14 00:13:35 INFO BlockManagerInfo: Added rdd_1330_3 in memory on 172.26.0.13:37779 (size: 364.8 KiB, free: 413.5 MiB)
26/08/14 00:13:35 INFO BlockManagerInfo: Added rdd_1330_4 in memory on 172.26.0.13:37779 (size: 404.0 KiB, free: 413.1 MiB)
26/08/14 00:13:35 INFO BlockManagerInfo: Added rdd_1330_2 in memory on 172.26.0.13:37779 (size: 418.9 KiB, free: 412.7 MiB)
26/08/14 00:13:35 INFO TaskSetManager: Finished task 3.0 in stage 209.0 (TID 761) in 296 ms on 172.26.0.13 (executor 1) (1/6)
26/08/14 00:13:35 INFO TaskSetManager: Finished task 2.0 in stage 209.0 (TID 759) in 299 ms on 172.26.0.13 (executor 1) (2/6)
26/08/14 00:13:35 INFO TaskSetManager: Finished task 4.0 in stage 209.0 (TID 763) in 298 ms on 172.26.0.13 (executor 1) (3/6)
26/08/14 00:13:35 INFO BlockManagerInfo: Added rdd_1330_0 in memory on 172.26.0.12:33791 (size: 382.4 KiB, free: 413.5 MiB)
26/08/14 00:13:35 INFO BlockManagerInfo: Added rdd_1330_5 in memory on 172.26.0.12:33791 (size: 404.0 KiB, free: 413.1 MiB)
26/08/14 00:13:35 INFO BlockManagerInfo: Added rdd_1330_1 in memory on 172.26.0.12:33791 (size: 426.6 KiB, free: 412.7 MiB)
26/08/14 00:13:35 INFO TaskSetManager: Finished task 1.0 in stage 209.0 (TID 760) in 359 ms on 172.26.0.12 (executor 0) (4/6)
26/08/14 00:13:35 INFO TaskSetManager: Finished task 5.0 in stage 209.0 (TID 762) in 359 ms on 172.26.0.12 (executor 0) (5/6)
26/08/14 00:13:35 INFO TaskSetManager: Finished task 0.0 in stage 209.0 (TID 758) in 364 ms on 172.26.0.12 (executor 0) (6/6)
26/08/14 00:13:35 INFO TaskSchedulerImpl: Removed TaskSet 209.0, whose tasks have all completed, from pool 
26/08/14 00:13:35 INFO DAGScheduler: ShuffleMapStage 209 (count at <unknown>:0) finished in 0.399 s
26/08/14 00:13:35 INFO DAGScheduler: looking for newly runnable stages
26/08/14 00:13:35 INFO DAGScheduler: running: Set()
26/08/14 00:13:35 INFO DAGScheduler: waiting: Set(ResultStage 210)
26/08/14 00:13:35 INFO DAGScheduler: failed: Set()
26/08/14 00:13:35 INFO DAGScheduler: Submitting ResultStage 210 (MapPartitionsRDD[1338] at count at <unknown>:0), which has no missing parents
26/08/14 00:13:35 INFO MemoryStore: Block broadcast_209 stored as values in memory (estimated size 12.5 KiB, free 191.0 MiB)
26/08/14 00:13:35 INFO MemoryStore: Block broadcast_209_piece0 stored as bytes in memory (estimated size 5.9 KiB, free 191.0 MiB)
26/08/14 00:13:35 INFO BlockManagerInfo: Added broadcast_209_piece0 in memory on spark-driver:44031 (size: 5.9 KiB, free: 191.2 MiB)
26/08/14 00:13:35 INFO SparkContext: Created broadcast 209 from broadcast at DAGScheduler.scala:1585
26/08/14 00:13:35 INFO DAGScheduler: Submitting 1 missing tasks from ResultStage 210 (MapPartitionsRDD[1338] at count at <unknown>:0) (first 15 tasks are for partitions Vector(0))
26/08/14 00:13:35 INFO TaskSchedulerImpl: Adding task set 210.0 with 1 tasks resource profile 0
26/08/14 00:13:35 INFO TaskSetManager: Starting task 0.0 in stage 210.0 (TID 764) (172.26.0.12, executor 0, partition 0, NODE_LOCAL, 9003 bytes) 
26/08/14 00:13:35 INFO BlockManagerInfo: Added broadcast_209_piece0 in memory on 172.26.0.12:33791 (size: 5.9 KiB, free: 412.7 MiB)
26/08/14 00:13:35 INFO MapOutputTrackerMasterEndpoint: Asked to send map output locations for shuffle 95 to 172.26.0.12:37282
26/08/14 00:13:35 INFO TaskSetManager: Finished task 0.0 in stage 210.0 (TID 764) in 28 ms on 172.26.0.12 (executor 0) (1/1)
26/08/14 00:13:35 INFO TaskSchedulerImpl: Removed TaskSet 210.0, whose tasks have all completed, from pool 
26/08/14 00:13:35 INFO DAGScheduler: ResultStage 210 (count at <unknown>:0) finished in 0.037 s
26/08/14 00:13:35 INFO DAGScheduler: Job 114 is finished. Cancelling potential speculative or zombie tasks for this job
26/08/14 00:13:35 INFO TaskSchedulerImpl: Killing all running tasks in stage 210: Stage finished
26/08/14 00:13:35 INFO DAGScheduler: Job 114 finished: count at <unknown>:0, took 0.448071 s
26/08/14 00:13:35 INFO SparkContext: Starting job: count at <unknown>:0
26/08/14 00:13:35 INFO DAGScheduler: Registering RDD 1343 (count at <unknown>:0) as input to shuffle 96
26/08/14 00:13:35 INFO DAGScheduler: Got job 115 (count at <unknown>:0) with 1 output partitions
26/08/14 00:13:35 INFO DAGScheduler: Final stage: ResultStage 212 (count at <unknown>:0)
26/08/14 00:13:35 INFO DAGScheduler: Parents of final stage: List(ShuffleMapStage 211)
26/08/14 00:13:35 INFO DAGScheduler: Missing parents: List(ShuffleMapStage 211)
26/08/14 00:13:35 INFO DAGScheduler: Submitting ShuffleMapStage 211 (MapPartitionsRDD[1343] at count at <unknown>:0), which has no missing parents
26/08/14 00:13:35 INFO MemoryStore: Block broadcast_210 stored as values in memory (estimated size 64.9 KiB, free 191.0 MiB)
26/08/14 00:13:35 INFO MemoryStore: Block broadcast_210_piece0 stored as bytes in memory (estimated size 24.2 KiB, free 190.9 MiB)
26/08/14 00:13:35 INFO BlockManager: Removing RDD 1299
26/08/14 00:13:35 INFO BlockManagerInfo: Added broadcast_210_piece0 in memory on spark-driver:44031 (size: 24.2 KiB, free: 191.1 MiB)
26/08/14 00:13:35 INFO SparkContext: Created broadcast 210 from broadcast at DAGScheduler.scala:1585
26/08/14 00:13:35 INFO DAGScheduler: Submitting 6 missing tasks from ShuffleMapStage 211 (MapPartitionsRDD[1343] at count at <unknown>:0) (first 15 tasks are for partitions Vector(0, 1, 2, 3, 4, 5))
26/08/14 00:13:35 INFO TaskSchedulerImpl: Adding task set 211.0 with 6 tasks resource profile 0
26/08/14 00:13:35 INFO TaskSetManager: Starting task 0.0 in stage 211.0 (TID 765) (172.26.0.12, executor 0, partition 0, PROCESS_LOCAL, 9921 bytes) 
26/08/14 00:13:35 INFO TaskSetManager: Starting task 2.0 in stage 211.0 (TID 766) (172.26.0.13, executor 1, partition 2, PROCESS_LOCAL, 9921 bytes) 
26/08/14 00:13:35 INFO TaskSetManager: Starting task 1.0 in stage 211.0 (TID 767) (172.26.0.12, executor 0, partition 1, PROCESS_LOCAL, 9921 bytes) 
26/08/14 00:13:35 INFO TaskSetManager: Starting task 3.0 in stage 211.0 (TID 768) (172.26.0.13, executor 1, partition 3, PROCESS_LOCAL, 9921 bytes) 
26/08/14 00:13:35 INFO TaskSetManager: Starting task 5.0 in stage 211.0 (TID 769) (172.26.0.12, executor 0, partition 5, PROCESS_LOCAL, 9921 bytes) 
26/08/14 00:13:35 INFO TaskSetManager: Starting task 4.0 in stage 211.0 (TID 770) (172.26.0.13, executor 1, partition 4, PROCESS_LOCAL, 9921 bytes) 
26/08/14 00:13:35 INFO BlockManagerInfo: Removed broadcast_208_piece0 on spark-driver:44031 in memory (size: 24.1 KiB, free: 191.2 MiB)
26/08/14 00:13:35 INFO BlockManagerInfo: Removed broadcast_208_piece0 on 172.26.0.13:37779 in memory (size: 24.1 KiB, free: 412.7 MiB)
26/08/14 00:13:35 INFO BlockManagerInfo: Removed broadcast_208_piece0 on 172.26.0.12:33791 in memory (size: 24.1 KiB, free: 412.7 MiB)
26/08/14 00:13:35 INFO BlockManagerInfo: Removed broadcast_209_piece0 on spark-driver:44031 in memory (size: 5.9 KiB, free: 191.2 MiB)
26/08/14 00:13:35 INFO BlockManagerInfo: Removed broadcast_209_piece0 on 172.26.0.12:33791 in memory (size: 5.9 KiB, free: 412.7 MiB)
26/08/14 00:13:35 INFO BlockManagerInfo: Added broadcast_210_piece0 in memory on 172.26.0.12:33791 (size: 24.2 KiB, free: 412.7 MiB)
26/08/14 00:13:35 INFO BlockManagerInfo: Added broadcast_210_piece0 in memory on 172.26.0.13:37779 (size: 24.2 KiB, free: 412.7 MiB)
26/08/14 00:13:35 INFO TaskSetManager: Finished task 3.0 in stage 211.0 (TID 768) in 41 ms on 172.26.0.13 (executor 1) (1/6)
26/08/14 00:13:35 INFO TaskSetManager: Finished task 0.0 in stage 211.0 (TID 765) in 43 ms on 172.26.0.12 (executor 0) (2/6)
26/08/14 00:13:35 INFO TaskSetManager: Finished task 1.0 in stage 211.0 (TID 767) in 42 ms on 172.26.0.12 (executor 0) (3/6)
26/08/14 00:13:35 INFO TaskSetManager: Finished task 5.0 in stage 211.0 (TID 769) in 45 ms on 172.26.0.12 (executor 0) (4/6)
26/08/14 00:13:35 INFO TaskSetManager: Finished task 2.0 in stage 211.0 (TID 766) in 46 ms on 172.26.0.13 (executor 1) (5/6)
26/08/14 00:13:35 INFO TaskSetManager: Finished task 4.0 in stage 211.0 (TID 770) in 57 ms on 172.26.0.13 (executor 1) (6/6)
26/08/14 00:13:35 INFO TaskSchedulerImpl: Removed TaskSet 211.0, whose tasks have all completed, from pool 
26/08/14 00:13:35 INFO DAGScheduler: ShuffleMapStage 211 (count at <unknown>:0) finished in 0.082 s
26/08/14 00:13:35 INFO DAGScheduler: looking for newly runnable stages
26/08/14 00:13:35 INFO DAGScheduler: running: Set()
26/08/14 00:13:35 INFO DAGScheduler: waiting: Set(ResultStage 212)
26/08/14 00:13:35 INFO DAGScheduler: failed: Set()
26/08/14 00:13:35 INFO DAGScheduler: Submitting ResultStage 212 (MapPartitionsRDD[1346] at count at <unknown>:0), which has no missing parents
26/08/14 00:13:35 INFO MemoryStore: Block broadcast_211 stored as values in memory (estimated size 12.5 KiB, free 191.0 MiB)
26/08/14 00:13:35 INFO MemoryStore: Block broadcast_211_piece0 stored as bytes in memory (estimated size 5.9 KiB, free 191.0 MiB)
26/08/14 00:13:35 INFO BlockManagerInfo: Added broadcast_211_piece0 in memory on spark-driver:44031 (size: 5.9 KiB, free: 191.2 MiB)
26/08/14 00:13:35 INFO SparkContext: Created broadcast 211 from broadcast at DAGScheduler.scala:1585
26/08/14 00:13:35 INFO DAGScheduler: Submitting 1 missing tasks from ResultStage 212 (MapPartitionsRDD[1346] at count at <unknown>:0) (first 15 tasks are for partitions Vector(0))
26/08/14 00:13:35 INFO TaskSchedulerImpl: Adding task set 212.0 with 1 tasks resource profile 0
26/08/14 00:13:35 INFO TaskSetManager: Starting task 0.0 in stage 212.0 (TID 771) (172.26.0.12, executor 0, partition 0, NODE_LOCAL, 9003 bytes) 
26/08/14 00:13:35 INFO BlockManagerInfo: Added broadcast_211_piece0 in memory on 172.26.0.12:33791 (size: 5.9 KiB, free: 412.7 MiB)
26/08/14 00:13:35 INFO MapOutputTrackerMasterEndpoint: Asked to send map output locations for shuffle 96 to 172.26.0.12:37282
26/08/14 00:13:35 INFO TaskSetManager: Finished task 0.0 in stage 212.0 (TID 771) in 29 ms on 172.26.0.12 (executor 0) (1/1)
26/08/14 00:13:35 INFO TaskSchedulerImpl: Removed TaskSet 212.0, whose tasks have all completed, from pool 
26/08/14 00:13:35 INFO DAGScheduler: ResultStage 212 (count at <unknown>:0) finished in 0.035 s
26/08/14 00:13:35 INFO DAGScheduler: Job 115 is finished. Cancelling potential speculative or zombie tasks for this job
26/08/14 00:13:35 INFO TaskSchedulerImpl: Killing all running tasks in stage 212: Stage finished
26/08/14 00:13:35 INFO DAGScheduler: Job 115 finished: count at <unknown>:0, took 0.123369 s
26/08/14 00:13:35 INFO CodeGenerator: Code generated in 34.284791 ms
26/08/14 00:13:35 INFO DefaultCachedBatchSerializer: Predicate isnotnull(event_time#89-T120000ms) generates partition filter: ((event_time.count#65535 - event_time.nullCount#65534) > 0)
26/08/14 00:13:35 INFO DefaultCachedBatchSerializer: Predicate (event_time#89-T120000ms < 2026-08-14 00:11:29.567) generates partition filter: (event_time.lowerBound#65533 < 2026-08-14 00:11:29.567)
26/08/14 00:13:35 INFO SparkContext: Starting job: count at <unknown>:0
26/08/14 00:13:35 INFO DAGScheduler: Registering RDD 1351 (count at <unknown>:0) as input to shuffle 97
26/08/14 00:13:35 INFO DAGScheduler: Got job 116 (count at <unknown>:0) with 1 output partitions
26/08/14 00:13:35 INFO DAGScheduler: Final stage: ResultStage 214 (count at <unknown>:0)
26/08/14 00:13:35 INFO DAGScheduler: Parents of final stage: List(ShuffleMapStage 213)
26/08/14 00:13:35 INFO DAGScheduler: Missing parents: List(ShuffleMapStage 213)
26/08/14 00:13:35 INFO DAGScheduler: Submitting ShuffleMapStage 213 (MapPartitionsRDD[1351] at count at <unknown>:0), which has no missing parents
26/08/14 00:13:35 INFO MemoryStore: Block broadcast_212 stored as values in memory (estimated size 67.2 KiB, free 191.0 MiB)
26/08/14 00:13:35 INFO MemoryStore: Block broadcast_212_piece0 stored as bytes in memory (estimated size 25.6 KiB, free 190.9 MiB)
26/08/14 00:13:35 INFO BlockManagerInfo: Added broadcast_212_piece0 in memory on spark-driver:44031 (size: 25.6 KiB, free: 191.1 MiB)
26/08/14 00:13:35 INFO SparkContext: Created broadcast 212 from broadcast at DAGScheduler.scala:1585
26/08/14 00:13:35 INFO DAGScheduler: Submitting 6 missing tasks from ShuffleMapStage 213 (MapPartitionsRDD[1351] at count at <unknown>:0) (first 15 tasks are for partitions Vector(0, 1, 2, 3, 4, 5))
26/08/14 00:13:35 INFO TaskSchedulerImpl: Adding task set 213.0 with 6 tasks resource profile 0
26/08/14 00:13:35 INFO TaskSetManager: Starting task 2.0 in stage 213.0 (TID 772) (172.26.0.13, executor 1, partition 2, PROCESS_LOCAL, 9921 bytes) 
26/08/14 00:13:35 INFO TaskSetManager: Starting task 0.0 in stage 213.0 (TID 773) (172.26.0.12, executor 0, partition 0, PROCESS_LOCAL, 9921 bytes) 
26/08/14 00:13:35 INFO TaskSetManager: Starting task 3.0 in stage 213.0 (TID 774) (172.26.0.13, executor 1, partition 3, PROCESS_LOCAL, 9921 bytes) 
26/08/14 00:13:35 INFO TaskSetManager: Starting task 1.0 in stage 213.0 (TID 775) (172.26.0.12, executor 0, partition 1, PROCESS_LOCAL, 9921 bytes) 
26/08/14 00:13:35 INFO TaskSetManager: Starting task 4.0 in stage 213.0 (TID 776) (172.26.0.13, executor 1, partition 4, PROCESS_LOCAL, 9921 bytes) 
26/08/14 00:13:35 INFO TaskSetManager: Starting task 5.0 in stage 213.0 (TID 777) (172.26.0.12, executor 0, partition 5, PROCESS_LOCAL, 9921 bytes) 
26/08/14 00:13:35 INFO BlockManagerInfo: Added broadcast_212_piece0 in memory on 172.26.0.12:33791 (size: 25.6 KiB, free: 412.7 MiB)
26/08/14 00:13:35 INFO BlockManagerInfo: Added broadcast_212_piece0 in memory on 172.26.0.13:37779 (size: 25.6 KiB, free: 412.7 MiB)
26/08/14 00:13:35 INFO TaskSetManager: Finished task 1.0 in stage 213.0 (TID 775) in 114 ms on 172.26.0.12 (executor 0) (1/6)
26/08/14 00:13:35 INFO TaskSetManager: Finished task 5.0 in stage 213.0 (TID 777) in 114 ms on 172.26.0.12 (executor 0) (2/6)
26/08/14 00:13:35 INFO TaskSetManager: Finished task 0.0 in stage 213.0 (TID 773) in 119 ms on 172.26.0.12 (executor 0) (3/6)
26/08/14 00:13:35 INFO TaskSetManager: Finished task 3.0 in stage 213.0 (TID 774) in 480 ms on 172.26.0.13 (executor 1) (4/6)
26/08/14 00:13:35 INFO TaskSetManager: Finished task 2.0 in stage 213.0 (TID 772) in 484 ms on 172.26.0.13 (executor 1) (5/6)
26/08/14 00:13:35 INFO TaskSetManager: Finished task 4.0 in stage 213.0 (TID 776) in 483 ms on 172.26.0.13 (executor 1) (6/6)
26/08/14 00:13:35 INFO TaskSchedulerImpl: Removed TaskSet 213.0, whose tasks have all completed, from pool 
26/08/14 00:13:35 INFO DAGScheduler: ShuffleMapStage 213 (count at <unknown>:0) finished in 0.504 s
26/08/14 00:13:35 INFO DAGScheduler: looking for newly runnable stages
26/08/14 00:13:35 INFO DAGScheduler: running: Set()
26/08/14 00:13:35 INFO DAGScheduler: waiting: Set(ResultStage 214)
26/08/14 00:13:35 INFO DAGScheduler: failed: Set()
26/08/14 00:13:35 INFO DAGScheduler: Submitting ResultStage 214 (MapPartitionsRDD[1354] at count at <unknown>:0), which has no missing parents
26/08/14 00:13:35 INFO MemoryStore: Block broadcast_213 stored as values in memory (estimated size 12.5 KiB, free 190.9 MiB)
26/08/14 00:13:35 INFO MemoryStore: Block broadcast_213_piece0 stored as bytes in memory (estimated size 5.9 KiB, free 190.9 MiB)
26/08/14 00:13:35 INFO BlockManagerInfo: Added broadcast_213_piece0 in memory on spark-driver:44031 (size: 5.9 KiB, free: 191.1 MiB)
26/08/14 00:13:35 INFO SparkContext: Created broadcast 213 from broadcast at DAGScheduler.scala:1585
26/08/14 00:13:35 INFO DAGScheduler: Submitting 1 missing tasks from ResultStage 214 (MapPartitionsRDD[1354] at count at <unknown>:0) (first 15 tasks are for partitions Vector(0))
26/08/14 00:13:35 INFO TaskSchedulerImpl: Adding task set 214.0 with 1 tasks resource profile 0
26/08/14 00:13:35 INFO TaskSetManager: Starting task 0.0 in stage 214.0 (TID 778) (172.26.0.12, executor 0, partition 0, NODE_LOCAL, 9003 bytes) 
26/08/14 00:13:36 INFO BlockManagerInfo: Added broadcast_213_piece0 in memory on 172.26.0.12:33791 (size: 5.9 KiB, free: 412.7 MiB)
26/08/14 00:13:36 INFO MapOutputTrackerMasterEndpoint: Asked to send map output locations for shuffle 97 to 172.26.0.12:37282
26/08/14 00:13:36 INFO TaskSetManager: Finished task 0.0 in stage 214.0 (TID 778) in 44 ms on 172.26.0.12 (executor 0) (1/1)
26/08/14 00:13:36 INFO TaskSchedulerImpl: Removed TaskSet 214.0, whose tasks have all completed, from pool 
26/08/14 00:13:36 INFO DAGScheduler: ResultStage 214 (count at <unknown>:0) finished in 0.053 s
26/08/14 00:13:36 INFO DAGScheduler: Job 116 is finished. Cancelling potential speculative or zombie tasks for this job
26/08/14 00:13:36 INFO TaskSchedulerImpl: Killing all running tasks in stage 214: Stage finished
26/08/14 00:13:36 INFO DAGScheduler: Job 116 finished: count at <unknown>:0, took 0.567281 s
26/08/14 00:13:36 INFO BlockManagerInfo: Removed broadcast_210_piece0 on spark-driver:44031 in memory (size: 24.2 KiB, free: 191.2 MiB)
26/08/14 00:13:36 INFO BlockManagerInfo: Removed broadcast_210_piece0 on 172.26.0.13:37779 in memory (size: 24.2 KiB, free: 412.7 MiB)
26/08/14 00:13:36 INFO BlockManagerInfo: Removed broadcast_210_piece0 on 172.26.0.12:33791 in memory (size: 24.2 KiB, free: 412.7 MiB)
26/08/14 00:13:36 INFO BlockManagerInfo: Removed broadcast_213_piece0 on spark-driver:44031 in memory (size: 5.9 KiB, free: 191.2 MiB)
26/08/14 00:13:36 INFO BlockManagerInfo: Removed broadcast_213_piece0 on 172.26.0.12:33791 in memory (size: 5.9 KiB, free: 412.7 MiB)
26/08/14 00:13:36 INFO BlockManagerInfo: Removed broadcast_211_piece0 on 172.26.0.12:33791 in memory (size: 5.9 KiB, free: 412.7 MiB)
26/08/14 00:13:36 INFO BlockManagerInfo: Removed broadcast_211_piece0 on spark-driver:44031 in memory (size: 5.9 KiB, free: 191.2 MiB)
26/08/14 00:13:36 INFO BlockManagerInfo: Removed broadcast_212_piece0 on 172.26.0.13:37779 in memory (size: 25.6 KiB, free: 412.7 MiB)
26/08/14 00:13:36 INFO BlockManagerInfo: Removed broadcast_212_piece0 on spark-driver:44031 in memory (size: 25.6 KiB, free: 191.2 MiB)
26/08/14 00:13:36 INFO BlockManagerInfo: Removed broadcast_212_piece0 on 172.26.0.12:33791 in memory (size: 25.6 KiB, free: 412.7 MiB)
26/08/14 00:13:36 INFO DefaultCachedBatchSerializer: Predicate isnotnull(kind#66092) generates partition filter: ((kind.count#66161 - kind.nullCount#66160) > 0)
26/08/14 00:13:36 INFO DefaultCachedBatchSerializer: Predicate (kind#66092 = stats) generates partition filter: ((kind.lowerBound#66159 <= stats) AND (stats <= kind.upperBound#66158))
26/08/14 00:13:36 INFO SparkContext: Starting job: call at /opt/spark/python/lib/py4j-0.10.9.7-src.zip/py4j/clientserver.py:617
26/08/14 00:13:36 INFO DAGScheduler: Got job 117 (call at /opt/spark/python/lib/py4j-0.10.9.7-src.zip/py4j/clientserver.py:617) with 6 output partitions
26/08/14 00:13:36 INFO DAGScheduler: Final stage: ResultStage 215 (call at /opt/spark/python/lib/py4j-0.10.9.7-src.zip/py4j/clientserver.py:617)
26/08/14 00:13:36 INFO DAGScheduler: Parents of final stage: List()
26/08/14 00:13:36 INFO DAGScheduler: Missing parents: List()
26/08/14 00:13:36 INFO DAGScheduler: Submitting ResultStage 215 (MapPartitionsRDD[1373] at call at /opt/spark/python/lib/py4j-0.10.9.7-src.zip/py4j/clientserver.py:617), which has no missing parents
26/08/14 00:13:36 INFO MemoryStore: Block broadcast_214 stored as values in memory (estimated size 90.0 KiB, free 191.0 MiB)
26/08/14 00:13:36 INFO MemoryStore: Block broadcast_214_piece0 stored as bytes in memory (estimated size 34.0 KiB, free 191.0 MiB)
26/08/14 00:13:36 INFO BlockManagerInfo: Added broadcast_214_piece0 in memory on spark-driver:44031 (size: 34.0 KiB, free: 191.2 MiB)
26/08/14 00:13:36 INFO SparkContext: Created broadcast 214 from broadcast at DAGScheduler.scala:1585
26/08/14 00:13:36 INFO DAGScheduler: Submitting 6 missing tasks from ResultStage 215 (MapPartitionsRDD[1373] at call at /opt/spark/python/lib/py4j-0.10.9.7-src.zip/py4j/clientserver.py:617) (first 15 tasks are for partitions Vector(0, 1, 2, 3, 4, 5))
26/08/14 00:13:36 INFO TaskSchedulerImpl: Adding task set 215.0 with 6 tasks resource profile 0
26/08/14 00:13:36 INFO TaskSetManager: Starting task 2.0 in stage 215.0 (TID 779) (172.26.0.13, executor 1, partition 2, PROCESS_LOCAL, 9932 bytes) 
26/08/14 00:13:36 INFO TaskSetManager: Starting task 0.0 in stage 215.0 (TID 780) (172.26.0.12, executor 0, partition 0, PROCESS_LOCAL, 9932 bytes) 
26/08/14 00:13:36 INFO TaskSetManager: Starting task 3.0 in stage 215.0 (TID 781) (172.26.0.13, executor 1, partition 3, PROCESS_LOCAL, 9932 bytes) 
26/08/14 00:13:36 INFO TaskSetManager: Starting task 1.0 in stage 215.0 (TID 782) (172.26.0.12, executor 0, partition 1, PROCESS_LOCAL, 9932 bytes) 
26/08/14 00:13:36 INFO TaskSetManager: Starting task 4.0 in stage 215.0 (TID 783) (172.26.0.13, executor 1, partition 4, PROCESS_LOCAL, 9932 bytes) 
26/08/14 00:13:36 INFO TaskSetManager: Starting task 5.0 in stage 215.0 (TID 784) (172.26.0.12, executor 0, partition 5, PROCESS_LOCAL, 9932 bytes) 
26/08/14 00:13:36 INFO BlockManagerInfo: Added broadcast_214_piece0 in memory on 172.26.0.12:33791 (size: 34.0 KiB, free: 412.7 MiB)
26/08/14 00:13:36 INFO BlockManagerInfo: Added broadcast_214_piece0 in memory on 172.26.0.13:37779 (size: 34.0 KiB, free: 412.7 MiB)
26/08/14 00:13:39 INFO BlockManagerInfo: Added rdd_1368_3 in memory on 172.26.0.13:37779 (size: 1808.0 B, free: 412.7 MiB)
26/08/14 00:13:39 INFO BlockManagerInfo: Added rdd_1368_4 in memory on 172.26.0.13:37779 (size: 1808.0 B, free: 412.7 MiB)
26/08/14 00:13:39 INFO TaskSetManager: Finished task 3.0 in stage 215.0 (TID 781) in 3266 ms on 172.26.0.13 (executor 1) (1/6)
26/08/14 00:13:39 INFO TaskSetManager: Finished task 4.0 in stage 215.0 (TID 783) in 3267 ms on 172.26.0.13 (executor 1) (2/6)
26/08/14 00:13:39 INFO BlockManagerInfo: Added rdd_1368_2 in memory on 172.26.0.13:37779 (size: 1808.0 B, free: 412.7 MiB)
26/08/14 00:13:39 INFO BlockManagerInfo: Added rdd_1368_1 in memory on 172.26.0.12:33791 (size: 1808.0 B, free: 412.7 MiB)
26/08/14 00:13:39 INFO BlockManagerInfo: Added rdd_1368_0 in memory on 172.26.0.12:33791 (size: 1808.0 B, free: 412.7 MiB)
26/08/14 00:13:39 INFO BlockManagerInfo: Added rdd_1368_5 in memory on 172.26.0.12:33791 (size: 1808.0 B, free: 412.7 MiB)
26/08/14 00:13:39 INFO TaskSetManager: Finished task 2.0 in stage 215.0 (TID 779) in 3441 ms on 172.26.0.13 (executor 1) (3/6)
26/08/14 00:13:39 INFO TaskSetManager: Finished task 5.0 in stage 215.0 (TID 784) in 3621 ms on 172.26.0.12 (executor 0) (4/6)
26/08/14 00:13:39 INFO TaskSetManager: Finished task 1.0 in stage 215.0 (TID 782) in 3622 ms on 172.26.0.12 (executor 0) (5/6)
26/08/14 00:13:39 INFO TaskSetManager: Finished task 0.0 in stage 215.0 (TID 780) in 3626 ms on 172.26.0.12 (executor 0) (6/6)
26/08/14 00:13:39 INFO DAGScheduler: ResultStage 215 (call at /opt/spark/python/lib/py4j-0.10.9.7-src.zip/py4j/clientserver.py:617) finished in 3.648 s
26/08/14 00:13:39 INFO TaskSchedulerImpl: Removed TaskSet 215.0, whose tasks have all completed, from pool 
26/08/14 00:13:39 INFO DAGScheduler: Job 117 is finished. Cancelling potential speculative or zombie tasks for this job
26/08/14 00:13:39 INFO TaskSchedulerImpl: Killing all running tasks in stage 215: Stage finished
26/08/14 00:13:39 INFO DAGScheduler: Job 117 finished: call at /opt/spark/python/lib/py4j-0.10.9.7-src.zip/py4j/clientserver.py:617, took 3.658747 s
26/08/14 00:13:40 INFO DefaultCachedBatchSerializer: Predicate isnotnull(kind#66092) generates partition filter: ((kind.count#66244 - kind.nullCount#66243) > 0)
26/08/14 00:13:40 INFO DefaultCachedBatchSerializer: Predicate (kind#66092 = dlq) generates partition filter: ((kind.lowerBound#66242 <= dlq) AND (dlq <= kind.upperBound#66241))
26/08/14 00:13:40 INFO SparkContext: Starting job: count at <unknown>:0
26/08/14 00:13:40 INFO DAGScheduler: Registering RDD 1378 (count at <unknown>:0) as input to shuffle 98
26/08/14 00:13:40 INFO DAGScheduler: Got job 118 (count at <unknown>:0) with 1 output partitions
26/08/14 00:13:40 INFO DAGScheduler: Final stage: ResultStage 217 (count at <unknown>:0)
26/08/14 00:13:40 INFO DAGScheduler: Parents of final stage: List(ShuffleMapStage 216)
26/08/14 00:13:40 INFO DAGScheduler: Missing parents: List(ShuffleMapStage 216)
26/08/14 00:13:40 INFO DAGScheduler: Submitting ShuffleMapStage 216 (MapPartitionsRDD[1378] at count at <unknown>:0), which has no missing parents
26/08/14 00:13:40 INFO MemoryStore: Block broadcast_215 stored as values in memory (estimated size 92.2 KiB, free 190.9 MiB)
26/08/14 00:13:40 INFO MemoryStore: Block broadcast_215_piece0 stored as bytes in memory (estimated size 35.3 KiB, free 190.9 MiB)
26/08/14 00:13:40 INFO BlockManagerInfo: Added broadcast_215_piece0 in memory on spark-driver:44031 (size: 35.3 KiB, free: 191.1 MiB)
26/08/14 00:13:40 INFO SparkContext: Created broadcast 215 from broadcast at DAGScheduler.scala:1585
26/08/14 00:13:40 INFO DAGScheduler: Submitting 6 missing tasks from ShuffleMapStage 216 (MapPartitionsRDD[1378] at count at <unknown>:0) (first 15 tasks are for partitions Vector(0, 1, 2, 3, 4, 5))
26/08/14 00:13:40 INFO TaskSchedulerImpl: Adding task set 216.0 with 6 tasks resource profile 0
26/08/14 00:13:40 INFO TaskSetManager: Starting task 2.0 in stage 216.0 (TID 785) (172.26.0.13, executor 1, partition 2, PROCESS_LOCAL, 9921 bytes) 
26/08/14 00:13:40 INFO TaskSetManager: Starting task 0.0 in stage 216.0 (TID 786) (172.26.0.12, executor 0, partition 0, PROCESS_LOCAL, 9921 bytes) 
26/08/14 00:13:40 INFO TaskSetManager: Starting task 3.0 in stage 216.0 (TID 787) (172.26.0.13, executor 1, partition 3, PROCESS_LOCAL, 9921 bytes) 
26/08/14 00:13:40 INFO TaskSetManager: Starting task 1.0 in stage 216.0 (TID 788) (172.26.0.12, executor 0, partition 1, PROCESS_LOCAL, 9921 bytes) 
26/08/14 00:13:40 INFO TaskSetManager: Starting task 4.0 in stage 216.0 (TID 789) (172.26.0.13, executor 1, partition 4, PROCESS_LOCAL, 9921 bytes) 
26/08/14 00:13:40 INFO TaskSetManager: Starting task 5.0 in stage 216.0 (TID 790) (172.26.0.12, executor 0, partition 5, PROCESS_LOCAL, 9921 bytes) 
26/08/14 00:13:40 INFO BlockManagerInfo: Added broadcast_215_piece0 in memory on 172.26.0.12:33791 (size: 35.3 KiB, free: 412.6 MiB)
26/08/14 00:13:40 INFO TaskSetManager: Finished task 5.0 in stage 216.0 (TID 790) in 142 ms on 172.26.0.12 (executor 0) (1/6)
26/08/14 00:13:40 INFO TaskSetManager: Finished task 0.0 in stage 216.0 (TID 786) in 145 ms on 172.26.0.12 (executor 0) (2/6)
26/08/14 00:13:40 INFO TaskSetManager: Finished task 1.0 in stage 216.0 (TID 788) in 184 ms on 172.26.0.12 (executor 0) (3/6)
26/08/14 00:13:40 INFO BlockManagerInfo: Added broadcast_215_piece0 in memory on 172.26.0.13:37779 (size: 35.3 KiB, free: 412.7 MiB)
26/08/14 00:13:40 INFO TaskSetManager: Finished task 3.0 in stage 216.0 (TID 787) in 292 ms on 172.26.0.13 (executor 1) (4/6)
26/08/14 00:13:40 INFO TaskSetManager: Finished task 2.0 in stage 216.0 (TID 785) in 299 ms on 172.26.0.13 (executor 1) (5/6)
26/08/14 00:13:40 INFO TaskSetManager: Finished task 4.0 in stage 216.0 (TID 789) in 303 ms on 172.26.0.13 (executor 1) (6/6)
26/08/14 00:13:40 INFO TaskSchedulerImpl: Removed TaskSet 216.0, whose tasks have all completed, from pool 
26/08/14 00:13:40 INFO DAGScheduler: ShuffleMapStage 216 (count at <unknown>:0) finished in 0.364 s
26/08/14 00:13:40 INFO DAGScheduler: looking for newly runnable stages
26/08/14 00:13:40 INFO DAGScheduler: running: Set()
26/08/14 00:13:40 INFO DAGScheduler: waiting: Set(ResultStage 217)
26/08/14 00:13:40 INFO DAGScheduler: failed: Set()
26/08/14 00:13:40 INFO DAGScheduler: Submitting ResultStage 217 (MapPartitionsRDD[1381] at count at <unknown>:0), which has no missing parents
26/08/14 00:13:40 INFO MemoryStore: Block broadcast_216 stored as values in memory (estimated size 12.5 KiB, free 190.9 MiB)
26/08/14 00:13:40 INFO MemoryStore: Block broadcast_216_piece0 stored as bytes in memory (estimated size 5.9 KiB, free 190.9 MiB)
26/08/14 00:13:40 INFO BlockManagerInfo: Added broadcast_216_piece0 in memory on spark-driver:44031 (size: 5.9 KiB, free: 191.1 MiB)
26/08/14 00:13:40 INFO SparkContext: Created broadcast 216 from broadcast at DAGScheduler.scala:1585
26/08/14 00:13:40 INFO DAGScheduler: Submitting 1 missing tasks from ResultStage 217 (MapPartitionsRDD[1381] at count at <unknown>:0) (first 15 tasks are for partitions Vector(0))
26/08/14 00:13:40 INFO TaskSchedulerImpl: Adding task set 217.0 with 1 tasks resource profile 0
26/08/14 00:13:40 INFO TaskSetManager: Starting task 0.0 in stage 217.0 (TID 791) (172.26.0.13, executor 1, partition 0, NODE_LOCAL, 9003 bytes) 
26/08/14 00:13:40 INFO BlockManagerInfo: Added broadcast_216_piece0 in memory on 172.26.0.13:37779 (size: 5.9 KiB, free: 412.7 MiB)
26/08/14 00:13:40 INFO MapOutputTrackerMasterEndpoint: Asked to send map output locations for shuffle 98 to 172.26.0.13:36452
26/08/14 00:13:40 INFO TaskSetManager: Finished task 0.0 in stage 217.0 (TID 791) in 106 ms on 172.26.0.13 (executor 1) (1/1)
26/08/14 00:13:40 INFO TaskSchedulerImpl: Removed TaskSet 217.0, whose tasks have all completed, from pool 
26/08/14 00:13:40 INFO DAGScheduler: ResultStage 217 (count at <unknown>:0) finished in 0.134 s
26/08/14 00:13:40 INFO DAGScheduler: Job 118 is finished. Cancelling potential speculative or zombie tasks for this job
26/08/14 00:13:40 INFO TaskSchedulerImpl: Killing all running tasks in stage 217: Stage finished
26/08/14 00:13:40 INFO DAGScheduler: Job 118 finished: count at <unknown>:0, took 0.522361 s
26/08/14 00:13:40 INFO MapPartitionsRDD: Removing RDD 1368 from persistence list
26/08/14 00:13:40 INFO BlockManager: Removing RDD 1368
26/08/14 00:13:40 INFO BlockManagerInfo: Removed broadcast_216_piece0 on 172.26.0.13:37779 in memory (size: 5.9 KiB, free: 412.7 MiB)
26/08/14 00:13:40 INFO BlockManagerInfo: Removed broadcast_216_piece0 on spark-driver:44031 in memory (size: 5.9 KiB, free: 191.1 MiB)
26/08/14 00:13:40 INFO BlockManagerInfo: Removed broadcast_215_piece0 on spark-driver:44031 in memory (size: 35.3 KiB, free: 191.2 MiB)
26/08/14 00:13:40 INFO BlockManagerInfo: Removed broadcast_215_piece0 on 172.26.0.13:37779 in memory (size: 35.3 KiB, free: 412.7 MiB)
26/08/14 00:13:40 INFO BlockManagerInfo: Removed broadcast_215_piece0 on 172.26.0.12:33791 in memory (size: 35.3 KiB, free: 412.7 MiB)
26/08/14 00:13:40 INFO SparkContext: Starting job: call at /opt/spark/python/lib/py4j-0.10.9.7-src.zip/py4j/clientserver.py:617
26/08/14 00:13:40 INFO BlockManagerInfo: Removed broadcast_214_piece0 on spark-driver:44031 in memory (size: 34.0 KiB, free: 191.2 MiB)
26/08/14 00:13:40 INFO DAGScheduler: Registering RDD 1386 (call at /opt/spark/python/lib/py4j-0.10.9.7-src.zip/py4j/clientserver.py:617) as input to shuffle 99
26/08/14 00:13:40 INFO DAGScheduler: Got job 119 (call at /opt/spark/python/lib/py4j-0.10.9.7-src.zip/py4j/clientserver.py:617) with 1 output partitions
26/08/14 00:13:40 INFO DAGScheduler: Final stage: ResultStage 219 (call at /opt/spark/python/lib/py4j-0.10.9.7-src.zip/py4j/clientserver.py:617)
26/08/14 00:13:40 INFO DAGScheduler: Parents of final stage: List(ShuffleMapStage 218)
26/08/14 00:13:40 INFO DAGScheduler: Missing parents: List(ShuffleMapStage 218)
26/08/14 00:13:40 INFO BlockManagerInfo: Removed broadcast_214_piece0 on 172.26.0.13:37779 in memory (size: 34.0 KiB, free: 412.7 MiB)
26/08/14 00:13:40 INFO BlockManagerInfo: Removed broadcast_214_piece0 on 172.26.0.12:33791 in memory (size: 34.0 KiB, free: 412.7 MiB)
26/08/14 00:13:40 INFO DAGScheduler: Submitting ShuffleMapStage 218 (MapPartitionsRDD[1386] at call at /opt/spark/python/lib/py4j-0.10.9.7-src.zip/py4j/clientserver.py:617), which has no missing parents
26/08/14 00:13:40 INFO MemoryStore: Block broadcast_217 stored as values in memory (estimated size 66.2 KiB, free 191.1 MiB)
26/08/14 00:13:41 INFO MemoryStore: Block broadcast_217_piece0 stored as bytes in memory (estimated size 24.8 KiB, free 191.0 MiB)
26/08/14 00:13:41 INFO BlockManagerInfo: Added broadcast_217_piece0 in memory on spark-driver:44031 (size: 24.8 KiB, free: 191.2 MiB)
26/08/14 00:13:41 INFO SparkContext: Created broadcast 217 from broadcast at DAGScheduler.scala:1585
26/08/14 00:13:41 INFO DAGScheduler: Submitting 6 missing tasks from ShuffleMapStage 218 (MapPartitionsRDD[1386] at call at /opt/spark/python/lib/py4j-0.10.9.7-src.zip/py4j/clientserver.py:617) (first 15 tasks are for partitions Vector(0, 1, 2, 3, 4, 5))
26/08/14 00:13:41 INFO TaskSchedulerImpl: Adding task set 218.0 with 6 tasks resource profile 0
26/08/14 00:13:41 INFO TaskSetManager: Starting task 2.0 in stage 218.0 (TID 792) (172.26.0.13, executor 1, partition 2, PROCESS_LOCAL, 9921 bytes) 
26/08/14 00:13:41 INFO TaskSetManager: Starting task 0.0 in stage 218.0 (TID 793) (172.26.0.12, executor 0, partition 0, PROCESS_LOCAL, 9921 bytes) 
26/08/14 00:13:41 INFO TaskSetManager: Starting task 3.0 in stage 218.0 (TID 794) (172.26.0.13, executor 1, partition 3, PROCESS_LOCAL, 9921 bytes) 
26/08/14 00:13:41 INFO TaskSetManager: Starting task 1.0 in stage 218.0 (TID 795) (172.26.0.12, executor 0, partition 1, PROCESS_LOCAL, 9921 bytes) 
26/08/14 00:13:41 INFO TaskSetManager: Starting task 4.0 in stage 218.0 (TID 796) (172.26.0.13, executor 1, partition 4, PROCESS_LOCAL, 9921 bytes) 
26/08/14 00:13:41 INFO TaskSetManager: Starting task 5.0 in stage 218.0 (TID 797) (172.26.0.12, executor 0, partition 5, PROCESS_LOCAL, 9921 bytes) 
26/08/14 00:13:41 INFO BlockManagerInfo: Added broadcast_217_piece0 in memory on 172.26.0.13:37779 (size: 24.8 KiB, free: 412.7 MiB)
26/08/14 00:13:41 INFO BlockManagerInfo: Added broadcast_217_piece0 in memory on 172.26.0.12:33791 (size: 24.8 KiB, free: 412.7 MiB)
26/08/14 00:13:41 INFO TaskSetManager: Finished task 2.0 in stage 218.0 (TID 792) in 53 ms on 172.26.0.13 (executor 1) (1/6)
26/08/14 00:13:41 INFO TaskSetManager: Finished task 3.0 in stage 218.0 (TID 794) in 57 ms on 172.26.0.13 (executor 1) (2/6)
26/08/14 00:13:41 INFO TaskSetManager: Finished task 4.0 in stage 218.0 (TID 796) in 58 ms on 172.26.0.13 (executor 1) (3/6)
26/08/14 00:13:41 INFO TaskSetManager: Finished task 5.0 in stage 218.0 (TID 797) in 82 ms on 172.26.0.12 (executor 0) (4/6)
26/08/14 00:13:41 INFO TaskSetManager: Finished task 1.0 in stage 218.0 (TID 795) in 86 ms on 172.26.0.12 (executor 0) (5/6)
26/08/14 00:13:41 INFO TaskSetManager: Finished task 0.0 in stage 218.0 (TID 793) in 86 ms on 172.26.0.12 (executor 0) (6/6)
26/08/14 00:13:41 INFO TaskSchedulerImpl: Removed TaskSet 218.0, whose tasks have all completed, from pool 
26/08/14 00:13:41 INFO DAGScheduler: ShuffleMapStage 218 (call at /opt/spark/python/lib/py4j-0.10.9.7-src.zip/py4j/clientserver.py:617) finished in 0.106 s
26/08/14 00:13:41 INFO DAGScheduler: looking for newly runnable stages
26/08/14 00:13:41 INFO DAGScheduler: running: Set()
26/08/14 00:13:41 INFO DAGScheduler: waiting: Set(ResultStage 219)
26/08/14 00:13:41 INFO DAGScheduler: failed: Set()
26/08/14 00:13:41 INFO DAGScheduler: Submitting ResultStage 219 (MapPartitionsRDD[1389] at call at /opt/spark/python/lib/py4j-0.10.9.7-src.zip/py4j/clientserver.py:617), which has no missing parents
26/08/14 00:13:41 INFO MemoryStore: Block broadcast_218 stored as values in memory (estimated size 13.1 KiB, free 191.0 MiB)
26/08/14 00:13:41 INFO MemoryStore: Block broadcast_218_piece0 stored as bytes in memory (estimated size 6.1 KiB, free 191.0 MiB)
26/08/14 00:13:41 INFO BlockManagerInfo: Added broadcast_218_piece0 in memory on spark-driver:44031 (size: 6.1 KiB, free: 191.2 MiB)
26/08/14 00:13:41 INFO SparkContext: Created broadcast 218 from broadcast at DAGScheduler.scala:1585
26/08/14 00:13:41 INFO DAGScheduler: Submitting 1 missing tasks from ResultStage 219 (MapPartitionsRDD[1389] at call at /opt/spark/python/lib/py4j-0.10.9.7-src.zip/py4j/clientserver.py:617) (first 15 tasks are for partitions Vector(0))
26/08/14 00:13:41 INFO TaskSchedulerImpl: Adding task set 219.0 with 1 tasks resource profile 0
26/08/14 00:13:41 INFO TaskSetManager: Starting task 0.0 in stage 219.0 (TID 798) (172.26.0.13, executor 1, partition 0, NODE_LOCAL, 9003 bytes) 
26/08/14 00:13:41 INFO BlockManagerInfo: Added broadcast_218_piece0 in memory on 172.26.0.13:37779 (size: 6.1 KiB, free: 412.7 MiB)
26/08/14 00:13:41 INFO MapOutputTrackerMasterEndpoint: Asked to send map output locations for shuffle 99 to 172.26.0.13:36452
26/08/14 00:13:41 INFO TaskSetManager: Finished task 0.0 in stage 219.0 (TID 798) in 71 ms on 172.26.0.13 (executor 1) (1/1)
26/08/14 00:13:41 INFO TaskSchedulerImpl: Removed TaskSet 219.0, whose tasks have all completed, from pool 
26/08/14 00:13:41 INFO DAGScheduler: ResultStage 219 (call at /opt/spark/python/lib/py4j-0.10.9.7-src.zip/py4j/clientserver.py:617) finished in 0.098 s
26/08/14 00:13:41 INFO DAGScheduler: Job 119 is finished. Cancelling potential speculative or zombie tasks for this job
26/08/14 00:13:41 INFO TaskSchedulerImpl: Killing all running tasks in stage 219: Stage finished
26/08/14 00:13:41 INFO DAGScheduler: Job 119 finished: call at /opt/spark/python/lib/py4j-0.10.9.7-src.zip/py4j/clientserver.py:617, took 0.218700 s
2026-08-14 00:13:41,222 INFO  [stream] batch=20 in=3880 written=11640 late=0 dlq=0 6.56s (591 rows/s)
26/08/14 00:13:41 INFO MapPartitionsRDD: Removing RDD 1330 from persistence list
26/08/14 00:13:41 INFO WatermarkTracker: Updating event-time watermark from 1786666289567 to 1786666294376 ms
26/08/14 00:13:41 INFO BlockManager: Removing RDD 1330
26/08/14 00:13:41 INFO CheckpointFileManager: Writing atomically to file:/opt/checkpoints/trips/commits/20 using temp file file:/opt/checkpoints/trips/commits/.20.9a6d0828-e343-4ec2-9879-ec648f564df1.tmp
26/08/14 00:13:41 INFO CheckpointFileManager: Renamed temp file file:/opt/checkpoints/trips/commits/.20.9a6d0828-e343-4ec2-9879-ec648f564df1.tmp to file:/opt/checkpoints/trips/commits/20
26/08/14 00:13:41 INFO MicroBatchExecution: Streaming query made progress: {
  "id" : "673700e1-7609-4c3e-bff3-65e01579062f",
  "runId" : "684f6ae2-98d1-4139-a900-0d86eb048f89",
  "name" : "trips-ingest-chaos_kill_cassandra_1",
  "timestamp" : "2026-08-14T00:13:34.462Z",
  "batchId" : 20,
  "numInputRows" : 3880,
  "inputRowsPerSecond" : 802.3159636062861,
  "processedRowsPerSecond" : 563.5439360929557,
  "durationMs" : {
    "addBatch" : 6642,
    "commitOffsets" : 114,
    "getBatch" : 1,
    "latestOffset" : 30,
    "queryPlanning" : 49,
    "triggerExecution" : 6885,
    "walCommit" : 44
  },
  "eventTime" : {
    "avg" : "2026-08-14T00:13:30.555Z",
    "max" : "2026-08-14T00:13:34.376Z",
    "min" : "2026-08-14T00:13:26.714Z",
    "watermark" : "2026-08-14T00:11:29.567Z"
  },
  "stateOperators" : [ ],
  "sources" : [ {
    "description" : "KafkaV2[Subscribe[trips.raw]]",
    "startOffset" : {
      "trips.raw" : {
        "2" : 240916,
        "5" : 239333,
        "4" : 240673,
        "1" : 240436,
        "3" : 240575,
        "0" : 240423
      }
    },
    "endOffset" : {
      "trips.raw" : {
        "2" : 241534,
        "5" : 239922,
        "4" : 241363,
        "1" : 241089,
        "3" : 241252,
        "0" : 241076
      }
    },
    "latestOffset" : {
      "trips.raw" : {
        "2" : 241534,
        "5" : 239922,
        "4" : 241363,
        "1" : 241089,
        "3" : 241252,
        "0" : 241076
      }
    },
    "numInputRows" : 3880,
    "inputRowsPerSecond" : 802.3159636062861,
    "processedRowsPerSecond" : 563.5439360929557,
    "metrics" : {
      "avgOffsetsBehindLatest" : "0.0",
      "maxOffsetsBehindLatest" : "0",
      "minOffsetsBehindLatest" : "0"
    }
  } ],
  "sink" : {
    "description" : "ForeachBatchSink",
    "numOutputRows" : -1
  }
}
26/08/14 00:13:41 INFO CheckpointFileManager: Writing atomically to file:/opt/checkpoints/trips/offsets/21 using temp file file:/opt/checkpoints/trips/offsets/.21.83b48536-7a46-46ac-870d-cc4ca0895151.tmp
26/08/14 00:13:41 INFO CheckpointFileManager: Renamed temp file file:/opt/checkpoints/trips/offsets/.21.83b48536-7a46-46ac-870d-cc4ca0895151.tmp to file:/opt/checkpoints/trips/offsets/21
26/08/14 00:13:41 INFO MicroBatchExecution: Committed offsets for batch 21. Metadata OffsetSeqMetadata(1786666294376,1786666421381,Map(spark.sql.streaming.stateStore.providerClass -> org.apache.spark.sql.execution.streaming.state.HDFSBackedStateStoreProvider, spark.sql.streaming.join.stateFormatVersion -> 2, spark.sql.streaming.stateStore.compression.codec -> lz4, spark.sql.streaming.stateStore.rocksdb.formatVersion -> 5, spark.sql.streaming.statefulOperator.useStrictDistribution -> true, spark.sql.streaming.flatMapGroupsWithState.stateFormatVersion -> 2, spark.sql.streaming.multipleWatermarkPolicy -> min, spark.sql.streaming.aggregation.stateFormatVersion -> 2, spark.sql.shuffle.partitions -> 6))
26/08/14 00:13:41 INFO KafkaOffsetReaderAdmin: Partitions added: Map()
26/08/14 00:13:41 INFO KafkaOffsetReaderAdmin: Partitions added: Map()
26/08/14 00:13:41 INFO KafkaOffsetReaderAdmin: Partitions added: Map()
26/08/14 00:13:41 INFO KafkaOffsetReaderAdmin: Partitions added: Map()
2026-08-14 00:13:41,515 INFO  [stream] Received command c on object id p0
26/08/14 00:13:41 INFO SparkContext: Starting job: count at <unknown>:0
26/08/14 00:13:41 INFO DAGScheduler: Registering RDD 1404 (count at <unknown>:0) as input to shuffle 100
26/08/14 00:13:41 INFO DAGScheduler: Got job 120 (count at <unknown>:0) with 1 output partitions
26/08/14 00:13:41 INFO DAGScheduler: Final stage: ResultStage 221 (count at <unknown>:0)
26/08/14 00:13:41 INFO DAGScheduler: Parents of final stage: List(ShuffleMapStage 220)
26/08/14 00:13:41 INFO DAGScheduler: Missing parents: List(ShuffleMapStage 220)
26/08/14 00:13:41 INFO DAGScheduler: Submitting ShuffleMapStage 220 (MapPartitionsRDD[1404] at count at <unknown>:0), which has no missing parents
26/08/14 00:13:41 INFO MemoryStore: Block broadcast_219 stored as values in memory (estimated size 64.6 KiB, free 191.0 MiB)
26/08/14 00:13:41 INFO MemoryStore: Block broadcast_219_piece0 stored as bytes in memory (estimated size 24.1 KiB, free 190.9 MiB)
26/08/14 00:13:41 INFO BlockManagerInfo: Added broadcast_219_piece0 in memory on spark-driver:44031 (size: 24.1 KiB, free: 191.1 MiB)
26/08/14 00:13:41 INFO SparkContext: Created broadcast 219 from broadcast at DAGScheduler.scala:1585
26/08/14 00:13:41 INFO DAGScheduler: Submitting 6 missing tasks from ShuffleMapStage 220 (MapPartitionsRDD[1404] at count at <unknown>:0) (first 15 tasks are for partitions Vector(0, 1, 2, 3, 4, 5))
26/08/14 00:13:41 INFO TaskSchedulerImpl: Adding task set 220.0 with 6 tasks resource profile 0
26/08/14 00:13:41 INFO BlockManagerInfo: Removed broadcast_218_piece0 on spark-driver:44031 in memory (size: 6.1 KiB, free: 191.1 MiB)
26/08/14 00:13:41 INFO BlockManagerInfo: Removed broadcast_218_piece0 on 172.26.0.13:37779 in memory (size: 6.1 KiB, free: 413.9 MiB)
26/08/14 00:13:41 INFO TaskSetManager: Starting task 2.0 in stage 220.0 (TID 799) (172.26.0.13, executor 1, partition 2, PROCESS_LOCAL, 9921 bytes) 
26/08/14 00:13:41 INFO TaskSetManager: Starting task 0.0 in stage 220.0 (TID 800) (172.26.0.12, executor 0, partition 0, PROCESS_LOCAL, 9921 bytes) 
26/08/14 00:13:41 INFO TaskSetManager: Starting task 3.0 in stage 220.0 (TID 801) (172.26.0.13, executor 1, partition 3, PROCESS_LOCAL, 9921 bytes) 
26/08/14 00:13:41 INFO TaskSetManager: Starting task 1.0 in stage 220.0 (TID 802) (172.26.0.12, executor 0, partition 1, PROCESS_LOCAL, 9921 bytes) 
26/08/14 00:13:41 INFO TaskSetManager: Starting task 4.0 in stage 220.0 (TID 803) (172.26.0.13, executor 1, partition 4, PROCESS_LOCAL, 9921 bytes) 
26/08/14 00:13:41 INFO TaskSetManager: Starting task 5.0 in stage 220.0 (TID 804) (172.26.0.12, executor 0, partition 5, PROCESS_LOCAL, 9921 bytes) 
26/08/14 00:13:41 INFO BlockManagerInfo: Removed broadcast_217_piece0 on spark-driver:44031 in memory (size: 24.8 KiB, free: 191.2 MiB)
26/08/14 00:13:41 INFO BlockManagerInfo: Removed broadcast_217_piece0 on 172.26.0.13:37779 in memory (size: 24.8 KiB, free: 413.9 MiB)
26/08/14 00:13:41 INFO BlockManagerInfo: Removed broadcast_217_piece0 on 172.26.0.12:33791 in memory (size: 24.8 KiB, free: 413.9 MiB)
26/08/14 00:13:41 INFO BlockManagerInfo: Added broadcast_219_piece0 in memory on 172.26.0.12:33791 (size: 24.1 KiB, free: 413.9 MiB)
26/08/14 00:13:41 INFO BlockManagerInfo: Added broadcast_219_piece0 in memory on 172.26.0.13:37779 (size: 24.1 KiB, free: 413.9 MiB)
26/08/14 00:13:41 INFO BlockManagerInfo: Added rdd_1399_1 in memory on 172.26.0.12:33791 (size: 557.5 KiB, free: 413.3 MiB)
26/08/14 00:13:41 INFO BlockManagerInfo: Added rdd_1399_0 in memory on 172.26.0.12:33791 (size: 558.9 KiB, free: 412.8 MiB)
26/08/14 00:13:41 INFO TaskSetManager: Finished task 0.0 in stage 220.0 (TID 800) in 165 ms on 172.26.0.12 (executor 0) (1/6)
26/08/14 00:13:41 INFO TaskSetManager: Finished task 1.0 in stage 220.0 (TID 802) in 192 ms on 172.26.0.12 (executor 0) (2/6)
26/08/14 00:13:41 INFO BlockManagerInfo: Added rdd_1399_4 in memory on 172.26.0.13:37779 (size: 568.0 KiB, free: 413.3 MiB)
26/08/14 00:13:41 INFO BlockManagerInfo: Added rdd_1399_5 in memory on 172.26.0.12:33791 (size: 571.4 KiB, free: 412.2 MiB)
26/08/14 00:13:41 INFO BlockManagerInfo: Added rdd_1399_3 in memory on 172.26.0.13:37779 (size: 546.8 KiB, free: 412.8 MiB)
26/08/14 00:13:41 INFO TaskSetManager: Finished task 4.0 in stage 220.0 (TID 803) in 201 ms on 172.26.0.13 (executor 1) (3/6)
26/08/14 00:13:41 INFO TaskSetManager: Finished task 5.0 in stage 220.0 (TID 804) in 204 ms on 172.26.0.12 (executor 0) (4/6)
26/08/14 00:13:41 INFO TaskSetManager: Finished task 3.0 in stage 220.0 (TID 801) in 233 ms on 172.26.0.13 (executor 1) (5/6)
26/08/14 00:13:41 INFO BlockManagerInfo: Added rdd_1399_2 in memory on 172.26.0.13:37779 (size: 590.8 KiB, free: 412.2 MiB)
26/08/14 00:13:41 INFO TaskSetManager: Finished task 2.0 in stage 220.0 (TID 799) in 246 ms on 172.26.0.13 (executor 1) (6/6)
26/08/14 00:13:41 INFO TaskSchedulerImpl: Removed TaskSet 220.0, whose tasks have all completed, from pool 
26/08/14 00:13:41 INFO DAGScheduler: ShuffleMapStage 220 (count at <unknown>:0) finished in 0.266 s
26/08/14 00:13:41 INFO DAGScheduler: looking for newly runnable stages
26/08/14 00:13:41 INFO DAGScheduler: running: Set()
26/08/14 00:13:41 INFO DAGScheduler: waiting: Set(ResultStage 221)
26/08/14 00:13:41 INFO DAGScheduler: failed: Set()
26/08/14 00:13:41 INFO DAGScheduler: Submitting ResultStage 221 (MapPartitionsRDD[1407] at count at <unknown>:0), which has no missing parents
26/08/14 00:13:41 INFO MemoryStore: Block broadcast_220 stored as values in memory (estimated size 12.5 KiB, free 191.0 MiB)
26/08/14 00:13:41 INFO MemoryStore: Block broadcast_220_piece0 stored as bytes in memory (estimated size 5.9 KiB, free 191.0 MiB)
26/08/14 00:13:41 INFO BlockManagerInfo: Added broadcast_220_piece0 in memory on spark-driver:44031 (size: 5.9 KiB, free: 191.2 MiB)
26/08/14 00:13:41 INFO SparkContext: Created broadcast 220 from broadcast at DAGScheduler.scala:1585
26/08/14 00:13:41 INFO DAGScheduler: Submitting 1 missing tasks from ResultStage 221 (MapPartitionsRDD[1407] at count at <unknown>:0) (first 15 tasks are for partitions Vector(0))
26/08/14 00:13:41 INFO TaskSchedulerImpl: Adding task set 221.0 with 1 tasks resource profile 0
26/08/14 00:13:41 INFO TaskSetManager: Starting task 0.0 in stage 221.0 (TID 805) (172.26.0.12, executor 0, partition 0, NODE_LOCAL, 9003 bytes) 
26/08/14 00:13:41 INFO BlockManagerInfo: Added broadcast_220_piece0 in memory on 172.26.0.12:33791 (size: 5.9 KiB, free: 412.2 MiB)
26/08/14 00:13:41 INFO MapOutputTrackerMasterEndpoint: Asked to send map output locations for shuffle 100 to 172.26.0.12:37282
26/08/14 00:13:41 INFO TaskSetManager: Finished task 0.0 in stage 221.0 (TID 805) in 26 ms on 172.26.0.12 (executor 0) (1/1)
26/08/14 00:13:41 INFO TaskSchedulerImpl: Removed TaskSet 221.0, whose tasks have all completed, from pool 
26/08/14 00:13:41 INFO DAGScheduler: ResultStage 221 (count at <unknown>:0) finished in 0.030 s
26/08/14 00:13:41 INFO DAGScheduler: Job 120 is finished. Cancelling potential speculative or zombie tasks for this job
26/08/14 00:13:41 INFO TaskSchedulerImpl: Killing all running tasks in stage 221: Stage finished
26/08/14 00:13:41 INFO DAGScheduler: Job 120 finished: count at <unknown>:0, took 0.300785 s
26/08/14 00:13:41 INFO SparkContext: Starting job: count at <unknown>:0
26/08/14 00:13:41 INFO DAGScheduler: Registering RDD 1412 (count at <unknown>:0) as input to shuffle 101
26/08/14 00:13:41 INFO DAGScheduler: Got job 121 (count at <unknown>:0) with 1 output partitions
26/08/14 00:13:41 INFO DAGScheduler: Final stage: ResultStage 223 (count at <unknown>:0)
26/08/14 00:13:41 INFO DAGScheduler: Parents of final stage: List(ShuffleMapStage 222)
26/08/14 00:13:41 INFO DAGScheduler: Missing parents: List(ShuffleMapStage 222)
26/08/14 00:13:41 INFO DAGScheduler: Submitting ShuffleMapStage 222 (MapPartitionsRDD[1412] at count at <unknown>:0), which has no missing parents
26/08/14 00:13:41 INFO MemoryStore: Block broadcast_221 stored as values in memory (estimated size 64.9 KiB, free 191.0 MiB)
26/08/14 00:13:41 INFO MemoryStore: Block broadcast_221_piece0 stored as bytes in memory (estimated size 24.2 KiB, free 190.9 MiB)
26/08/14 00:13:41 INFO BlockManagerInfo: Added broadcast_221_piece0 in memory on spark-driver:44031 (size: 24.2 KiB, free: 191.1 MiB)
26/08/14 00:13:41 INFO SparkContext: Created broadcast 221 from broadcast at DAGScheduler.scala:1585
26/08/14 00:13:41 INFO DAGScheduler: Submitting 6 missing tasks from ShuffleMapStage 222 (MapPartitionsRDD[1412] at count at <unknown>:0) (first 15 tasks are for partitions Vector(0, 1, 2, 3, 4, 5))
26/08/14 00:13:41 INFO TaskSchedulerImpl: Adding task set 222.0 with 6 tasks resource profile 0
26/08/14 00:13:41 INFO TaskSetManager: Starting task 0.0 in stage 222.0 (TID 806) (172.26.0.12, executor 0, partition 0, PROCESS_LOCAL, 9921 bytes) 
26/08/14 00:13:41 INFO TaskSetManager: Starting task 2.0 in stage 222.0 (TID 807) (172.26.0.13, executor 1, partition 2, PROCESS_LOCAL, 9921 bytes) 
26/08/14 00:13:41 INFO TaskSetManager: Starting task 1.0 in stage 222.0 (TID 808) (172.26.0.12, executor 0, partition 1, PROCESS_LOCAL, 9921 bytes) 
26/08/14 00:13:41 INFO TaskSetManager: Starting task 3.0 in stage 222.0 (TID 809) (172.26.0.13, executor 1, partition 3, PROCESS_LOCAL, 9921 bytes) 
26/08/14 00:13:41 INFO TaskSetManager: Starting task 5.0 in stage 222.0 (TID 810) (172.26.0.12, executor 0, partition 5, PROCESS_LOCAL, 9921 bytes) 
26/08/14 00:13:41 INFO TaskSetManager: Starting task 4.0 in stage 222.0 (TID 811) (172.26.0.13, executor 1, partition 4, PROCESS_LOCAL, 9921 bytes) 
26/08/14 00:13:41 INFO BlockManagerInfo: Added broadcast_221_piece0 in memory on 172.26.0.13:37779 (size: 24.2 KiB, free: 412.2 MiB)
26/08/14 00:13:41 INFO BlockManagerInfo: Added broadcast_221_piece0 in memory on 172.26.0.12:33791 (size: 24.2 KiB, free: 412.2 MiB)
26/08/14 00:13:41 INFO TaskSetManager: Finished task 1.0 in stage 222.0 (TID 808) in 22 ms on 172.26.0.12 (executor 0) (1/6)
26/08/14 00:13:41 INFO TaskSetManager: Finished task 0.0 in stage 222.0 (TID 806) in 23 ms on 172.26.0.12 (executor 0) (2/6)
26/08/14 00:13:41 INFO TaskSetManager: Finished task 5.0 in stage 222.0 (TID 810) in 23 ms on 172.26.0.12 (executor 0) (3/6)
26/08/14 00:13:41 INFO TaskSetManager: Finished task 2.0 in stage 222.0 (TID 807) in 27 ms on 172.26.0.13 (executor 1) (4/6)
26/08/14 00:13:41 INFO TaskSetManager: Finished task 4.0 in stage 222.0 (TID 811) in 29 ms on 172.26.0.13 (executor 1) (5/6)
26/08/14 00:13:41 INFO TaskSetManager: Finished task 3.0 in stage 222.0 (TID 809) in 30 ms on 172.26.0.13 (executor 1) (6/6)
26/08/14 00:13:41 INFO TaskSchedulerImpl: Removed TaskSet 222.0, whose tasks have all completed, from pool 
26/08/14 00:13:41 INFO DAGScheduler: ShuffleMapStage 222 (count at <unknown>:0) finished in 0.035 s
26/08/14 00:13:41 INFO DAGScheduler: looking for newly runnable stages
26/08/14 00:13:41 INFO DAGScheduler: running: Set()
26/08/14 00:13:41 INFO DAGScheduler: waiting: Set(ResultStage 223)
26/08/14 00:13:41 INFO DAGScheduler: failed: Set()
26/08/14 00:13:41 INFO DAGScheduler: Submitting ResultStage 223 (MapPartitionsRDD[1415] at count at <unknown>:0), which has no missing parents
26/08/14 00:13:41 INFO MemoryStore: Block broadcast_222 stored as values in memory (estimated size 12.5 KiB, free 190.9 MiB)
26/08/14 00:13:41 INFO MemoryStore: Block broadcast_222_piece0 stored as bytes in memory (estimated size 5.9 KiB, free 190.9 MiB)
26/08/14 00:13:41 INFO BlockManagerInfo: Added broadcast_222_piece0 in memory on spark-driver:44031 (size: 5.9 KiB, free: 191.1 MiB)
26/08/14 00:13:41 INFO SparkContext: Created broadcast 222 from broadcast at DAGScheduler.scala:1585
26/08/14 00:13:41 INFO DAGScheduler: Submitting 1 missing tasks from ResultStage 223 (MapPartitionsRDD[1415] at count at <unknown>:0) (first 15 tasks are for partitions Vector(0))
26/08/14 00:13:41 INFO TaskSchedulerImpl: Adding task set 223.0 with 1 tasks resource profile 0
26/08/14 00:13:41 INFO TaskSetManager: Starting task 0.0 in stage 223.0 (TID 812) (172.26.0.13, executor 1, partition 0, NODE_LOCAL, 9003 bytes) 
26/08/14 00:13:41 INFO BlockManagerInfo: Added broadcast_222_piece0 in memory on 172.26.0.13:37779 (size: 5.9 KiB, free: 412.2 MiB)
26/08/14 00:13:41 INFO MapOutputTrackerMasterEndpoint: Asked to send map output locations for shuffle 101 to 172.26.0.13:36452
26/08/14 00:13:41 INFO TaskSetManager: Finished task 0.0 in stage 223.0 (TID 812) in 28 ms on 172.26.0.13 (executor 1) (1/1)
26/08/14 00:13:41 INFO TaskSchedulerImpl: Removed TaskSet 223.0, whose tasks have all completed, from pool 
26/08/14 00:13:41 INFO DAGScheduler: ResultStage 223 (count at <unknown>:0) finished in 0.033 s
26/08/14 00:13:41 INFO DAGScheduler: Job 121 is finished. Cancelling potential speculative or zombie tasks for this job
26/08/14 00:13:41 INFO TaskSchedulerImpl: Killing all running tasks in stage 223: Stage finished
26/08/14 00:13:41 INFO DAGScheduler: Job 121 finished: count at <unknown>:0, took 0.071418 s
26/08/14 00:13:42 INFO CodeGenerator: Code generated in 21.295208 ms
26/08/14 00:13:42 INFO DefaultCachedBatchSerializer: Predicate isnotnull(event_time#89-T120000ms) generates partition filter: ((event_time.count#68864 - event_time.nullCount#68863) > 0)
26/08/14 00:13:42 INFO DefaultCachedBatchSerializer: Predicate (event_time#89-T120000ms < 2026-08-14 00:11:34.376) generates partition filter: (event_time.lowerBound#68862 < 2026-08-14 00:11:34.376)
26/08/14 00:13:42 INFO BlockManagerInfo: Removed broadcast_221_piece0 on spark-driver:44031 in memory (size: 24.2 KiB, free: 191.2 MiB)
26/08/14 00:13:42 INFO BlockManagerInfo: Removed broadcast_221_piece0 on 172.26.0.13:37779 in memory (size: 24.2 KiB, free: 412.2 MiB)
26/08/14 00:13:42 INFO SparkContext: Starting job: count at <unknown>:0
26/08/14 00:13:42 INFO BlockManagerInfo: Removed broadcast_221_piece0 on 172.26.0.12:33791 in memory (size: 24.2 KiB, free: 412.2 MiB)
26/08/14 00:13:42 INFO DAGScheduler: Registering RDD 1420 (count at <unknown>:0) as input to shuffle 102
26/08/14 00:13:42 INFO DAGScheduler: Got job 122 (count at <unknown>:0) with 1 output partitions
26/08/14 00:13:42 INFO DAGScheduler: Final stage: ResultStage 225 (count at <unknown>:0)
26/08/14 00:13:42 INFO DAGScheduler: Parents of final stage: List(ShuffleMapStage 224)
26/08/14 00:13:42 INFO DAGScheduler: Missing parents: List(ShuffleMapStage 224)
26/08/14 00:13:42 INFO DAGScheduler: Submitting ShuffleMapStage 224 (MapPartitionsRDD[1420] at count at <unknown>:0), which has no missing parents
26/08/14 00:13:42 INFO BlockManagerInfo: Removed broadcast_220_piece0 on spark-driver:44031 in memory (size: 5.9 KiB, free: 191.2 MiB)
26/08/14 00:13:42 INFO BlockManagerInfo: Removed broadcast_220_piece0 on 172.26.0.12:33791 in memory (size: 5.9 KiB, free: 412.2 MiB)
26/08/14 00:13:42 INFO MemoryStore: Block broadcast_223 stored as values in memory (estimated size 67.2 KiB, free 191.0 MiB)
26/08/14 00:13:42 INFO BlockManagerInfo: Removed broadcast_219_piece0 on spark-driver:44031 in memory (size: 24.1 KiB, free: 191.2 MiB)
26/08/14 00:13:42 INFO BlockManagerInfo: Removed broadcast_219_piece0 on 172.26.0.12:33791 in memory (size: 24.1 KiB, free: 412.3 MiB)
26/08/14 00:13:42 INFO MemoryStore: Block broadcast_223_piece0 stored as bytes in memory (estimated size 25.6 KiB, free 191.0 MiB)
26/08/14 00:13:42 INFO BlockManagerInfo: Added broadcast_223_piece0 in memory on spark-driver:44031 (size: 25.6 KiB, free: 191.2 MiB)
26/08/14 00:13:42 INFO BlockManagerInfo: Removed broadcast_219_piece0 on 172.26.0.13:37779 in memory (size: 24.1 KiB, free: 412.2 MiB)
26/08/14 00:13:42 INFO SparkContext: Created broadcast 223 from broadcast at DAGScheduler.scala:1585
26/08/14 00:13:42 INFO DAGScheduler: Submitting 6 missing tasks from ShuffleMapStage 224 (MapPartitionsRDD[1420] at count at <unknown>:0) (first 15 tasks are for partitions Vector(0, 1, 2, 3, 4, 5))
26/08/14 00:13:42 INFO TaskSchedulerImpl: Adding task set 224.0 with 6 tasks resource profile 0
26/08/14 00:13:42 INFO TaskSetManager: Starting task 2.0 in stage 224.0 (TID 813) (172.26.0.13, executor 1, partition 2, PROCESS_LOCAL, 9921 bytes) 
26/08/14 00:13:42 INFO TaskSetManager: Starting task 0.0 in stage 224.0 (TID 814) (172.26.0.12, executor 0, partition 0, PROCESS_LOCAL, 9921 bytes) 
26/08/14 00:13:42 INFO TaskSetManager: Starting task 3.0 in stage 224.0 (TID 815) (172.26.0.13, executor 1, partition 3, PROCESS_LOCAL, 9921 bytes) 
26/08/14 00:13:42 INFO TaskSetManager: Starting task 1.0 in stage 224.0 (TID 816) (172.26.0.12, executor 0, partition 1, PROCESS_LOCAL, 9921 bytes) 
26/08/14 00:13:42 INFO TaskSetManager: Starting task 4.0 in stage 224.0 (TID 817) (172.26.0.13, executor 1, partition 4, PROCESS_LOCAL, 9921 bytes) 
26/08/14 00:13:42 INFO TaskSetManager: Starting task 5.0 in stage 224.0 (TID 818) (172.26.0.12, executor 0, partition 5, PROCESS_LOCAL, 9921 bytes) 
26/08/14 00:13:42 INFO BlockManagerInfo: Removed broadcast_222_piece0 on spark-driver:44031 in memory (size: 5.9 KiB, free: 191.2 MiB)
26/08/14 00:13:42 INFO BlockManagerInfo: Removed broadcast_222_piece0 on 172.26.0.13:37779 in memory (size: 5.9 KiB, free: 412.2 MiB)
26/08/14 00:13:42 INFO BlockManagerInfo: Added broadcast_223_piece0 in memory on 172.26.0.12:33791 (size: 25.6 KiB, free: 412.2 MiB)
26/08/14 00:13:42 INFO BlockManagerInfo: Added broadcast_223_piece0 in memory on 172.26.0.13:37779 (size: 25.6 KiB, free: 412.2 MiB)
26/08/14 00:13:42 INFO TaskSetManager: Finished task 3.0 in stage 224.0 (TID 815) in 87 ms on 172.26.0.13 (executor 1) (1/6)
26/08/14 00:13:42 INFO TaskSetManager: Finished task 4.0 in stage 224.0 (TID 817) in 89 ms on 172.26.0.13 (executor 1) (2/6)
26/08/14 00:13:42 INFO TaskSetManager: Finished task 2.0 in stage 224.0 (TID 813) in 91 ms on 172.26.0.13 (executor 1) (3/6)
26/08/14 00:13:42 INFO TaskSetManager: Finished task 1.0 in stage 224.0 (TID 816) in 107 ms on 172.26.0.12 (executor 0) (4/6)
26/08/14 00:13:42 INFO TaskSetManager: Finished task 5.0 in stage 224.0 (TID 818) in 107 ms on 172.26.0.12 (executor 0) (5/6)
26/08/14 00:13:42 INFO TaskSetManager: Finished task 0.0 in stage 224.0 (TID 814) in 109 ms on 172.26.0.12 (executor 0) (6/6)
26/08/14 00:13:42 INFO TaskSchedulerImpl: Removed TaskSet 224.0, whose tasks have all completed, from pool 
26/08/14 00:13:42 INFO DAGScheduler: ShuffleMapStage 224 (count at <unknown>:0) finished in 0.124 s
26/08/14 00:13:42 INFO DAGScheduler: looking for newly runnable stages
26/08/14 00:13:42 INFO DAGScheduler: running: Set()
26/08/14 00:13:42 INFO DAGScheduler: waiting: Set(ResultStage 225)
26/08/14 00:13:42 INFO DAGScheduler: failed: Set()
26/08/14 00:13:42 INFO DAGScheduler: Submitting ResultStage 225 (MapPartitionsRDD[1423] at count at <unknown>:0), which has no missing parents
26/08/14 00:13:42 INFO MemoryStore: Block broadcast_224 stored as values in memory (estimated size 12.5 KiB, free 191.0 MiB)
26/08/14 00:13:42 INFO MemoryStore: Block broadcast_224_piece0 stored as bytes in memory (estimated size 5.9 KiB, free 191.0 MiB)
26/08/14 00:13:42 INFO BlockManagerInfo: Added broadcast_224_piece0 in memory on spark-driver:44031 (size: 5.9 KiB, free: 191.2 MiB)
26/08/14 00:13:42 INFO SparkContext: Created broadcast 224 from broadcast at DAGScheduler.scala:1585
26/08/14 00:13:42 INFO DAGScheduler: Submitting 1 missing tasks from ResultStage 225 (MapPartitionsRDD[1423] at count at <unknown>:0) (first 15 tasks are for partitions Vector(0))
26/08/14 00:13:42 INFO TaskSchedulerImpl: Adding task set 225.0 with 1 tasks resource profile 0
26/08/14 00:13:42 INFO TaskSetManager: Starting task 0.0 in stage 225.0 (TID 819) (172.26.0.13, executor 1, partition 0, NODE_LOCAL, 9003 bytes) 
26/08/14 00:13:42 INFO BlockManagerInfo: Added broadcast_224_piece0 in memory on 172.26.0.13:37779 (size: 5.9 KiB, free: 412.2 MiB)
26/08/14 00:13:42 INFO MapOutputTrackerMasterEndpoint: Asked to send map output locations for shuffle 102 to 172.26.0.13:36452
26/08/14 00:13:42 INFO TaskSetManager: Finished task 0.0 in stage 225.0 (TID 819) in 23 ms on 172.26.0.13 (executor 1) (1/1)
26/08/14 00:13:42 INFO TaskSchedulerImpl: Removed TaskSet 225.0, whose tasks have all completed, from pool 
26/08/14 00:13:42 INFO DAGScheduler: ResultStage 225 (count at <unknown>:0) finished in 0.030 s
26/08/14 00:13:42 INFO DAGScheduler: Job 122 is finished. Cancelling potential speculative or zombie tasks for this job
26/08/14 00:13:42 INFO TaskSchedulerImpl: Killing all running tasks in stage 225: Stage finished
26/08/14 00:13:42 INFO DAGScheduler: Job 122 finished: count at <unknown>:0, took 0.159747 s
26/08/14 00:13:42 INFO DefaultCachedBatchSerializer: Predicate isnotnull(kind#69421) generates partition filter: ((kind.count#69490 - kind.nullCount#69489) > 0)
26/08/14 00:13:42 INFO DefaultCachedBatchSerializer: Predicate (kind#69421 = stats) generates partition filter: ((kind.lowerBound#69488 <= stats) AND (stats <= kind.upperBound#69487))
26/08/14 00:13:42 INFO SparkContext: Starting job: call at /opt/spark/python/lib/py4j-0.10.9.7-src.zip/py4j/clientserver.py:617
26/08/14 00:13:42 INFO DAGScheduler: Got job 123 (call at /opt/spark/python/lib/py4j-0.10.9.7-src.zip/py4j/clientserver.py:617) with 6 output partitions
26/08/14 00:13:42 INFO DAGScheduler: Final stage: ResultStage 226 (call at /opt/spark/python/lib/py4j-0.10.9.7-src.zip/py4j/clientserver.py:617)
26/08/14 00:13:42 INFO DAGScheduler: Parents of final stage: List()
26/08/14 00:13:42 INFO DAGScheduler: Missing parents: List()
26/08/14 00:13:42 INFO DAGScheduler: Submitting ResultStage 226 (MapPartitionsRDD[1442] at call at /opt/spark/python/lib/py4j-0.10.9.7-src.zip/py4j/clientserver.py:617), which has no missing parents
26/08/14 00:13:42 INFO MemoryStore: Block broadcast_225 stored as values in memory (estimated size 90.0 KiB, free 190.9 MiB)
26/08/14 00:13:42 INFO MemoryStore: Block broadcast_225_piece0 stored as bytes in memory (estimated size 34.0 KiB, free 190.9 MiB)
26/08/14 00:13:42 INFO BlockManagerInfo: Added broadcast_225_piece0 in memory on spark-driver:44031 (size: 34.0 KiB, free: 191.1 MiB)
26/08/14 00:13:42 INFO SparkContext: Created broadcast 225 from broadcast at DAGScheduler.scala:1585
26/08/14 00:13:42 INFO DAGScheduler: Submitting 6 missing tasks from ResultStage 226 (MapPartitionsRDD[1442] at call at /opt/spark/python/lib/py4j-0.10.9.7-src.zip/py4j/clientserver.py:617) (first 15 tasks are for partitions Vector(0, 1, 2, 3, 4, 5))
26/08/14 00:13:42 INFO TaskSchedulerImpl: Adding task set 226.0 with 6 tasks resource profile 0
26/08/14 00:13:42 INFO TaskSetManager: Starting task 2.0 in stage 226.0 (TID 820) (172.26.0.13, executor 1, partition 2, PROCESS_LOCAL, 9932 bytes) 
26/08/14 00:13:42 INFO TaskSetManager: Starting task 0.0 in stage 226.0 (TID 821) (172.26.0.12, executor 0, partition 0, PROCESS_LOCAL, 9932 bytes) 
26/08/14 00:13:42 INFO TaskSetManager: Starting task 3.0 in stage 226.0 (TID 822) (172.26.0.13, executor 1, partition 3, PROCESS_LOCAL, 9932 bytes) 
26/08/14 00:13:42 INFO TaskSetManager: Starting task 1.0 in stage 226.0 (TID 823) (172.26.0.12, executor 0, partition 1, PROCESS_LOCAL, 9932 bytes) 
26/08/14 00:13:42 INFO TaskSetManager: Starting task 4.0 in stage 226.0 (TID 824) (172.26.0.13, executor 1, partition 4, PROCESS_LOCAL, 9932 bytes) 
26/08/14 00:13:42 INFO TaskSetManager: Starting task 5.0 in stage 226.0 (TID 825) (172.26.0.12, executor 0, partition 5, PROCESS_LOCAL, 9932 bytes) 
26/08/14 00:13:42 INFO BlockManagerInfo: Added broadcast_225_piece0 in memory on 172.26.0.13:37779 (size: 34.0 KiB, free: 412.2 MiB)
26/08/14 00:13:42 INFO BlockManagerInfo: Added broadcast_225_piece0 in memory on 172.26.0.12:33791 (size: 34.0 KiB, free: 412.2 MiB)
26/08/14 00:13:46 INFO BlockManagerInfo: Added rdd_1437_4 in memory on 172.26.0.13:37779 (size: 1808.0 B, free: 412.2 MiB)
26/08/14 00:13:46 INFO BlockManagerInfo: Added rdd_1437_3 in memory on 172.26.0.13:37779 (size: 1808.0 B, free: 412.2 MiB)
26/08/14 00:13:46 INFO TaskSetManager: Finished task 4.0 in stage 226.0 (TID 824) in 3993 ms on 172.26.0.13 (executor 1) (1/6)
26/08/14 00:13:46 INFO TaskSetManager: Finished task 3.0 in stage 226.0 (TID 822) in 3998 ms on 172.26.0.13 (executor 1) (2/6)
26/08/14 00:13:46 INFO BlockManagerInfo: Added rdd_1437_0 in memory on 172.26.0.12:33791 (size: 1808.0 B, free: 412.2 MiB)
26/08/14 00:13:46 INFO BlockManagerInfo: Added rdd_1437_5 in memory on 172.26.0.12:33791 (size: 1808.0 B, free: 412.2 MiB)
26/08/14 00:13:46 INFO BlockManagerInfo: Added rdd_1437_1 in memory on 172.26.0.12:33791 (size: 1808.0 B, free: 412.2 MiB)
26/08/14 00:13:46 INFO TaskSetManager: Finished task 5.0 in stage 226.0 (TID 825) in 4289 ms on 172.26.0.12 (executor 0) (3/6)
26/08/14 00:13:46 INFO TaskSetManager: Finished task 1.0 in stage 226.0 (TID 823) in 4294 ms on 172.26.0.12 (executor 0) (4/6)
26/08/14 00:13:46 INFO TaskSetManager: Finished task 0.0 in stage 226.0 (TID 821) in 4299 ms on 172.26.0.12 (executor 0) (5/6)
26/08/14 00:13:46 INFO BlockManagerInfo: Added rdd_1437_2 in memory on 172.26.0.13:37779 (size: 1808.0 B, free: 412.2 MiB)
26/08/14 00:13:46 INFO TaskSetManager: Finished task 2.0 in stage 226.0 (TID 820) in 4380 ms on 172.26.0.13 (executor 1) (6/6)
26/08/14 00:13:46 INFO TaskSchedulerImpl: Removed TaskSet 226.0, whose tasks have all completed, from pool 
26/08/14 00:13:46 INFO DAGScheduler: ResultStage 226 (call at /opt/spark/python/lib/py4j-0.10.9.7-src.zip/py4j/clientserver.py:617) finished in 4.386 s
26/08/14 00:13:46 INFO DAGScheduler: Job 123 is finished. Cancelling potential speculative or zombie tasks for this job
26/08/14 00:13:46 INFO TaskSchedulerImpl: Killing all running tasks in stage 226: Stage finished
26/08/14 00:13:46 INFO DAGScheduler: Job 123 finished: call at /opt/spark/python/lib/py4j-0.10.9.7-src.zip/py4j/clientserver.py:617, took 4.394679 s
26/08/14 00:13:46 INFO DefaultCachedBatchSerializer: Predicate isnotnull(kind#69421) generates partition filter: ((kind.count#69573 - kind.nullCount#69572) > 0)
26/08/14 00:13:46 INFO DefaultCachedBatchSerializer: Predicate (kind#69421 = dlq) generates partition filter: ((kind.lowerBound#69571 <= dlq) AND (dlq <= kind.upperBound#69570))
26/08/14 00:13:46 INFO BlockManagerInfo: Removed broadcast_223_piece0 on spark-driver:44031 in memory (size: 25.6 KiB, free: 191.1 MiB)
26/08/14 00:13:46 INFO BlockManagerInfo: Removed broadcast_223_piece0 on 172.26.0.13:37779 in memory (size: 25.6 KiB, free: 412.2 MiB)
26/08/14 00:13:46 INFO SparkContext: Starting job: count at <unknown>:0
26/08/14 00:13:46 INFO BlockManagerInfo: Removed broadcast_223_piece0 on 172.26.0.12:33791 in memory (size: 25.6 KiB, free: 412.2 MiB)
26/08/14 00:13:46 INFO DAGScheduler: Registering RDD 1447 (count at <unknown>:0) as input to shuffle 103
26/08/14 00:13:46 INFO DAGScheduler: Got job 124 (count at <unknown>:0) with 1 output partitions
26/08/14 00:13:46 INFO DAGScheduler: Final stage: ResultStage 228 (count at <unknown>:0)
26/08/14 00:13:46 INFO DAGScheduler: Parents of final stage: List(ShuffleMapStage 227)
26/08/14 00:13:46 INFO DAGScheduler: Missing parents: List(ShuffleMapStage 227)
26/08/14 00:13:46 INFO DAGScheduler: Submitting ShuffleMapStage 227 (MapPartitionsRDD[1447] at count at <unknown>:0), which has no missing parents
26/08/14 00:13:46 INFO BlockManagerInfo: Removed broadcast_224_piece0 on spark-driver:44031 in memory (size: 5.9 KiB, free: 191.2 MiB)
26/08/14 00:13:46 INFO BlockManagerInfo: Removed broadcast_224_piece0 on 172.26.0.13:37779 in memory (size: 5.9 KiB, free: 412.2 MiB)
26/08/14 00:13:46 INFO BlockManagerInfo: Removed broadcast_225_piece0 on spark-driver:44031 in memory (size: 34.0 KiB, free: 191.2 MiB)
26/08/14 00:13:46 INFO BlockManagerInfo: Removed broadcast_225_piece0 on 172.26.0.12:33791 in memory (size: 34.0 KiB, free: 412.2 MiB)
26/08/14 00:13:46 INFO BlockManagerInfo: Removed broadcast_225_piece0 on 172.26.0.13:37779 in memory (size: 34.0 KiB, free: 412.2 MiB)
26/08/14 00:13:46 INFO MemoryStore: Block broadcast_226 stored as values in memory (estimated size 92.2 KiB, free 191.0 MiB)
26/08/14 00:13:46 INFO MemoryStore: Block broadcast_226_piece0 stored as bytes in memory (estimated size 35.3 KiB, free 191.0 MiB)
26/08/14 00:13:46 INFO BlockManagerInfo: Added broadcast_226_piece0 in memory on spark-driver:44031 (size: 35.3 KiB, free: 191.2 MiB)
26/08/14 00:13:46 INFO SparkContext: Created broadcast 226 from broadcast at DAGScheduler.scala:1585
26/08/14 00:13:46 INFO DAGScheduler: Submitting 6 missing tasks from ShuffleMapStage 227 (MapPartitionsRDD[1447] at count at <unknown>:0) (first 15 tasks are for partitions Vector(0, 1, 2, 3, 4, 5))
26/08/14 00:13:46 INFO TaskSchedulerImpl: Adding task set 227.0 with 6 tasks resource profile 0
26/08/14 00:13:46 INFO TaskSetManager: Starting task 0.0 in stage 227.0 (TID 826) (172.26.0.12, executor 0, partition 0, PROCESS_LOCAL, 9921 bytes) 
26/08/14 00:13:46 INFO TaskSetManager: Starting task 2.0 in stage 227.0 (TID 827) (172.26.0.13, executor 1, partition 2, PROCESS_LOCAL, 9921 bytes) 
26/08/14 00:13:46 INFO TaskSetManager: Starting task 1.0 in stage 227.0 (TID 828) (172.26.0.12, executor 0, partition 1, PROCESS_LOCAL, 9921 bytes) 
26/08/14 00:13:46 INFO TaskSetManager: Starting task 3.0 in stage 227.0 (TID 829) (172.26.0.13, executor 1, partition 3, PROCESS_LOCAL, 9921 bytes) 
26/08/14 00:13:46 INFO TaskSetManager: Starting task 5.0 in stage 227.0 (TID 830) (172.26.0.12, executor 0, partition 5, PROCESS_LOCAL, 9921 bytes) 
26/08/14 00:13:46 INFO TaskSetManager: Starting task 4.0 in stage 227.0 (TID 831) (172.26.0.13, executor 1, partition 4, PROCESS_LOCAL, 9921 bytes) 
26/08/14 00:13:47 INFO BlockManagerInfo: Added broadcast_226_piece0 in memory on 172.26.0.13:37779 (size: 35.3 KiB, free: 412.2 MiB)
26/08/14 00:13:47 INFO BlockManagerInfo: Added broadcast_226_piece0 in memory on 172.26.0.12:33791 (size: 35.3 KiB, free: 412.2 MiB)
26/08/14 00:13:47 INFO TaskSetManager: Finished task 2.0 in stage 227.0 (TID 827) in 106 ms on 172.26.0.13 (executor 1) (1/6)
26/08/14 00:13:47 INFO TaskSetManager: Finished task 4.0 in stage 227.0 (TID 831) in 107 ms on 172.26.0.13 (executor 1) (2/6)
26/08/14 00:13:47 INFO TaskSetManager: Finished task 0.0 in stage 227.0 (TID 826) in 123 ms on 172.26.0.12 (executor 0) (3/6)
26/08/14 00:13:47 INFO TaskSetManager: Finished task 3.0 in stage 227.0 (TID 829) in 123 ms on 172.26.0.13 (executor 1) (4/6)
26/08/14 00:13:47 INFO TaskSetManager: Finished task 5.0 in stage 227.0 (TID 830) in 128 ms on 172.26.0.12 (executor 0) (5/6)
26/08/14 00:13:47 INFO TaskSetManager: Finished task 1.0 in stage 227.0 (TID 828) in 136 ms on 172.26.0.12 (executor 0) (6/6)
26/08/14 00:13:47 INFO TaskSchedulerImpl: Removed TaskSet 227.0, whose tasks have all completed, from pool 
26/08/14 00:13:47 INFO DAGScheduler: ShuffleMapStage 227 (count at <unknown>:0) finished in 0.181 s
26/08/14 00:13:47 INFO DAGScheduler: looking for newly runnable stages
26/08/14 00:13:47 INFO DAGScheduler: running: Set()
26/08/14 00:13:47 INFO DAGScheduler: waiting: Set(ResultStage 228)
26/08/14 00:13:47 INFO DAGScheduler: failed: Set()
26/08/14 00:13:47 INFO DAGScheduler: Submitting ResultStage 228 (MapPartitionsRDD[1450] at count at <unknown>:0), which has no missing parents
26/08/14 00:13:47 INFO MemoryStore: Block broadcast_227 stored as values in memory (estimated size 12.5 KiB, free 191.0 MiB)
26/08/14 00:13:47 INFO MemoryStore: Block broadcast_227_piece0 stored as bytes in memory (estimated size 5.9 KiB, free 191.0 MiB)
26/08/14 00:13:47 INFO BlockManagerInfo: Added broadcast_227_piece0 in memory on spark-driver:44031 (size: 5.9 KiB, free: 191.1 MiB)
26/08/14 00:13:47 INFO SparkContext: Created broadcast 227 from broadcast at DAGScheduler.scala:1585
26/08/14 00:13:47 INFO DAGScheduler: Submitting 1 missing tasks from ResultStage 228 (MapPartitionsRDD[1450] at count at <unknown>:0) (first 15 tasks are for partitions Vector(0))
26/08/14 00:13:47 INFO TaskSchedulerImpl: Adding task set 228.0 with 1 tasks resource profile 0
26/08/14 00:13:47 INFO TaskSetManager: Starting task 0.0 in stage 228.0 (TID 832) (172.26.0.13, executor 1, partition 0, NODE_LOCAL, 9003 bytes) 
26/08/14 00:13:47 INFO BlockManagerInfo: Added broadcast_227_piece0 in memory on 172.26.0.13:37779 (size: 5.9 KiB, free: 412.2 MiB)
26/08/14 00:13:47 INFO MapOutputTrackerMasterEndpoint: Asked to send map output locations for shuffle 103 to 172.26.0.13:36452
26/08/14 00:13:47 INFO TaskSetManager: Finished task 0.0 in stage 228.0 (TID 832) in 52 ms on 172.26.0.13 (executor 1) (1/1)
26/08/14 00:13:47 INFO TaskSchedulerImpl: Removed TaskSet 228.0, whose tasks have all completed, from pool 
26/08/14 00:13:47 INFO DAGScheduler: ResultStage 228 (count at <unknown>:0) finished in 0.063 s
26/08/14 00:13:47 INFO DAGScheduler: Job 124 is finished. Cancelling potential speculative or zombie tasks for this job
26/08/14 00:13:47 INFO TaskSchedulerImpl: Killing all running tasks in stage 228: Stage finished
26/08/14 00:13:47 INFO DAGScheduler: Job 124 finished: count at <unknown>:0, took 0.257576 s
26/08/14 00:13:47 INFO MapPartitionsRDD: Removing RDD 1437 from persistence list
26/08/14 00:13:47 INFO BlockManager: Removing RDD 1437
26/08/14 00:13:47 INFO SparkContext: Starting job: call at /opt/spark/python/lib/py4j-0.10.9.7-src.zip/py4j/clientserver.py:617
26/08/14 00:13:47 INFO DAGScheduler: Registering RDD 1455 (call at /opt/spark/python/lib/py4j-0.10.9.7-src.zip/py4j/clientserver.py:617) as input to shuffle 104
26/08/14 00:13:47 INFO DAGScheduler: Got job 125 (call at /opt/spark/python/lib/py4j-0.10.9.7-src.zip/py4j/clientserver.py:617) with 1 output partitions
26/08/14 00:13:47 INFO DAGScheduler: Final stage: ResultStage 230 (call at /opt/spark/python/lib/py4j-0.10.9.7-src.zip/py4j/clientserver.py:617)
26/08/14 00:13:47 INFO DAGScheduler: Parents of final stage: List(ShuffleMapStage 229)
26/08/14 00:13:47 INFO DAGScheduler: Missing parents: List(ShuffleMapStage 229)
26/08/14 00:13:47 INFO DAGScheduler: Submitting ShuffleMapStage 229 (MapPartitionsRDD[1455] at call at /opt/spark/python/lib/py4j-0.10.9.7-src.zip/py4j/clientserver.py:617), which has no missing parents
26/08/14 00:13:47 INFO MemoryStore: Block broadcast_228 stored as values in memory (estimated size 66.2 KiB, free 190.9 MiB)
26/08/14 00:13:47 INFO MemoryStore: Block broadcast_228_piece0 stored as bytes in memory (estimated size 24.8 KiB, free 190.9 MiB)
26/08/14 00:13:47 INFO BlockManagerInfo: Added broadcast_228_piece0 in memory on spark-driver:44031 (size: 24.8 KiB, free: 191.1 MiB)
26/08/14 00:13:47 INFO SparkContext: Created broadcast 228 from broadcast at DAGScheduler.scala:1585
26/08/14 00:13:47 INFO DAGScheduler: Submitting 6 missing tasks from ShuffleMapStage 229 (MapPartitionsRDD[1455] at call at /opt/spark/python/lib/py4j-0.10.9.7-src.zip/py4j/clientserver.py:617) (first 15 tasks are for partitions Vector(0, 1, 2, 3, 4, 5))
26/08/14 00:13:47 INFO TaskSchedulerImpl: Adding task set 229.0 with 6 tasks resource profile 0
26/08/14 00:13:47 INFO TaskSetManager: Starting task 0.0 in stage 229.0 (TID 833) (172.26.0.12, executor 0, partition 0, PROCESS_LOCAL, 9921 bytes) 
26/08/14 00:13:47 INFO TaskSetManager: Starting task 2.0 in stage 229.0 (TID 834) (172.26.0.13, executor 1, partition 2, PROCESS_LOCAL, 9921 bytes) 
26/08/14 00:13:47 INFO TaskSetManager: Starting task 1.0 in stage 229.0 (TID 835) (172.26.0.12, executor 0, partition 1, PROCESS_LOCAL, 9921 bytes) 
26/08/14 00:13:47 INFO TaskSetManager: Starting task 3.0 in stage 229.0 (TID 836) (172.26.0.13, executor 1, partition 3, PROCESS_LOCAL, 9921 bytes) 
26/08/14 00:13:47 INFO TaskSetManager: Starting task 5.0 in stage 229.0 (TID 837) (172.26.0.12, executor 0, partition 5, PROCESS_LOCAL, 9921 bytes) 
26/08/14 00:13:47 INFO TaskSetManager: Starting task 4.0 in stage 229.0 (TID 838) (172.26.0.13, executor 1, partition 4, PROCESS_LOCAL, 9921 bytes) 
26/08/14 00:13:47 INFO BlockManagerInfo: Added broadcast_228_piece0 in memory on 172.26.0.13:37779 (size: 24.8 KiB, free: 412.2 MiB)
26/08/14 00:13:47 INFO TaskSetManager: Finished task 3.0 in stage 229.0 (TID 836) in 48 ms on 172.26.0.13 (executor 1) (1/6)
26/08/14 00:13:47 INFO TaskSetManager: Finished task 4.0 in stage 229.0 (TID 838) in 48 ms on 172.26.0.13 (executor 1) (2/6)
26/08/14 00:13:47 INFO TaskSetManager: Finished task 2.0 in stage 229.0 (TID 834) in 51 ms on 172.26.0.13 (executor 1) (3/6)
26/08/14 00:13:47 INFO BlockManagerInfo: Added broadcast_228_piece0 in memory on 172.26.0.12:33791 (size: 24.8 KiB, free: 412.2 MiB)
26/08/14 00:13:47 INFO TaskSetManager: Finished task 0.0 in stage 229.0 (TID 833) in 73 ms on 172.26.0.12 (executor 0) (4/6)
26/08/14 00:13:47 INFO TaskSetManager: Finished task 1.0 in stage 229.0 (TID 835) in 73 ms on 172.26.0.12 (executor 0) (5/6)
26/08/14 00:13:47 INFO TaskSetManager: Finished task 5.0 in stage 229.0 (TID 837) in 75 ms on 172.26.0.12 (executor 0) (6/6)
26/08/14 00:13:47 INFO TaskSchedulerImpl: Removed TaskSet 229.0, whose tasks have all completed, from pool 
26/08/14 00:13:47 INFO DAGScheduler: ShuffleMapStage 229 (call at /opt/spark/python/lib/py4j-0.10.9.7-src.zip/py4j/clientserver.py:617) finished in 0.093 s
26/08/14 00:13:47 INFO DAGScheduler: looking for newly runnable stages
26/08/14 00:13:47 INFO DAGScheduler: running: Set()
26/08/14 00:13:47 INFO DAGScheduler: waiting: Set(ResultStage 230)
26/08/14 00:13:47 INFO DAGScheduler: failed: Set()
26/08/14 00:13:47 INFO DAGScheduler: Submitting ResultStage 230 (MapPartitionsRDD[1458] at call at /opt/spark/python/lib/py4j-0.10.9.7-src.zip/py4j/clientserver.py:617), which has no missing parents
26/08/14 00:13:47 INFO MemoryStore: Block broadcast_229 stored as values in memory (estimated size 13.1 KiB, free 190.9 MiB)
26/08/14 00:13:47 INFO MemoryStore: Block broadcast_229_piece0 stored as bytes in memory (estimated size 6.1 KiB, free 190.9 MiB)
26/08/14 00:13:47 INFO BlockManagerInfo: Added broadcast_229_piece0 in memory on spark-driver:44031 (size: 6.1 KiB, free: 191.1 MiB)
26/08/14 00:13:47 INFO SparkContext: Created broadcast 229 from broadcast at DAGScheduler.scala:1585
26/08/14 00:13:47 INFO DAGScheduler: Submitting 1 missing tasks from ResultStage 230 (MapPartitionsRDD[1458] at call at /opt/spark/python/lib/py4j-0.10.9.7-src.zip/py4j/clientserver.py:617) (first 15 tasks are for partitions Vector(0))
26/08/14 00:13:47 INFO TaskSchedulerImpl: Adding task set 230.0 with 1 tasks resource profile 0
26/08/14 00:13:47 INFO TaskSetManager: Starting task 0.0 in stage 230.0 (TID 839) (172.26.0.13, executor 1, partition 0, NODE_LOCAL, 9003 bytes) 
26/08/14 00:13:47 INFO BlockManagerInfo: Added broadcast_229_piece0 in memory on 172.26.0.13:37779 (size: 6.1 KiB, free: 412.2 MiB)
26/08/14 00:13:47 INFO MapOutputTrackerMasterEndpoint: Asked to send map output locations for shuffle 104 to 172.26.0.13:36452
26/08/14 00:13:47 INFO TaskSetManager: Finished task 0.0 in stage 230.0 (TID 839) in 58 ms on 172.26.0.13 (executor 1) (1/1)
26/08/14 00:13:47 INFO TaskSchedulerImpl: Removed TaskSet 230.0, whose tasks have all completed, from pool 
26/08/14 00:13:47 INFO DAGScheduler: ResultStage 230 (call at /opt/spark/python/lib/py4j-0.10.9.7-src.zip/py4j/clientserver.py:617) finished in 0.088 s
26/08/14 00:13:47 INFO DAGScheduler: Job 125 is finished. Cancelling potential speculative or zombie tasks for this job
26/08/14 00:13:47 INFO TaskSchedulerImpl: Killing all running tasks in stage 230: Stage finished
26/08/14 00:13:47 INFO DAGScheduler: Job 125 finished: call at /opt/spark/python/lib/py4j-0.10.9.7-src.zip/py4j/clientserver.py:617, took 0.190143 s
26/08/14 00:13:47 INFO MapPartitionsRDD: Removing RDD 1399 from persistence list
26/08/14 00:13:47 INFO BlockManager: Removing RDD 1399
26/08/14 00:13:47 INFO WatermarkTracker: Updating event-time watermark from 1786666294376 to 1786666301283 ms
26/08/14 00:13:47 INFO CheckpointFileManager: Writing atomically to file:/opt/checkpoints/trips/commits/21 using temp file file:/opt/checkpoints/trips/commits/.21.b5f4fc29-489b-4658-aab4-87095e5dab85.tmp
26/08/14 00:13:47 INFO CheckpointFileManager: Renamed temp file file:/opt/checkpoints/trips/commits/.21.b5f4fc29-489b-4658-aab4-87095e5dab85.tmp to file:/opt/checkpoints/trips/commits/21
26/08/14 00:13:47 INFO MicroBatchExecution: Streaming query made progress: {
  "id" : "673700e1-7609-4c3e-bff3-65e01579062f",
  "runId" : "684f6ae2-98d1-4139-a900-0d86eb048f89",
  "name" : "trips-ingest-chaos_kill_cassandra_1",
  "timestamp" : "2026-08-14T00:13:41.355Z",
  "batchId" : 21,
  "numInputRows" : 5504,
  "inputRowsPerSecond" : 798.4912229798347,
  "processedRowsPerSecond" : 887.1695680206319,
  "durationMs" : {
    "addBatch" : 6011,
    "commitOffsets" : 77,
    "getBatch" : 0,
    "latestOffset" : 26,
    "queryPlanning" : 33,
    "triggerExecution" : 6203,
    "walCommit" : 51
  },
  "eventTime" : {
    "avg" : "2026-08-14T00:13:36.390Z",
    "max" : "2026-08-14T00:13:41.283Z",
    "min" : "2026-08-14T00:13:31.582Z",
    "watermark" : "2026-08-14T00:11:34.376Z"
  },
  "stateOperators" : [ ],
  "sources" : [ {
    "description" : "KafkaV2[Subscribe[trips.raw]]",
    "startOffset" : {
      "trips.raw" : {
        "2" : 241534,
        "5" : 239922,
        "4" : 241363,
        "1" : 241089,
        "3" : 241252,
        "0" : 241076
      }
    },
    "endOffset" : {
      "trips.raw" : {
        "2" : 242440,
        "5" : 240809,
        "4" : 242267,
        "1" : 242010,
        "3" : 242211,
        "0" : 242003
      }
    },
    "latestOffset" : {
      "trips.raw" : {
        "2" : 242440,
        "5" : 240809,
        "4" : 242267,
        "1" : 242010,
        "3" : 242211,
        "0" : 242003
      }
    },
    "numInputRows" : 5504,
    "inputRowsPerSecond" : 798.4912229798347,
    "processedRowsPerSecond" : 887.1695680206319,
    "metrics" : {
      "avgOffsetsBehindLatest" : "0.0",
      "maxOffsetsBehindLatest" : "0",
      "minOffsetsBehindLatest" : "0"
    }
  } ],
  "sink" : {
    "description" : "ForeachBatchSink",
    "numOutputRows" : -1
  }
}
26/08/14 00:13:47 INFO CheckpointFileManager: Writing atomically to file:/opt/checkpoints/trips/offsets/22 using temp file file:/opt/checkpoints/trips/offsets/.22.f1b39bc6-ce69-4231-94a4-602d8267c5eb.tmp
26/08/14 00:13:47 INFO CheckpointFileManager: Renamed temp file file:/opt/checkpoints/trips/offsets/.22.f1b39bc6-ce69-4231-94a4-602d8267c5eb.tmp to file:/opt/checkpoints/trips/offsets/22
26/08/14 00:13:47 INFO MicroBatchExecution: Committed offsets for batch 22. Metadata OffsetSeqMetadata(1786666301283,1786666427592,Map(spark.sql.streaming.stateStore.providerClass -> org.apache.spark.sql.execution.streaming.state.HDFSBackedStateStoreProvider, spark.sql.streaming.join.stateFormatVersion -> 2, spark.sql.streaming.stateStore.compression.codec -> lz4, spark.sql.streaming.stateStore.rocksdb.formatVersion -> 5, spark.sql.streaming.statefulOperator.useStrictDistribution -> true, spark.sql.streaming.flatMapGroupsWithState.stateFormatVersion -> 2, spark.sql.streaming.multipleWatermarkPolicy -> min, spark.sql.streaming.aggregation.stateFormatVersion -> 2, spark.sql.shuffle.partitions -> 6))
26/08/14 00:13:47 INFO KafkaOffsetReaderAdmin: Partitions added: Map()
26/08/14 00:13:47 INFO BlockManagerInfo: Removed broadcast_229_piece0 on spark-driver:44031 in memory (size: 6.1 KiB, free: 191.1 MiB)
26/08/14 00:13:47 INFO KafkaOffsetReaderAdmin: Partitions added: Map()
26/08/14 00:13:47 INFO BlockManagerInfo: Removed broadcast_229_piece0 on 172.26.0.13:37779 in memory (size: 6.1 KiB, free: 413.8 MiB)
26/08/14 00:13:47 INFO BlockManagerInfo: Removed broadcast_227_piece0 on spark-driver:44031 in memory (size: 5.9 KiB, free: 191.1 MiB)
26/08/14 00:13:47 INFO BlockManagerInfo: Removed broadcast_227_piece0 on 172.26.0.13:37779 in memory (size: 5.9 KiB, free: 413.8 MiB)
26/08/14 00:13:47 INFO BlockManagerInfo: Removed broadcast_228_piece0 on spark-driver:44031 in memory (size: 24.8 KiB, free: 191.2 MiB)
26/08/14 00:13:47 INFO BlockManagerInfo: Removed broadcast_228_piece0 on 172.26.0.12:33791 in memory (size: 24.8 KiB, free: 413.9 MiB)
26/08/14 00:13:47 INFO BlockManagerInfo: Removed broadcast_228_piece0 on 172.26.0.13:37779 in memory (size: 24.8 KiB, free: 413.9 MiB)
26/08/14 00:13:47 INFO BlockManagerInfo: Removed broadcast_226_piece0 on spark-driver:44031 in memory (size: 35.3 KiB, free: 191.2 MiB)
26/08/14 00:13:47 INFO BlockManagerInfo: Removed broadcast_226_piece0 on 172.26.0.13:37779 in memory (size: 35.3 KiB, free: 413.9 MiB)
26/08/14 00:13:47 INFO KafkaOffsetReaderAdmin: Partitions added: Map()
26/08/14 00:13:47 INFO KafkaOffsetReaderAdmin: Partitions added: Map()
26/08/14 00:13:47 INFO BlockManagerInfo: Removed broadcast_226_piece0 on 172.26.0.12:33791 in memory (size: 35.3 KiB, free: 413.9 MiB)
2026-08-14 00:13:47,726 INFO  [stream] Received command c on object id p0
26/08/14 00:13:47 INFO SparkContext: Starting job: count at <unknown>:0
26/08/14 00:13:47 INFO DAGScheduler: Registering RDD 1473 (count at <unknown>:0) as input to shuffle 105
26/08/14 00:13:47 INFO DAGScheduler: Got job 126 (count at <unknown>:0) with 1 output partitions
26/08/14 00:13:47 INFO DAGScheduler: Final stage: ResultStage 232 (count at <unknown>:0)
26/08/14 00:13:47 INFO DAGScheduler: Parents of final stage: List(ShuffleMapStage 231)
26/08/14 00:13:47 INFO DAGScheduler: Missing parents: List(ShuffleMapStage 231)
26/08/14 00:13:47 INFO DAGScheduler: Submitting ShuffleMapStage 231 (MapPartitionsRDD[1473] at count at <unknown>:0), which has no missing parents
26/08/14 00:13:47 INFO MemoryStore: Block broadcast_230 stored as values in memory (estimated size 64.6 KiB, free 191.1 MiB)
26/08/14 00:13:47 INFO MemoryStore: Block broadcast_230_piece0 stored as bytes in memory (estimated size 24.1 KiB, free 191.0 MiB)
26/08/14 00:13:47 INFO BlockManagerInfo: Added broadcast_230_piece0 in memory on spark-driver:44031 (size: 24.1 KiB, free: 191.2 MiB)
26/08/14 00:13:47 INFO SparkContext: Created broadcast 230 from broadcast at DAGScheduler.scala:1585
26/08/14 00:13:47 INFO DAGScheduler: Submitting 6 missing tasks from ShuffleMapStage 231 (MapPartitionsRDD[1473] at count at <unknown>:0) (first 15 tasks are for partitions Vector(0, 1, 2, 3, 4, 5))
26/08/14 00:13:47 INFO TaskSchedulerImpl: Adding task set 231.0 with 6 tasks resource profile 0
26/08/14 00:13:47 INFO TaskSetManager: Starting task 2.0 in stage 231.0 (TID 840) (172.26.0.13, executor 1, partition 2, PROCESS_LOCAL, 9921 bytes) 
26/08/14 00:13:47 INFO TaskSetManager: Starting task 0.0 in stage 231.0 (TID 841) (172.26.0.12, executor 0, partition 0, PROCESS_LOCAL, 9921 bytes) 
26/08/14 00:13:47 INFO TaskSetManager: Starting task 3.0 in stage 231.0 (TID 842) (172.26.0.13, executor 1, partition 3, PROCESS_LOCAL, 9921 bytes) 
26/08/14 00:13:47 INFO TaskSetManager: Starting task 1.0 in stage 231.0 (TID 843) (172.26.0.12, executor 0, partition 1, PROCESS_LOCAL, 9921 bytes) 
26/08/14 00:13:47 INFO TaskSetManager: Starting task 4.0 in stage 231.0 (TID 844) (172.26.0.13, executor 1, partition 4, PROCESS_LOCAL, 9921 bytes) 
26/08/14 00:13:47 INFO TaskSetManager: Starting task 5.0 in stage 231.0 (TID 845) (172.26.0.12, executor 0, partition 5, PROCESS_LOCAL, 9921 bytes) 
26/08/14 00:13:47 INFO BlockManagerInfo: Added broadcast_230_piece0 in memory on 172.26.0.12:33791 (size: 24.1 KiB, free: 413.9 MiB)
26/08/14 00:13:47 INFO BlockManagerInfo: Added broadcast_230_piece0 in memory on 172.26.0.13:37779 (size: 24.1 KiB, free: 413.9 MiB)
26/08/14 00:13:48 INFO BlockManagerInfo: Added rdd_1468_2 in memory on 172.26.0.13:37779 (size: 494.5 KiB, free: 413.4 MiB)
26/08/14 00:13:48 INFO TaskSetManager: Finished task 2.0 in stage 231.0 (TID 840) in 687 ms on 172.26.0.13 (executor 1) (1/6)
26/08/14 00:13:48 INFO BlockManagerInfo: Added rdd_1468_3 in memory on 172.26.0.13:37779 (size: 507.0 KiB, free: 412.9 MiB)
26/08/14 00:13:48 INFO BlockManagerInfo: Added rdd_1468_4 in memory on 172.26.0.13:37779 (size: 507.5 KiB, free: 412.4 MiB)
26/08/14 00:13:48 INFO TaskSetManager: Finished task 3.0 in stage 231.0 (TID 842) in 755 ms on 172.26.0.13 (executor 1) (2/6)
26/08/14 00:13:48 INFO TaskSetManager: Finished task 4.0 in stage 231.0 (TID 844) in 755 ms on 172.26.0.13 (executor 1) (3/6)
26/08/14 00:13:48 INFO BlockManagerInfo: Added rdd_1468_1 in memory on 172.26.0.12:33791 (size: 493.2 KiB, free: 413.4 MiB)
26/08/14 00:13:48 INFO BlockManagerInfo: Added rdd_1468_5 in memory on 172.26.0.12:33791 (size: 509.1 KiB, free: 412.9 MiB)
26/08/14 00:13:48 INFO BlockManagerInfo: Added rdd_1468_0 in memory on 172.26.0.12:33791 (size: 457.1 KiB, free: 412.5 MiB)
26/08/14 00:13:48 INFO TaskSetManager: Finished task 0.0 in stage 231.0 (TID 841) in 1106 ms on 172.26.0.12 (executor 0) (4/6)
26/08/14 00:13:48 INFO TaskSetManager: Finished task 5.0 in stage 231.0 (TID 845) in 1105 ms on 172.26.0.12 (executor 0) (5/6)
26/08/14 00:13:48 INFO TaskSetManager: Finished task 1.0 in stage 231.0 (TID 843) in 1106 ms on 172.26.0.12 (executor 0) (6/6)
26/08/14 00:13:48 INFO TaskSchedulerImpl: Removed TaskSet 231.0, whose tasks have all completed, from pool 
26/08/14 00:13:48 INFO DAGScheduler: ShuffleMapStage 231 (count at <unknown>:0) finished in 1.115 s
26/08/14 00:13:48 INFO DAGScheduler: looking for newly runnable stages
26/08/14 00:13:48 INFO DAGScheduler: running: Set()
26/08/14 00:13:48 INFO DAGScheduler: waiting: Set(ResultStage 232)
26/08/14 00:13:48 INFO DAGScheduler: failed: Set()
26/08/14 00:13:48 INFO DAGScheduler: Submitting ResultStage 232 (MapPartitionsRDD[1476] at count at <unknown>:0), which has no missing parents
26/08/14 00:13:48 INFO MemoryStore: Block broadcast_231 stored as values in memory (estimated size 12.5 KiB, free 191.0 MiB)
26/08/14 00:13:48 INFO MemoryStore: Block broadcast_231_piece0 stored as bytes in memory (estimated size 5.9 KiB, free 191.0 MiB)
26/08/14 00:13:48 INFO BlockManagerInfo: Added broadcast_231_piece0 in memory on spark-driver:44031 (size: 5.9 KiB, free: 191.2 MiB)
26/08/14 00:13:48 INFO SparkContext: Created broadcast 231 from broadcast at DAGScheduler.scala:1585
26/08/14 00:13:48 INFO DAGScheduler: Submitting 1 missing tasks from ResultStage 232 (MapPartitionsRDD[1476] at count at <unknown>:0) (first 15 tasks are for partitions Vector(0))
26/08/14 00:13:48 INFO TaskSchedulerImpl: Adding task set 232.0 with 1 tasks resource profile 0
26/08/14 00:13:48 INFO TaskSetManager: Starting task 0.0 in stage 232.0 (TID 846) (172.26.0.12, executor 0, partition 0, NODE_LOCAL, 9003 bytes) 
26/08/14 00:13:48 INFO BlockManagerInfo: Added broadcast_231_piece0 in memory on 172.26.0.12:33791 (size: 5.9 KiB, free: 412.4 MiB)
26/08/14 00:13:48 INFO MapOutputTrackerMasterEndpoint: Asked to send map output locations for shuffle 105 to 172.26.0.12:37282
26/08/14 00:13:48 INFO TaskSetManager: Finished task 0.0 in stage 232.0 (TID 846) in 37 ms on 172.26.0.12 (executor 0) (1/1)
26/08/14 00:13:48 INFO TaskSchedulerImpl: Removed TaskSet 232.0, whose tasks have all completed, from pool 
26/08/14 00:13:48 INFO DAGScheduler: ResultStage 232 (count at <unknown>:0) finished in 0.058 s
26/08/14 00:13:48 INFO DAGScheduler: Job 126 is finished. Cancelling potential speculative or zombie tasks for this job
26/08/14 00:13:48 INFO TaskSchedulerImpl: Killing all running tasks in stage 232: Stage finished
26/08/14 00:13:48 INFO DAGScheduler: Job 126 finished: count at <unknown>:0, took 1.181809 s
26/08/14 00:13:49 INFO SparkContext: Starting job: count at <unknown>:0
26/08/14 00:13:49 INFO DAGScheduler: Registering RDD 1481 (count at <unknown>:0) as input to shuffle 106
26/08/14 00:13:49 INFO DAGScheduler: Got job 127 (count at <unknown>:0) with 1 output partitions
26/08/14 00:13:49 INFO DAGScheduler: Final stage: ResultStage 234 (count at <unknown>:0)
26/08/14 00:13:49 INFO DAGScheduler: Parents of final stage: List(ShuffleMapStage 233)
26/08/14 00:13:49 INFO DAGScheduler: Missing parents: List(ShuffleMapStage 233)
26/08/14 00:13:49 INFO DAGScheduler: Submitting ShuffleMapStage 233 (MapPartitionsRDD[1481] at count at <unknown>:0), which has no missing parents
26/08/14 00:13:49 INFO MemoryStore: Block broadcast_232 stored as values in memory (estimated size 64.9 KiB, free 191.0 MiB)
26/08/14 00:13:49 INFO MemoryStore: Block broadcast_232_piece0 stored as bytes in memory (estimated size 24.2 KiB, free 190.9 MiB)
26/08/14 00:13:49 INFO BlockManagerInfo: Added broadcast_232_piece0 in memory on spark-driver:44031 (size: 24.2 KiB, free: 191.1 MiB)
26/08/14 00:13:49 INFO SparkContext: Created broadcast 232 from broadcast at DAGScheduler.scala:1585
26/08/14 00:13:49 INFO DAGScheduler: Submitting 6 missing tasks from ShuffleMapStage 233 (MapPartitionsRDD[1481] at count at <unknown>:0) (first 15 tasks are for partitions Vector(0, 1, 2, 3, 4, 5))
26/08/14 00:13:49 INFO TaskSchedulerImpl: Adding task set 233.0 with 6 tasks resource profile 0
26/08/14 00:13:49 INFO BlockManagerInfo: Removed broadcast_231_piece0 on spark-driver:44031 in memory (size: 5.9 KiB, free: 191.1 MiB)
26/08/14 00:13:49 INFO TaskSetManager: Starting task 0.0 in stage 233.0 (TID 847) (172.26.0.12, executor 0, partition 0, PROCESS_LOCAL, 9921 bytes) 
26/08/14 00:13:49 INFO TaskSetManager: Starting task 2.0 in stage 233.0 (TID 848) (172.26.0.13, executor 1, partition 2, PROCESS_LOCAL, 9921 bytes) 
26/08/14 00:13:49 INFO TaskSetManager: Starting task 1.0 in stage 233.0 (TID 849) (172.26.0.12, executor 0, partition 1, PROCESS_LOCAL, 9921 bytes) 
26/08/14 00:13:49 INFO TaskSetManager: Starting task 3.0 in stage 233.0 (TID 850) (172.26.0.13, executor 1, partition 3, PROCESS_LOCAL, 9921 bytes) 
26/08/14 00:13:49 INFO TaskSetManager: Starting task 5.0 in stage 233.0 (TID 851) (172.26.0.12, executor 0, partition 5, PROCESS_LOCAL, 9921 bytes) 
26/08/14 00:13:49 INFO TaskSetManager: Starting task 4.0 in stage 233.0 (TID 852) (172.26.0.13, executor 1, partition 4, PROCESS_LOCAL, 9921 bytes) 
26/08/14 00:13:49 INFO BlockManagerInfo: Removed broadcast_231_piece0 on 172.26.0.12:33791 in memory (size: 5.9 KiB, free: 412.5 MiB)
26/08/14 00:13:49 INFO BlockManagerInfo: Removed broadcast_230_piece0 on spark-driver:44031 in memory (size: 24.1 KiB, free: 191.2 MiB)
26/08/14 00:13:49 INFO BlockManagerInfo: Removed broadcast_230_piece0 on 172.26.0.13:37779 in memory (size: 24.1 KiB, free: 412.4 MiB)
26/08/14 00:13:49 INFO BlockManagerInfo: Removed broadcast_230_piece0 on 172.26.0.12:33791 in memory (size: 24.1 KiB, free: 412.5 MiB)
26/08/14 00:13:49 INFO BlockManagerInfo: Added broadcast_232_piece0 in memory on 172.26.0.12:33791 (size: 24.2 KiB, free: 412.5 MiB)
26/08/14 00:13:49 INFO BlockManagerInfo: Added broadcast_232_piece0 in memory on 172.26.0.13:37779 (size: 24.2 KiB, free: 412.4 MiB)
26/08/14 00:13:49 INFO TaskSetManager: Finished task 0.0 in stage 233.0 (TID 847) in 28 ms on 172.26.0.12 (executor 0) (1/6)
26/08/14 00:13:49 INFO TaskSetManager: Finished task 5.0 in stage 233.0 (TID 851) in 28 ms on 172.26.0.12 (executor 0) (2/6)
26/08/14 00:13:49 INFO TaskSetManager: Finished task 1.0 in stage 233.0 (TID 849) in 29 ms on 172.26.0.12 (executor 0) (3/6)
26/08/14 00:13:49 INFO TaskSetManager: Finished task 2.0 in stage 233.0 (TID 848) in 35 ms on 172.26.0.13 (executor 1) (4/6)
26/08/14 00:13:49 INFO TaskSetManager: Finished task 3.0 in stage 233.0 (TID 850) in 34 ms on 172.26.0.13 (executor 1) (5/6)
26/08/14 00:13:49 INFO TaskSetManager: Finished task 4.0 in stage 233.0 (TID 852) in 35 ms on 172.26.0.13 (executor 1) (6/6)
26/08/14 00:13:49 INFO TaskSchedulerImpl: Removed TaskSet 233.0, whose tasks have all completed, from pool 
26/08/14 00:13:49 INFO DAGScheduler: ShuffleMapStage 233 (count at <unknown>:0) finished in 0.066 s
26/08/14 00:13:49 INFO DAGScheduler: looking for newly runnable stages
26/08/14 00:13:49 INFO DAGScheduler: running: Set()
26/08/14 00:13:49 INFO DAGScheduler: waiting: Set(ResultStage 234)
26/08/14 00:13:49 INFO DAGScheduler: failed: Set()
26/08/14 00:13:49 INFO DAGScheduler: Submitting ResultStage 234 (MapPartitionsRDD[1484] at count at <unknown>:0), which has no missing parents
26/08/14 00:13:49 INFO MemoryStore: Block broadcast_233 stored as values in memory (estimated size 12.5 KiB, free 191.0 MiB)
26/08/14 00:13:49 INFO MemoryStore: Block broadcast_233_piece0 stored as bytes in memory (estimated size 5.9 KiB, free 191.0 MiB)
26/08/14 00:13:49 INFO BlockManagerInfo: Added broadcast_233_piece0 in memory on spark-driver:44031 (size: 5.9 KiB, free: 191.2 MiB)
26/08/14 00:13:49 INFO SparkContext: Created broadcast 233 from broadcast at DAGScheduler.scala:1585
26/08/14 00:13:49 INFO DAGScheduler: Submitting 1 missing tasks from ResultStage 234 (MapPartitionsRDD[1484] at count at <unknown>:0) (first 15 tasks are for partitions Vector(0))
26/08/14 00:13:49 INFO TaskSchedulerImpl: Adding task set 234.0 with 1 tasks resource profile 0
26/08/14 00:13:49 INFO TaskSetManager: Starting task 0.0 in stage 234.0 (TID 853) (172.26.0.12, executor 0, partition 0, NODE_LOCAL, 9003 bytes) 
26/08/14 00:13:49 INFO BlockManagerInfo: Added broadcast_233_piece0 in memory on 172.26.0.12:33791 (size: 5.9 KiB, free: 412.4 MiB)
26/08/14 00:13:49 INFO MapOutputTrackerMasterEndpoint: Asked to send map output locations for shuffle 106 to 172.26.0.12:37282
26/08/14 00:13:49 INFO TaskSetManager: Finished task 0.0 in stage 234.0 (TID 853) in 24 ms on 172.26.0.12 (executor 0) (1/1)
26/08/14 00:13:49 INFO TaskSchedulerImpl: Removed TaskSet 234.0, whose tasks have all completed, from pool 
26/08/14 00:13:49 INFO DAGScheduler: ResultStage 234 (count at <unknown>:0) finished in 0.032 s
26/08/14 00:13:49 INFO DAGScheduler: Job 127 is finished. Cancelling potential speculative or zombie tasks for this job
26/08/14 00:13:49 INFO TaskSchedulerImpl: Killing all running tasks in stage 234: Stage finished
26/08/14 00:13:49 INFO DAGScheduler: Job 127 finished: count at <unknown>:0, took 0.103710 s
26/08/14 00:13:49 INFO CodeGenerator: Code generated in 29.238541 ms
26/08/14 00:13:49 INFO DefaultCachedBatchSerializer: Predicate isnotnull(event_time#89-T120000ms) generates partition filter: ((event_time.count#72193 - event_time.nullCount#72192) > 0)
26/08/14 00:13:49 INFO DefaultCachedBatchSerializer: Predicate (event_time#89-T120000ms < 2026-08-14 00:11:41.283) generates partition filter: (event_time.lowerBound#72191 < 2026-08-14 00:11:41.283)
26/08/14 00:13:49 INFO SparkContext: Starting job: count at <unknown>:0
26/08/14 00:13:49 INFO DAGScheduler: Registering RDD 1489 (count at <unknown>:0) as input to shuffle 107
26/08/14 00:13:49 INFO DAGScheduler: Got job 128 (count at <unknown>:0) with 1 output partitions
26/08/14 00:13:49 INFO DAGScheduler: Final stage: ResultStage 236 (count at <unknown>:0)
26/08/14 00:13:49 INFO DAGScheduler: Parents of final stage: List(ShuffleMapStage 235)
26/08/14 00:13:49 INFO DAGScheduler: Missing parents: List(ShuffleMapStage 235)
26/08/14 00:13:49 INFO DAGScheduler: Submitting ShuffleMapStage 235 (MapPartitionsRDD[1489] at count at <unknown>:0), which has no missing parents
26/08/14 00:13:49 INFO MemoryStore: Block broadcast_234 stored as values in memory (estimated size 67.2 KiB, free 191.0 MiB)
26/08/14 00:13:49 INFO MemoryStore: Block broadcast_234_piece0 stored as bytes in memory (estimated size 25.6 KiB, free 190.9 MiB)
26/08/14 00:13:49 INFO BlockManagerInfo: Added broadcast_234_piece0 in memory on spark-driver:44031 (size: 25.6 KiB, free: 191.1 MiB)
26/08/14 00:13:49 INFO SparkContext: Created broadcast 234 from broadcast at DAGScheduler.scala:1585
26/08/14 00:13:49 INFO DAGScheduler: Submitting 6 missing tasks from ShuffleMapStage 235 (MapPartitionsRDD[1489] at count at <unknown>:0) (first 15 tasks are for partitions Vector(0, 1, 2, 3, 4, 5))
26/08/14 00:13:49 INFO TaskSchedulerImpl: Adding task set 235.0 with 6 tasks resource profile 0
26/08/14 00:13:49 INFO TaskSetManager: Starting task 0.0 in stage 235.0 (TID 854) (172.26.0.12, executor 0, partition 0, PROCESS_LOCAL, 9921 bytes) 
26/08/14 00:13:49 INFO TaskSetManager: Starting task 2.0 in stage 235.0 (TID 855) (172.26.0.13, executor 1, partition 2, PROCESS_LOCAL, 9921 bytes) 
26/08/14 00:13:49 INFO TaskSetManager: Starting task 1.0 in stage 235.0 (TID 856) (172.26.0.12, executor 0, partition 1, PROCESS_LOCAL, 9921 bytes) 
26/08/14 00:13:49 INFO TaskSetManager: Starting task 3.0 in stage 235.0 (TID 857) (172.26.0.13, executor 1, partition 3, PROCESS_LOCAL, 9921 bytes) 
26/08/14 00:13:49 INFO TaskSetManager: Starting task 5.0 in stage 235.0 (TID 858) (172.26.0.12, executor 0, partition 5, PROCESS_LOCAL, 9921 bytes) 
26/08/14 00:13:49 INFO TaskSetManager: Starting task 4.0 in stage 235.0 (TID 859) (172.26.0.13, executor 1, partition 4, PROCESS_LOCAL, 9921 bytes) 
26/08/14 00:13:49 INFO BlockManagerInfo: Added broadcast_234_piece0 in memory on 172.26.0.12:33791 (size: 25.6 KiB, free: 412.4 MiB)
26/08/14 00:13:49 INFO BlockManagerInfo: Added broadcast_234_piece0 in memory on 172.26.0.13:37779 (size: 25.6 KiB, free: 412.4 MiB)
26/08/14 00:13:49 INFO TaskSetManager: Finished task 2.0 in stage 235.0 (TID 855) in 75 ms on 172.26.0.13 (executor 1) (1/6)
26/08/14 00:13:49 INFO TaskSetManager: Finished task 3.0 in stage 235.0 (TID 857) in 80 ms on 172.26.0.13 (executor 1) (2/6)
26/08/14 00:13:49 INFO TaskSetManager: Finished task 4.0 in stage 235.0 (TID 859) in 79 ms on 172.26.0.13 (executor 1) (3/6)
26/08/14 00:13:49 INFO TaskSetManager: Finished task 0.0 in stage 235.0 (TID 854) in 105 ms on 172.26.0.12 (executor 0) (4/6)
26/08/14 00:13:49 INFO TaskSetManager: Finished task 5.0 in stage 235.0 (TID 858) in 105 ms on 172.26.0.12 (executor 0) (5/6)
26/08/14 00:13:49 INFO TaskSetManager: Finished task 1.0 in stage 235.0 (TID 856) in 107 ms on 172.26.0.12 (executor 0) (6/6)
26/08/14 00:13:49 INFO TaskSchedulerImpl: Removed TaskSet 235.0, whose tasks have all completed, from pool 
26/08/14 00:13:49 INFO DAGScheduler: ShuffleMapStage 235 (count at <unknown>:0) finished in 0.125 s
26/08/14 00:13:49 INFO DAGScheduler: looking for newly runnable stages
26/08/14 00:13:49 INFO DAGScheduler: running: Set()
26/08/14 00:13:49 INFO DAGScheduler: waiting: Set(ResultStage 236)
26/08/14 00:13:49 INFO DAGScheduler: failed: Set()
26/08/14 00:13:49 INFO DAGScheduler: Submitting ResultStage 236 (MapPartitionsRDD[1492] at count at <unknown>:0), which has no missing parents
26/08/14 00:13:49 INFO MemoryStore: Block broadcast_235 stored as values in memory (estimated size 12.5 KiB, free 190.9 MiB)
26/08/14 00:13:49 INFO MemoryStore: Block broadcast_235_piece0 stored as bytes in memory (estimated size 5.9 KiB, free 190.9 MiB)
26/08/14 00:13:49 INFO BlockManagerInfo: Added broadcast_235_piece0 in memory on spark-driver:44031 (size: 5.9 KiB, free: 191.1 MiB)
26/08/14 00:13:49 INFO SparkContext: Created broadcast 235 from broadcast at DAGScheduler.scala:1585
26/08/14 00:13:49 INFO DAGScheduler: Submitting 1 missing tasks from ResultStage 236 (MapPartitionsRDD[1492] at count at <unknown>:0) (first 15 tasks are for partitions Vector(0))
26/08/14 00:13:49 INFO TaskSchedulerImpl: Adding task set 236.0 with 1 tasks resource profile 0
26/08/14 00:13:49 INFO TaskSetManager: Starting task 0.0 in stage 236.0 (TID 860) (172.26.0.13, executor 1, partition 0, NODE_LOCAL, 9003 bytes) 
26/08/14 00:13:49 INFO BlockManagerInfo: Added broadcast_235_piece0 in memory on 172.26.0.13:37779 (size: 5.9 KiB, free: 412.4 MiB)
26/08/14 00:13:49 INFO MapOutputTrackerMasterEndpoint: Asked to send map output locations for shuffle 107 to 172.26.0.13:36452
26/08/14 00:13:49 INFO TaskSetManager: Finished task 0.0 in stage 236.0 (TID 860) in 64 ms on 172.26.0.13 (executor 1) (1/1)
26/08/14 00:13:49 INFO TaskSchedulerImpl: Removed TaskSet 236.0, whose tasks have all completed, from pool 
26/08/14 00:13:49 INFO DAGScheduler: ResultStage 236 (count at <unknown>:0) finished in 0.081 s
26/08/14 00:13:49 INFO DAGScheduler: Job 128 is finished. Cancelling potential speculative or zombie tasks for this job
26/08/14 00:13:49 INFO TaskSchedulerImpl: Killing all running tasks in stage 236: Stage finished
26/08/14 00:13:49 INFO DAGScheduler: Job 128 finished: count at <unknown>:0, took 0.215528 s
26/08/14 00:13:49 INFO BlockManagerInfo: Removed broadcast_233_piece0 on spark-driver:44031 in memory (size: 5.9 KiB, free: 191.1 MiB)
26/08/14 00:13:49 INFO BlockManagerInfo: Removed broadcast_233_piece0 on 172.26.0.12:33791 in memory (size: 5.9 KiB, free: 412.4 MiB)
26/08/14 00:13:49 INFO BlockManagerInfo: Removed broadcast_234_piece0 on spark-driver:44031 in memory (size: 25.6 KiB, free: 191.2 MiB)
26/08/14 00:13:49 INFO BlockManagerInfo: Removed broadcast_234_piece0 on 172.26.0.12:33791 in memory (size: 25.6 KiB, free: 412.5 MiB)
26/08/14 00:13:49 INFO BlockManagerInfo: Removed broadcast_234_piece0 on 172.26.0.13:37779 in memory (size: 25.6 KiB, free: 412.4 MiB)
26/08/14 00:13:49 INFO BlockManagerInfo: Removed broadcast_232_piece0 on spark-driver:44031 in memory (size: 24.2 KiB, free: 191.2 MiB)
26/08/14 00:13:49 INFO BlockManagerInfo: Removed broadcast_232_piece0 on 172.26.0.12:33791 in memory (size: 24.2 KiB, free: 412.5 MiB)
26/08/14 00:13:49 INFO BlockManagerInfo: Removed broadcast_232_piece0 on 172.26.0.13:37779 in memory (size: 24.2 KiB, free: 412.4 MiB)
26/08/14 00:13:49 INFO BlockManagerInfo: Removed broadcast_235_piece0 on spark-driver:44031 in memory (size: 5.9 KiB, free: 191.2 MiB)
26/08/14 00:13:49 INFO BlockManagerInfo: Removed broadcast_235_piece0 on 172.26.0.13:37779 in memory (size: 5.9 KiB, free: 412.4 MiB)
26/08/14 00:13:49 INFO DefaultCachedBatchSerializer: Predicate isnotnull(kind#72750) generates partition filter: ((kind.count#72819 - kind.nullCount#72818) > 0)
26/08/14 00:13:49 INFO DefaultCachedBatchSerializer: Predicate (kind#72750 = stats) generates partition filter: ((kind.lowerBound#72817 <= stats) AND (stats <= kind.upperBound#72816))
26/08/14 00:13:49 INFO SparkContext: Starting job: call at /opt/spark/python/lib/py4j-0.10.9.7-src.zip/py4j/clientserver.py:617
26/08/14 00:13:49 INFO DAGScheduler: Got job 129 (call at /opt/spark/python/lib/py4j-0.10.9.7-src.zip/py4j/clientserver.py:617) with 6 output partitions
26/08/14 00:13:49 INFO DAGScheduler: Final stage: ResultStage 237 (call at /opt/spark/python/lib/py4j-0.10.9.7-src.zip/py4j/clientserver.py:617)
26/08/14 00:13:49 INFO DAGScheduler: Parents of final stage: List()
26/08/14 00:13:49 INFO DAGScheduler: Missing parents: List()
26/08/14 00:13:49 INFO DAGScheduler: Submitting ResultStage 237 (MapPartitionsRDD[1511] at call at /opt/spark/python/lib/py4j-0.10.9.7-src.zip/py4j/clientserver.py:617), which has no missing parents
26/08/14 00:13:49 INFO MemoryStore: Block broadcast_236 stored as values in memory (estimated size 90.0 KiB, free 191.0 MiB)
26/08/14 00:13:49 INFO MemoryStore: Block broadcast_236_piece0 stored as bytes in memory (estimated size 34.0 KiB, free 191.0 MiB)
26/08/14 00:13:49 INFO BlockManagerInfo: Added broadcast_236_piece0 in memory on spark-driver:44031 (size: 34.0 KiB, free: 191.2 MiB)
26/08/14 00:13:49 INFO SparkContext: Created broadcast 236 from broadcast at DAGScheduler.scala:1585
26/08/14 00:13:49 INFO DAGScheduler: Submitting 6 missing tasks from ResultStage 237 (MapPartitionsRDD[1511] at call at /opt/spark/python/lib/py4j-0.10.9.7-src.zip/py4j/clientserver.py:617) (first 15 tasks are for partitions Vector(0, 1, 2, 3, 4, 5))
26/08/14 00:13:49 INFO TaskSchedulerImpl: Adding task set 237.0 with 6 tasks resource profile 0
26/08/14 00:13:49 INFO TaskSetManager: Starting task 2.0 in stage 237.0 (TID 861) (172.26.0.13, executor 1, partition 2, PROCESS_LOCAL, 9932 bytes) 
26/08/14 00:13:49 INFO TaskSetManager: Starting task 0.0 in stage 237.0 (TID 862) (172.26.0.12, executor 0, partition 0, PROCESS_LOCAL, 9932 bytes) 
26/08/14 00:13:49 INFO TaskSetManager: Starting task 3.0 in stage 237.0 (TID 863) (172.26.0.13, executor 1, partition 3, PROCESS_LOCAL, 9932 bytes) 
26/08/14 00:13:49 INFO TaskSetManager: Starting task 1.0 in stage 237.0 (TID 864) (172.26.0.12, executor 0, partition 1, PROCESS_LOCAL, 9932 bytes) 
26/08/14 00:13:49 INFO TaskSetManager: Starting task 4.0 in stage 237.0 (TID 865) (172.26.0.13, executor 1, partition 4, PROCESS_LOCAL, 9932 bytes) 
26/08/14 00:13:49 INFO TaskSetManager: Starting task 5.0 in stage 237.0 (TID 866) (172.26.0.12, executor 0, partition 5, PROCESS_LOCAL, 9932 bytes) 
26/08/14 00:13:49 INFO BlockManagerInfo: Added broadcast_236_piece0 in memory on 172.26.0.12:33791 (size: 34.0 KiB, free: 412.4 MiB)
26/08/14 00:13:49 INFO BlockManagerInfo: Added broadcast_236_piece0 in memory on 172.26.0.13:37779 (size: 34.0 KiB, free: 412.4 MiB)
26/08/14 00:13:52 INFO BlockManagerInfo: Added rdd_1506_0 in memory on 172.26.0.12:33791 (size: 1808.0 B, free: 412.4 MiB)
26/08/14 00:13:52 INFO TaskSetManager: Finished task 0.0 in stage 237.0 (TID 862) in 3307 ms on 172.26.0.12 (executor 0) (1/6)
26/08/14 00:13:53 INFO BlockManagerInfo: Added rdd_1506_1 in memory on 172.26.0.12:33791 (size: 1808.0 B, free: 412.4 MiB)
26/08/14 00:13:53 INFO TaskSetManager: Finished task 1.0 in stage 237.0 (TID 864) in 3710 ms on 172.26.0.12 (executor 0) (2/6)
26/08/14 00:13:53 INFO BlockManagerInfo: Added rdd_1506_3 in memory on 172.26.0.13:37779 (size: 1808.0 B, free: 412.4 MiB)
26/08/14 00:13:53 INFO BlockManagerInfo: Added rdd_1506_5 in memory on 172.26.0.12:33791 (size: 1808.0 B, free: 412.4 MiB)
26/08/14 00:13:53 INFO TaskSetManager: Finished task 5.0 in stage 237.0 (TID 866) in 3789 ms on 172.26.0.12 (executor 0) (3/6)
26/08/14 00:13:53 INFO BlockManagerInfo: Added rdd_1506_4 in memory on 172.26.0.13:37779 (size: 1808.0 B, free: 412.4 MiB)
26/08/14 00:13:53 INFO TaskSetManager: Finished task 3.0 in stage 237.0 (TID 863) in 3913 ms on 172.26.0.13 (executor 1) (4/6)
26/08/14 00:13:53 INFO TaskSetManager: Finished task 4.0 in stage 237.0 (TID 865) in 3918 ms on 172.26.0.13 (executor 1) (5/6)
26/08/14 00:13:53 INFO BlockManagerInfo: Added rdd_1506_2 in memory on 172.26.0.13:37779 (size: 1808.0 B, free: 412.4 MiB)
26/08/14 00:13:53 INFO TaskSetManager: Finished task 2.0 in stage 237.0 (TID 861) in 3966 ms on 172.26.0.13 (executor 1) (6/6)
26/08/14 00:13:53 INFO TaskSchedulerImpl: Removed TaskSet 237.0, whose tasks have all completed, from pool 
26/08/14 00:13:53 INFO DAGScheduler: ResultStage 237 (call at /opt/spark/python/lib/py4j-0.10.9.7-src.zip/py4j/clientserver.py:617) finished in 3.992 s
26/08/14 00:13:53 INFO DAGScheduler: Job 129 is finished. Cancelling potential speculative or zombie tasks for this job
26/08/14 00:13:53 INFO TaskSchedulerImpl: Killing all running tasks in stage 237: Stage finished
26/08/14 00:13:53 INFO DAGScheduler: Job 129 finished: call at /opt/spark/python/lib/py4j-0.10.9.7-src.zip/py4j/clientserver.py:617, took 4.018820 s
26/08/14 00:13:54 INFO DefaultCachedBatchSerializer: Predicate isnotnull(kind#72750) generates partition filter: ((kind.count#72902 - kind.nullCount#72901) > 0)
26/08/14 00:13:54 INFO DefaultCachedBatchSerializer: Predicate (kind#72750 = dlq) generates partition filter: ((kind.lowerBound#72900 <= dlq) AND (dlq <= kind.upperBound#72899))
26/08/14 00:13:54 INFO SparkContext: Starting job: count at <unknown>:0
26/08/14 00:13:54 INFO DAGScheduler: Registering RDD 1516 (count at <unknown>:0) as input to shuffle 108
26/08/14 00:13:54 INFO DAGScheduler: Got job 130 (count at <unknown>:0) with 1 output partitions
26/08/14 00:13:54 INFO DAGScheduler: Final stage: ResultStage 239 (count at <unknown>:0)
26/08/14 00:13:54 INFO DAGScheduler: Parents of final stage: List(ShuffleMapStage 238)
26/08/14 00:13:54 INFO DAGScheduler: Missing parents: List(ShuffleMapStage 238)
26/08/14 00:13:54 INFO DAGScheduler: Submitting ShuffleMapStage 238 (MapPartitionsRDD[1516] at count at <unknown>:0), which has no missing parents
26/08/14 00:13:54 INFO MemoryStore: Block broadcast_237 stored as values in memory (estimated size 92.2 KiB, free 190.9 MiB)
26/08/14 00:13:54 INFO MemoryStore: Block broadcast_237_piece0 stored as bytes in memory (estimated size 35.3 KiB, free 190.9 MiB)
26/08/14 00:13:54 INFO BlockManagerInfo: Added broadcast_237_piece0 in memory on spark-driver:44031 (size: 35.3 KiB, free: 191.1 MiB)
26/08/14 00:13:54 INFO SparkContext: Created broadcast 237 from broadcast at DAGScheduler.scala:1585
26/08/14 00:13:54 INFO DAGScheduler: Submitting 6 missing tasks from ShuffleMapStage 238 (MapPartitionsRDD[1516] at count at <unknown>:0) (first 15 tasks are for partitions Vector(0, 1, 2, 3, 4, 5))
26/08/14 00:13:54 INFO TaskSchedulerImpl: Adding task set 238.0 with 6 tasks resource profile 0
26/08/14 00:13:54 INFO TaskSetManager: Starting task 0.0 in stage 238.0 (TID 867) (172.26.0.12, executor 0, partition 0, PROCESS_LOCAL, 9921 bytes) 
26/08/14 00:13:54 INFO TaskSetManager: Starting task 2.0 in stage 238.0 (TID 868) (172.26.0.13, executor 1, partition 2, PROCESS_LOCAL, 9921 bytes) 
26/08/14 00:13:54 INFO TaskSetManager: Starting task 1.0 in stage 238.0 (TID 869) (172.26.0.12, executor 0, partition 1, PROCESS_LOCAL, 9921 bytes) 
26/08/14 00:13:54 INFO TaskSetManager: Starting task 3.0 in stage 238.0 (TID 870) (172.26.0.13, executor 1, partition 3, PROCESS_LOCAL, 9921 bytes) 
26/08/14 00:13:54 INFO TaskSetManager: Starting task 5.0 in stage 238.0 (TID 871) (172.26.0.12, executor 0, partition 5, PROCESS_LOCAL, 9921 bytes) 
26/08/14 00:13:54 INFO TaskSetManager: Starting task 4.0 in stage 238.0 (TID 872) (172.26.0.13, executor 1, partition 4, PROCESS_LOCAL, 9921 bytes) 
26/08/14 00:13:54 INFO BlockManagerInfo: Added broadcast_237_piece0 in memory on 172.26.0.13:37779 (size: 35.3 KiB, free: 412.4 MiB)
26/08/14 00:13:54 INFO BlockManagerInfo: Added broadcast_237_piece0 in memory on 172.26.0.12:33791 (size: 35.3 KiB, free: 412.4 MiB)
26/08/14 00:13:54 INFO TaskSetManager: Finished task 1.0 in stage 238.0 (TID 869) in 137 ms on 172.26.0.12 (executor 0) (1/6)
26/08/14 00:13:54 INFO TaskSetManager: Finished task 0.0 in stage 238.0 (TID 867) in 142 ms on 172.26.0.12 (executor 0) (2/6)
26/08/14 00:13:54 INFO TaskSetManager: Finished task 5.0 in stage 238.0 (TID 871) in 148 ms on 172.26.0.12 (executor 0) (3/6)
26/08/14 00:13:54 INFO TaskSetManager: Finished task 4.0 in stage 238.0 (TID 872) in 184 ms on 172.26.0.13 (executor 1) (4/6)
26/08/14 00:13:54 INFO TaskSetManager: Finished task 3.0 in stage 238.0 (TID 870) in 184 ms on 172.26.0.13 (executor 1) (5/6)
26/08/14 00:13:54 INFO TaskSetManager: Finished task 2.0 in stage 238.0 (TID 868) in 196 ms on 172.26.0.13 (executor 1) (6/6)
26/08/14 00:13:54 INFO TaskSchedulerImpl: Removed TaskSet 238.0, whose tasks have all completed, from pool 
26/08/14 00:13:54 INFO DAGScheduler: ShuffleMapStage 238 (count at <unknown>:0) finished in 0.245 s
26/08/14 00:13:54 INFO DAGScheduler: looking for newly runnable stages
26/08/14 00:13:54 INFO DAGScheduler: running: Set()
26/08/14 00:13:54 INFO DAGScheduler: waiting: Set(ResultStage 239)
26/08/14 00:13:54 INFO DAGScheduler: failed: Set()
26/08/14 00:13:54 INFO DAGScheduler: Submitting ResultStage 239 (MapPartitionsRDD[1519] at count at <unknown>:0), which has no missing parents
26/08/14 00:13:54 INFO MemoryStore: Block broadcast_238 stored as values in memory (estimated size 12.5 KiB, free 190.9 MiB)
26/08/14 00:13:54 INFO MemoryStore: Block broadcast_238_piece0 stored as bytes in memory (estimated size 5.9 KiB, free 190.9 MiB)
26/08/14 00:13:54 INFO BlockManagerInfo: Added broadcast_238_piece0 in memory on spark-driver:44031 (size: 5.9 KiB, free: 191.1 MiB)
26/08/14 00:13:54 INFO SparkContext: Created broadcast 238 from broadcast at DAGScheduler.scala:1585
26/08/14 00:13:54 INFO DAGScheduler: Submitting 1 missing tasks from ResultStage 239 (MapPartitionsRDD[1519] at count at <unknown>:0) (first 15 tasks are for partitions Vector(0))
26/08/14 00:13:54 INFO TaskSchedulerImpl: Adding task set 239.0 with 1 tasks resource profile 0
26/08/14 00:13:54 INFO TaskSetManager: Starting task 0.0 in stage 239.0 (TID 873) (172.26.0.12, executor 0, partition 0, NODE_LOCAL, 9003 bytes) 
26/08/14 00:13:54 INFO BlockManagerInfo: Added broadcast_238_piece0 in memory on 172.26.0.12:33791 (size: 5.9 KiB, free: 412.4 MiB)
26/08/14 00:13:54 INFO MapOutputTrackerMasterEndpoint: Asked to send map output locations for shuffle 108 to 172.26.0.12:37282
26/08/14 00:13:54 INFO TaskSetManager: Finished task 0.0 in stage 239.0 (TID 873) in 69 ms on 172.26.0.12 (executor 0) (1/1)
26/08/14 00:13:54 INFO TaskSchedulerImpl: Removed TaskSet 239.0, whose tasks have all completed, from pool 
26/08/14 00:13:54 INFO DAGScheduler: ResultStage 239 (count at <unknown>:0) finished in 0.094 s
26/08/14 00:13:54 INFO DAGScheduler: Job 130 is finished. Cancelling potential speculative or zombie tasks for this job
26/08/14 00:13:54 INFO TaskSchedulerImpl: Killing all running tasks in stage 239: Stage finished
26/08/14 00:13:54 INFO DAGScheduler: Job 130 finished: count at <unknown>:0, took 0.354111 s
26/08/14 00:13:54 INFO MapPartitionsRDD: Removing RDD 1506 from persistence list
26/08/14 00:13:54 INFO BlockManager: Removing RDD 1506
26/08/14 00:13:54 INFO BlockManagerInfo: Removed broadcast_237_piece0 on 172.26.0.12:33791 in memory (size: 35.3 KiB, free: 412.4 MiB)
26/08/14 00:13:54 INFO BlockManagerInfo: Removed broadcast_237_piece0 on spark-driver:44031 in memory (size: 35.3 KiB, free: 191.1 MiB)
26/08/14 00:13:54 INFO BlockManagerInfo: Removed broadcast_237_piece0 on 172.26.0.13:37779 in memory (size: 35.3 KiB, free: 412.4 MiB)
26/08/14 00:13:54 INFO SparkContext: Starting job: call at /opt/spark/python/lib/py4j-0.10.9.7-src.zip/py4j/clientserver.py:617
26/08/14 00:13:54 INFO DAGScheduler: Registering RDD 1524 (call at /opt/spark/python/lib/py4j-0.10.9.7-src.zip/py4j/clientserver.py:617) as input to shuffle 109
26/08/14 00:13:54 INFO DAGScheduler: Got job 131 (call at /opt/spark/python/lib/py4j-0.10.9.7-src.zip/py4j/clientserver.py:617) with 1 output partitions
26/08/14 00:13:54 INFO DAGScheduler: Final stage: ResultStage 241 (call at /opt/spark/python/lib/py4j-0.10.9.7-src.zip/py4j/clientserver.py:617)
26/08/14 00:13:54 INFO DAGScheduler: Parents of final stage: List(ShuffleMapStage 240)
26/08/14 00:13:54 INFO DAGScheduler: Missing parents: List(ShuffleMapStage 240)
26/08/14 00:13:54 INFO DAGScheduler: Submitting ShuffleMapStage 240 (MapPartitionsRDD[1524] at call at /opt/spark/python/lib/py4j-0.10.9.7-src.zip/py4j/clientserver.py:617), which has no missing parents
26/08/14 00:13:54 INFO BlockManagerInfo: Removed broadcast_236_piece0 on spark-driver:44031 in memory (size: 34.0 KiB, free: 191.2 MiB)
26/08/14 00:13:54 INFO MemoryStore: Block broadcast_239 stored as values in memory (estimated size 66.2 KiB, free 191.0 MiB)
26/08/14 00:13:54 INFO BlockManagerInfo: Removed broadcast_236_piece0 on 172.26.0.13:37779 in memory (size: 34.0 KiB, free: 412.4 MiB)
26/08/14 00:13:54 INFO BlockManagerInfo: Removed broadcast_236_piece0 on 172.26.0.12:33791 in memory (size: 34.0 KiB, free: 412.5 MiB)
26/08/14 00:13:54 INFO BlockManagerInfo: Removed broadcast_238_piece0 on spark-driver:44031 in memory (size: 5.9 KiB, free: 191.2 MiB)
26/08/14 00:13:54 INFO MemoryStore: Block broadcast_239_piece0 stored as bytes in memory (estimated size 24.8 KiB, free 191.0 MiB)
26/08/14 00:13:54 INFO BlockManagerInfo: Added broadcast_239_piece0 in memory on spark-driver:44031 (size: 24.8 KiB, free: 191.2 MiB)
26/08/14 00:13:54 INFO SparkContext: Created broadcast 239 from broadcast at DAGScheduler.scala:1585
26/08/14 00:13:54 INFO BlockManagerInfo: Removed broadcast_238_piece0 on 172.26.0.12:33791 in memory (size: 5.9 KiB, free: 412.5 MiB)
26/08/14 00:13:54 INFO DAGScheduler: Submitting 6 missing tasks from ShuffleMapStage 240 (MapPartitionsRDD[1524] at call at /opt/spark/python/lib/py4j-0.10.9.7-src.zip/py4j/clientserver.py:617) (first 15 tasks are for partitions Vector(0, 1, 2, 3, 4, 5))
26/08/14 00:13:54 INFO TaskSchedulerImpl: Adding task set 240.0 with 6 tasks resource profile 0
26/08/14 00:13:54 INFO TaskSetManager: Starting task 0.0 in stage 240.0 (TID 874) (172.26.0.12, executor 0, partition 0, PROCESS_LOCAL, 9921 bytes) 
26/08/14 00:13:54 INFO TaskSetManager: Starting task 2.0 in stage 240.0 (TID 875) (172.26.0.13, executor 1, partition 2, PROCESS_LOCAL, 9921 bytes) 
26/08/14 00:13:54 INFO TaskSetManager: Starting task 1.0 in stage 240.0 (TID 876) (172.26.0.12, executor 0, partition 1, PROCESS_LOCAL, 9921 bytes) 
26/08/14 00:13:54 INFO TaskSetManager: Starting task 3.0 in stage 240.0 (TID 877) (172.26.0.13, executor 1, partition 3, PROCESS_LOCAL, 9921 bytes) 
26/08/14 00:13:54 INFO TaskSetManager: Starting task 5.0 in stage 240.0 (TID 878) (172.26.0.12, executor 0, partition 5, PROCESS_LOCAL, 9921 bytes) 
26/08/14 00:13:54 INFO TaskSetManager: Starting task 4.0 in stage 240.0 (TID 879) (172.26.0.13, executor 1, partition 4, PROCESS_LOCAL, 9921 bytes) 
26/08/14 00:13:54 INFO BlockManagerInfo: Added broadcast_239_piece0 in memory on 172.26.0.12:33791 (size: 24.8 KiB, free: 412.5 MiB)
26/08/14 00:13:54 INFO BlockManagerInfo: Added broadcast_239_piece0 in memory on 172.26.0.13:37779 (size: 24.8 KiB, free: 412.4 MiB)
26/08/14 00:13:54 INFO TaskSetManager: Finished task 0.0 in stage 240.0 (TID 874) in 39 ms on 172.26.0.12 (executor 0) (1/6)
26/08/14 00:13:54 INFO TaskSetManager: Finished task 1.0 in stage 240.0 (TID 876) in 48 ms on 172.26.0.12 (executor 0) (2/6)
26/08/14 00:13:54 INFO TaskSetManager: Finished task 5.0 in stage 240.0 (TID 878) in 55 ms on 172.26.0.12 (executor 0) (3/6)
26/08/14 00:13:54 INFO TaskSetManager: Finished task 3.0 in stage 240.0 (TID 877) in 65 ms on 172.26.0.13 (executor 1) (4/6)
26/08/14 00:13:54 INFO TaskSetManager: Finished task 4.0 in stage 240.0 (TID 879) in 68 ms on 172.26.0.13 (executor 1) (5/6)
26/08/14 00:13:54 INFO TaskSetManager: Finished task 2.0 in stage 240.0 (TID 875) in 75 ms on 172.26.0.13 (executor 1) (6/6)
26/08/14 00:13:54 INFO TaskSchedulerImpl: Removed TaskSet 240.0, whose tasks have all completed, from pool 
26/08/14 00:13:54 INFO DAGScheduler: ShuffleMapStage 240 (call at /opt/spark/python/lib/py4j-0.10.9.7-src.zip/py4j/clientserver.py:617) finished in 0.101 s
26/08/14 00:13:54 INFO DAGScheduler: looking for newly runnable stages
26/08/14 00:13:54 INFO DAGScheduler: running: Set()
26/08/14 00:13:54 INFO DAGScheduler: waiting: Set(ResultStage 241)
26/08/14 00:13:54 INFO DAGScheduler: failed: Set()
26/08/14 00:13:54 INFO DAGScheduler: Submitting ResultStage 241 (MapPartitionsRDD[1527] at call at /opt/spark/python/lib/py4j-0.10.9.7-src.zip/py4j/clientserver.py:617), which has no missing parents
26/08/14 00:13:54 INFO MemoryStore: Block broadcast_240 stored as values in memory (estimated size 13.1 KiB, free 191.0 MiB)
26/08/14 00:13:54 INFO MemoryStore: Block broadcast_240_piece0 stored as bytes in memory (estimated size 6.1 KiB, free 191.0 MiB)
26/08/14 00:13:54 INFO BlockManagerInfo: Added broadcast_240_piece0 in memory on spark-driver:44031 (size: 6.1 KiB, free: 191.2 MiB)
26/08/14 00:13:54 INFO SparkContext: Created broadcast 240 from broadcast at DAGScheduler.scala:1585
26/08/14 00:13:54 INFO DAGScheduler: Submitting 1 missing tasks from ResultStage 241 (MapPartitionsRDD[1527] at call at /opt/spark/python/lib/py4j-0.10.9.7-src.zip/py4j/clientserver.py:617) (first 15 tasks are for partitions Vector(0))
26/08/14 00:13:54 INFO TaskSchedulerImpl: Adding task set 241.0 with 1 tasks resource profile 0
26/08/14 00:13:54 INFO TaskSetManager: Starting task 0.0 in stage 241.0 (TID 880) (172.26.0.12, executor 0, partition 0, NODE_LOCAL, 9003 bytes) 
26/08/14 00:13:54 INFO BlockManagerInfo: Added broadcast_240_piece0 in memory on 172.26.0.12:33791 (size: 6.1 KiB, free: 412.4 MiB)
26/08/14 00:13:54 INFO MapOutputTrackerMasterEndpoint: Asked to send map output locations for shuffle 109 to 172.26.0.12:37282
26/08/14 00:13:54 INFO TaskSetManager: Finished task 0.0 in stage 241.0 (TID 880) in 62 ms on 172.26.0.12 (executor 0) (1/1)
26/08/14 00:13:54 INFO TaskSchedulerImpl: Removed TaskSet 241.0, whose tasks have all completed, from pool 
26/08/14 00:13:54 INFO DAGScheduler: ResultStage 241 (call at /opt/spark/python/lib/py4j-0.10.9.7-src.zip/py4j/clientserver.py:617) finished in 0.072 s
26/08/14 00:13:54 INFO DAGScheduler: Job 131 is finished. Cancelling potential speculative or zombie tasks for this job
26/08/14 00:13:54 INFO TaskSchedulerImpl: Killing all running tasks in stage 241: Stage finished
26/08/14 00:13:54 INFO DAGScheduler: Job 131 finished: call at /opt/spark/python/lib/py4j-0.10.9.7-src.zip/py4j/clientserver.py:617, took 0.178462 s
26/08/14 00:13:54 INFO MapPartitionsRDD: Removing RDD 1468 from persistence list
26/08/14 00:13:54 INFO WatermarkTracker: Updating event-time watermark from 1786666301283 to 1786666307264 ms
26/08/14 00:13:54 INFO BlockManager: Removing RDD 1468
26/08/14 00:13:54 INFO CheckpointFileManager: Writing atomically to file:/opt/checkpoints/trips/commits/22 using temp file file:/opt/checkpoints/trips/commits/.22.f121392b-247f-4b5e-afa6-94ffe3b9710a.tmp
26/08/14 00:13:54 INFO CheckpointFileManager: Renamed temp file file:/opt/checkpoints/trips/commits/.22.f121392b-247f-4b5e-afa6-94ffe3b9710a.tmp to file:/opt/checkpoints/trips/commits/22
26/08/14 00:13:55 INFO MicroBatchExecution: Streaming query made progress: {
  "id" : "673700e1-7609-4c3e-bff3-65e01579062f",
  "runId" : "684f6ae2-98d1-4139-a900-0d86eb048f89",
  "name" : "trips-ingest-chaos_kill_cassandra_1",
  "timestamp" : "2026-08-14T00:13:47.565Z",
  "batchId" : 22,
  "numInputRows" : 4810,
  "inputRowsPerSecond" : 774.5571658615137,
  "processedRowsPerSecond" : 647.2012917115177,
  "durationMs" : {
    "addBatch" : 7215,
    "commitOffsets" : 107,
    "getBatch" : 0,
    "latestOffset" : 27,
    "queryPlanning" : 48,
    "triggerExecution" : 7432,
    "walCommit" : 28
  },
  "eventTime" : {
    "avg" : "2026-08-14T00:13:42.844Z",
    "max" : "2026-08-14T00:13:47.264Z",
    "min" : "2026-08-14T00:13:38.390Z",
    "watermark" : "2026-08-14T00:11:41.283Z"
  },
  "stateOperators" : [ ],
  "sources" : [ {
    "description" : "KafkaV2[Subscribe[trips.raw]]",
    "startOffset" : {
      "trips.raw" : {
        "2" : 242440,
        "5" : 240809,
        "4" : 242267,
        "1" : 242010,
        "3" : 242211,
        "0" : 242003
      }
    },
    "endOffset" : {
      "trips.raw" : {
        "2" : 243180,
        "5" : 241631,
        "4" : 243066,
        "1" : 242833,
        "3" : 243012,
        "0" : 242828
      }
    },
    "latestOffset" : {
      "trips.raw" : {
        "2" : 243180,
        "5" : 241631,
        "4" : 243066,
        "1" : 242833,
        "3" : 243012,
        "0" : 242828
      }
    },
    "numInputRows" : 4810,
    "inputRowsPerSecond" : 774.5571658615137,
    "processedRowsPerSecond" : 647.2012917115177,
    "metrics" : {
      "avgOffsetsBehindLatest" : "0.0",
      "maxOffsetsBehindLatest" : "0",
      "minOffsetsBehindLatest" : "0"
    }
  } ],
  "sink" : {
    "description" : "ForeachBatchSink",
    "numOutputRows" : -1
  }
}
26/08/14 00:13:58 INFO BlockManagerInfo: Removed broadcast_240_piece0 on spark-driver:44031 in memory (size: 6.1 KiB, free: 191.2 MiB)
26/08/14 00:13:58 INFO BlockManagerInfo: Removed broadcast_240_piece0 on 172.26.0.12:33791 in memory (size: 6.1 KiB, free: 413.9 MiB)
26/08/14 00:13:58 INFO BlockManagerInfo: Removed broadcast_239_piece0 on spark-driver:44031 in memory (size: 24.8 KiB, free: 191.2 MiB)
26/08/14 00:13:58 INFO BlockManagerInfo: Removed broadcast_239_piece0 on 172.26.0.12:33791 in memory (size: 24.8 KiB, free: 413.9 MiB)
26/08/14 00:13:58 INFO BlockManagerInfo: Removed broadcast_239_piece0 on 172.26.0.13:37779 in memory (size: 24.8 KiB, free: 413.9 MiB)
26/08/14 00:14:05 INFO MicroBatchExecution: Streaming query has been idle and waiting for new data more than 10000 ms.
26/08/14 00:14:15 INFO MicroBatchExecution: Streaming query has been idle and waiting for new data more than 10000 ms.
26/08/14 00:14:15 INFO BlockManager: Removing RDD 1468
26/08/14 00:14:15 INFO BlockManager: Removing RDD 1506
2026-08-14 00:14:23,079 INFO  [stream] stop file observed - shutting down
26/08/14 00:14:23 INFO DAGScheduler: Asked to cancel job group 684f6ae2-98d1-4139-a900-0d86eb048f89
26/08/14 00:14:23 INFO AppInfoParser: App info kafka.admin.client for adminclient-1 unregistered
26/08/14 00:14:23 INFO Metrics: Metrics scheduler closed
26/08/14 00:14:23 INFO Metrics: Closing reporter org.apache.kafka.common.metrics.JmxReporter
26/08/14 00:14:23 INFO Metrics: Metrics reporters closed
26/08/14 00:14:23 INFO MicroBatchExecution: Async log purge executor pool for query trips-ingest-chaos_kill_cassandra_1 [id = 673700e1-7609-4c3e-bff3-65e01579062f, runId = 684f6ae2-98d1-4139-a900-0d86eb048f89] has been shutdown
26/08/14 00:14:23 INFO DAGScheduler: Asked to cancel job group 684f6ae2-98d1-4139-a900-0d86eb048f89
26/08/14 00:14:23 INFO MicroBatchExecution: Query trips-ingest-chaos_kill_cassandra_1 [id = 673700e1-7609-4c3e-bff3-65e01579062f, runId = 684f6ae2-98d1-4139-a900-0d86eb048f89] was stopped
{
  "run_id": "chaos_kill_cassandra_1",
  "finished_at": "2026-08-14T00:14:23.111509+00:00",
  "batches": 23,
  "non_empty_batches": 22,
  "input_rows": 79999,
  "rows_written_cassandra": 239997,
  "write_amplification": 3.0,
  "tables": [
    "trips_by_id",
    "trips_by_driver_day",
    "trips_by_city_hour"
  ],
  "unparseable": 0,
  "late_events": 0,
  "dlq_total": 0,
  "cassandra_write_successes": 239997,
  "cassandra_write_retries": 0,
  "avg_retries_to_success_all_writes": 0.0,
  "writes_needing_retry": 0,
  "avg_retries_among_retried_writes": 0.0,
  "mean_e2e_latency_ms_sampled": 4606.33,
  "latency_samples": 4176,
  "batch_seconds_p50": 4.3305,
  "batch_seconds_p95": 7.1249,
  "batch_seconds_p99": 7.1345,
  "failure_reasons": {},
  "config": {
    "backoff": "backoff=1s -> 2s -> 4s max_attempts=4 jitter=+/-10%",
    "consistency": "QUORUM",
    "allowed_lateness_sec": 120,
    "late_policy": "dlq",
    "max_offsets_per_trigger": 200000,
    "trigger_interval": "",
    "executor_cores": 3,
    "total_cores": 6,
    "partitions": 6,
    "latency_sample_rate": 0.05
  }
}
2026-08-14 00:14:23,113 INFO  [stream] summary -> /opt/app/results/raw/chaos_kill_cassandra_1_stream.json
26/08/14 00:14:23 INFO SparkContext: SparkContext is stopping with exitCode 0.
26/08/14 00:14:23 INFO SparkUI: Stopped Spark web UI at http://spark-driver:4040
26/08/14 00:14:23 INFO StandaloneSchedulerBackend: Shutting down all executors
26/08/14 00:14:23 INFO StandaloneSchedulerBackend$StandaloneDriverEndpoint: Asking each executor to shut down
26/08/14 00:14:23 INFO MapOutputTrackerMasterEndpoint: MapOutputTrackerMasterEndpoint stopped!
26/08/14 00:14:23 INFO MemoryStore: MemoryStore cleared
26/08/14 00:14:23 INFO BlockManager: BlockManager stopped
26/08/14 00:14:23 INFO BlockManagerMaster: BlockManagerMaster stopped
26/08/14 00:14:23 INFO OutputCommitCoordinator$OutputCommitCoordinatorEndpoint: OutputCommitCoordinator stopped!
26/08/14 00:14:23 INFO SparkContext: Successfully stopped SparkContext
26/08/14 00:14:23 INFO ShutdownHookManager: Shutdown hook called
26/08/14 00:14:23 INFO ShutdownHookManager: Deleting directory /tmp/spark-940b8a72-898c-4033-b06a-39729044139a
26/08/14 00:14:23 INFO ShutdownHookManager: Deleting directory /tmp/spark-44168dd7-8865-4d66-b3f9-4d34e94047fd/pyspark-fa8933dd-b976-4bd3-adf5-aca989bfedde
26/08/14 00:14:23 INFO ShutdownHookManager: Deleting directory /tmp/spark-44168dd7-8865-4d66-b3f9-4d34e94047fd
