2026-08-14 00:05:13,607 INFO  [stream] prometheus metrics on :9109/metrics
26/08/14 00:05:13 INFO SparkContext: Running Spark version 3.5.3
26/08/14 00:05:13 INFO SparkContext: OS info Linux, 6.10.14-linuxkit, aarch64
26/08/14 00:05:13 INFO SparkContext: Java version 11.0.24
26/08/14 00:05:13 WARN NativeCodeLoader: Unable to load native-hadoop library for your platform... using builtin-java classes where applicable
26/08/14 00:05:13 INFO ResourceUtils: ==============================================================
26/08/14 00:05:13 INFO ResourceUtils: No custom resources configured for spark.driver.
26/08/14 00:05:13 INFO ResourceUtils: ==============================================================
26/08/14 00:05:13 INFO SparkContext: Submitted application: rtdp-trips-chaos_kill_executor_1
26/08/14 00:05:13 INFO ResourceProfile: Default ResourceProfile created, executor resources: Map(cores -> name: cores, amount: 3, script: , vendor: , memory -> name: memory, amount: 1024, script: , vendor: , offHeap -> name: offHeap, amount: 0, script: , vendor: ), task resources: Map(cpus -> name: cpus, amount: 1.0)
26/08/14 00:05:13 INFO ResourceProfile: Limiting resource is cpus at 3 tasks per executor
26/08/14 00:05:13 INFO ResourceProfileManager: Added ResourceProfile id: 0
26/08/14 00:05:13 INFO SecurityManager: Changing view acls to: spark
26/08/14 00:05:13 INFO SecurityManager: Changing modify acls to: spark
26/08/14 00:05:13 INFO SecurityManager: Changing view acls groups to: 
26/08/14 00:05:13 INFO SecurityManager: Changing modify acls groups to: 
26/08/14 00:05:13 INFO SecurityManager: SecurityManager: authentication disabled; ui acls disabled; users with view permissions: spark; groups with view permissions: EMPTY; users with modify permissions: spark; groups with modify permissions: EMPTY
26/08/14 00:05:13 INFO Utils: Successfully started service 'sparkDriver' on port 40909.
26/08/14 00:05:13 INFO SparkEnv: Registering MapOutputTracker
26/08/14 00:05:13 INFO SparkEnv: Registering BlockManagerMaster
26/08/14 00:05:13 INFO BlockManagerMasterEndpoint: Using org.apache.spark.storage.DefaultTopologyMapper for getting topology information
26/08/14 00:05:13 INFO BlockManagerMasterEndpoint: BlockManagerMasterEndpoint up
26/08/14 00:05:13 INFO SparkEnv: Registering BlockManagerMasterHeartbeat
26/08/14 00:05:13 INFO DiskBlockManager: Created local directory at /tmp/blockmgr-ee51d991-05d4-4f7a-9a8b-f03d82da4bfa
26/08/14 00:05:13 INFO MemoryStore: MemoryStore started with capacity 191.2 MiB
26/08/14 00:05:13 INFO SparkEnv: Registering OutputCommitCoordinator
26/08/14 00:05:14 INFO JettyUtils: Start Jetty 0.0.0.0:4040 for SparkUI
26/08/14 00:05:14 INFO Utils: Successfully started service 'SparkUI' on port 4040.
26/08/14 00:05:14 INFO StandaloneAppClient$ClientEndpoint: Connecting to master spark://spark-master:7077...
26/08/14 00:05:14 INFO TransportClientFactory: Successfully created connection to spark-master/172.26.0.9:7077 after 18 ms (0 ms spent in bootstraps)
26/08/14 00:05:14 INFO StandaloneSchedulerBackend: Connected to Spark cluster with app ID app-20260814000514-0013
26/08/14 00:05:14 INFO StandaloneAppClient$ClientEndpoint: Executor added: app-20260814000514-0013/0 on worker-20260813231309-172.26.0.12-37613 (172.26.0.12:37613) with 3 core(s)
26/08/14 00:05:14 INFO StandaloneSchedulerBackend: Granted executor ID app-20260814000514-0013/0 on hostPort 172.26.0.12:37613 with 3 core(s), 1024.0 MiB RAM
26/08/14 00:05:14 INFO StandaloneAppClient$ClientEndpoint: Executor added: app-20260814000514-0013/1 on worker-20260813231309-172.26.0.13-34679 (172.26.0.13:34679) with 3 core(s)
26/08/14 00:05:14 INFO StandaloneSchedulerBackend: Granted executor ID app-20260814000514-0013/1 on hostPort 172.26.0.13:34679 with 3 core(s), 1024.0 MiB RAM
26/08/14 00:05:14 INFO Utils: Successfully started service 'org.apache.spark.network.netty.NettyBlockTransferService' on port 35647.
26/08/14 00:05:14 INFO NettyBlockTransferService: Server created on spark-driver 0.0.0.0:35647
26/08/14 00:05:14 INFO BlockManager: Using org.apache.spark.storage.RandomBlockReplicationPolicy for block replication policy
26/08/14 00:05:14 INFO BlockManagerMaster: Registering BlockManager BlockManagerId(driver, spark-driver, 35647, None)
26/08/14 00:05:14 INFO BlockManagerMasterEndpoint: Registering block manager spark-driver:35647 with 191.2 MiB RAM, BlockManagerId(driver, spark-driver, 35647, None)
26/08/14 00:05:14 INFO BlockManagerMaster: Registered BlockManager BlockManagerId(driver, spark-driver, 35647, None)
26/08/14 00:05:14 INFO BlockManager: Initialized BlockManager: BlockManagerId(driver, spark-driver, 35647, None)
26/08/14 00:05:14 INFO StandaloneAppClient$ClientEndpoint: Executor updated: app-20260814000514-0013/1 is now RUNNING
26/08/14 00:05:14 INFO StandaloneAppClient$ClientEndpoint: Executor updated: app-20260814000514-0013/0 is now RUNNING
26/08/14 00:05:14 INFO StandaloneSchedulerBackend: SchedulerBackend is ready for scheduling beginning after reached minRegisteredResourcesRatio: 0.0
2026-08-14 00:05:14,610 INFO  [stream] tables=['trips_by_id', 'trips_by_driver_day', 'trips_by_city_hour'] consistency=QUORUM backoff=1s -> 2s -> 4s max_attempts=4 jitter=+/-10% late_policy=dlq allowed_lateness=120s
26/08/14 00:05:14 INFO SharedState: Setting hive.metastore.warehouse.dir ('null') to the value of spark.sql.warehouse.dir.
26/08/14 00:05:14 INFO SharedState: Warehouse path is 'file:/opt/app/spark-warehouse'.
26/08/14 00:05:15 WARN KafkaSourceProvider: Kafka option 'kafka.group.id' has been set on this query, it is
 not recommended to set this option. This option is unsafe to use since multiple concurrent
 queries or sources using the same group id will interfere with each other as they are part
 of the same consumer group. Restarted queries may also suffer interference from the
 previous run having the same group id. The user should have only one query per group id,
 and/or set the option 'kafka.session.timeout.ms' to be very small so that the Kafka
 consumers from the previous query are marked dead by the Kafka group coordinator before the
 restarted query starts running.
    
26/08/14 00:05:17 INFO StandaloneSchedulerBackend$StandaloneDriverEndpoint: Registered executor NettyRpcEndpointRef(spark-client://Executor) (172.26.0.13:44738) with ID 1,  ResourceProfileId 0
26/08/14 00:05:17 INFO StandaloneSchedulerBackend$StandaloneDriverEndpoint: Registered executor NettyRpcEndpointRef(spark-client://Executor) (172.26.0.12:44860) with ID 0,  ResourceProfileId 0
2026-08-14 00:05:17,556 INFO  [stream] Callback Server Starting
2026-08-14 00:05:17,557 INFO  [stream] Socket listening on ('127.0.0.1', 43245)
26/08/14 00:05:17 INFO StateStoreCoordinatorRef: Registered StateStoreCoordinator endpoint
26/08/14 00:05:17 INFO BlockManagerMasterEndpoint: Registering block manager 172.26.0.12:39915 with 413.9 MiB RAM, BlockManagerId(0, 172.26.0.12, 39915, None)
26/08/14 00:05:17 INFO BlockManagerMasterEndpoint: Registering block manager 172.26.0.13:39169 with 413.9 MiB RAM, BlockManagerId(1, 172.26.0.13, 39169, None)
26/08/14 00:05:17 INFO ResolveWriteToStream: Checkpoint root /opt/checkpoints/trips resolved to file:/opt/checkpoints/trips.
26/08/14 00:05:17 WARN ResolveWriteToStream: spark.sql.adaptive.enabled is not supported in streaming DataFrames/Datasets and will be disabled.
26/08/14 00:05:17 INFO CheckpointFileManager: Writing atomically to file:/opt/checkpoints/trips/metadata using temp file file:/opt/checkpoints/trips/.metadata.95201321-4f86-4dd5-ba82-5add8e6b681d.tmp
26/08/14 00:05:17 INFO CheckpointFileManager: Renamed temp file file:/opt/checkpoints/trips/.metadata.95201321-4f86-4dd5-ba82-5add8e6b681d.tmp to file:/opt/checkpoints/trips/metadata
26/08/14 00:05:18 INFO MicroBatchExecution: Starting trips-ingest-chaos_kill_executor_1 [id = 5809875d-4e3d-4fb3-8383-949c002374c9, runId = d3ba1340-2011-4780-b92f-e7e48f2e3457]. Use file:/opt/checkpoints/trips to store the query checkpoint.
2026-08-14 00:05:18,025 INFO  [stream] query id=5809875d-4e3d-4fb3-8383-949c002374c9 checkpoint=/opt/checkpoints/trips
26/08/14 00:05:18 INFO MicroBatchExecution: Reading table [org.apache.spark.sql.kafka010.KafkaSourceProvider$KafkaTable@35d89bcf] from DataSourceV2 named 'kafka' [org.apache.spark.sql.kafka010.KafkaSourceProvider@5a9d5e36]
26/08/14 00:05:18 WARN KafkaSourceProvider: Kafka option 'kafka.group.id' has been set on this query, it is
 not recommended to set this option. This option is unsafe to use since multiple concurrent
 queries or sources using the same group id will interfere with each other as they are part
 of the same consumer group. Restarted queries may also suffer interference from the
 previous run having the same group id. The user should have only one query per group id,
 and/or set the option 'kafka.session.timeout.ms' to be very small so that the Kafka
 consumers from the previous query are marked dead by the Kafka group coordinator before the
 restarted query starts running.
    
26/08/14 00:05:18 INFO OffsetSeqLog: BatchIds found from listing: 
26/08/14 00:05:18 INFO OffsetSeqLog: BatchIds found from listing: 
26/08/14 00:05:18 INFO MicroBatchExecution: Starting new streaming query.
26/08/14 00:05:18 INFO MicroBatchExecution: Stream started from {}
26/08/14 00:05:18 INFO AdminClientConfig: AdminClientConfig values: 
	auto.include.jmx.reporter = true
	bootstrap.servers = [kafka1:9092, kafka2:9092, kafka3:9092]
	client.dns.lookup = use_all_dns_ips
	client.id = 
	connections.max.idle.ms = 300000
	default.api.timeout.ms = 60000
	metadata.max.age.ms = 300000
	metric.reporters = []
	metrics.num.samples = 2
	metrics.recording.level = INFO
	metrics.sample.window.ms = 30000
	receive.buffer.bytes = 65536
	reconnect.backoff.max.ms = 1000
	reconnect.backoff.ms = 50
	request.timeout.ms = 30000
	retries = 2147483647
	retry.backoff.ms = 100
	sasl.client.callback.handler.class = null
	sasl.jaas.config = null
	sasl.kerberos.kinit.cmd = /usr/bin/kinit
	sasl.kerberos.min.time.before.relogin = 60000
	sasl.kerberos.service.name = null
	sasl.kerberos.ticket.renew.jitter = 0.05
	sasl.kerberos.ticket.renew.window.factor = 0.8
	sasl.login.callback.handler.class = null
	sasl.login.class = null
	sasl.login.connect.timeout.ms = null
	sasl.login.read.timeout.ms = null
	sasl.login.refresh.buffer.seconds = 300
	sasl.login.refresh.min.period.seconds = 60
	sasl.login.refresh.window.factor = 0.8
	sasl.login.refresh.window.jitter = 0.05
	sasl.login.retry.backoff.max.ms = 10000
	sasl.login.retry.backoff.ms = 100
	sasl.mechanism = GSSAPI
	sasl.oauthbearer.clock.skew.seconds = 30
	sasl.oauthbearer.expected.audience = null
	sasl.oauthbearer.expected.issuer = null
	sasl.oauthbearer.jwks.endpoint.refresh.ms = 3600000
	sasl.oauthbearer.jwks.endpoint.retry.backoff.max.ms = 10000
	sasl.oauthbearer.jwks.endpoint.retry.backoff.ms = 100
	sasl.oauthbearer.jwks.endpoint.url = null
	sasl.oauthbearer.scope.claim.name = scope
	sasl.oauthbearer.sub.claim.name = sub
	sasl.oauthbearer.token.endpoint.url = null
	security.protocol = PLAINTEXT
	security.providers = null
	send.buffer.bytes = 131072
	socket.connection.setup.timeout.max.ms = 30000
	socket.connection.setup.timeout.ms = 10000
	ssl.cipher.suites = null
	ssl.enabled.protocols = [TLSv1.2, TLSv1.3]
	ssl.endpoint.identification.algorithm = https
	ssl.engine.factory.class = null
	ssl.key.password = null
	ssl.keymanager.algorithm = SunX509
	ssl.keystore.certificate.chain = null
	ssl.keystore.key = null
	ssl.keystore.location = null
	ssl.keystore.password = null
	ssl.keystore.type = JKS
	ssl.protocol = TLSv1.3
	ssl.provider = null
	ssl.secure.random.implementation = null
	ssl.trustmanager.algorithm = PKIX
	ssl.truststore.certificates = null
	ssl.truststore.location = null
	ssl.truststore.password = null
	ssl.truststore.type = JKS

26/08/14 00:05:18 WARN AdminClientConfig: These configurations '[key.deserializer, value.deserializer, enable.auto.commit, max.poll.records, group.id, auto.offset.reset]' were supplied but are not used yet.
26/08/14 00:05:18 INFO AppInfoParser: Kafka version: 3.4.1
26/08/14 00:05:18 INFO AppInfoParser: Kafka commitId: 8a516edc2755df89
26/08/14 00:05:18 INFO AppInfoParser: Kafka startTimeMs: 1786665918550
26/08/14 00:05:18 INFO CheckpointFileManager: Writing atomically to file:/opt/checkpoints/trips/sources/0/0 using temp file file:/opt/checkpoints/trips/sources/0/.0.2bb08dc1-424b-460e-934d-a436384f4372.tmp
26/08/14 00:05:18 INFO CheckpointFileManager: Renamed temp file file:/opt/checkpoints/trips/sources/0/.0.2bb08dc1-424b-460e-934d-a436384f4372.tmp to file:/opt/checkpoints/trips/sources/0/0
26/08/14 00:05:18 INFO KafkaMicroBatchStream: Initial offsets: {"trips.raw":{"2":203207,"5":201947,"4":203042,"1":202930,"3":202842,"0":202586}}
26/08/14 00:05:18 INFO CheckpointFileManager: Writing atomically to file:/opt/checkpoints/trips/offsets/0 using temp file file:/opt/checkpoints/trips/offsets/.0.25713238-cfb0-4b98-b845-7bf88f61f3a6.tmp
26/08/14 00:05:18 INFO CheckpointFileManager: Renamed temp file file:/opt/checkpoints/trips/offsets/.0.25713238-cfb0-4b98-b845-7bf88f61f3a6.tmp to file:/opt/checkpoints/trips/offsets/0
26/08/14 00:05:18 INFO MicroBatchExecution: Committed offsets for batch 0. Metadata OffsetSeqMetadata(0,1786665918810,Map(spark.sql.streaming.stateStore.providerClass -> org.apache.spark.sql.execution.streaming.state.HDFSBackedStateStoreProvider, spark.sql.streaming.join.stateFormatVersion -> 2, spark.sql.streaming.stateStore.compression.codec -> lz4, spark.sql.streaming.stateStore.rocksdb.formatVersion -> 5, spark.sql.streaming.statefulOperator.useStrictDistribution -> true, spark.sql.streaming.flatMapGroupsWithState.stateFormatVersion -> 2, spark.sql.streaming.multipleWatermarkPolicy -> min, spark.sql.streaming.aggregation.stateFormatVersion -> 2, spark.sql.shuffle.partitions -> 6))
26/08/14 00:05:19 INFO KafkaOffsetReaderAdmin: Partitions added: Map()
26/08/14 00:05:19 INFO KafkaOffsetReaderAdmin: Partitions added: Map()
26/08/14 00:05:19 INFO KafkaOffsetReaderAdmin: Partitions added: Map()
26/08/14 00:05:19 INFO KafkaOffsetReaderAdmin: Partitions added: Map()
26/08/14 00:05:19 INFO CodeGenerator: Code generated in 120.589917 ms
26/08/14 00:05:19 INFO CodeGenerator: Code generated in 7.3235 ms
2026-08-14 00:05:19,485 INFO  [stream] Python Server ready to receive messages
2026-08-14 00:05:19,486 INFO  [stream] Received command c on object id p0
26/08/14 00:05:19 INFO CodeGenerator: Code generated in 5.730917 ms
26/08/14 00:05:19 INFO CodeGenerator: Code generated in 4.235667 ms
26/08/14 00:05:19 INFO CodeGenerator: Code generated in 18.963959 ms
26/08/14 00:05:19 INFO SparkContext: Starting job: start at <unknown>:0
26/08/14 00:05:19 INFO DAGScheduler: Registering RDD 14 (start at <unknown>:0) as input to shuffle 0
26/08/14 00:05:19 INFO DAGScheduler: Got job 0 (start at <unknown>:0) with 1 output partitions
26/08/14 00:05:19 INFO DAGScheduler: Final stage: ResultStage 1 (start at <unknown>:0)
26/08/14 00:05:19 INFO DAGScheduler: Parents of final stage: List(ShuffleMapStage 0)
26/08/14 00:05:19 INFO DAGScheduler: Missing parents: List()
26/08/14 00:05:19 INFO DAGScheduler: Submitting ResultStage 1 (MapPartitionsRDD[17] at start at <unknown>:0), which has no missing parents
26/08/14 00:05:19 INFO MemoryStore: Block broadcast_0 stored as values in memory (estimated size 12.5 KiB, free 191.2 MiB)
26/08/14 00:05:19 INFO MemoryStore: Block broadcast_0_piece0 stored as bytes in memory (estimated size 5.9 KiB, free 191.2 MiB)
26/08/14 00:05:19 INFO BlockManagerInfo: Added broadcast_0_piece0 in memory on spark-driver:35647 (size: 5.9 KiB, free: 191.2 MiB)
26/08/14 00:05:19 INFO SparkContext: Created broadcast 0 from broadcast at DAGScheduler.scala:1585
26/08/14 00:05:19 INFO DAGScheduler: Submitting 1 missing tasks from ResultStage 1 (MapPartitionsRDD[17] at start at <unknown>:0) (first 15 tasks are for partitions Vector(0))
26/08/14 00:05:19 INFO TaskSchedulerImpl: Adding task set 1.0 with 1 tasks resource profile 0
26/08/14 00:05:19 INFO TaskSetManager: Starting task 0.0 in stage 1.0 (TID 0) (172.26.0.12, executor 0, partition 0, PROCESS_LOCAL, 9003 bytes) 
26/08/14 00:05:19 INFO BlockManagerInfo: Added broadcast_0_piece0 in memory on 172.26.0.12:39915 (size: 5.9 KiB, free: 413.9 MiB)
26/08/14 00:05:19 INFO MapOutputTrackerMasterEndpoint: Asked to send map output locations for shuffle 0 to 172.26.0.12:44860
26/08/14 00:05:20 INFO TaskSetManager: Finished task 0.0 in stage 1.0 (TID 0) in 509 ms on 172.26.0.12 (executor 0) (1/1)
26/08/14 00:05:20 INFO TaskSchedulerImpl: Removed TaskSet 1.0, whose tasks have all completed, from pool 
26/08/14 00:05:20 INFO DAGScheduler: ResultStage 1 (start at <unknown>:0) finished in 0.567 s
26/08/14 00:05:20 INFO DAGScheduler: Job 0 is finished. Cancelling potential speculative or zombie tasks for this job
26/08/14 00:05:20 INFO TaskSchedulerImpl: Killing all running tasks in stage 1: Stage finished
26/08/14 00:05:20 INFO DAGScheduler: Job 0 finished: start at <unknown>:0, took 0.594010 s
2026-08-14 00:05:20,216 INFO  [stream] batch=0 in=0 written=0 late=0 dlq=0 0.73s (0 rows/s)
26/08/14 00:05:20 INFO MapPartitionsRDD: Removing RDD 9 from persistence list
26/08/14 00:05:20 INFO BlockManager: Removing RDD 9
26/08/14 00:05:20 INFO CheckpointFileManager: Writing atomically to file:/opt/checkpoints/trips/commits/0 using temp file file:/opt/checkpoints/trips/commits/.0.8473f1cd-6816-4a31-8798-446690699075.tmp
26/08/14 00:05:20 INFO CheckpointFileManager: Renamed temp file file:/opt/checkpoints/trips/commits/.0.8473f1cd-6816-4a31-8798-446690699075.tmp to file:/opt/checkpoints/trips/commits/0
26/08/14 00:05:20 INFO MicroBatchExecution: Streaming query made progress: {
  "id" : "5809875d-4e3d-4fb3-8383-949c002374c9",
  "runId" : "d3ba1340-2011-4780-b92f-e7e48f2e3457",
  "name" : "trips-ingest-chaos_kill_executor_1",
  "timestamp" : "2026-08-14T00:05:18.064Z",
  "batchId" : 0,
  "numInputRows" : 0,
  "inputRowsPerSecond" : 0.0,
  "processedRowsPerSecond" : 0.0,
  "durationMs" : {
    "addBatch" : 1062,
    "commitOffsets" : 19,
    "getBatch" : 10,
    "latestOffset" : 730,
    "queryPlanning" : 298,
    "triggerExecution" : 2193,
    "walCommit" : 47
  },
  "eventTime" : {
    "watermark" : "1970-01-01T00:00:00.000Z"
  },
  "stateOperators" : [ ],
  "sources" : [ {
    "description" : "KafkaV2[Subscribe[trips.raw]]",
    "startOffset" : null,
    "endOffset" : {
      "trips.raw" : {
        "2" : 203207,
        "5" : 201947,
        "4" : 203042,
        "1" : 202930,
        "3" : 202842,
        "0" : 202586
      }
    },
    "latestOffset" : {
      "trips.raw" : {
        "2" : 203207,
        "5" : 201947,
        "4" : 203042,
        "1" : 202930,
        "3" : 202842,
        "0" : 202586
      }
    },
    "numInputRows" : 0,
    "inputRowsPerSecond" : 0.0,
    "processedRowsPerSecond" : 0.0,
    "metrics" : {
      "avgOffsetsBehindLatest" : "0.0",
      "maxOffsetsBehindLatest" : "0",
      "minOffsetsBehindLatest" : "0"
    }
  } ],
  "sink" : {
    "description" : "ForeachBatchSink",
    "numOutputRows" : -1
  }
}
26/08/14 00:05:21 INFO BlockManagerInfo: Removed broadcast_0_piece0 on spark-driver:35647 in memory (size: 5.9 KiB, free: 191.2 MiB)
26/08/14 00:05:21 INFO BlockManagerInfo: Removed broadcast_0_piece0 on 172.26.0.12:39915 in memory (size: 5.9 KiB, free: 413.9 MiB)
26/08/14 00:05:27 INFO CheckpointFileManager: Writing atomically to file:/opt/checkpoints/trips/offsets/1 using temp file file:/opt/checkpoints/trips/offsets/.1.34785f3f-9ccf-4a2a-ba06-e42c15acd66d.tmp
26/08/14 00:05:27 INFO CheckpointFileManager: Renamed temp file file:/opt/checkpoints/trips/offsets/.1.34785f3f-9ccf-4a2a-ba06-e42c15acd66d.tmp to file:/opt/checkpoints/trips/offsets/1
26/08/14 00:05:27 INFO MicroBatchExecution: Committed offsets for batch 1. Metadata OffsetSeqMetadata(0,1786665927699,Map(spark.sql.streaming.stateStore.providerClass -> org.apache.spark.sql.execution.streaming.state.HDFSBackedStateStoreProvider, spark.sql.streaming.join.stateFormatVersion -> 2, spark.sql.streaming.stateStore.compression.codec -> lz4, spark.sql.streaming.stateStore.rocksdb.formatVersion -> 5, spark.sql.streaming.statefulOperator.useStrictDistribution -> true, spark.sql.streaming.flatMapGroupsWithState.stateFormatVersion -> 2, spark.sql.streaming.multipleWatermarkPolicy -> min, spark.sql.streaming.aggregation.stateFormatVersion -> 2, spark.sql.shuffle.partitions -> 6))
26/08/14 00:05:27 INFO KafkaOffsetReaderAdmin: Partitions added: Map()
26/08/14 00:05:27 INFO KafkaOffsetReaderAdmin: Partitions added: Map()
26/08/14 00:05:27 INFO KafkaOffsetReaderAdmin: Partitions added: Map()
26/08/14 00:05:27 INFO KafkaOffsetReaderAdmin: Partitions added: Map()
2026-08-14 00:05:27,946 INFO  [stream] Received command c on object id p0
26/08/14 00:05:28 INFO SparkContext: Starting job: start at <unknown>:0
26/08/14 00:05:28 INFO DAGScheduler: Registering RDD 32 (start at <unknown>:0) as input to shuffle 1
26/08/14 00:05:28 INFO DAGScheduler: Got job 1 (start at <unknown>:0) with 1 output partitions
26/08/14 00:05:28 INFO DAGScheduler: Final stage: ResultStage 3 (start at <unknown>:0)
26/08/14 00:05:28 INFO DAGScheduler: Parents of final stage: List(ShuffleMapStage 2)
26/08/14 00:05:28 INFO DAGScheduler: Missing parents: List(ShuffleMapStage 2)
26/08/14 00:05:28 INFO DAGScheduler: Submitting ShuffleMapStage 2 (MapPartitionsRDD[32] at start at <unknown>:0), which has no missing parents
26/08/14 00:05:28 INFO MemoryStore: Block broadcast_1 stored as values in memory (estimated size 64.4 KiB, free 191.1 MiB)
26/08/14 00:05:28 INFO MemoryStore: Block broadcast_1_piece0 stored as bytes in memory (estimated size 24.0 KiB, free 191.1 MiB)
26/08/14 00:05:28 INFO BlockManagerInfo: Added broadcast_1_piece0 in memory on spark-driver:35647 (size: 24.0 KiB, free: 191.2 MiB)
26/08/14 00:05:28 INFO SparkContext: Created broadcast 1 from broadcast at DAGScheduler.scala:1585
26/08/14 00:05:28 INFO DAGScheduler: Submitting 4 missing tasks from ShuffleMapStage 2 (MapPartitionsRDD[32] at start at <unknown>:0) (first 15 tasks are for partitions Vector(0, 1, 2, 3))
26/08/14 00:05:28 INFO TaskSchedulerImpl: Adding task set 2.0 with 4 tasks resource profile 0
26/08/14 00:05:28 INFO TaskSetManager: Starting task 2.0 in stage 2.0 (TID 1) (172.26.0.13, executor 1, partition 2, PROCESS_LOCAL, 9921 bytes) 
26/08/14 00:05:28 INFO TaskSetManager: Starting task 0.0 in stage 2.0 (TID 2) (172.26.0.12, executor 0, partition 0, PROCESS_LOCAL, 9921 bytes) 
26/08/14 00:05:28 INFO TaskSetManager: Starting task 3.0 in stage 2.0 (TID 3) (172.26.0.13, executor 1, partition 3, PROCESS_LOCAL, 9921 bytes) 
26/08/14 00:05:28 INFO TaskSetManager: Starting task 1.0 in stage 2.0 (TID 4) (172.26.0.12, executor 0, partition 1, PROCESS_LOCAL, 9921 bytes) 
26/08/14 00:05:28 INFO BlockManagerInfo: Added broadcast_1_piece0 in memory on 172.26.0.12:39915 (size: 24.0 KiB, free: 413.9 MiB)
26/08/14 00:05:28 INFO BlockManagerInfo: Added broadcast_1_piece0 in memory on 172.26.0.13:39169 (size: 24.0 KiB, free: 413.9 MiB)
26/08/14 00:05:30 INFO BlockManagerInfo: Added rdd_27_1 in memory on 172.26.0.12:39915 (size: 44.5 KiB, free: 413.9 MiB)
26/08/14 00:05:30 INFO BlockManagerInfo: Added rdd_27_0 in memory on 172.26.0.12:39915 (size: 48.7 KiB, free: 413.8 MiB)
26/08/14 00:05:31 INFO TaskSetManager: Finished task 0.0 in stage 2.0 (TID 2) in 3067 ms on 172.26.0.12 (executor 0) (1/4)
26/08/14 00:05:31 INFO TaskSetManager: Finished task 1.0 in stage 2.0 (TID 4) in 3069 ms on 172.26.0.12 (executor 0) (2/4)
26/08/14 00:05:31 INFO BlockManagerInfo: Added rdd_27_3 in memory on 172.26.0.13:39169 (size: 45.1 KiB, free: 413.9 MiB)
26/08/14 00:05:31 INFO BlockManagerInfo: Added rdd_27_2 in memory on 172.26.0.13:39169 (size: 51.2 KiB, free: 413.8 MiB)
26/08/14 00:05:31 INFO TaskSetManager: Finished task 2.0 in stage 2.0 (TID 1) in 3635 ms on 172.26.0.13 (executor 1) (3/4)
26/08/14 00:05:31 INFO TaskSetManager: Finished task 3.0 in stage 2.0 (TID 3) in 3632 ms on 172.26.0.13 (executor 1) (4/4)
26/08/14 00:05:31 INFO TaskSchedulerImpl: Removed TaskSet 2.0, whose tasks have all completed, from pool 
26/08/14 00:05:31 INFO DAGScheduler: ShuffleMapStage 2 (start at <unknown>:0) finished in 3.669 s
26/08/14 00:05:31 INFO DAGScheduler: looking for newly runnable stages
26/08/14 00:05:31 INFO DAGScheduler: running: Set()
26/08/14 00:05:31 INFO DAGScheduler: waiting: Set(ResultStage 3)
26/08/14 00:05:31 INFO DAGScheduler: failed: Set()
26/08/14 00:05:31 INFO DAGScheduler: Submitting ResultStage 3 (MapPartitionsRDD[35] at start at <unknown>:0), which has no missing parents
26/08/14 00:05:31 INFO MemoryStore: Block broadcast_2 stored as values in memory (estimated size 12.5 KiB, free 191.1 MiB)
26/08/14 00:05:31 INFO MemoryStore: Block broadcast_2_piece0 stored as bytes in memory (estimated size 5.9 KiB, free 191.1 MiB)
26/08/14 00:05:31 INFO BlockManagerInfo: Added broadcast_2_piece0 in memory on spark-driver:35647 (size: 5.9 KiB, free: 191.2 MiB)
26/08/14 00:05:31 INFO SparkContext: Created broadcast 2 from broadcast at DAGScheduler.scala:1585
26/08/14 00:05:31 INFO DAGScheduler: Submitting 1 missing tasks from ResultStage 3 (MapPartitionsRDD[35] at start at <unknown>:0) (first 15 tasks are for partitions Vector(0))
26/08/14 00:05:31 INFO TaskSchedulerImpl: Adding task set 3.0 with 1 tasks resource profile 0
26/08/14 00:05:31 INFO TaskSetManager: Starting task 0.0 in stage 3.0 (TID 5) (172.26.0.13, executor 1, partition 0, NODE_LOCAL, 9003 bytes) 
26/08/14 00:05:31 INFO BlockManagerInfo: Added broadcast_2_piece0 in memory on 172.26.0.13:39169 (size: 5.9 KiB, free: 413.8 MiB)
26/08/14 00:05:31 INFO MapOutputTrackerMasterEndpoint: Asked to send map output locations for shuffle 1 to 172.26.0.13:44738
26/08/14 00:05:31 INFO TaskSetManager: Finished task 0.0 in stage 3.0 (TID 5) in 131 ms on 172.26.0.13 (executor 1) (1/1)
26/08/14 00:05:31 INFO TaskSchedulerImpl: Removed TaskSet 3.0, whose tasks have all completed, from pool 
26/08/14 00:05:31 INFO DAGScheduler: ResultStage 3 (start at <unknown>:0) finished in 0.152 s
26/08/14 00:05:31 INFO DAGScheduler: Job 1 is finished. Cancelling potential speculative or zombie tasks for this job
26/08/14 00:05:31 INFO TaskSchedulerImpl: Killing all running tasks in stage 3: Stage finished
26/08/14 00:05:31 INFO DAGScheduler: Job 1 finished: start at <unknown>:0, took 3.843517 s
26/08/14 00:05:31 INFO BlockManagerInfo: Removed broadcast_1_piece0 on spark-driver:35647 in memory (size: 24.0 KiB, free: 191.2 MiB)
26/08/14 00:05:31 INFO BlockManagerInfo: Removed broadcast_1_piece0 on 172.26.0.12:39915 in memory (size: 24.0 KiB, free: 413.8 MiB)
26/08/14 00:05:31 INFO BlockManagerInfo: Removed broadcast_1_piece0 on 172.26.0.13:39169 in memory (size: 24.0 KiB, free: 413.8 MiB)
26/08/14 00:05:31 INFO BlockManagerInfo: Removed broadcast_2_piece0 on spark-driver:35647 in memory (size: 5.9 KiB, free: 191.2 MiB)
26/08/14 00:05:31 INFO BlockManagerInfo: Removed broadcast_2_piece0 on 172.26.0.13:39169 in memory (size: 5.9 KiB, free: 413.8 MiB)
26/08/14 00:05:31 INFO CodeGenerator: Code generated in 14.582917 ms
26/08/14 00:05:32 INFO SparkContext: Starting job: start at <unknown>:0
26/08/14 00:05:32 INFO DAGScheduler: Registering RDD 40 (start at <unknown>:0) as input to shuffle 2
26/08/14 00:05:32 INFO DAGScheduler: Got job 2 (start at <unknown>:0) with 1 output partitions
26/08/14 00:05:32 INFO DAGScheduler: Final stage: ResultStage 5 (start at <unknown>:0)
26/08/14 00:05:32 INFO DAGScheduler: Parents of final stage: List(ShuffleMapStage 4)
26/08/14 00:05:32 INFO DAGScheduler: Missing parents: List(ShuffleMapStage 4)
26/08/14 00:05:32 INFO DAGScheduler: Submitting ShuffleMapStage 4 (MapPartitionsRDD[40] at start at <unknown>:0), which has no missing parents
26/08/14 00:05:32 INFO MemoryStore: Block broadcast_3 stored as values in memory (estimated size 64.8 KiB, free 191.1 MiB)
26/08/14 00:05:32 INFO MemoryStore: Block broadcast_3_piece0 stored as bytes in memory (estimated size 24.2 KiB, free 191.1 MiB)
26/08/14 00:05:32 INFO BlockManagerInfo: Added broadcast_3_piece0 in memory on spark-driver:35647 (size: 24.2 KiB, free: 191.2 MiB)
26/08/14 00:05:32 INFO SparkContext: Created broadcast 3 from broadcast at DAGScheduler.scala:1585
26/08/14 00:05:32 INFO DAGScheduler: Submitting 4 missing tasks from ShuffleMapStage 4 (MapPartitionsRDD[40] at start at <unknown>:0) (first 15 tasks are for partitions Vector(0, 1, 2, 3))
26/08/14 00:05:32 INFO TaskSchedulerImpl: Adding task set 4.0 with 4 tasks resource profile 0
26/08/14 00:05:32 INFO TaskSetManager: Starting task 0.0 in stage 4.0 (TID 6) (172.26.0.12, executor 0, partition 0, PROCESS_LOCAL, 9921 bytes) 
26/08/14 00:05:32 INFO TaskSetManager: Starting task 2.0 in stage 4.0 (TID 7) (172.26.0.13, executor 1, partition 2, PROCESS_LOCAL, 9921 bytes) 
26/08/14 00:05:32 INFO TaskSetManager: Starting task 1.0 in stage 4.0 (TID 8) (172.26.0.12, executor 0, partition 1, PROCESS_LOCAL, 9921 bytes) 
26/08/14 00:05:32 INFO TaskSetManager: Starting task 3.0 in stage 4.0 (TID 9) (172.26.0.13, executor 1, partition 3, PROCESS_LOCAL, 9921 bytes) 
26/08/14 00:05:32 INFO BlockManagerInfo: Added broadcast_3_piece0 in memory on 172.26.0.12:39915 (size: 24.2 KiB, free: 413.8 MiB)
26/08/14 00:05:32 INFO BlockManagerInfo: Added broadcast_3_piece0 in memory on 172.26.0.13:39169 (size: 24.2 KiB, free: 413.8 MiB)
26/08/14 00:05:32 INFO TaskSetManager: Finished task 2.0 in stage 4.0 (TID 7) in 86 ms on 172.26.0.13 (executor 1) (1/4)
26/08/14 00:05:32 INFO TaskSetManager: Finished task 3.0 in stage 4.0 (TID 9) in 86 ms on 172.26.0.13 (executor 1) (2/4)
26/08/14 00:05:32 INFO TaskSetManager: Finished task 0.0 in stage 4.0 (TID 6) in 99 ms on 172.26.0.12 (executor 0) (3/4)
26/08/14 00:05:32 INFO TaskSetManager: Finished task 1.0 in stage 4.0 (TID 8) in 100 ms on 172.26.0.12 (executor 0) (4/4)
26/08/14 00:05:32 INFO TaskSchedulerImpl: Removed TaskSet 4.0, whose tasks have all completed, from pool 
26/08/14 00:05:32 INFO DAGScheduler: ShuffleMapStage 4 (start at <unknown>:0) finished in 0.110 s
26/08/14 00:05:32 INFO DAGScheduler: looking for newly runnable stages
26/08/14 00:05:32 INFO DAGScheduler: running: Set()
26/08/14 00:05:32 INFO DAGScheduler: waiting: Set(ResultStage 5)
26/08/14 00:05:32 INFO DAGScheduler: failed: Set()
26/08/14 00:05:32 INFO DAGScheduler: Submitting ResultStage 5 (MapPartitionsRDD[43] at start at <unknown>:0), which has no missing parents
26/08/14 00:05:32 INFO MemoryStore: Block broadcast_4 stored as values in memory (estimated size 12.5 KiB, free 191.1 MiB)
26/08/14 00:05:32 INFO MemoryStore: Block broadcast_4_piece0 stored as bytes in memory (estimated size 5.9 KiB, free 191.1 MiB)
26/08/14 00:05:32 INFO BlockManagerInfo: Added broadcast_4_piece0 in memory on spark-driver:35647 (size: 5.9 KiB, free: 191.2 MiB)
26/08/14 00:05:32 INFO SparkContext: Created broadcast 4 from broadcast at DAGScheduler.scala:1585
26/08/14 00:05:32 INFO DAGScheduler: Submitting 1 missing tasks from ResultStage 5 (MapPartitionsRDD[43] at start at <unknown>:0) (first 15 tasks are for partitions Vector(0))
26/08/14 00:05:32 INFO TaskSchedulerImpl: Adding task set 5.0 with 1 tasks resource profile 0
26/08/14 00:05:32 INFO TaskSetManager: Starting task 0.0 in stage 5.0 (TID 10) (172.26.0.12, executor 0, partition 0, NODE_LOCAL, 9003 bytes) 
26/08/14 00:05:32 INFO BlockManagerInfo: Added broadcast_4_piece0 in memory on 172.26.0.12:39915 (size: 5.9 KiB, free: 413.8 MiB)
26/08/14 00:05:32 INFO MapOutputTrackerMasterEndpoint: Asked to send map output locations for shuffle 2 to 172.26.0.12:44860
26/08/14 00:05:32 INFO TaskSetManager: Finished task 0.0 in stage 5.0 (TID 10) in 69 ms on 172.26.0.12 (executor 0) (1/1)
26/08/14 00:05:32 INFO TaskSchedulerImpl: Removed TaskSet 5.0, whose tasks have all completed, from pool 
26/08/14 00:05:32 INFO DAGScheduler: ResultStage 5 (start at <unknown>:0) finished in 0.077 s
26/08/14 00:05:32 INFO DAGScheduler: Job 2 is finished. Cancelling potential speculative or zombie tasks for this job
26/08/14 00:05:32 INFO TaskSchedulerImpl: Killing all running tasks in stage 5: Stage finished
26/08/14 00:05:32 INFO DAGScheduler: Job 2 finished: start at <unknown>:0, took 0.201483 s
26/08/14 00:05:32 INFO CodeGenerator: Code generated in 11.3755 ms
26/08/14 00:05:32 INFO BlockManagerInfo: Removed broadcast_4_piece0 on spark-driver:35647 in memory (size: 5.9 KiB, free: 191.2 MiB)
26/08/14 00:05:32 INFO BlockManagerInfo: Removed broadcast_4_piece0 on 172.26.0.12:39915 in memory (size: 5.9 KiB, free: 413.8 MiB)
26/08/14 00:05:32 INFO BlockManagerInfo: Removed broadcast_3_piece0 on spark-driver:35647 in memory (size: 24.2 KiB, free: 191.2 MiB)
26/08/14 00:05:32 INFO BlockManagerInfo: Removed broadcast_3_piece0 on 172.26.0.12:39915 in memory (size: 24.2 KiB, free: 413.8 MiB)
26/08/14 00:05:32 INFO BlockManagerInfo: Removed broadcast_3_piece0 on 172.26.0.13:39169 in memory (size: 24.2 KiB, free: 413.8 MiB)
26/08/14 00:05:32 INFO CodeGenerator: Code generated in 4.548959 ms
26/08/14 00:05:32 INFO CodeGenerator: Code generated in 3.1345 ms
26/08/14 00:05:32 INFO DefaultCachedBatchSerializer: Predicate isnotnull(kind#2841) generates partition filter: ((kind.count#2910 - kind.nullCount#2909) > 0)
26/08/14 00:05:32 INFO DefaultCachedBatchSerializer: Predicate (kind#2841 = stats) generates partition filter: ((kind.lowerBound#2908 <= stats) AND (stats <= kind.upperBound#2907))
26/08/14 00:05:32 INFO SparkContext: Starting job: call at /opt/spark/python/lib/py4j-0.10.9.7-src.zip/py4j/clientserver.py:617
26/08/14 00:05:32 INFO DAGScheduler: Got job 3 (call at /opt/spark/python/lib/py4j-0.10.9.7-src.zip/py4j/clientserver.py:617) with 4 output partitions
26/08/14 00:05:32 INFO DAGScheduler: Final stage: ResultStage 6 (call at /opt/spark/python/lib/py4j-0.10.9.7-src.zip/py4j/clientserver.py:617)
26/08/14 00:05:32 INFO DAGScheduler: Parents of final stage: List()
26/08/14 00:05:32 INFO DAGScheduler: Missing parents: List()
26/08/14 00:05:32 INFO DAGScheduler: Submitting ResultStage 6 (MapPartitionsRDD[62] at call at /opt/spark/python/lib/py4j-0.10.9.7-src.zip/py4j/clientserver.py:617), which has no missing parents
26/08/14 00:05:32 INFO MemoryStore: Block broadcast_5 stored as values in memory (estimated size 89.8 KiB, free 191.1 MiB)
26/08/14 00:05:32 INFO MemoryStore: Block broadcast_5_piece0 stored as bytes in memory (estimated size 34.0 KiB, free 191.1 MiB)
26/08/14 00:05:32 INFO BlockManagerInfo: Added broadcast_5_piece0 in memory on spark-driver:35647 (size: 34.0 KiB, free: 191.2 MiB)
26/08/14 00:05:32 INFO SparkContext: Created broadcast 5 from broadcast at DAGScheduler.scala:1585
26/08/14 00:05:32 INFO DAGScheduler: Submitting 4 missing tasks from ResultStage 6 (MapPartitionsRDD[62] at call at /opt/spark/python/lib/py4j-0.10.9.7-src.zip/py4j/clientserver.py:617) (first 15 tasks are for partitions Vector(0, 1, 2, 3))
26/08/14 00:05:32 INFO TaskSchedulerImpl: Adding task set 6.0 with 4 tasks resource profile 0
26/08/14 00:05:32 INFO TaskSetManager: Starting task 2.0 in stage 6.0 (TID 11) (172.26.0.13, executor 1, partition 2, PROCESS_LOCAL, 9932 bytes) 
26/08/14 00:05:32 INFO TaskSetManager: Starting task 0.0 in stage 6.0 (TID 12) (172.26.0.12, executor 0, partition 0, PROCESS_LOCAL, 9932 bytes) 
26/08/14 00:05:32 INFO TaskSetManager: Starting task 3.0 in stage 6.0 (TID 13) (172.26.0.13, executor 1, partition 3, PROCESS_LOCAL, 9932 bytes) 
26/08/14 00:05:32 INFO TaskSetManager: Starting task 1.0 in stage 6.0 (TID 14) (172.26.0.12, executor 0, partition 1, PROCESS_LOCAL, 9932 bytes) 
26/08/14 00:05:32 INFO BlockManagerInfo: Added broadcast_5_piece0 in memory on 172.26.0.13:39169 (size: 34.0 KiB, free: 413.8 MiB)
26/08/14 00:05:32 INFO BlockManagerInfo: Added broadcast_5_piece0 in memory on 172.26.0.12:39915 (size: 34.0 KiB, free: 413.8 MiB)
26/08/14 00:05:34 INFO BlockManagerInfo: Added rdd_57_2 in memory on 172.26.0.13:39169 (size: 1792.0 B, free: 413.8 MiB)
26/08/14 00:05:34 INFO BlockManagerInfo: Added rdd_57_1 in memory on 172.26.0.12:39915 (size: 1792.0 B, free: 413.8 MiB)
26/08/14 00:05:34 INFO BlockManagerInfo: Added rdd_57_0 in memory on 172.26.0.12:39915 (size: 1792.0 B, free: 413.8 MiB)
26/08/14 00:05:34 INFO BlockManagerInfo: Added rdd_57_3 in memory on 172.26.0.13:39169 (size: 1792.0 B, free: 413.8 MiB)
26/08/14 00:05:34 INFO TaskSetManager: Finished task 3.0 in stage 6.0 (TID 13) in 2141 ms on 172.26.0.13 (executor 1) (1/4)
26/08/14 00:05:34 INFO TaskSetManager: Finished task 2.0 in stage 6.0 (TID 11) in 2150 ms on 172.26.0.13 (executor 1) (2/4)
26/08/14 00:05:34 INFO PythonAccumulatorV2: Connected to AccumulatorServer at host: 127.0.0.1 port: 38347
26/08/14 00:05:34 INFO TaskSetManager: Finished task 0.0 in stage 6.0 (TID 12) in 2221 ms on 172.26.0.12 (executor 0) (3/4)
26/08/14 00:05:34 INFO TaskSetManager: Finished task 1.0 in stage 6.0 (TID 14) in 2318 ms on 172.26.0.12 (executor 0) (4/4)
26/08/14 00:05:34 INFO TaskSchedulerImpl: Removed TaskSet 6.0, whose tasks have all completed, from pool 
26/08/14 00:05:34 INFO DAGScheduler: ResultStage 6 (call at /opt/spark/python/lib/py4j-0.10.9.7-src.zip/py4j/clientserver.py:617) finished in 2.337 s
26/08/14 00:05:34 INFO DAGScheduler: Job 3 is finished. Cancelling potential speculative or zombie tasks for this job
26/08/14 00:05:34 INFO TaskSchedulerImpl: Killing all running tasks in stage 6: Stage finished
26/08/14 00:05:34 INFO DAGScheduler: Job 3 finished: call at /opt/spark/python/lib/py4j-0.10.9.7-src.zip/py4j/clientserver.py:617, took 2.349340 s
26/08/14 00:05:35 INFO CodeGenerator: Code generated in 30.859041 ms
26/08/14 00:05:35 INFO DefaultCachedBatchSerializer: Predicate isnotnull(kind#2841) generates partition filter: ((kind.count#2993 - kind.nullCount#2992) > 0)
26/08/14 00:05:35 INFO DefaultCachedBatchSerializer: Predicate (kind#2841 = dlq) generates partition filter: ((kind.lowerBound#2991 <= dlq) AND (dlq <= kind.upperBound#2990))
26/08/14 00:05:35 INFO SparkContext: Starting job: count at <unknown>:0
26/08/14 00:05:35 INFO DAGScheduler: Registering RDD 67 (count at <unknown>:0) as input to shuffle 3
26/08/14 00:05:35 INFO DAGScheduler: Got job 4 (count at <unknown>:0) with 1 output partitions
26/08/14 00:05:35 INFO DAGScheduler: Final stage: ResultStage 8 (count at <unknown>:0)
26/08/14 00:05:35 INFO DAGScheduler: Parents of final stage: List(ShuffleMapStage 7)
26/08/14 00:05:35 INFO DAGScheduler: Missing parents: List(ShuffleMapStage 7)
26/08/14 00:05:35 INFO DAGScheduler: Submitting ShuffleMapStage 7 (MapPartitionsRDD[67] at count at <unknown>:0), which has no missing parents
26/08/14 00:05:35 INFO MemoryStore: Block broadcast_6 stored as values in memory (estimated size 92.0 KiB, free 191.0 MiB)
26/08/14 00:05:35 INFO MemoryStore: Block broadcast_6_piece0 stored as bytes in memory (estimated size 35.3 KiB, free 191.0 MiB)
26/08/14 00:05:35 INFO BlockManagerInfo: Added broadcast_6_piece0 in memory on spark-driver:35647 (size: 35.3 KiB, free: 191.1 MiB)
26/08/14 00:05:35 INFO SparkContext: Created broadcast 6 from broadcast at DAGScheduler.scala:1585
26/08/14 00:05:35 INFO DAGScheduler: Submitting 4 missing tasks from ShuffleMapStage 7 (MapPartitionsRDD[67] at count at <unknown>:0) (first 15 tasks are for partitions Vector(0, 1, 2, 3))
26/08/14 00:05:35 INFO TaskSchedulerImpl: Adding task set 7.0 with 4 tasks resource profile 0
26/08/14 00:05:35 INFO TaskSetManager: Starting task 0.0 in stage 7.0 (TID 15) (172.26.0.12, executor 0, partition 0, PROCESS_LOCAL, 9921 bytes) 
26/08/14 00:05:35 INFO TaskSetManager: Starting task 2.0 in stage 7.0 (TID 16) (172.26.0.13, executor 1, partition 2, PROCESS_LOCAL, 9921 bytes) 
26/08/14 00:05:35 INFO TaskSetManager: Starting task 1.0 in stage 7.0 (TID 17) (172.26.0.12, executor 0, partition 1, PROCESS_LOCAL, 9921 bytes) 
26/08/14 00:05:35 INFO TaskSetManager: Starting task 3.0 in stage 7.0 (TID 18) (172.26.0.13, executor 1, partition 3, PROCESS_LOCAL, 9921 bytes) 
26/08/14 00:05:35 INFO BlockManagerInfo: Added broadcast_6_piece0 in memory on 172.26.0.13:39169 (size: 35.3 KiB, free: 413.8 MiB)
26/08/14 00:05:35 INFO BlockManagerInfo: Added broadcast_6_piece0 in memory on 172.26.0.12:39915 (size: 35.3 KiB, free: 413.8 MiB)
26/08/14 00:05:35 INFO TaskSetManager: Finished task 1.0 in stage 7.0 (TID 17) in 309 ms on 172.26.0.12 (executor 0) (1/4)
26/08/14 00:05:35 INFO TaskSetManager: Finished task 0.0 in stage 7.0 (TID 15) in 326 ms on 172.26.0.12 (executor 0) (2/4)
26/08/14 00:05:35 INFO TaskSetManager: Finished task 2.0 in stage 7.0 (TID 16) in 333 ms on 172.26.0.13 (executor 1) (3/4)
26/08/14 00:05:35 INFO TaskSetManager: Finished task 3.0 in stage 7.0 (TID 18) in 334 ms on 172.26.0.13 (executor 1) (4/4)
26/08/14 00:05:35 INFO TaskSchedulerImpl: Removed TaskSet 7.0, whose tasks have all completed, from pool 
26/08/14 00:05:35 INFO DAGScheduler: ShuffleMapStage 7 (count at <unknown>:0) finished in 0.444 s
26/08/14 00:05:35 INFO DAGScheduler: looking for newly runnable stages
26/08/14 00:05:35 INFO DAGScheduler: running: Set()
26/08/14 00:05:35 INFO DAGScheduler: waiting: Set(ResultStage 8)
26/08/14 00:05:35 INFO DAGScheduler: failed: Set()
26/08/14 00:05:35 INFO DAGScheduler: Submitting ResultStage 8 (MapPartitionsRDD[70] at count at <unknown>:0), which has no missing parents
26/08/14 00:05:35 INFO MemoryStore: Block broadcast_7 stored as values in memory (estimated size 12.5 KiB, free 191.0 MiB)
26/08/14 00:05:35 INFO MemoryStore: Block broadcast_7_piece0 stored as bytes in memory (estimated size 5.9 KiB, free 190.9 MiB)
26/08/14 00:05:35 INFO BlockManagerInfo: Added broadcast_7_piece0 in memory on spark-driver:35647 (size: 5.9 KiB, free: 191.1 MiB)
26/08/14 00:05:35 INFO SparkContext: Created broadcast 7 from broadcast at DAGScheduler.scala:1585
26/08/14 00:05:35 INFO DAGScheduler: Submitting 1 missing tasks from ResultStage 8 (MapPartitionsRDD[70] at count at <unknown>:0) (first 15 tasks are for partitions Vector(0))
26/08/14 00:05:35 INFO TaskSchedulerImpl: Adding task set 8.0 with 1 tasks resource profile 0
26/08/14 00:05:35 INFO TaskSetManager: Starting task 0.0 in stage 8.0 (TID 19) (172.26.0.13, executor 1, partition 0, NODE_LOCAL, 9003 bytes) 
26/08/14 00:05:35 INFO BlockManagerInfo: Added broadcast_7_piece0 in memory on 172.26.0.13:39169 (size: 5.9 KiB, free: 413.8 MiB)
26/08/14 00:05:35 INFO MapOutputTrackerMasterEndpoint: Asked to send map output locations for shuffle 3 to 172.26.0.13:44738
26/08/14 00:05:35 INFO TaskSetManager: Finished task 0.0 in stage 8.0 (TID 19) in 120 ms on 172.26.0.13 (executor 1) (1/1)
26/08/14 00:05:35 INFO TaskSchedulerImpl: Removed TaskSet 8.0, whose tasks have all completed, from pool 
26/08/14 00:05:35 INFO DAGScheduler: ResultStage 8 (count at <unknown>:0) finished in 0.145 s
26/08/14 00:05:35 INFO DAGScheduler: Job 4 is finished. Cancelling potential speculative or zombie tasks for this job
26/08/14 00:05:35 INFO TaskSchedulerImpl: Killing all running tasks in stage 8: Stage finished
26/08/14 00:05:35 INFO DAGScheduler: Job 4 finished: count at <unknown>:0, took 0.620442 s
26/08/14 00:05:35 INFO MapPartitionsRDD: Removing RDD 57 from persistence list
26/08/14 00:05:35 INFO BlockManager: Removing RDD 57
26/08/14 00:05:35 INFO CodeGenerator: Code generated in 20.748458 ms
26/08/14 00:05:35 INFO CodeGenerator: Code generated in 69.43075 ms
26/08/14 00:05:35 INFO BlockManagerInfo: Removed broadcast_7_piece0 on 172.26.0.13:39169 in memory (size: 5.9 KiB, free: 413.8 MiB)
26/08/14 00:05:35 INFO BlockManagerInfo: Removed broadcast_7_piece0 on spark-driver:35647 in memory (size: 5.9 KiB, free: 191.1 MiB)
26/08/14 00:05:36 INFO SparkContext: Starting job: call at /opt/spark/python/lib/py4j-0.10.9.7-src.zip/py4j/clientserver.py:617
26/08/14 00:05:36 INFO DAGScheduler: Registering RDD 75 (call at /opt/spark/python/lib/py4j-0.10.9.7-src.zip/py4j/clientserver.py:617) as input to shuffle 4
26/08/14 00:05:36 INFO DAGScheduler: Got job 5 (call at /opt/spark/python/lib/py4j-0.10.9.7-src.zip/py4j/clientserver.py:617) with 1 output partitions
26/08/14 00:05:36 INFO DAGScheduler: Final stage: ResultStage 10 (call at /opt/spark/python/lib/py4j-0.10.9.7-src.zip/py4j/clientserver.py:617)
26/08/14 00:05:36 INFO DAGScheduler: Parents of final stage: List(ShuffleMapStage 9)
26/08/14 00:05:36 INFO DAGScheduler: Missing parents: List(ShuffleMapStage 9)
26/08/14 00:05:36 INFO BlockManagerInfo: Removed broadcast_6_piece0 on spark-driver:35647 in memory (size: 35.3 KiB, free: 191.2 MiB)
26/08/14 00:05:36 INFO DAGScheduler: Submitting ShuffleMapStage 9 (MapPartitionsRDD[75] at call at /opt/spark/python/lib/py4j-0.10.9.7-src.zip/py4j/clientserver.py:617), which has no missing parents
26/08/14 00:05:36 INFO MemoryStore: Block broadcast_8 stored as values in memory (estimated size 66.0 KiB, free 191.0 MiB)
26/08/14 00:05:36 INFO BlockManagerInfo: Removed broadcast_6_piece0 on 172.26.0.13:39169 in memory (size: 35.3 KiB, free: 413.8 MiB)
26/08/14 00:05:36 INFO MemoryStore: Block broadcast_8_piece0 stored as bytes in memory (estimated size 24.7 KiB, free 191.0 MiB)
26/08/14 00:05:36 INFO BlockManagerInfo: Added broadcast_8_piece0 in memory on spark-driver:35647 (size: 24.7 KiB, free: 191.2 MiB)
26/08/14 00:05:36 INFO SparkContext: Created broadcast 8 from broadcast at DAGScheduler.scala:1585
26/08/14 00:05:36 INFO DAGScheduler: Submitting 4 missing tasks from ShuffleMapStage 9 (MapPartitionsRDD[75] at call at /opt/spark/python/lib/py4j-0.10.9.7-src.zip/py4j/clientserver.py:617) (first 15 tasks are for partitions Vector(0, 1, 2, 3))
26/08/14 00:05:36 INFO TaskSchedulerImpl: Adding task set 9.0 with 4 tasks resource profile 0
26/08/14 00:05:36 INFO BlockManagerInfo: Removed broadcast_6_piece0 on 172.26.0.12:39915 in memory (size: 35.3 KiB, free: 413.8 MiB)
26/08/14 00:05:36 INFO TaskSetManager: Starting task 2.0 in stage 9.0 (TID 20) (172.26.0.13, executor 1, partition 2, PROCESS_LOCAL, 9921 bytes) 
26/08/14 00:05:36 INFO TaskSetManager: Starting task 0.0 in stage 9.0 (TID 21) (172.26.0.12, executor 0, partition 0, PROCESS_LOCAL, 9921 bytes) 
26/08/14 00:05:36 INFO TaskSetManager: Starting task 3.0 in stage 9.0 (TID 22) (172.26.0.13, executor 1, partition 3, PROCESS_LOCAL, 9921 bytes) 
26/08/14 00:05:36 INFO TaskSetManager: Starting task 1.0 in stage 9.0 (TID 23) (172.26.0.12, executor 0, partition 1, PROCESS_LOCAL, 9921 bytes) 
26/08/14 00:05:36 INFO BlockManagerInfo: Removed broadcast_5_piece0 on spark-driver:35647 in memory (size: 34.0 KiB, free: 191.2 MiB)
26/08/14 00:05:36 INFO BlockManagerInfo: Removed broadcast_5_piece0 on 172.26.0.12:39915 in memory (size: 34.0 KiB, free: 413.8 MiB)
26/08/14 00:05:36 INFO BlockManagerInfo: Removed broadcast_5_piece0 on 172.26.0.13:39169 in memory (size: 34.0 KiB, free: 413.8 MiB)
26/08/14 00:05:36 INFO BlockManagerInfo: Added broadcast_8_piece0 in memory on 172.26.0.12:39915 (size: 24.7 KiB, free: 413.8 MiB)
26/08/14 00:05:36 INFO BlockManagerInfo: Added broadcast_8_piece0 in memory on 172.26.0.13:39169 (size: 24.7 KiB, free: 413.8 MiB)
26/08/14 00:05:36 INFO TaskSetManager: Finished task 1.0 in stage 9.0 (TID 23) in 213 ms on 172.26.0.12 (executor 0) (1/4)
26/08/14 00:05:36 INFO TaskSetManager: Finished task 0.0 in stage 9.0 (TID 21) in 223 ms on 172.26.0.12 (executor 0) (2/4)
26/08/14 00:05:36 INFO TaskSetManager: Finished task 2.0 in stage 9.0 (TID 20) in 243 ms on 172.26.0.13 (executor 1) (3/4)
26/08/14 00:05:36 INFO TaskSetManager: Finished task 3.0 in stage 9.0 (TID 22) in 239 ms on 172.26.0.13 (executor 1) (4/4)
26/08/14 00:05:36 INFO TaskSchedulerImpl: Removed TaskSet 9.0, whose tasks have all completed, from pool 
26/08/14 00:05:36 INFO DAGScheduler: ShuffleMapStage 9 (call at /opt/spark/python/lib/py4j-0.10.9.7-src.zip/py4j/clientserver.py:617) finished in 0.265 s
26/08/14 00:05:36 INFO DAGScheduler: looking for newly runnable stages
26/08/14 00:05:36 INFO DAGScheduler: running: Set()
26/08/14 00:05:36 INFO DAGScheduler: waiting: Set(ResultStage 10)
26/08/14 00:05:36 INFO DAGScheduler: failed: Set()
26/08/14 00:05:36 INFO DAGScheduler: Submitting ResultStage 10 (MapPartitionsRDD[78] at call at /opt/spark/python/lib/py4j-0.10.9.7-src.zip/py4j/clientserver.py:617), which has no missing parents
26/08/14 00:05:36 INFO MemoryStore: Block broadcast_9 stored as values in memory (estimated size 13.1 KiB, free 191.1 MiB)
26/08/14 00:05:36 INFO MemoryStore: Block broadcast_9_piece0 stored as bytes in memory (estimated size 6.1 KiB, free 191.1 MiB)
26/08/14 00:05:36 INFO BlockManagerInfo: Added broadcast_9_piece0 in memory on spark-driver:35647 (size: 6.1 KiB, free: 191.2 MiB)
26/08/14 00:05:36 INFO SparkContext: Created broadcast 9 from broadcast at DAGScheduler.scala:1585
26/08/14 00:05:36 INFO DAGScheduler: Submitting 1 missing tasks from ResultStage 10 (MapPartitionsRDD[78] at call at /opt/spark/python/lib/py4j-0.10.9.7-src.zip/py4j/clientserver.py:617) (first 15 tasks are for partitions Vector(0))
26/08/14 00:05:36 INFO TaskSchedulerImpl: Adding task set 10.0 with 1 tasks resource profile 0
26/08/14 00:05:36 INFO TaskSetManager: Starting task 0.0 in stage 10.0 (TID 24) (172.26.0.12, executor 0, partition 0, NODE_LOCAL, 9003 bytes) 
26/08/14 00:05:36 INFO BlockManagerInfo: Added broadcast_9_piece0 in memory on 172.26.0.12:39915 (size: 6.1 KiB, free: 413.8 MiB)
26/08/14 00:05:36 INFO MapOutputTrackerMasterEndpoint: Asked to send map output locations for shuffle 4 to 172.26.0.12:44860
26/08/14 00:05:36 INFO TaskSetManager: Finished task 0.0 in stage 10.0 (TID 24) in 52 ms on 172.26.0.12 (executor 0) (1/1)
26/08/14 00:05:36 INFO TaskSchedulerImpl: Removed TaskSet 10.0, whose tasks have all completed, from pool 
26/08/14 00:05:36 INFO DAGScheduler: ResultStage 10 (call at /opt/spark/python/lib/py4j-0.10.9.7-src.zip/py4j/clientserver.py:617) finished in 0.060 s
26/08/14 00:05:36 INFO DAGScheduler: Job 5 is finished. Cancelling potential speculative or zombie tasks for this job
26/08/14 00:05:36 INFO TaskSchedulerImpl: Killing all running tasks in stage 10: Stage finished
26/08/14 00:05:36 INFO DAGScheduler: Job 5 finished: call at /opt/spark/python/lib/py4j-0.10.9.7-src.zip/py4j/clientserver.py:617, took 0.353056 s
26/08/14 00:05:36 INFO MapPartitionsRDD: Removing RDD 27 from persistence list
26/08/14 00:05:36 INFO BlockManager: Removing RDD 27
26/08/14 00:05:36 INFO WatermarkTracker: Updating event-time watermark from 0 to 1786665807627 ms
26/08/14 00:05:36 INFO CheckpointFileManager: Writing atomically to file:/opt/checkpoints/trips/commits/1 using temp file file:/opt/checkpoints/trips/commits/.1.1c21376b-5f7b-40b6-9936-0eaff7de6fce.tmp
26/08/14 00:05:36 INFO CheckpointFileManager: Renamed temp file file:/opt/checkpoints/trips/commits/.1.1c21376b-5f7b-40b6-9936-0eaff7de6fce.tmp to file:/opt/checkpoints/trips/commits/1
26/08/14 00:05:36 INFO MicroBatchExecution: Streaming query made progress: {
  "id" : "5809875d-4e3d-4fb3-8383-949c002374c9",
  "runId" : "d3ba1340-2011-4780-b92f-e7e48f2e3457",
  "name" : "trips-ingest-chaos_kill_executor_1",
  "timestamp" : "2026-08-14T00:05:27.681Z",
  "batchId" : 1,
  "numInputRows" : 279,
  "inputRowsPerSecond" : 15500.000000000002,
  "processedRowsPerSecond" : 31.006890420093356,
  "durationMs" : {
    "addBatch" : 8531,
    "commitOffsets" : 279,
    "getBatch" : 1,
    "latestOffset" : 18,
    "queryPlanning" : 78,
    "triggerExecution" : 8998,
    "walCommit" : 77
  },
  "eventTime" : {
    "avg" : "2026-08-14T00:05:25.921Z",
    "max" : "2026-08-14T00:05:27.627Z",
    "min" : "2026-08-14T00:05:24.176Z",
    "watermark" : "1970-01-01T00:00:00.000Z"
  },
  "stateOperators" : [ ],
  "sources" : [ {
    "description" : "KafkaV2[Subscribe[trips.raw]]",
    "startOffset" : {
      "trips.raw" : {
        "2" : 203207,
        "5" : 201947,
        "4" : 203042,
        "1" : 202930,
        "3" : 202842,
        "0" : 202586
      }
    },
    "endOffset" : {
      "trips.raw" : {
        "2" : 203279,
        "5" : 201947,
        "4" : 203107,
        "1" : 202996,
        "3" : 202918,
        "0" : 202586
      }
    },
    "latestOffset" : {
      "trips.raw" : {
        "2" : 203279,
        "5" : 201947,
        "4" : 203107,
        "1" : 202996,
        "3" : 202918,
        "0" : 202586
      }
    },
    "numInputRows" : 279,
    "inputRowsPerSecond" : 15500.000000000002,
    "processedRowsPerSecond" : 31.006890420093356,
    "metrics" : {
      "avgOffsetsBehindLatest" : "0.0",
      "maxOffsetsBehindLatest" : "0",
      "minOffsetsBehindLatest" : "0"
    }
  } ],
  "sink" : {
    "description" : "ForeachBatchSink",
    "numOutputRows" : -1
  }
}
26/08/14 00:05:36 INFO CheckpointFileManager: Writing atomically to file:/opt/checkpoints/trips/offsets/2 using temp file file:/opt/checkpoints/trips/offsets/.2.636b29e5-d7a6-4485-9a43-e018a1da92df.tmp
26/08/14 00:05:36 INFO CheckpointFileManager: Renamed temp file file:/opt/checkpoints/trips/offsets/.2.636b29e5-d7a6-4485-9a43-e018a1da92df.tmp to file:/opt/checkpoints/trips/offsets/2
26/08/14 00:05:36 INFO MicroBatchExecution: Committed offsets for batch 2. Metadata OffsetSeqMetadata(1786665807627,1786665936705,Map(spark.sql.streaming.stateStore.providerClass -> org.apache.spark.sql.execution.streaming.state.HDFSBackedStateStoreProvider, spark.sql.streaming.join.stateFormatVersion -> 2, spark.sql.streaming.stateStore.compression.codec -> lz4, spark.sql.streaming.stateStore.rocksdb.formatVersion -> 5, spark.sql.streaming.statefulOperator.useStrictDistribution -> true, spark.sql.streaming.flatMapGroupsWithState.stateFormatVersion -> 2, spark.sql.streaming.multipleWatermarkPolicy -> min, spark.sql.streaming.aggregation.stateFormatVersion -> 2, spark.sql.shuffle.partitions -> 6))
26/08/14 00:05:36 INFO KafkaOffsetReaderAdmin: Partitions added: Map()
26/08/14 00:05:36 INFO KafkaOffsetReaderAdmin: Partitions added: Map()
26/08/14 00:05:36 INFO KafkaOffsetReaderAdmin: Partitions added: Map()
26/08/14 00:05:36 INFO KafkaOffsetReaderAdmin: Partitions added: Map()
26/08/14 00:05:36 INFO BlockManagerInfo: Removed broadcast_8_piece0 on spark-driver:35647 in memory (size: 24.7 KiB, free: 191.2 MiB)
26/08/14 00:05:36 INFO BlockManagerInfo: Removed broadcast_8_piece0 on 172.26.0.13:39169 in memory (size: 24.7 KiB, free: 413.9 MiB)
26/08/14 00:05:36 INFO BlockManagerInfo: Removed broadcast_8_piece0 on 172.26.0.12:39915 in memory (size: 24.7 KiB, free: 413.9 MiB)
26/08/14 00:05:36 INFO BlockManagerInfo: Removed broadcast_9_piece0 on spark-driver:35647 in memory (size: 6.1 KiB, free: 191.2 MiB)
2026-08-14 00:05:36,876 INFO  [stream] Received command c on object id p0
26/08/14 00:05:36 INFO BlockManagerInfo: Removed broadcast_9_piece0 on 172.26.0.12:39915 in memory (size: 6.1 KiB, free: 413.9 MiB)
26/08/14 00:05:36 INFO SparkContext: Starting job: count at <unknown>:0
26/08/14 00:05:36 INFO DAGScheduler: Registering RDD 93 (count at <unknown>:0) as input to shuffle 5
26/08/14 00:05:36 INFO DAGScheduler: Got job 6 (count at <unknown>:0) with 1 output partitions
26/08/14 00:05:36 INFO DAGScheduler: Final stage: ResultStage 12 (count at <unknown>:0)
26/08/14 00:05:36 INFO DAGScheduler: Parents of final stage: List(ShuffleMapStage 11)
26/08/14 00:05:36 INFO DAGScheduler: Missing parents: List(ShuffleMapStage 11)
26/08/14 00:05:36 INFO DAGScheduler: Submitting ShuffleMapStage 11 (MapPartitionsRDD[93] at count at <unknown>:0), which has no missing parents
26/08/14 00:05:36 INFO MemoryStore: Block broadcast_10 stored as values in memory (estimated size 64.6 KiB, free 191.1 MiB)
26/08/14 00:05:36 INFO MemoryStore: Block broadcast_10_piece0 stored as bytes in memory (estimated size 24.1 KiB, free 191.1 MiB)
26/08/14 00:05:36 INFO BlockManagerInfo: Added broadcast_10_piece0 in memory on spark-driver:35647 (size: 24.1 KiB, free: 191.2 MiB)
26/08/14 00:05:36 INFO SparkContext: Created broadcast 10 from broadcast at DAGScheduler.scala:1585
26/08/14 00:05:36 INFO DAGScheduler: Submitting 6 missing tasks from ShuffleMapStage 11 (MapPartitionsRDD[93] at count at <unknown>:0) (first 15 tasks are for partitions Vector(0, 1, 2, 3, 4, 5))
26/08/14 00:05:36 INFO TaskSchedulerImpl: Adding task set 11.0 with 6 tasks resource profile 0
26/08/14 00:05:36 INFO TaskSetManager: Starting task 2.0 in stage 11.0 (TID 25) (172.26.0.13, executor 1, partition 2, PROCESS_LOCAL, 9921 bytes) 
26/08/14 00:05:36 INFO TaskSetManager: Starting task 0.0 in stage 11.0 (TID 26) (172.26.0.12, executor 0, partition 0, PROCESS_LOCAL, 9921 bytes) 
26/08/14 00:05:36 INFO TaskSetManager: Starting task 3.0 in stage 11.0 (TID 27) (172.26.0.13, executor 1, partition 3, PROCESS_LOCAL, 9921 bytes) 
26/08/14 00:05:36 INFO TaskSetManager: Starting task 1.0 in stage 11.0 (TID 28) (172.26.0.12, executor 0, partition 1, PROCESS_LOCAL, 9921 bytes) 
26/08/14 00:05:36 INFO TaskSetManager: Starting task 4.0 in stage 11.0 (TID 29) (172.26.0.13, executor 1, partition 4, PROCESS_LOCAL, 9921 bytes) 
26/08/14 00:05:36 INFO TaskSetManager: Starting task 5.0 in stage 11.0 (TID 30) (172.26.0.12, executor 0, partition 5, PROCESS_LOCAL, 9921 bytes) 
26/08/14 00:05:36 INFO BlockManagerInfo: Added broadcast_10_piece0 in memory on 172.26.0.13:39169 (size: 24.1 KiB, free: 413.9 MiB)
26/08/14 00:05:36 INFO BlockManagerInfo: Added broadcast_10_piece0 in memory on 172.26.0.12:39915 (size: 24.1 KiB, free: 413.9 MiB)
26/08/14 00:05:37 INFO BlockManagerInfo: Added rdd_88_0 in memory on 172.26.0.12:39915 (size: 728.1 KiB, free: 413.2 MiB)
26/08/14 00:05:37 INFO TaskSetManager: Finished task 0.0 in stage 11.0 (TID 26) in 860 ms on 172.26.0.12 (executor 0) (1/6)
26/08/14 00:05:37 INFO BlockManagerInfo: Added rdd_88_5 in memory on 172.26.0.12:39915 (size: 789.1 KiB, free: 412.4 MiB)
26/08/14 00:05:37 INFO TaskSetManager: Finished task 5.0 in stage 11.0 (TID 30) in 886 ms on 172.26.0.12 (executor 0) (2/6)
26/08/14 00:05:37 INFO BlockManagerInfo: Added rdd_88_1 in memory on 172.26.0.12:39915 (size: 779.5 KiB, free: 411.7 MiB)
26/08/14 00:05:37 INFO TaskSetManager: Finished task 1.0 in stage 11.0 (TID 28) in 907 ms on 172.26.0.12 (executor 0) (3/6)
26/08/14 00:05:38 INFO BlockManagerInfo: Added rdd_88_2 in memory on 172.26.0.13:39169 (size: 732.0 KiB, free: 413.2 MiB)
26/08/14 00:05:38 INFO BlockManagerInfo: Added rdd_88_4 in memory on 172.26.0.13:39169 (size: 729.8 KiB, free: 412.5 MiB)
26/08/14 00:05:38 INFO TaskSetManager: Finished task 2.0 in stage 11.0 (TID 25) in 1097 ms on 172.26.0.13 (executor 1) (4/6)
26/08/14 00:05:38 INFO BlockManagerInfo: Added rdd_88_3 in memory on 172.26.0.13:39169 (size: 761.7 KiB, free: 411.7 MiB)
26/08/14 00:05:38 INFO TaskSetManager: Finished task 3.0 in stage 11.0 (TID 27) in 1106 ms on 172.26.0.13 (executor 1) (5/6)
26/08/14 00:05:38 INFO TaskSetManager: Finished task 4.0 in stage 11.0 (TID 29) in 1107 ms on 172.26.0.13 (executor 1) (6/6)
26/08/14 00:05:38 INFO TaskSchedulerImpl: Removed TaskSet 11.0, whose tasks have all completed, from pool 
26/08/14 00:05:38 INFO DAGScheduler: ShuffleMapStage 11 (count at <unknown>:0) finished in 1.119 s
26/08/14 00:05:38 INFO DAGScheduler: looking for newly runnable stages
26/08/14 00:05:38 INFO DAGScheduler: running: Set()
26/08/14 00:05:38 INFO DAGScheduler: waiting: Set(ResultStage 12)
26/08/14 00:05:38 INFO DAGScheduler: failed: Set()
26/08/14 00:05:38 INFO DAGScheduler: Submitting ResultStage 12 (MapPartitionsRDD[96] at count at <unknown>:0), which has no missing parents
26/08/14 00:05:38 INFO MemoryStore: Block broadcast_11 stored as values in memory (estimated size 12.5 KiB, free 191.1 MiB)
26/08/14 00:05:38 INFO MemoryStore: Block broadcast_11_piece0 stored as bytes in memory (estimated size 5.9 KiB, free 191.1 MiB)
26/08/14 00:05:38 INFO BlockManagerInfo: Added broadcast_11_piece0 in memory on spark-driver:35647 (size: 5.9 KiB, free: 191.2 MiB)
26/08/14 00:05:38 INFO SparkContext: Created broadcast 11 from broadcast at DAGScheduler.scala:1585
26/08/14 00:05:38 INFO DAGScheduler: Submitting 1 missing tasks from ResultStage 12 (MapPartitionsRDD[96] at count at <unknown>:0) (first 15 tasks are for partitions Vector(0))
26/08/14 00:05:38 INFO TaskSchedulerImpl: Adding task set 12.0 with 1 tasks resource profile 0
26/08/14 00:05:38 INFO TaskSetManager: Starting task 0.0 in stage 12.0 (TID 31) (172.26.0.12, executor 0, partition 0, NODE_LOCAL, 9003 bytes) 
26/08/14 00:05:38 INFO BlockManagerInfo: Added broadcast_11_piece0 in memory on 172.26.0.12:39915 (size: 5.9 KiB, free: 411.7 MiB)
26/08/14 00:05:38 INFO MapOutputTrackerMasterEndpoint: Asked to send map output locations for shuffle 5 to 172.26.0.12:44860
26/08/14 00:05:38 INFO TaskSetManager: Finished task 0.0 in stage 12.0 (TID 31) in 48 ms on 172.26.0.12 (executor 0) (1/1)
26/08/14 00:05:38 INFO TaskSchedulerImpl: Removed TaskSet 12.0, whose tasks have all completed, from pool 
26/08/14 00:05:38 INFO DAGScheduler: ResultStage 12 (count at <unknown>:0) finished in 0.063 s
26/08/14 00:05:38 INFO DAGScheduler: Job 6 is finished. Cancelling potential speculative or zombie tasks for this job
26/08/14 00:05:38 INFO TaskSchedulerImpl: Killing all running tasks in stage 12: Stage finished
26/08/14 00:05:38 INFO DAGScheduler: Job 6 finished: count at <unknown>:0, took 1.191278 s
26/08/14 00:05:38 INFO BlockManagerInfo: Removed broadcast_10_piece0 on spark-driver:35647 in memory (size: 24.1 KiB, free: 191.2 MiB)
26/08/14 00:05:38 INFO BlockManagerInfo: Removed broadcast_10_piece0 on 172.26.0.12:39915 in memory (size: 24.1 KiB, free: 411.7 MiB)
26/08/14 00:05:38 INFO BlockManagerInfo: Removed broadcast_10_piece0 on 172.26.0.13:39169 in memory (size: 24.1 KiB, free: 411.8 MiB)
26/08/14 00:05:38 INFO BlockManagerInfo: Removed broadcast_11_piece0 on spark-driver:35647 in memory (size: 5.9 KiB, free: 191.2 MiB)
26/08/14 00:05:38 INFO BlockManagerInfo: Removed broadcast_11_piece0 on 172.26.0.12:39915 in memory (size: 5.9 KiB, free: 411.7 MiB)
26/08/14 00:05:38 INFO SparkContext: Starting job: count at <unknown>:0
26/08/14 00:05:38 INFO DAGScheduler: Registering RDD 101 (count at <unknown>:0) as input to shuffle 6
26/08/14 00:05:38 INFO DAGScheduler: Got job 7 (count at <unknown>:0) with 1 output partitions
26/08/14 00:05:38 INFO DAGScheduler: Final stage: ResultStage 14 (count at <unknown>:0)
26/08/14 00:05:38 INFO DAGScheduler: Parents of final stage: List(ShuffleMapStage 13)
26/08/14 00:05:38 INFO DAGScheduler: Missing parents: List(ShuffleMapStage 13)
26/08/14 00:05:38 INFO DAGScheduler: Submitting ShuffleMapStage 13 (MapPartitionsRDD[101] at count at <unknown>:0), which has no missing parents
26/08/14 00:05:38 INFO MemoryStore: Block broadcast_12 stored as values in memory (estimated size 64.9 KiB, free 191.1 MiB)
26/08/14 00:05:38 INFO MemoryStore: Block broadcast_12_piece0 stored as bytes in memory (estimated size 24.2 KiB, free 191.1 MiB)
26/08/14 00:05:38 INFO BlockManagerInfo: Added broadcast_12_piece0 in memory on spark-driver:35647 (size: 24.2 KiB, free: 191.2 MiB)
26/08/14 00:05:38 INFO SparkContext: Created broadcast 12 from broadcast at DAGScheduler.scala:1585
26/08/14 00:05:38 INFO DAGScheduler: Submitting 6 missing tasks from ShuffleMapStage 13 (MapPartitionsRDD[101] at count at <unknown>:0) (first 15 tasks are for partitions Vector(0, 1, 2, 3, 4, 5))
26/08/14 00:05:38 INFO TaskSchedulerImpl: Adding task set 13.0 with 6 tasks resource profile 0
26/08/14 00:05:38 INFO TaskSetManager: Starting task 0.0 in stage 13.0 (TID 32) (172.26.0.12, executor 0, partition 0, PROCESS_LOCAL, 9921 bytes) 
26/08/14 00:05:38 INFO TaskSetManager: Starting task 2.0 in stage 13.0 (TID 33) (172.26.0.13, executor 1, partition 2, PROCESS_LOCAL, 9921 bytes) 
26/08/14 00:05:38 INFO TaskSetManager: Starting task 1.0 in stage 13.0 (TID 34) (172.26.0.12, executor 0, partition 1, PROCESS_LOCAL, 9921 bytes) 
26/08/14 00:05:38 INFO TaskSetManager: Starting task 3.0 in stage 13.0 (TID 35) (172.26.0.13, executor 1, partition 3, PROCESS_LOCAL, 9921 bytes) 
26/08/14 00:05:38 INFO TaskSetManager: Starting task 5.0 in stage 13.0 (TID 36) (172.26.0.12, executor 0, partition 5, PROCESS_LOCAL, 9921 bytes) 
26/08/14 00:05:38 INFO TaskSetManager: Starting task 4.0 in stage 13.0 (TID 37) (172.26.0.13, executor 1, partition 4, PROCESS_LOCAL, 9921 bytes) 
26/08/14 00:05:38 INFO BlockManagerInfo: Added broadcast_12_piece0 in memory on 172.26.0.13:39169 (size: 24.2 KiB, free: 411.7 MiB)
26/08/14 00:05:38 INFO BlockManagerInfo: Added broadcast_12_piece0 in memory on 172.26.0.12:39915 (size: 24.2 KiB, free: 411.7 MiB)
26/08/14 00:05:38 INFO TaskSetManager: Finished task 3.0 in stage 13.0 (TID 35) in 70 ms on 172.26.0.13 (executor 1) (1/6)
26/08/14 00:05:38 INFO TaskSetManager: Finished task 4.0 in stage 13.0 (TID 37) in 85 ms on 172.26.0.13 (executor 1) (2/6)
26/08/14 00:05:38 INFO TaskSetManager: Finished task 2.0 in stage 13.0 (TID 33) in 88 ms on 172.26.0.13 (executor 1) (3/6)
26/08/14 00:05:38 INFO TaskSetManager: Finished task 1.0 in stage 13.0 (TID 34) in 268 ms on 172.26.0.12 (executor 0) (4/6)
26/08/14 00:05:38 INFO TaskSetManager: Finished task 0.0 in stage 13.0 (TID 32) in 273 ms on 172.26.0.12 (executor 0) (5/6)
26/08/14 00:05:38 INFO TaskSetManager: Finished task 5.0 in stage 13.0 (TID 36) in 273 ms on 172.26.0.12 (executor 0) (6/6)
26/08/14 00:05:38 INFO TaskSchedulerImpl: Removed TaskSet 13.0, whose tasks have all completed, from pool 
26/08/14 00:05:38 INFO DAGScheduler: ShuffleMapStage 13 (count at <unknown>:0) finished in 0.281 s
26/08/14 00:05:38 INFO DAGScheduler: looking for newly runnable stages
26/08/14 00:05:38 INFO DAGScheduler: running: Set()
26/08/14 00:05:38 INFO DAGScheduler: waiting: Set(ResultStage 14)
26/08/14 00:05:38 INFO DAGScheduler: failed: Set()
26/08/14 00:05:38 INFO DAGScheduler: Submitting ResultStage 14 (MapPartitionsRDD[104] at count at <unknown>:0), which has no missing parents
26/08/14 00:05:38 INFO MemoryStore: Block broadcast_13 stored as values in memory (estimated size 12.5 KiB, free 191.1 MiB)
26/08/14 00:05:38 INFO MemoryStore: Block broadcast_13_piece0 stored as bytes in memory (estimated size 5.9 KiB, free 191.1 MiB)
26/08/14 00:05:38 INFO BlockManagerInfo: Added broadcast_13_piece0 in memory on spark-driver:35647 (size: 5.9 KiB, free: 191.2 MiB)
26/08/14 00:05:38 INFO SparkContext: Created broadcast 13 from broadcast at DAGScheduler.scala:1585
26/08/14 00:05:38 INFO DAGScheduler: Submitting 1 missing tasks from ResultStage 14 (MapPartitionsRDD[104] at count at <unknown>:0) (first 15 tasks are for partitions Vector(0))
26/08/14 00:05:38 INFO TaskSchedulerImpl: Adding task set 14.0 with 1 tasks resource profile 0
26/08/14 00:05:38 INFO TaskSetManager: Starting task 0.0 in stage 14.0 (TID 38) (172.26.0.13, executor 1, partition 0, NODE_LOCAL, 9003 bytes) 
26/08/14 00:05:38 INFO BlockManagerInfo: Added broadcast_13_piece0 in memory on 172.26.0.13:39169 (size: 5.9 KiB, free: 411.7 MiB)
26/08/14 00:05:38 INFO MapOutputTrackerMasterEndpoint: Asked to send map output locations for shuffle 6 to 172.26.0.13:44738
26/08/14 00:05:38 INFO TaskSetManager: Finished task 0.0 in stage 14.0 (TID 38) in 37 ms on 172.26.0.13 (executor 1) (1/1)
26/08/14 00:05:38 INFO TaskSchedulerImpl: Removed TaskSet 14.0, whose tasks have all completed, from pool 
26/08/14 00:05:38 INFO DAGScheduler: ResultStage 14 (count at <unknown>:0) finished in 0.049 s
26/08/14 00:05:38 INFO DAGScheduler: Job 7 is finished. Cancelling potential speculative or zombie tasks for this job
26/08/14 00:05:38 INFO TaskSchedulerImpl: Killing all running tasks in stage 14: Stage finished
26/08/14 00:05:38 INFO DAGScheduler: Job 7 finished: count at <unknown>:0, took 0.338570 s
26/08/14 00:05:38 INFO BlockManagerInfo: Removed broadcast_12_piece0 on spark-driver:35647 in memory (size: 24.2 KiB, free: 191.2 MiB)
26/08/14 00:05:38 INFO CodeGenerator: Code generated in 28.350541 ms
26/08/14 00:05:38 INFO DefaultCachedBatchSerializer: Predicate isnotnull(event_time#89-T120000ms) generates partition filter: ((event_time.count#5613 - event_time.nullCount#5612) > 0)
26/08/14 00:05:38 INFO BlockManagerInfo: Removed broadcast_12_piece0 on 172.26.0.12:39915 in memory (size: 24.2 KiB, free: 411.7 MiB)
26/08/14 00:05:38 INFO DefaultCachedBatchSerializer: Predicate (event_time#89-T120000ms < 2026-08-14 00:03:27.627) generates partition filter: (event_time.lowerBound#5611 < 2026-08-14 00:03:27.627)
26/08/14 00:05:38 INFO BlockManagerInfo: Removed broadcast_12_piece0 on 172.26.0.13:39169 in memory (size: 24.2 KiB, free: 411.7 MiB)
26/08/14 00:05:38 INFO SparkContext: Starting job: count at <unknown>:0
26/08/14 00:05:38 INFO DAGScheduler: Registering RDD 109 (count at <unknown>:0) as input to shuffle 7
26/08/14 00:05:38 INFO DAGScheduler: Got job 8 (count at <unknown>:0) with 1 output partitions
26/08/14 00:05:38 INFO DAGScheduler: Final stage: ResultStage 16 (count at <unknown>:0)
26/08/14 00:05:38 INFO BlockManagerInfo: Removed broadcast_13_piece0 on spark-driver:35647 in memory (size: 5.9 KiB, free: 191.2 MiB)
26/08/14 00:05:38 INFO DAGScheduler: Parents of final stage: List(ShuffleMapStage 15)
26/08/14 00:05:38 INFO DAGScheduler: Missing parents: List(ShuffleMapStage 15)
26/08/14 00:05:38 INFO BlockManagerInfo: Removed broadcast_13_piece0 on 172.26.0.13:39169 in memory (size: 5.9 KiB, free: 411.8 MiB)
26/08/14 00:05:38 INFO DAGScheduler: Submitting ShuffleMapStage 15 (MapPartitionsRDD[109] at count at <unknown>:0), which has no missing parents
26/08/14 00:05:38 INFO MemoryStore: Block broadcast_14 stored as values in memory (estimated size 67.2 KiB, free 191.1 MiB)
26/08/14 00:05:38 INFO MemoryStore: Block broadcast_14_piece0 stored as bytes in memory (estimated size 25.6 KiB, free 191.1 MiB)
26/08/14 00:05:38 INFO BlockManagerInfo: Added broadcast_14_piece0 in memory on spark-driver:35647 (size: 25.6 KiB, free: 191.2 MiB)
26/08/14 00:05:38 INFO SparkContext: Created broadcast 14 from broadcast at DAGScheduler.scala:1585
26/08/14 00:05:38 INFO DAGScheduler: Submitting 6 missing tasks from ShuffleMapStage 15 (MapPartitionsRDD[109] at count at <unknown>:0) (first 15 tasks are for partitions Vector(0, 1, 2, 3, 4, 5))
26/08/14 00:05:38 INFO TaskSchedulerImpl: Adding task set 15.0 with 6 tasks resource profile 0
26/08/14 00:05:38 INFO TaskSetManager: Starting task 2.0 in stage 15.0 (TID 39) (172.26.0.13, executor 1, partition 2, PROCESS_LOCAL, 9921 bytes) 
26/08/14 00:05:38 INFO TaskSetManager: Starting task 0.0 in stage 15.0 (TID 40) (172.26.0.12, executor 0, partition 0, PROCESS_LOCAL, 9921 bytes) 
26/08/14 00:05:38 INFO TaskSetManager: Starting task 3.0 in stage 15.0 (TID 41) (172.26.0.13, executor 1, partition 3, PROCESS_LOCAL, 9921 bytes) 
26/08/14 00:05:38 INFO TaskSetManager: Starting task 1.0 in stage 15.0 (TID 42) (172.26.0.12, executor 0, partition 1, PROCESS_LOCAL, 9921 bytes) 
26/08/14 00:05:38 INFO TaskSetManager: Starting task 4.0 in stage 15.0 (TID 43) (172.26.0.13, executor 1, partition 4, PROCESS_LOCAL, 9921 bytes) 
26/08/14 00:05:38 INFO TaskSetManager: Starting task 5.0 in stage 15.0 (TID 44) (172.26.0.12, executor 0, partition 5, PROCESS_LOCAL, 9921 bytes) 
26/08/14 00:05:38 INFO BlockManagerInfo: Added broadcast_14_piece0 in memory on 172.26.0.12:39915 (size: 25.6 KiB, free: 411.7 MiB)
26/08/14 00:05:38 INFO BlockManagerInfo: Added broadcast_14_piece0 in memory on 172.26.0.13:39169 (size: 25.6 KiB, free: 411.7 MiB)
26/08/14 00:05:38 INFO TaskSetManager: Finished task 1.0 in stage 15.0 (TID 42) in 54 ms on 172.26.0.12 (executor 0) (1/6)
26/08/14 00:05:38 INFO TaskSetManager: Finished task 5.0 in stage 15.0 (TID 44) in 53 ms on 172.26.0.12 (executor 0) (2/6)
26/08/14 00:05:38 INFO TaskSetManager: Finished task 0.0 in stage 15.0 (TID 40) in 56 ms on 172.26.0.12 (executor 0) (3/6)
26/08/14 00:05:38 INFO TaskSetManager: Finished task 3.0 in stage 15.0 (TID 41) in 61 ms on 172.26.0.13 (executor 1) (4/6)
26/08/14 00:05:38 INFO TaskSetManager: Finished task 4.0 in stage 15.0 (TID 43) in 61 ms on 172.26.0.13 (executor 1) (5/6)
26/08/14 00:05:38 INFO TaskSetManager: Finished task 2.0 in stage 15.0 (TID 39) in 63 ms on 172.26.0.13 (executor 1) (6/6)
26/08/14 00:05:38 INFO TaskSchedulerImpl: Removed TaskSet 15.0, whose tasks have all completed, from pool 
26/08/14 00:05:38 INFO DAGScheduler: ShuffleMapStage 15 (count at <unknown>:0) finished in 0.077 s
26/08/14 00:05:38 INFO DAGScheduler: looking for newly runnable stages
26/08/14 00:05:38 INFO DAGScheduler: running: Set()
26/08/14 00:05:38 INFO DAGScheduler: waiting: Set(ResultStage 16)
26/08/14 00:05:38 INFO DAGScheduler: failed: Set()
26/08/14 00:05:38 INFO DAGScheduler: Submitting ResultStage 16 (MapPartitionsRDD[112] at count at <unknown>:0), which has no missing parents
26/08/14 00:05:38 INFO MemoryStore: Block broadcast_15 stored as values in memory (estimated size 12.5 KiB, free 191.1 MiB)
26/08/14 00:05:38 INFO MemoryStore: Block broadcast_15_piece0 stored as bytes in memory (estimated size 5.9 KiB, free 191.1 MiB)
26/08/14 00:05:38 INFO BlockManagerInfo: Added broadcast_15_piece0 in memory on spark-driver:35647 (size: 5.9 KiB, free: 191.2 MiB)
26/08/14 00:05:38 INFO SparkContext: Created broadcast 15 from broadcast at DAGScheduler.scala:1585
26/08/14 00:05:38 INFO DAGScheduler: Submitting 1 missing tasks from ResultStage 16 (MapPartitionsRDD[112] at count at <unknown>:0) (first 15 tasks are for partitions Vector(0))
26/08/14 00:05:38 INFO TaskSchedulerImpl: Adding task set 16.0 with 1 tasks resource profile 0
26/08/14 00:05:38 INFO TaskSetManager: Starting task 0.0 in stage 16.0 (TID 45) (172.26.0.12, executor 0, partition 0, NODE_LOCAL, 9003 bytes) 
26/08/14 00:05:38 INFO BlockManagerInfo: Added broadcast_15_piece0 in memory on 172.26.0.12:39915 (size: 5.9 KiB, free: 411.7 MiB)
26/08/14 00:05:38 INFO MapOutputTrackerMasterEndpoint: Asked to send map output locations for shuffle 7 to 172.26.0.12:44860
26/08/14 00:05:38 INFO TaskSetManager: Finished task 0.0 in stage 16.0 (TID 45) in 26 ms on 172.26.0.12 (executor 0) (1/1)
26/08/14 00:05:38 INFO TaskSchedulerImpl: Removed TaskSet 16.0, whose tasks have all completed, from pool 
26/08/14 00:05:38 INFO DAGScheduler: ResultStage 16 (count at <unknown>:0) finished in 0.033 s
26/08/14 00:05:38 INFO DAGScheduler: Job 8 is finished. Cancelling potential speculative or zombie tasks for this job
26/08/14 00:05:38 INFO TaskSchedulerImpl: Killing all running tasks in stage 16: Stage finished
26/08/14 00:05:38 INFO DAGScheduler: Job 8 finished: count at <unknown>:0, took 0.119499 s
26/08/14 00:05:38 INFO BlockManagerInfo: Removed broadcast_14_piece0 on spark-driver:35647 in memory (size: 25.6 KiB, free: 191.2 MiB)
26/08/14 00:05:38 INFO BlockManagerInfo: Removed broadcast_14_piece0 on 172.26.0.13:39169 in memory (size: 25.6 KiB, free: 411.8 MiB)
26/08/14 00:05:38 INFO BlockManagerInfo: Removed broadcast_14_piece0 on 172.26.0.12:39915 in memory (size: 25.6 KiB, free: 411.7 MiB)
26/08/14 00:05:38 INFO DefaultCachedBatchSerializer: Predicate isnotnull(kind#6170) generates partition filter: ((kind.count#6239 - kind.nullCount#6238) > 0)
26/08/14 00:05:38 INFO DefaultCachedBatchSerializer: Predicate (kind#6170 = stats) generates partition filter: ((kind.lowerBound#6237 <= stats) AND (stats <= kind.upperBound#6236))
26/08/14 00:05:38 INFO BlockManagerInfo: Removed broadcast_15_piece0 on spark-driver:35647 in memory (size: 5.9 KiB, free: 191.2 MiB)
26/08/14 00:05:38 INFO BlockManagerInfo: Removed broadcast_15_piece0 on 172.26.0.12:39915 in memory (size: 5.9 KiB, free: 411.7 MiB)
26/08/14 00:05:38 INFO SparkContext: Starting job: call at /opt/spark/python/lib/py4j-0.10.9.7-src.zip/py4j/clientserver.py:617
26/08/14 00:05:38 INFO DAGScheduler: Got job 9 (call at /opt/spark/python/lib/py4j-0.10.9.7-src.zip/py4j/clientserver.py:617) with 6 output partitions
26/08/14 00:05:38 INFO DAGScheduler: Final stage: ResultStage 17 (call at /opt/spark/python/lib/py4j-0.10.9.7-src.zip/py4j/clientserver.py:617)
26/08/14 00:05:38 INFO DAGScheduler: Parents of final stage: List()
26/08/14 00:05:38 INFO DAGScheduler: Missing parents: List()
26/08/14 00:05:38 INFO DAGScheduler: Submitting ResultStage 17 (MapPartitionsRDD[131] at call at /opt/spark/python/lib/py4j-0.10.9.7-src.zip/py4j/clientserver.py:617), which has no missing parents
26/08/14 00:05:38 INFO MemoryStore: Block broadcast_16 stored as values in memory (estimated size 90.0 KiB, free 191.1 MiB)
26/08/14 00:05:38 INFO MemoryStore: Block broadcast_16_piece0 stored as bytes in memory (estimated size 34.0 KiB, free 191.1 MiB)
26/08/14 00:05:38 INFO BlockManagerInfo: Added broadcast_16_piece0 in memory on spark-driver:35647 (size: 34.0 KiB, free: 191.2 MiB)
26/08/14 00:05:38 INFO SparkContext: Created broadcast 16 from broadcast at DAGScheduler.scala:1585
26/08/14 00:05:38 INFO DAGScheduler: Submitting 6 missing tasks from ResultStage 17 (MapPartitionsRDD[131] at call at /opt/spark/python/lib/py4j-0.10.9.7-src.zip/py4j/clientserver.py:617) (first 15 tasks are for partitions Vector(0, 1, 2, 3, 4, 5))
26/08/14 00:05:38 INFO TaskSchedulerImpl: Adding task set 17.0 with 6 tasks resource profile 0
26/08/14 00:05:38 INFO TaskSetManager: Starting task 0.0 in stage 17.0 (TID 46) (172.26.0.12, executor 0, partition 0, PROCESS_LOCAL, 9932 bytes) 
26/08/14 00:05:38 INFO TaskSetManager: Starting task 2.0 in stage 17.0 (TID 47) (172.26.0.13, executor 1, partition 2, PROCESS_LOCAL, 9932 bytes) 
26/08/14 00:05:38 INFO TaskSetManager: Starting task 1.0 in stage 17.0 (TID 48) (172.26.0.12, executor 0, partition 1, PROCESS_LOCAL, 9932 bytes) 
26/08/14 00:05:38 INFO TaskSetManager: Starting task 3.0 in stage 17.0 (TID 49) (172.26.0.13, executor 1, partition 3, PROCESS_LOCAL, 9932 bytes) 
26/08/14 00:05:38 INFO TaskSetManager: Starting task 5.0 in stage 17.0 (TID 50) (172.26.0.12, executor 0, partition 5, PROCESS_LOCAL, 9932 bytes) 
26/08/14 00:05:38 INFO TaskSetManager: Starting task 4.0 in stage 17.0 (TID 51) (172.26.0.13, executor 1, partition 4, PROCESS_LOCAL, 9932 bytes) 
26/08/14 00:05:38 INFO BlockManagerInfo: Added broadcast_16_piece0 in memory on 172.26.0.12:39915 (size: 34.0 KiB, free: 411.6 MiB)
26/08/14 00:05:38 INFO BlockManagerInfo: Added broadcast_16_piece0 in memory on 172.26.0.13:39169 (size: 34.0 KiB, free: 411.7 MiB)
26/08/14 00:05:41 INFO BlockManagerInfo: Added rdd_126_4 in memory on 172.26.0.13:39169 (size: 1808.0 B, free: 411.7 MiB)
26/08/14 00:05:41 INFO BlockManagerInfo: Added rdd_126_0 in memory on 172.26.0.12:39915 (size: 1808.0 B, free: 411.6 MiB)
26/08/14 00:05:41 INFO BlockManagerInfo: Added rdd_126_2 in memory on 172.26.0.13:39169 (size: 1808.0 B, free: 411.7 MiB)
26/08/14 00:05:41 INFO TaskSetManager: Finished task 4.0 in stage 17.0 (TID 51) in 3002 ms on 172.26.0.13 (executor 1) (1/6)
26/08/14 00:05:42 INFO TaskSetManager: Finished task 2.0 in stage 17.0 (TID 47) in 3081 ms on 172.26.0.13 (executor 1) (2/6)
26/08/14 00:05:42 INFO TaskSetManager: Finished task 0.0 in stage 17.0 (TID 46) in 3104 ms on 172.26.0.12 (executor 0) (3/6)
26/08/14 00:05:42 INFO BlockManagerInfo: Added rdd_126_5 in memory on 172.26.0.12:39915 (size: 1808.0 B, free: 411.6 MiB)
26/08/14 00:05:42 INFO TaskSetManager: Finished task 5.0 in stage 17.0 (TID 50) in 3372 ms on 172.26.0.12 (executor 0) (4/6)
26/08/14 00:05:42 INFO BlockManagerInfo: Added rdd_126_3 in memory on 172.26.0.13:39169 (size: 1808.0 B, free: 411.7 MiB)
26/08/14 00:05:42 INFO TaskSetManager: Finished task 3.0 in stage 17.0 (TID 49) in 3487 ms on 172.26.0.13 (executor 1) (5/6)
26/08/14 00:05:42 INFO BlockManagerInfo: Added rdd_126_1 in memory on 172.26.0.12:39915 (size: 1808.0 B, free: 411.6 MiB)
26/08/14 00:05:42 INFO TaskSetManager: Finished task 1.0 in stage 17.0 (TID 48) in 3548 ms on 172.26.0.12 (executor 0) (6/6)
26/08/14 00:05:42 INFO TaskSchedulerImpl: Removed TaskSet 17.0, whose tasks have all completed, from pool 
26/08/14 00:05:42 INFO DAGScheduler: ResultStage 17 (call at /opt/spark/python/lib/py4j-0.10.9.7-src.zip/py4j/clientserver.py:617) finished in 3.556 s
26/08/14 00:05:42 INFO DAGScheduler: Job 9 is finished. Cancelling potential speculative or zombie tasks for this job
26/08/14 00:05:42 INFO TaskSchedulerImpl: Killing all running tasks in stage 17: Stage finished
26/08/14 00:05:42 INFO DAGScheduler: Job 9 finished: call at /opt/spark/python/lib/py4j-0.10.9.7-src.zip/py4j/clientserver.py:617, took 3.570736 s
26/08/14 00:05:42 INFO DefaultCachedBatchSerializer: Predicate isnotnull(kind#6170) generates partition filter: ((kind.count#6322 - kind.nullCount#6321) > 0)
26/08/14 00:05:42 INFO DefaultCachedBatchSerializer: Predicate (kind#6170 = dlq) generates partition filter: ((kind.lowerBound#6320 <= dlq) AND (dlq <= kind.upperBound#6319))
26/08/14 00:05:42 INFO SparkContext: Starting job: count at <unknown>:0
26/08/14 00:05:42 INFO DAGScheduler: Registering RDD 136 (count at <unknown>:0) as input to shuffle 8
26/08/14 00:05:42 INFO DAGScheduler: Got job 10 (count at <unknown>:0) with 1 output partitions
26/08/14 00:05:42 INFO DAGScheduler: Final stage: ResultStage 19 (count at <unknown>:0)
26/08/14 00:05:42 INFO DAGScheduler: Parents of final stage: List(ShuffleMapStage 18)
26/08/14 00:05:42 INFO DAGScheduler: Missing parents: List(ShuffleMapStage 18)
26/08/14 00:05:42 INFO DAGScheduler: Submitting ShuffleMapStage 18 (MapPartitionsRDD[136] at count at <unknown>:0), which has no missing parents
26/08/14 00:05:42 INFO MemoryStore: Block broadcast_17 stored as values in memory (estimated size 92.2 KiB, free 191.0 MiB)
26/08/14 00:05:42 INFO MemoryStore: Block broadcast_17_piece0 stored as bytes in memory (estimated size 35.3 KiB, free 191.0 MiB)
26/08/14 00:05:42 INFO BlockManagerInfo: Added broadcast_17_piece0 in memory on spark-driver:35647 (size: 35.3 KiB, free: 191.1 MiB)
26/08/14 00:05:42 INFO SparkContext: Created broadcast 17 from broadcast at DAGScheduler.scala:1585
26/08/14 00:05:42 INFO DAGScheduler: Submitting 6 missing tasks from ShuffleMapStage 18 (MapPartitionsRDD[136] at count at <unknown>:0) (first 15 tasks are for partitions Vector(0, 1, 2, 3, 4, 5))
26/08/14 00:05:42 INFO TaskSchedulerImpl: Adding task set 18.0 with 6 tasks resource profile 0
26/08/14 00:05:42 INFO TaskSetManager: Starting task 0.0 in stage 18.0 (TID 52) (172.26.0.12, executor 0, partition 0, PROCESS_LOCAL, 9921 bytes) 
26/08/14 00:05:42 INFO TaskSetManager: Starting task 2.0 in stage 18.0 (TID 53) (172.26.0.13, executor 1, partition 2, PROCESS_LOCAL, 9921 bytes) 
26/08/14 00:05:42 INFO TaskSetManager: Starting task 1.0 in stage 18.0 (TID 54) (172.26.0.12, executor 0, partition 1, PROCESS_LOCAL, 9921 bytes) 
26/08/14 00:05:42 INFO TaskSetManager: Starting task 3.0 in stage 18.0 (TID 55) (172.26.0.13, executor 1, partition 3, PROCESS_LOCAL, 9921 bytes) 
26/08/14 00:05:42 INFO TaskSetManager: Starting task 5.0 in stage 18.0 (TID 56) (172.26.0.12, executor 0, partition 5, PROCESS_LOCAL, 9921 bytes) 
26/08/14 00:05:42 INFO TaskSetManager: Starting task 4.0 in stage 18.0 (TID 57) (172.26.0.13, executor 1, partition 4, PROCESS_LOCAL, 9921 bytes) 
26/08/14 00:05:42 INFO BlockManagerInfo: Added broadcast_17_piece0 in memory on 172.26.0.13:39169 (size: 35.3 KiB, free: 411.7 MiB)
26/08/14 00:05:42 INFO BlockManagerInfo: Added broadcast_17_piece0 in memory on 172.26.0.12:39915 (size: 35.3 KiB, free: 411.6 MiB)
26/08/14 00:05:43 INFO TaskSetManager: Finished task 3.0 in stage 18.0 (TID 55) in 199 ms on 172.26.0.13 (executor 1) (1/6)
26/08/14 00:05:43 INFO TaskSetManager: Finished task 5.0 in stage 18.0 (TID 56) in 234 ms on 172.26.0.12 (executor 0) (2/6)
26/08/14 00:05:43 INFO TaskSetManager: Finished task 1.0 in stage 18.0 (TID 54) in 237 ms on 172.26.0.12 (executor 0) (3/6)
26/08/14 00:05:43 INFO TaskSetManager: Finished task 0.0 in stage 18.0 (TID 52) in 391 ms on 172.26.0.12 (executor 0) (4/6)
26/08/14 00:05:43 INFO TaskSetManager: Finished task 2.0 in stage 18.0 (TID 53) in 429 ms on 172.26.0.13 (executor 1) (5/6)
26/08/14 00:05:43 INFO TaskSetManager: Finished task 4.0 in stage 18.0 (TID 57) in 459 ms on 172.26.0.13 (executor 1) (6/6)
26/08/14 00:05:43 INFO TaskSchedulerImpl: Removed TaskSet 18.0, whose tasks have all completed, from pool 
26/08/14 00:05:43 INFO BlockManagerInfo: Removed broadcast_16_piece0 on 172.26.0.13:39169 in memory (size: 34.0 KiB, free: 411.7 MiB)
26/08/14 00:05:43 INFO BlockManagerInfo: Removed broadcast_16_piece0 on spark-driver:35647 in memory (size: 34.0 KiB, free: 191.2 MiB)
26/08/14 00:05:43 INFO BlockManagerInfo: Removed broadcast_16_piece0 on 172.26.0.12:39915 in memory (size: 34.0 KiB, free: 411.6 MiB)
26/08/14 00:05:43 INFO DAGScheduler: ShuffleMapStage 18 (count at <unknown>:0) finished in 0.535 s
26/08/14 00:05:43 INFO DAGScheduler: looking for newly runnable stages
26/08/14 00:05:43 INFO DAGScheduler: running: Set()
26/08/14 00:05:43 INFO DAGScheduler: waiting: Set(ResultStage 19)
26/08/14 00:05:43 INFO DAGScheduler: failed: Set()
26/08/14 00:05:43 INFO DAGScheduler: Submitting ResultStage 19 (MapPartitionsRDD[139] at count at <unknown>:0), which has no missing parents
26/08/14 00:05:43 INFO MemoryStore: Block broadcast_18 stored as values in memory (estimated size 12.5 KiB, free 191.1 MiB)
26/08/14 00:05:43 INFO MemoryStore: Block broadcast_18_piece0 stored as bytes in memory (estimated size 5.9 KiB, free 191.1 MiB)
26/08/14 00:05:43 INFO BlockManagerInfo: Added broadcast_18_piece0 in memory on spark-driver:35647 (size: 5.9 KiB, free: 191.2 MiB)
26/08/14 00:05:43 INFO SparkContext: Created broadcast 18 from broadcast at DAGScheduler.scala:1585
26/08/14 00:05:43 INFO DAGScheduler: Submitting 1 missing tasks from ResultStage 19 (MapPartitionsRDD[139] at count at <unknown>:0) (first 15 tasks are for partitions Vector(0))
26/08/14 00:05:43 INFO TaskSchedulerImpl: Adding task set 19.0 with 1 tasks resource profile 0
26/08/14 00:05:43 INFO TaskSetManager: Starting task 0.0 in stage 19.0 (TID 58) (172.26.0.13, executor 1, partition 0, NODE_LOCAL, 9003 bytes) 
26/08/14 00:05:43 INFO BlockManagerInfo: Added broadcast_18_piece0 in memory on 172.26.0.13:39169 (size: 5.9 KiB, free: 411.7 MiB)
26/08/14 00:05:43 INFO MapOutputTrackerMasterEndpoint: Asked to send map output locations for shuffle 8 to 172.26.0.13:44738
26/08/14 00:05:43 INFO TaskSetManager: Finished task 0.0 in stage 19.0 (TID 58) in 84 ms on 172.26.0.13 (executor 1) (1/1)
26/08/14 00:05:43 INFO TaskSchedulerImpl: Removed TaskSet 19.0, whose tasks have all completed, from pool 
26/08/14 00:05:43 INFO DAGScheduler: ResultStage 19 (count at <unknown>:0) finished in 0.105 s
26/08/14 00:05:43 INFO DAGScheduler: Job 10 is finished. Cancelling potential speculative or zombie tasks for this job
26/08/14 00:05:43 INFO TaskSchedulerImpl: Killing all running tasks in stage 19: Stage finished
26/08/14 00:05:43 INFO DAGScheduler: Job 10 finished: count at <unknown>:0, took 0.671633 s
26/08/14 00:05:43 INFO MapPartitionsRDD: Removing RDD 126 from persistence list
26/08/14 00:05:43 INFO BlockManager: Removing RDD 126
26/08/14 00:05:43 INFO SparkContext: Starting job: call at /opt/spark/python/lib/py4j-0.10.9.7-src.zip/py4j/clientserver.py:617
26/08/14 00:05:43 INFO DAGScheduler: Registering RDD 144 (call at /opt/spark/python/lib/py4j-0.10.9.7-src.zip/py4j/clientserver.py:617) as input to shuffle 9
26/08/14 00:05:43 INFO DAGScheduler: Got job 11 (call at /opt/spark/python/lib/py4j-0.10.9.7-src.zip/py4j/clientserver.py:617) with 1 output partitions
26/08/14 00:05:43 INFO DAGScheduler: Final stage: ResultStage 21 (call at /opt/spark/python/lib/py4j-0.10.9.7-src.zip/py4j/clientserver.py:617)
26/08/14 00:05:43 INFO DAGScheduler: Parents of final stage: List(ShuffleMapStage 20)
26/08/14 00:05:43 INFO DAGScheduler: Missing parents: List(ShuffleMapStage 20)
26/08/14 00:05:43 INFO DAGScheduler: Submitting ShuffleMapStage 20 (MapPartitionsRDD[144] at call at /opt/spark/python/lib/py4j-0.10.9.7-src.zip/py4j/clientserver.py:617), which has no missing parents
26/08/14 00:05:43 INFO MemoryStore: Block broadcast_19 stored as values in memory (estimated size 66.2 KiB, free 191.0 MiB)
26/08/14 00:05:43 INFO MemoryStore: Block broadcast_19_piece0 stored as bytes in memory (estimated size 24.8 KiB, free 191.0 MiB)
26/08/14 00:05:43 INFO BlockManagerInfo: Added broadcast_19_piece0 in memory on spark-driver:35647 (size: 24.8 KiB, free: 191.1 MiB)
26/08/14 00:05:43 INFO SparkContext: Created broadcast 19 from broadcast at DAGScheduler.scala:1585
26/08/14 00:05:43 INFO DAGScheduler: Submitting 6 missing tasks from ShuffleMapStage 20 (MapPartitionsRDD[144] at call at /opt/spark/python/lib/py4j-0.10.9.7-src.zip/py4j/clientserver.py:617) (first 15 tasks are for partitions Vector(0, 1, 2, 3, 4, 5))
26/08/14 00:05:43 INFO TaskSchedulerImpl: Adding task set 20.0 with 6 tasks resource profile 0
26/08/14 00:05:43 INFO TaskSetManager: Starting task 2.0 in stage 20.0 (TID 59) (172.26.0.13, executor 1, partition 2, PROCESS_LOCAL, 9921 bytes) 
26/08/14 00:05:43 INFO TaskSetManager: Starting task 0.0 in stage 20.0 (TID 60) (172.26.0.12, executor 0, partition 0, PROCESS_LOCAL, 9921 bytes) 
26/08/14 00:05:43 INFO TaskSetManager: Starting task 3.0 in stage 20.0 (TID 61) (172.26.0.13, executor 1, partition 3, PROCESS_LOCAL, 9921 bytes) 
26/08/14 00:05:43 INFO TaskSetManager: Starting task 1.0 in stage 20.0 (TID 62) (172.26.0.12, executor 0, partition 1, PROCESS_LOCAL, 9921 bytes) 
26/08/14 00:05:43 INFO TaskSetManager: Starting task 4.0 in stage 20.0 (TID 63) (172.26.0.13, executor 1, partition 4, PROCESS_LOCAL, 9921 bytes) 
26/08/14 00:05:43 INFO TaskSetManager: Starting task 5.0 in stage 20.0 (TID 64) (172.26.0.12, executor 0, partition 5, PROCESS_LOCAL, 9921 bytes) 
26/08/14 00:05:43 INFO BlockManagerInfo: Added broadcast_19_piece0 in memory on 172.26.0.13:39169 (size: 24.8 KiB, free: 411.7 MiB)
26/08/14 00:05:43 INFO BlockManagerInfo: Added broadcast_19_piece0 in memory on 172.26.0.12:39915 (size: 24.8 KiB, free: 411.6 MiB)
26/08/14 00:05:43 INFO TaskSetManager: Finished task 0.0 in stage 20.0 (TID 60) in 64 ms on 172.26.0.12 (executor 0) (1/6)
26/08/14 00:05:43 INFO TaskSetManager: Finished task 1.0 in stage 20.0 (TID 62) in 75 ms on 172.26.0.12 (executor 0) (2/6)
26/08/14 00:05:43 INFO TaskSetManager: Finished task 5.0 in stage 20.0 (TID 64) in 81 ms on 172.26.0.12 (executor 0) (3/6)
26/08/14 00:05:43 INFO TaskSetManager: Finished task 3.0 in stage 20.0 (TID 61) in 82 ms on 172.26.0.13 (executor 1) (4/6)
26/08/14 00:05:43 INFO TaskSetManager: Finished task 2.0 in stage 20.0 (TID 59) in 83 ms on 172.26.0.13 (executor 1) (5/6)
26/08/14 00:05:43 INFO TaskSetManager: Finished task 4.0 in stage 20.0 (TID 63) in 89 ms on 172.26.0.13 (executor 1) (6/6)
26/08/14 00:05:43 INFO TaskSchedulerImpl: Removed TaskSet 20.0, whose tasks have all completed, from pool 
26/08/14 00:05:43 INFO DAGScheduler: ShuffleMapStage 20 (call at /opt/spark/python/lib/py4j-0.10.9.7-src.zip/py4j/clientserver.py:617) finished in 0.098 s
26/08/14 00:05:43 INFO DAGScheduler: looking for newly runnable stages
26/08/14 00:05:43 INFO DAGScheduler: running: Set()
26/08/14 00:05:43 INFO DAGScheduler: waiting: Set(ResultStage 21)
26/08/14 00:05:43 INFO DAGScheduler: failed: Set()
26/08/14 00:05:43 INFO DAGScheduler: Submitting ResultStage 21 (MapPartitionsRDD[147] at call at /opt/spark/python/lib/py4j-0.10.9.7-src.zip/py4j/clientserver.py:617), which has no missing parents
26/08/14 00:05:43 INFO MemoryStore: Block broadcast_20 stored as values in memory (estimated size 13.1 KiB, free 191.0 MiB)
26/08/14 00:05:43 INFO MemoryStore: Block broadcast_20_piece0 stored as bytes in memory (estimated size 6.1 KiB, free 191.0 MiB)
26/08/14 00:05:43 INFO BlockManagerInfo: Added broadcast_20_piece0 in memory on spark-driver:35647 (size: 6.1 KiB, free: 191.1 MiB)
26/08/14 00:05:43 INFO SparkContext: Created broadcast 20 from broadcast at DAGScheduler.scala:1585
26/08/14 00:05:43 INFO DAGScheduler: Submitting 1 missing tasks from ResultStage 21 (MapPartitionsRDD[147] at call at /opt/spark/python/lib/py4j-0.10.9.7-src.zip/py4j/clientserver.py:617) (first 15 tasks are for partitions Vector(0))
26/08/14 00:05:43 INFO TaskSchedulerImpl: Adding task set 21.0 with 1 tasks resource profile 0
26/08/14 00:05:43 INFO TaskSetManager: Starting task 0.0 in stage 21.0 (TID 65) (172.26.0.13, executor 1, partition 0, NODE_LOCAL, 9003 bytes) 
26/08/14 00:05:43 INFO BlockManagerInfo: Added broadcast_20_piece0 in memory on 172.26.0.13:39169 (size: 6.1 KiB, free: 411.7 MiB)
26/08/14 00:05:43 INFO MapOutputTrackerMasterEndpoint: Asked to send map output locations for shuffle 9 to 172.26.0.13:44738
26/08/14 00:05:43 INFO TaskSetManager: Finished task 0.0 in stage 21.0 (TID 65) in 67 ms on 172.26.0.13 (executor 1) (1/1)
26/08/14 00:05:43 INFO TaskSchedulerImpl: Removed TaskSet 21.0, whose tasks have all completed, from pool 
26/08/14 00:05:43 INFO DAGScheduler: ResultStage 21 (call at /opt/spark/python/lib/py4j-0.10.9.7-src.zip/py4j/clientserver.py:617) finished in 0.073 s
26/08/14 00:05:43 INFO DAGScheduler: Job 11 is finished. Cancelling potential speculative or zombie tasks for this job
26/08/14 00:05:43 INFO TaskSchedulerImpl: Killing all running tasks in stage 21: Stage finished
26/08/14 00:05:43 INFO DAGScheduler: Job 11 finished: call at /opt/spark/python/lib/py4j-0.10.9.7-src.zip/py4j/clientserver.py:617, took 0.177985 s
26/08/14 00:05:43 INFO MapPartitionsRDD: Removing RDD 88 from persistence list
26/08/14 00:05:43 INFO BlockManager: Removing RDD 88
26/08/14 00:05:43 INFO WatermarkTracker: Updating event-time watermark from 1786665807627 to 1786665816633 ms
26/08/14 00:05:43 INFO CheckpointFileManager: Writing atomically to file:/opt/checkpoints/trips/commits/2 using temp file file:/opt/checkpoints/trips/commits/.2.073385b5-75d8-4173-941f-ca021405b41b.tmp
26/08/14 00:05:43 INFO CheckpointFileManager: Renamed temp file file:/opt/checkpoints/trips/commits/.2.073385b5-75d8-4173-941f-ca021405b41b.tmp to file:/opt/checkpoints/trips/commits/2
26/08/14 00:05:43 INFO MicroBatchExecution: Streaming query made progress: {
  "id" : "5809875d-4e3d-4fb3-8383-949c002374c9",
  "runId" : "d3ba1340-2011-4780-b92f-e7e48f2e3457",
  "name" : "trips-ingest-chaos_kill_executor_1",
  "timestamp" : "2026-08-14T00:05:36.690Z",
  "batchId" : 2,
  "numInputRows" : 7349,
  "inputRowsPerSecond" : 815.7398157398158,
  "processedRowsPerSecond" : 1035.0704225352113,
  "durationMs" : {
    "addBatch" : 6949,
    "commitOffsets" : 48,
    "getBatch" : 0,
    "latestOffset" : 14,
    "queryPlanning" : 47,
    "triggerExecution" : 7100,
    "walCommit" : 30
  },
  "eventTime" : {
    "avg" : "2026-08-14T00:05:30.588Z",
    "max" : "2026-08-14T00:05:36.633Z",
    "min" : "2026-08-14T00:05:24.564Z",
    "watermark" : "2026-08-14T00:03:27.627Z"
  },
  "stateOperators" : [ ],
  "sources" : [ {
    "description" : "KafkaV2[Subscribe[trips.raw]]",
    "startOffset" : {
      "trips.raw" : {
        "2" : 203279,
        "5" : 201947,
        "4" : 203107,
        "1" : 202996,
        "3" : 202918,
        "0" : 202586
      }
    },
    "endOffset" : {
      "trips.raw" : {
        "2" : 204463,
        "5" : 203186,
        "4" : 204374,
        "1" : 204182,
        "3" : 204108,
        "0" : 203869
      }
    },
    "latestOffset" : {
      "trips.raw" : {
        "2" : 204463,
        "5" : 203186,
        "4" : 204374,
        "1" : 204182,
        "3" : 204108,
        "0" : 203869
      }
    },
    "numInputRows" : 7349,
    "inputRowsPerSecond" : 815.7398157398158,
    "processedRowsPerSecond" : 1035.0704225352113,
    "metrics" : {
      "avgOffsetsBehindLatest" : "0.0",
      "maxOffsetsBehindLatest" : "0",
      "minOffsetsBehindLatest" : "0"
    }
  } ],
  "sink" : {
    "description" : "ForeachBatchSink",
    "numOutputRows" : -1
  }
}
26/08/14 00:05:43 INFO BlockManagerInfo: Removed broadcast_20_piece0 on spark-driver:35647 in memory (size: 6.1 KiB, free: 191.1 MiB)
26/08/14 00:05:43 INFO BlockManagerInfo: Removed broadcast_20_piece0 on 172.26.0.13:39169 in memory (size: 6.1 KiB, free: 413.9 MiB)
26/08/14 00:05:43 INFO BlockManagerInfo: Removed broadcast_19_piece0 on 172.26.0.13:39169 in memory (size: 24.8 KiB, free: 413.9 MiB)
26/08/14 00:05:43 INFO BlockManagerInfo: Removed broadcast_19_piece0 on spark-driver:35647 in memory (size: 24.8 KiB, free: 191.2 MiB)
26/08/14 00:05:43 INFO BlockManagerInfo: Removed broadcast_19_piece0 on 172.26.0.12:39915 in memory (size: 24.8 KiB, free: 413.9 MiB)
26/08/14 00:05:43 INFO BlockManagerInfo: Removed broadcast_18_piece0 on spark-driver:35647 in memory (size: 5.9 KiB, free: 191.2 MiB)
26/08/14 00:05:43 INFO CheckpointFileManager: Writing atomically to file:/opt/checkpoints/trips/offsets/3 using temp file file:/opt/checkpoints/trips/offsets/.3.e732b504-2327-4ffc-ae84-32f1162ca2ef.tmp
26/08/14 00:05:43 INFO BlockManagerInfo: Removed broadcast_18_piece0 on 172.26.0.13:39169 in memory (size: 5.9 KiB, free: 413.9 MiB)
26/08/14 00:05:43 INFO BlockManagerInfo: Removed broadcast_17_piece0 on spark-driver:35647 in memory (size: 35.3 KiB, free: 191.2 MiB)
26/08/14 00:05:43 INFO BlockManagerInfo: Removed broadcast_17_piece0 on 172.26.0.13:39169 in memory (size: 35.3 KiB, free: 413.9 MiB)
26/08/14 00:05:43 INFO BlockManagerInfo: Removed broadcast_17_piece0 on 172.26.0.12:39915 in memory (size: 35.3 KiB, free: 413.9 MiB)
26/08/14 00:05:43 INFO CheckpointFileManager: Renamed temp file file:/opt/checkpoints/trips/offsets/.3.e732b504-2327-4ffc-ae84-32f1162ca2ef.tmp to file:/opt/checkpoints/trips/offsets/3
26/08/14 00:05:43 INFO MicroBatchExecution: Committed offsets for batch 3. Metadata OffsetSeqMetadata(1786665816633,1786665943825,Map(spark.sql.streaming.stateStore.providerClass -> org.apache.spark.sql.execution.streaming.state.HDFSBackedStateStoreProvider, spark.sql.streaming.join.stateFormatVersion -> 2, spark.sql.streaming.stateStore.compression.codec -> lz4, spark.sql.streaming.stateStore.rocksdb.formatVersion -> 5, spark.sql.streaming.statefulOperator.useStrictDistribution -> true, spark.sql.streaming.flatMapGroupsWithState.stateFormatVersion -> 2, spark.sql.streaming.multipleWatermarkPolicy -> min, spark.sql.streaming.aggregation.stateFormatVersion -> 2, spark.sql.shuffle.partitions -> 6))
26/08/14 00:05:43 INFO KafkaOffsetReaderAdmin: Partitions added: Map()
26/08/14 00:05:43 INFO KafkaOffsetReaderAdmin: Partitions added: Map()
26/08/14 00:05:43 INFO KafkaOffsetReaderAdmin: Partitions added: Map()
26/08/14 00:05:43 INFO KafkaOffsetReaderAdmin: Partitions added: Map()
2026-08-14 00:05:43,931 INFO  [stream] Received command c on object id p0
26/08/14 00:05:43 INFO SparkContext: Starting job: count at <unknown>:0
26/08/14 00:05:43 INFO DAGScheduler: Registering RDD 162 (count at <unknown>:0) as input to shuffle 10
26/08/14 00:05:43 INFO DAGScheduler: Got job 12 (count at <unknown>:0) with 1 output partitions
26/08/14 00:05:43 INFO DAGScheduler: Final stage: ResultStage 23 (count at <unknown>:0)
26/08/14 00:05:43 INFO DAGScheduler: Parents of final stage: List(ShuffleMapStage 22)
26/08/14 00:05:43 INFO DAGScheduler: Missing parents: List(ShuffleMapStage 22)
26/08/14 00:05:43 INFO DAGScheduler: Submitting ShuffleMapStage 22 (MapPartitionsRDD[162] at count at <unknown>:0), which has no missing parents
26/08/14 00:05:43 INFO MemoryStore: Block broadcast_21 stored as values in memory (estimated size 64.6 KiB, free 191.1 MiB)
26/08/14 00:05:43 INFO MemoryStore: Block broadcast_21_piece0 stored as bytes in memory (estimated size 24.0 KiB, free 191.1 MiB)
26/08/14 00:05:43 INFO BlockManagerInfo: Added broadcast_21_piece0 in memory on spark-driver:35647 (size: 24.0 KiB, free: 191.2 MiB)
26/08/14 00:05:43 INFO SparkContext: Created broadcast 21 from broadcast at DAGScheduler.scala:1585
26/08/14 00:05:43 INFO DAGScheduler: Submitting 6 missing tasks from ShuffleMapStage 22 (MapPartitionsRDD[162] at count at <unknown>:0) (first 15 tasks are for partitions Vector(0, 1, 2, 3, 4, 5))
26/08/14 00:05:43 INFO TaskSchedulerImpl: Adding task set 22.0 with 6 tasks resource profile 0
26/08/14 00:05:43 INFO TaskSetManager: Starting task 0.0 in stage 22.0 (TID 66) (172.26.0.12, executor 0, partition 0, PROCESS_LOCAL, 9921 bytes) 
26/08/14 00:05:43 INFO TaskSetManager: Starting task 2.0 in stage 22.0 (TID 67) (172.26.0.13, executor 1, partition 2, PROCESS_LOCAL, 9921 bytes) 
26/08/14 00:05:43 INFO TaskSetManager: Starting task 1.0 in stage 22.0 (TID 68) (172.26.0.12, executor 0, partition 1, PROCESS_LOCAL, 9921 bytes) 
26/08/14 00:05:43 INFO TaskSetManager: Starting task 3.0 in stage 22.0 (TID 69) (172.26.0.13, executor 1, partition 3, PROCESS_LOCAL, 9921 bytes) 
26/08/14 00:05:43 INFO TaskSetManager: Starting task 5.0 in stage 22.0 (TID 70) (172.26.0.12, executor 0, partition 5, PROCESS_LOCAL, 9921 bytes) 
26/08/14 00:05:43 INFO TaskSetManager: Starting task 4.0 in stage 22.0 (TID 71) (172.26.0.13, executor 1, partition 4, PROCESS_LOCAL, 9921 bytes) 
26/08/14 00:05:44 INFO BlockManagerInfo: Added broadcast_21_piece0 in memory on 172.26.0.13:39169 (size: 24.0 KiB, free: 413.9 MiB)
26/08/14 00:05:44 INFO BlockManagerInfo: Added broadcast_21_piece0 in memory on 172.26.0.12:39915 (size: 24.0 KiB, free: 413.9 MiB)
26/08/14 00:05:44 INFO BlockManagerInfo: Added rdd_157_2 in memory on 172.26.0.13:39169 (size: 548.3 KiB, free: 413.4 MiB)
26/08/14 00:05:44 INFO TaskSetManager: Finished task 2.0 in stage 22.0 (TID 67) in 347 ms on 172.26.0.13 (executor 1) (1/6)
26/08/14 00:05:44 INFO BlockManagerInfo: Added rdd_157_3 in memory on 172.26.0.13:39169 (size: 590.4 KiB, free: 412.8 MiB)
26/08/14 00:05:44 INFO BlockManagerInfo: Added rdd_157_4 in memory on 172.26.0.13:39169 (size: 602.5 KiB, free: 412.2 MiB)
26/08/14 00:05:44 INFO TaskSetManager: Finished task 3.0 in stage 22.0 (TID 69) in 375 ms on 172.26.0.13 (executor 1) (2/6)
26/08/14 00:05:44 INFO TaskSetManager: Finished task 4.0 in stage 22.0 (TID 71) in 385 ms on 172.26.0.13 (executor 1) (3/6)
26/08/14 00:05:44 INFO BlockManagerInfo: Added rdd_157_0 in memory on 172.26.0.12:39915 (size: 594.7 KiB, free: 413.3 MiB)
26/08/14 00:05:44 INFO TaskSetManager: Finished task 0.0 in stage 22.0 (TID 66) in 438 ms on 172.26.0.12 (executor 0) (4/6)
26/08/14 00:05:44 INFO BlockManagerInfo: Added rdd_157_1 in memory on 172.26.0.12:39915 (size: 560.2 KiB, free: 412.8 MiB)
26/08/14 00:05:44 INFO BlockManagerInfo: Added rdd_157_5 in memory on 172.26.0.12:39915 (size: 616.2 KiB, free: 412.2 MiB)
26/08/14 00:05:44 INFO TaskSetManager: Finished task 1.0 in stage 22.0 (TID 68) in 474 ms on 172.26.0.12 (executor 0) (5/6)
26/08/14 00:05:44 INFO TaskSetManager: Finished task 5.0 in stage 22.0 (TID 70) in 484 ms on 172.26.0.12 (executor 0) (6/6)
26/08/14 00:05:44 INFO TaskSchedulerImpl: Removed TaskSet 22.0, whose tasks have all completed, from pool 
26/08/14 00:05:44 INFO DAGScheduler: ShuffleMapStage 22 (count at <unknown>:0) finished in 0.498 s
26/08/14 00:05:44 INFO DAGScheduler: looking for newly runnable stages
26/08/14 00:05:44 INFO DAGScheduler: running: Set()
26/08/14 00:05:44 INFO DAGScheduler: waiting: Set(ResultStage 23)
26/08/14 00:05:44 INFO DAGScheduler: failed: Set()
26/08/14 00:05:44 INFO DAGScheduler: Submitting ResultStage 23 (MapPartitionsRDD[165] at count at <unknown>:0), which has no missing parents
26/08/14 00:05:44 INFO MemoryStore: Block broadcast_22 stored as values in memory (estimated size 12.5 KiB, free 191.1 MiB)
26/08/14 00:05:44 INFO MemoryStore: Block broadcast_22_piece0 stored as bytes in memory (estimated size 5.9 KiB, free 191.1 MiB)
26/08/14 00:05:44 INFO BlockManagerInfo: Added broadcast_22_piece0 in memory on spark-driver:35647 (size: 5.9 KiB, free: 191.2 MiB)
26/08/14 00:05:44 INFO SparkContext: Created broadcast 22 from broadcast at DAGScheduler.scala:1585
26/08/14 00:05:44 INFO DAGScheduler: Submitting 1 missing tasks from ResultStage 23 (MapPartitionsRDD[165] at count at <unknown>:0) (first 15 tasks are for partitions Vector(0))
26/08/14 00:05:44 INFO TaskSchedulerImpl: Adding task set 23.0 with 1 tasks resource profile 0
26/08/14 00:05:44 INFO TaskSetManager: Starting task 0.0 in stage 23.0 (TID 72) (172.26.0.13, executor 1, partition 0, NODE_LOCAL, 9003 bytes) 
26/08/14 00:05:44 INFO BlockManagerInfo: Added broadcast_22_piece0 in memory on 172.26.0.13:39169 (size: 5.9 KiB, free: 412.2 MiB)
26/08/14 00:05:44 INFO MapOutputTrackerMasterEndpoint: Asked to send map output locations for shuffle 10 to 172.26.0.13:44738
26/08/14 00:05:44 INFO TaskSetManager: Finished task 0.0 in stage 23.0 (TID 72) in 33 ms on 172.26.0.13 (executor 1) (1/1)
26/08/14 00:05:44 INFO TaskSchedulerImpl: Removed TaskSet 23.0, whose tasks have all completed, from pool 
26/08/14 00:05:44 INFO DAGScheduler: ResultStage 23 (count at <unknown>:0) finished in 0.042 s
26/08/14 00:05:44 INFO DAGScheduler: Job 12 is finished. Cancelling potential speculative or zombie tasks for this job
26/08/14 00:05:44 INFO TaskSchedulerImpl: Killing all running tasks in stage 23: Stage finished
26/08/14 00:05:44 INFO DAGScheduler: Job 12 finished: count at <unknown>:0, took 0.547582 s
26/08/14 00:05:44 INFO SparkContext: Starting job: count at <unknown>:0
26/08/14 00:05:44 INFO DAGScheduler: Registering RDD 170 (count at <unknown>:0) as input to shuffle 11
26/08/14 00:05:44 INFO DAGScheduler: Got job 13 (count at <unknown>:0) with 1 output partitions
26/08/14 00:05:44 INFO DAGScheduler: Final stage: ResultStage 25 (count at <unknown>:0)
26/08/14 00:05:44 INFO DAGScheduler: Parents of final stage: List(ShuffleMapStage 24)
26/08/14 00:05:44 INFO DAGScheduler: Missing parents: List(ShuffleMapStage 24)
26/08/14 00:05:44 INFO DAGScheduler: Submitting ShuffleMapStage 24 (MapPartitionsRDD[170] at count at <unknown>:0), which has no missing parents
26/08/14 00:05:44 INFO MemoryStore: Block broadcast_23 stored as values in memory (estimated size 64.9 KiB, free 191.0 MiB)
26/08/14 00:05:44 INFO MemoryStore: Block broadcast_23_piece0 stored as bytes in memory (estimated size 24.2 KiB, free 191.0 MiB)
26/08/14 00:05:44 INFO BlockManagerInfo: Added broadcast_23_piece0 in memory on spark-driver:35647 (size: 24.2 KiB, free: 191.2 MiB)
26/08/14 00:05:44 INFO SparkContext: Created broadcast 23 from broadcast at DAGScheduler.scala:1585
26/08/14 00:05:44 INFO DAGScheduler: Submitting 6 missing tasks from ShuffleMapStage 24 (MapPartitionsRDD[170] at count at <unknown>:0) (first 15 tasks are for partitions Vector(0, 1, 2, 3, 4, 5))
26/08/14 00:05:44 INFO TaskSchedulerImpl: Adding task set 24.0 with 6 tasks resource profile 0
26/08/14 00:05:44 INFO TaskSetManager: Starting task 0.0 in stage 24.0 (TID 73) (172.26.0.12, executor 0, partition 0, PROCESS_LOCAL, 9921 bytes) 
26/08/14 00:05:44 INFO TaskSetManager: Starting task 2.0 in stage 24.0 (TID 74) (172.26.0.13, executor 1, partition 2, PROCESS_LOCAL, 9921 bytes) 
26/08/14 00:05:44 INFO TaskSetManager: Starting task 1.0 in stage 24.0 (TID 75) (172.26.0.12, executor 0, partition 1, PROCESS_LOCAL, 9921 bytes) 
26/08/14 00:05:44 INFO TaskSetManager: Starting task 3.0 in stage 24.0 (TID 76) (172.26.0.13, executor 1, partition 3, PROCESS_LOCAL, 9921 bytes) 
26/08/14 00:05:44 INFO TaskSetManager: Starting task 5.0 in stage 24.0 (TID 77) (172.26.0.12, executor 0, partition 5, PROCESS_LOCAL, 9921 bytes) 
26/08/14 00:05:44 INFO TaskSetManager: Starting task 4.0 in stage 24.0 (TID 78) (172.26.0.13, executor 1, partition 4, PROCESS_LOCAL, 9921 bytes) 
26/08/14 00:05:44 INFO BlockManagerInfo: Added broadcast_23_piece0 in memory on 172.26.0.13:39169 (size: 24.2 KiB, free: 412.2 MiB)
26/08/14 00:05:44 INFO BlockManagerInfo: Added broadcast_23_piece0 in memory on 172.26.0.12:39915 (size: 24.2 KiB, free: 412.1 MiB)
26/08/14 00:05:44 INFO TaskSetManager: Finished task 0.0 in stage 24.0 (TID 73) in 29 ms on 172.26.0.12 (executor 0) (1/6)
26/08/14 00:05:44 INFO TaskSetManager: Finished task 5.0 in stage 24.0 (TID 77) in 39 ms on 172.26.0.12 (executor 0) (2/6)
26/08/14 00:05:44 INFO TaskSetManager: Finished task 4.0 in stage 24.0 (TID 78) in 41 ms on 172.26.0.13 (executor 1) (3/6)
26/08/14 00:05:44 INFO TaskSetManager: Finished task 1.0 in stage 24.0 (TID 75) in 43 ms on 172.26.0.12 (executor 0) (4/6)
26/08/14 00:05:44 INFO TaskSetManager: Finished task 3.0 in stage 24.0 (TID 76) in 46 ms on 172.26.0.13 (executor 1) (5/6)
26/08/14 00:05:44 INFO TaskSetManager: Finished task 2.0 in stage 24.0 (TID 74) in 47 ms on 172.26.0.13 (executor 1) (6/6)
26/08/14 00:05:44 INFO TaskSchedulerImpl: Removed TaskSet 24.0, whose tasks have all completed, from pool 
26/08/14 00:05:44 INFO DAGScheduler: ShuffleMapStage 24 (count at <unknown>:0) finished in 0.053 s
26/08/14 00:05:44 INFO DAGScheduler: looking for newly runnable stages
26/08/14 00:05:44 INFO DAGScheduler: running: Set()
26/08/14 00:05:44 INFO DAGScheduler: waiting: Set(ResultStage 25)
26/08/14 00:05:44 INFO DAGScheduler: failed: Set()
26/08/14 00:05:44 INFO DAGScheduler: Submitting ResultStage 25 (MapPartitionsRDD[173] at count at <unknown>:0), which has no missing parents
26/08/14 00:05:44 INFO MemoryStore: Block broadcast_24 stored as values in memory (estimated size 12.5 KiB, free 191.0 MiB)
26/08/14 00:05:44 INFO MemoryStore: Block broadcast_24_piece0 stored as bytes in memory (estimated size 5.9 KiB, free 191.0 MiB)
26/08/14 00:05:44 INFO BlockManagerInfo: Added broadcast_24_piece0 in memory on spark-driver:35647 (size: 5.9 KiB, free: 191.2 MiB)
26/08/14 00:05:44 INFO SparkContext: Created broadcast 24 from broadcast at DAGScheduler.scala:1585
26/08/14 00:05:44 INFO DAGScheduler: Submitting 1 missing tasks from ResultStage 25 (MapPartitionsRDD[173] at count at <unknown>:0) (first 15 tasks are for partitions Vector(0))
26/08/14 00:05:44 INFO TaskSchedulerImpl: Adding task set 25.0 with 1 tasks resource profile 0
26/08/14 00:05:44 INFO TaskSetManager: Starting task 0.0 in stage 25.0 (TID 79) (172.26.0.12, executor 0, partition 0, NODE_LOCAL, 9003 bytes) 
26/08/14 00:05:44 INFO BlockManagerInfo: Added broadcast_24_piece0 in memory on 172.26.0.12:39915 (size: 5.9 KiB, free: 412.1 MiB)
26/08/14 00:05:44 INFO MapOutputTrackerMasterEndpoint: Asked to send map output locations for shuffle 11 to 172.26.0.12:44860
26/08/14 00:05:44 INFO TaskSetManager: Finished task 0.0 in stage 25.0 (TID 79) in 33 ms on 172.26.0.12 (executor 0) (1/1)
26/08/14 00:05:44 INFO TaskSchedulerImpl: Removed TaskSet 25.0, whose tasks have all completed, from pool 
26/08/14 00:05:44 INFO DAGScheduler: ResultStage 25 (count at <unknown>:0) finished in 0.041 s
26/08/14 00:05:44 INFO DAGScheduler: Job 13 is finished. Cancelling potential speculative or zombie tasks for this job
26/08/14 00:05:44 INFO TaskSchedulerImpl: Killing all running tasks in stage 25: Stage finished
26/08/14 00:05:44 INFO DAGScheduler: Job 13 finished: count at <unknown>:0, took 0.099082 s
26/08/14 00:05:44 INFO BlockManagerInfo: Removed broadcast_22_piece0 on spark-driver:35647 in memory (size: 5.9 KiB, free: 191.2 MiB)
26/08/14 00:05:44 INFO BlockManagerInfo: Removed broadcast_22_piece0 on 172.26.0.13:39169 in memory (size: 5.9 KiB, free: 412.2 MiB)
26/08/14 00:05:44 INFO BlockManagerInfo: Removed broadcast_23_piece0 on spark-driver:35647 in memory (size: 24.2 KiB, free: 191.2 MiB)
26/08/14 00:05:44 INFO BlockManagerInfo: Removed broadcast_23_piece0 on 172.26.0.13:39169 in memory (size: 24.2 KiB, free: 412.2 MiB)
26/08/14 00:05:44 INFO BlockManagerInfo: Removed broadcast_23_piece0 on 172.26.0.12:39915 in memory (size: 24.2 KiB, free: 412.2 MiB)
26/08/14 00:05:44 INFO BlockManagerInfo: Removed broadcast_21_piece0 on spark-driver:35647 in memory (size: 24.0 KiB, free: 191.2 MiB)
26/08/14 00:05:44 INFO BlockManagerInfo: Removed broadcast_21_piece0 on 172.26.0.12:39915 in memory (size: 24.0 KiB, free: 412.2 MiB)
26/08/14 00:05:44 INFO BlockManagerInfo: Removed broadcast_21_piece0 on 172.26.0.13:39169 in memory (size: 24.0 KiB, free: 412.2 MiB)
26/08/14 00:05:44 INFO BlockManagerInfo: Removed broadcast_24_piece0 on spark-driver:35647 in memory (size: 5.9 KiB, free: 191.2 MiB)
26/08/14 00:05:44 INFO BlockManagerInfo: Removed broadcast_24_piece0 on 172.26.0.12:39915 in memory (size: 5.9 KiB, free: 412.2 MiB)
26/08/14 00:05:44 INFO CodeGenerator: Code generated in 15.071542 ms
26/08/14 00:05:44 INFO DefaultCachedBatchSerializer: Predicate isnotnull(event_time#89-T120000ms) generates partition filter: ((event_time.count#8942 - event_time.nullCount#8941) > 0)
26/08/14 00:05:44 INFO DefaultCachedBatchSerializer: Predicate (event_time#89-T120000ms < 2026-08-14 00:03:36.633) generates partition filter: (event_time.lowerBound#8940 < 2026-08-14 00:03:36.633)
26/08/14 00:05:44 INFO SparkContext: Starting job: count at <unknown>:0
26/08/14 00:05:44 INFO DAGScheduler: Registering RDD 178 (count at <unknown>:0) as input to shuffle 12
26/08/14 00:05:44 INFO DAGScheduler: Got job 14 (count at <unknown>:0) with 1 output partitions
26/08/14 00:05:44 INFO DAGScheduler: Final stage: ResultStage 27 (count at <unknown>:0)
26/08/14 00:05:44 INFO DAGScheduler: Parents of final stage: List(ShuffleMapStage 26)
26/08/14 00:05:44 INFO DAGScheduler: Missing parents: List(ShuffleMapStage 26)
26/08/14 00:05:44 INFO DAGScheduler: Submitting ShuffleMapStage 26 (MapPartitionsRDD[178] at count at <unknown>:0), which has no missing parents
26/08/14 00:05:44 INFO MemoryStore: Block broadcast_25 stored as values in memory (estimated size 67.2 KiB, free 191.1 MiB)
26/08/14 00:05:44 INFO MemoryStore: Block broadcast_25_piece0 stored as bytes in memory (estimated size 25.6 KiB, free 191.1 MiB)
26/08/14 00:05:44 INFO BlockManagerInfo: Added broadcast_25_piece0 in memory on spark-driver:35647 (size: 25.6 KiB, free: 191.2 MiB)
26/08/14 00:05:44 INFO SparkContext: Created broadcast 25 from broadcast at DAGScheduler.scala:1585
26/08/14 00:05:44 INFO DAGScheduler: Submitting 6 missing tasks from ShuffleMapStage 26 (MapPartitionsRDD[178] at count at <unknown>:0) (first 15 tasks are for partitions Vector(0, 1, 2, 3, 4, 5))
26/08/14 00:05:44 INFO TaskSchedulerImpl: Adding task set 26.0 with 6 tasks resource profile 0
26/08/14 00:05:44 INFO TaskSetManager: Starting task 2.0 in stage 26.0 (TID 80) (172.26.0.13, executor 1, partition 2, PROCESS_LOCAL, 9921 bytes) 
26/08/14 00:05:44 INFO TaskSetManager: Starting task 0.0 in stage 26.0 (TID 81) (172.26.0.12, executor 0, partition 0, PROCESS_LOCAL, 9921 bytes) 
26/08/14 00:05:44 INFO TaskSetManager: Starting task 3.0 in stage 26.0 (TID 82) (172.26.0.13, executor 1, partition 3, PROCESS_LOCAL, 9921 bytes) 
26/08/14 00:05:44 INFO TaskSetManager: Starting task 1.0 in stage 26.0 (TID 83) (172.26.0.12, executor 0, partition 1, PROCESS_LOCAL, 9921 bytes) 
26/08/14 00:05:44 INFO TaskSetManager: Starting task 4.0 in stage 26.0 (TID 84) (172.26.0.13, executor 1, partition 4, PROCESS_LOCAL, 9921 bytes) 
26/08/14 00:05:44 INFO TaskSetManager: Starting task 5.0 in stage 26.0 (TID 85) (172.26.0.12, executor 0, partition 5, PROCESS_LOCAL, 9921 bytes) 
26/08/14 00:05:44 INFO BlockManagerInfo: Added broadcast_25_piece0 in memory on 172.26.0.13:39169 (size: 25.6 KiB, free: 412.2 MiB)
26/08/14 00:05:44 INFO BlockManagerInfo: Added broadcast_25_piece0 in memory on 172.26.0.12:39915 (size: 25.6 KiB, free: 412.2 MiB)
26/08/14 00:05:44 INFO TaskSetManager: Finished task 4.0 in stage 26.0 (TID 84) in 79 ms on 172.26.0.13 (executor 1) (1/6)
26/08/14 00:05:44 INFO TaskSetManager: Finished task 3.0 in stage 26.0 (TID 82) in 82 ms on 172.26.0.13 (executor 1) (2/6)
26/08/14 00:05:44 INFO TaskSetManager: Finished task 2.0 in stage 26.0 (TID 80) in 83 ms on 172.26.0.13 (executor 1) (3/6)
26/08/14 00:05:44 INFO TaskSetManager: Finished task 0.0 in stage 26.0 (TID 81) in 99 ms on 172.26.0.12 (executor 0) (4/6)
26/08/14 00:05:44 INFO TaskSetManager: Finished task 5.0 in stage 26.0 (TID 85) in 98 ms on 172.26.0.12 (executor 0) (5/6)
26/08/14 00:05:44 INFO TaskSetManager: Finished task 1.0 in stage 26.0 (TID 83) in 99 ms on 172.26.0.12 (executor 0) (6/6)
26/08/14 00:05:44 INFO TaskSchedulerImpl: Removed TaskSet 26.0, whose tasks have all completed, from pool 
26/08/14 00:05:44 INFO DAGScheduler: ShuffleMapStage 26 (count at <unknown>:0) finished in 0.113 s
26/08/14 00:05:44 INFO DAGScheduler: looking for newly runnable stages
26/08/14 00:05:44 INFO DAGScheduler: running: Set()
26/08/14 00:05:44 INFO DAGScheduler: waiting: Set(ResultStage 27)
26/08/14 00:05:44 INFO DAGScheduler: failed: Set()
26/08/14 00:05:44 INFO DAGScheduler: Submitting ResultStage 27 (MapPartitionsRDD[181] at count at <unknown>:0), which has no missing parents
26/08/14 00:05:44 INFO MemoryStore: Block broadcast_26 stored as values in memory (estimated size 12.5 KiB, free 191.1 MiB)
26/08/14 00:05:44 INFO MemoryStore: Block broadcast_26_piece0 stored as bytes in memory (estimated size 5.9 KiB, free 191.1 MiB)
26/08/14 00:05:44 INFO BlockManagerInfo: Added broadcast_26_piece0 in memory on spark-driver:35647 (size: 5.9 KiB, free: 191.2 MiB)
26/08/14 00:05:44 INFO SparkContext: Created broadcast 26 from broadcast at DAGScheduler.scala:1585
26/08/14 00:05:44 INFO DAGScheduler: Submitting 1 missing tasks from ResultStage 27 (MapPartitionsRDD[181] at count at <unknown>:0) (first 15 tasks are for partitions Vector(0))
26/08/14 00:05:44 INFO TaskSchedulerImpl: Adding task set 27.0 with 1 tasks resource profile 0
26/08/14 00:05:44 INFO TaskSetManager: Starting task 0.0 in stage 27.0 (TID 86) (172.26.0.13, executor 1, partition 0, NODE_LOCAL, 9003 bytes) 
26/08/14 00:05:44 INFO BlockManagerInfo: Added broadcast_26_piece0 in memory on 172.26.0.13:39169 (size: 5.9 KiB, free: 412.2 MiB)
26/08/14 00:05:44 INFO MapOutputTrackerMasterEndpoint: Asked to send map output locations for shuffle 12 to 172.26.0.13:44738
26/08/14 00:05:44 INFO TaskSetManager: Finished task 0.0 in stage 27.0 (TID 86) in 31 ms on 172.26.0.13 (executor 1) (1/1)
26/08/14 00:05:44 INFO TaskSchedulerImpl: Removed TaskSet 27.0, whose tasks have all completed, from pool 
26/08/14 00:05:44 INFO DAGScheduler: ResultStage 27 (count at <unknown>:0) finished in 0.044 s
26/08/14 00:05:44 INFO DAGScheduler: Job 14 is finished. Cancelling potential speculative or zombie tasks for this job
26/08/14 00:05:44 INFO TaskSchedulerImpl: Killing all running tasks in stage 27: Stage finished
26/08/14 00:05:44 INFO DAGScheduler: Job 14 finished: count at <unknown>:0, took 0.163647 s
26/08/14 00:05:44 INFO BlockManagerInfo: Removed broadcast_26_piece0 on spark-driver:35647 in memory (size: 5.9 KiB, free: 191.2 MiB)
26/08/14 00:05:44 INFO BlockManagerInfo: Removed broadcast_26_piece0 on 172.26.0.13:39169 in memory (size: 5.9 KiB, free: 412.2 MiB)
26/08/14 00:05:44 INFO BlockManagerInfo: Removed broadcast_25_piece0 on spark-driver:35647 in memory (size: 25.6 KiB, free: 191.2 MiB)
26/08/14 00:05:44 INFO BlockManagerInfo: Removed broadcast_25_piece0 on 172.26.0.13:39169 in memory (size: 25.6 KiB, free: 412.2 MiB)
26/08/14 00:05:44 INFO BlockManagerInfo: Removed broadcast_25_piece0 on 172.26.0.12:39915 in memory (size: 25.6 KiB, free: 412.2 MiB)
26/08/14 00:05:45 INFO DefaultCachedBatchSerializer: Predicate isnotnull(kind#9499) generates partition filter: ((kind.count#9568 - kind.nullCount#9567) > 0)
26/08/14 00:05:45 INFO DefaultCachedBatchSerializer: Predicate (kind#9499 = stats) generates partition filter: ((kind.lowerBound#9566 <= stats) AND (stats <= kind.upperBound#9565))
26/08/14 00:05:45 INFO SparkContext: Starting job: call at /opt/spark/python/lib/py4j-0.10.9.7-src.zip/py4j/clientserver.py:617
26/08/14 00:05:45 INFO DAGScheduler: Got job 15 (call at /opt/spark/python/lib/py4j-0.10.9.7-src.zip/py4j/clientserver.py:617) with 6 output partitions
26/08/14 00:05:45 INFO DAGScheduler: Final stage: ResultStage 28 (call at /opt/spark/python/lib/py4j-0.10.9.7-src.zip/py4j/clientserver.py:617)
26/08/14 00:05:45 INFO DAGScheduler: Parents of final stage: List()
26/08/14 00:05:45 INFO DAGScheduler: Missing parents: List()
26/08/14 00:05:45 INFO DAGScheduler: Submitting ResultStage 28 (MapPartitionsRDD[200] at call at /opt/spark/python/lib/py4j-0.10.9.7-src.zip/py4j/clientserver.py:617), which has no missing parents
26/08/14 00:05:45 INFO MemoryStore: Block broadcast_27 stored as values in memory (estimated size 90.0 KiB, free 191.1 MiB)
26/08/14 00:05:45 INFO MemoryStore: Block broadcast_27_piece0 stored as bytes in memory (estimated size 34.0 KiB, free 191.1 MiB)
26/08/14 00:05:45 INFO BlockManagerInfo: Added broadcast_27_piece0 in memory on spark-driver:35647 (size: 34.0 KiB, free: 191.2 MiB)
26/08/14 00:05:45 INFO SparkContext: Created broadcast 27 from broadcast at DAGScheduler.scala:1585
26/08/14 00:05:45 INFO DAGScheduler: Submitting 6 missing tasks from ResultStage 28 (MapPartitionsRDD[200] at call at /opt/spark/python/lib/py4j-0.10.9.7-src.zip/py4j/clientserver.py:617) (first 15 tasks are for partitions Vector(0, 1, 2, 3, 4, 5))
26/08/14 00:05:45 INFO TaskSchedulerImpl: Adding task set 28.0 with 6 tasks resource profile 0
26/08/14 00:05:45 INFO TaskSetManager: Starting task 2.0 in stage 28.0 (TID 87) (172.26.0.13, executor 1, partition 2, PROCESS_LOCAL, 9932 bytes) 
26/08/14 00:05:45 INFO TaskSetManager: Starting task 0.0 in stage 28.0 (TID 88) (172.26.0.12, executor 0, partition 0, PROCESS_LOCAL, 9932 bytes) 
26/08/14 00:05:45 INFO TaskSetManager: Starting task 3.0 in stage 28.0 (TID 89) (172.26.0.13, executor 1, partition 3, PROCESS_LOCAL, 9932 bytes) 
26/08/14 00:05:45 INFO TaskSetManager: Starting task 1.0 in stage 28.0 (TID 90) (172.26.0.12, executor 0, partition 1, PROCESS_LOCAL, 9932 bytes) 
26/08/14 00:05:45 INFO TaskSetManager: Starting task 4.0 in stage 28.0 (TID 91) (172.26.0.13, executor 1, partition 4, PROCESS_LOCAL, 9932 bytes) 
26/08/14 00:05:45 INFO TaskSetManager: Starting task 5.0 in stage 28.0 (TID 92) (172.26.0.12, executor 0, partition 5, PROCESS_LOCAL, 9932 bytes) 
26/08/14 00:05:45 INFO BlockManagerInfo: Added broadcast_27_piece0 in memory on 172.26.0.13:39169 (size: 34.0 KiB, free: 412.2 MiB)
26/08/14 00:05:45 INFO BlockManagerInfo: Added broadcast_27_piece0 in memory on 172.26.0.12:39915 (size: 34.0 KiB, free: 412.2 MiB)
26/08/14 00:05:49 INFO BlockManagerInfo: Added rdd_195_2 in memory on 172.26.0.13:39169 (size: 1808.0 B, free: 412.2 MiB)
26/08/14 00:05:50 INFO BlockManagerInfo: Added rdd_195_3 in memory on 172.26.0.13:39169 (size: 1808.0 B, free: 412.2 MiB)
26/08/14 00:05:50 INFO BlockManagerInfo: Added rdd_195_4 in memory on 172.26.0.13:39169 (size: 1808.0 B, free: 412.2 MiB)
26/08/14 00:05:50 INFO TaskSetManager: Finished task 2.0 in stage 28.0 (TID 87) in 5171 ms on 172.26.0.13 (executor 1) (1/6)
26/08/14 00:05:50 INFO TaskSetManager: Finished task 3.0 in stage 28.0 (TID 89) in 5170 ms on 172.26.0.13 (executor 1) (2/6)
26/08/14 00:05:50 INFO TaskSetManager: Finished task 4.0 in stage 28.0 (TID 91) in 5190 ms on 172.26.0.13 (executor 1) (3/6)
26/08/14 00:05:50 INFO BlockManagerInfo: Added rdd_195_1 in memory on 172.26.0.12:39915 (size: 1808.0 B, free: 412.2 MiB)
26/08/14 00:05:50 INFO BlockManagerInfo: Added rdd_195_5 in memory on 172.26.0.12:39915 (size: 1808.0 B, free: 412.2 MiB)
26/08/14 00:05:50 INFO BlockManagerInfo: Added rdd_195_0 in memory on 172.26.0.12:39915 (size: 1808.0 B, free: 412.2 MiB)
26/08/14 00:05:50 INFO TaskSetManager: Finished task 1.0 in stage 28.0 (TID 90) in 5319 ms on 172.26.0.12 (executor 0) (4/6)
26/08/14 00:05:50 INFO TaskSetManager: Finished task 0.0 in stage 28.0 (TID 88) in 5321 ms on 172.26.0.12 (executor 0) (5/6)
26/08/14 00:05:50 INFO TaskSetManager: Finished task 5.0 in stage 28.0 (TID 92) in 5320 ms on 172.26.0.12 (executor 0) (6/6)
26/08/14 00:05:50 INFO TaskSchedulerImpl: Removed TaskSet 28.0, whose tasks have all completed, from pool 
26/08/14 00:05:50 INFO DAGScheduler: ResultStage 28 (call at /opt/spark/python/lib/py4j-0.10.9.7-src.zip/py4j/clientserver.py:617) finished in 5.337 s
26/08/14 00:05:50 INFO DAGScheduler: Job 15 is finished. Cancelling potential speculative or zombie tasks for this job
26/08/14 00:05:50 INFO TaskSchedulerImpl: Killing all running tasks in stage 28: Stage finished
26/08/14 00:05:50 INFO DAGScheduler: Job 15 finished: call at /opt/spark/python/lib/py4j-0.10.9.7-src.zip/py4j/clientserver.py:617, took 5.357578 s
26/08/14 00:05:50 INFO DefaultCachedBatchSerializer: Predicate isnotnull(kind#9499) generates partition filter: ((kind.count#9651 - kind.nullCount#9650) > 0)
26/08/14 00:05:50 INFO DefaultCachedBatchSerializer: Predicate (kind#9499 = dlq) generates partition filter: ((kind.lowerBound#9649 <= dlq) AND (dlq <= kind.upperBound#9648))
26/08/14 00:05:50 INFO SparkContext: Starting job: count at <unknown>:0
26/08/14 00:05:50 INFO DAGScheduler: Registering RDD 205 (count at <unknown>:0) as input to shuffle 13
26/08/14 00:05:50 INFO DAGScheduler: Got job 16 (count at <unknown>:0) with 1 output partitions
26/08/14 00:05:50 INFO DAGScheduler: Final stage: ResultStage 30 (count at <unknown>:0)
26/08/14 00:05:50 INFO DAGScheduler: Parents of final stage: List(ShuffleMapStage 29)
26/08/14 00:05:50 INFO DAGScheduler: Missing parents: List(ShuffleMapStage 29)
26/08/14 00:05:50 INFO DAGScheduler: Submitting ShuffleMapStage 29 (MapPartitionsRDD[205] at count at <unknown>:0), which has no missing parents
26/08/14 00:05:50 INFO MemoryStore: Block broadcast_28 stored as values in memory (estimated size 92.2 KiB, free 191.0 MiB)
26/08/14 00:05:50 INFO MemoryStore: Block broadcast_28_piece0 stored as bytes in memory (estimated size 35.3 KiB, free 191.0 MiB)
26/08/14 00:05:50 INFO BlockManagerInfo: Added broadcast_28_piece0 in memory on spark-driver:35647 (size: 35.3 KiB, free: 191.1 MiB)
26/08/14 00:05:50 INFO BlockManagerInfo: Removed broadcast_27_piece0 on spark-driver:35647 in memory (size: 34.0 KiB, free: 191.2 MiB)
26/08/14 00:05:50 INFO SparkContext: Created broadcast 28 from broadcast at DAGScheduler.scala:1585
26/08/14 00:05:50 INFO DAGScheduler: Submitting 6 missing tasks from ShuffleMapStage 29 (MapPartitionsRDD[205] at count at <unknown>:0) (first 15 tasks are for partitions Vector(0, 1, 2, 3, 4, 5))
26/08/14 00:05:50 INFO TaskSchedulerImpl: Adding task set 29.0 with 6 tasks resource profile 0
26/08/14 00:05:50 INFO TaskSetManager: Starting task 2.0 in stage 29.0 (TID 93) (172.26.0.13, executor 1, partition 2, PROCESS_LOCAL, 9921 bytes) 
26/08/14 00:05:50 INFO TaskSetManager: Starting task 0.0 in stage 29.0 (TID 94) (172.26.0.12, executor 0, partition 0, PROCESS_LOCAL, 9921 bytes) 
26/08/14 00:05:50 INFO TaskSetManager: Starting task 3.0 in stage 29.0 (TID 95) (172.26.0.13, executor 1, partition 3, PROCESS_LOCAL, 9921 bytes) 
26/08/14 00:05:50 INFO TaskSetManager: Starting task 1.0 in stage 29.0 (TID 96) (172.26.0.12, executor 0, partition 1, PROCESS_LOCAL, 9921 bytes) 
26/08/14 00:05:50 INFO TaskSetManager: Starting task 4.0 in stage 29.0 (TID 97) (172.26.0.13, executor 1, partition 4, PROCESS_LOCAL, 9921 bytes) 
26/08/14 00:05:50 INFO TaskSetManager: Starting task 5.0 in stage 29.0 (TID 98) (172.26.0.12, executor 0, partition 5, PROCESS_LOCAL, 9921 bytes) 
26/08/14 00:05:50 INFO BlockManagerInfo: Removed broadcast_27_piece0 on 172.26.0.12:39915 in memory (size: 34.0 KiB, free: 412.2 MiB)
26/08/14 00:05:50 INFO BlockManagerInfo: Removed broadcast_27_piece0 on 172.26.0.13:39169 in memory (size: 34.0 KiB, free: 412.2 MiB)
26/08/14 00:05:50 INFO BlockManagerInfo: Added broadcast_28_piece0 in memory on 172.26.0.12:39915 (size: 35.3 KiB, free: 412.2 MiB)
26/08/14 00:05:50 INFO BlockManagerInfo: Added broadcast_28_piece0 in memory on 172.26.0.13:39169 (size: 35.3 KiB, free: 412.2 MiB)
26/08/14 00:05:50 INFO TaskSetManager: Finished task 0.0 in stage 29.0 (TID 94) in 110 ms on 172.26.0.12 (executor 0) (1/6)
26/08/14 00:05:50 INFO TaskSetManager: Finished task 1.0 in stage 29.0 (TID 96) in 124 ms on 172.26.0.12 (executor 0) (2/6)
26/08/14 00:05:50 INFO TaskSetManager: Finished task 5.0 in stage 29.0 (TID 98) in 132 ms on 172.26.0.12 (executor 0) (3/6)
26/08/14 00:05:50 INFO TaskSetManager: Finished task 4.0 in stage 29.0 (TID 97) in 172 ms on 172.26.0.13 (executor 1) (4/6)
26/08/14 00:05:50 INFO TaskSetManager: Finished task 3.0 in stage 29.0 (TID 95) in 173 ms on 172.26.0.13 (executor 1) (5/6)
26/08/14 00:05:50 INFO TaskSetManager: Finished task 2.0 in stage 29.0 (TID 93) in 174 ms on 172.26.0.13 (executor 1) (6/6)
26/08/14 00:05:50 INFO TaskSchedulerImpl: Removed TaskSet 29.0, whose tasks have all completed, from pool 
26/08/14 00:05:50 INFO DAGScheduler: ShuffleMapStage 29 (count at <unknown>:0) finished in 0.271 s
26/08/14 00:05:50 INFO DAGScheduler: looking for newly runnable stages
26/08/14 00:05:50 INFO DAGScheduler: running: Set()
26/08/14 00:05:50 INFO DAGScheduler: waiting: Set(ResultStage 30)
26/08/14 00:05:50 INFO DAGScheduler: failed: Set()
26/08/14 00:05:50 INFO DAGScheduler: Submitting ResultStage 30 (MapPartitionsRDD[208] at count at <unknown>:0), which has no missing parents
26/08/14 00:05:50 INFO MemoryStore: Block broadcast_29 stored as values in memory (estimated size 12.5 KiB, free 191.1 MiB)
26/08/14 00:05:50 INFO MemoryStore: Block broadcast_29_piece0 stored as bytes in memory (estimated size 5.9 KiB, free 191.1 MiB)
26/08/14 00:05:50 INFO BlockManagerInfo: Added broadcast_29_piece0 in memory on spark-driver:35647 (size: 5.9 KiB, free: 191.2 MiB)
26/08/14 00:05:50 INFO SparkContext: Created broadcast 29 from broadcast at DAGScheduler.scala:1585
26/08/14 00:05:50 INFO DAGScheduler: Submitting 1 missing tasks from ResultStage 30 (MapPartitionsRDD[208] at count at <unknown>:0) (first 15 tasks are for partitions Vector(0))
26/08/14 00:05:50 INFO TaskSchedulerImpl: Adding task set 30.0 with 1 tasks resource profile 0
26/08/14 00:05:50 INFO TaskSetManager: Starting task 0.0 in stage 30.0 (TID 99) (172.26.0.13, executor 1, partition 0, NODE_LOCAL, 9003 bytes) 
26/08/14 00:05:50 INFO BlockManagerInfo: Added broadcast_29_piece0 in memory on 172.26.0.13:39169 (size: 5.9 KiB, free: 412.2 MiB)
26/08/14 00:05:50 INFO MapOutputTrackerMasterEndpoint: Asked to send map output locations for shuffle 13 to 172.26.0.13:44738
26/08/14 00:05:50 INFO TaskSetManager: Finished task 0.0 in stage 30.0 (TID 99) in 51 ms on 172.26.0.13 (executor 1) (1/1)
26/08/14 00:05:50 INFO TaskSchedulerImpl: Removed TaskSet 30.0, whose tasks have all completed, from pool 
26/08/14 00:05:50 INFO DAGScheduler: ResultStage 30 (count at <unknown>:0) finished in 0.062 s
26/08/14 00:05:50 INFO DAGScheduler: Job 16 is finished. Cancelling potential speculative or zombie tasks for this job
26/08/14 00:05:50 INFO TaskSchedulerImpl: Killing all running tasks in stage 30: Stage finished
26/08/14 00:05:50 INFO DAGScheduler: Job 16 finished: count at <unknown>:0, took 0.351577 s
26/08/14 00:05:50 INFO MapPartitionsRDD: Removing RDD 195 from persistence list
26/08/14 00:05:50 INFO BlockManager: Removing RDD 195
26/08/14 00:05:51 INFO SparkContext: Starting job: call at /opt/spark/python/lib/py4j-0.10.9.7-src.zip/py4j/clientserver.py:617
26/08/14 00:05:51 INFO DAGScheduler: Registering RDD 213 (call at /opt/spark/python/lib/py4j-0.10.9.7-src.zip/py4j/clientserver.py:617) as input to shuffle 14
26/08/14 00:05:51 INFO DAGScheduler: Got job 17 (call at /opt/spark/python/lib/py4j-0.10.9.7-src.zip/py4j/clientserver.py:617) with 1 output partitions
26/08/14 00:05:51 INFO DAGScheduler: Final stage: ResultStage 32 (call at /opt/spark/python/lib/py4j-0.10.9.7-src.zip/py4j/clientserver.py:617)
26/08/14 00:05:51 INFO DAGScheduler: Parents of final stage: List(ShuffleMapStage 31)
26/08/14 00:05:51 INFO DAGScheduler: Missing parents: List(ShuffleMapStage 31)
26/08/14 00:05:51 INFO DAGScheduler: Submitting ShuffleMapStage 31 (MapPartitionsRDD[213] at call at /opt/spark/python/lib/py4j-0.10.9.7-src.zip/py4j/clientserver.py:617), which has no missing parents
26/08/14 00:05:51 INFO MemoryStore: Block broadcast_30 stored as values in memory (estimated size 66.2 KiB, free 191.0 MiB)
26/08/14 00:05:51 INFO MemoryStore: Block broadcast_30_piece0 stored as bytes in memory (estimated size 24.8 KiB, free 191.0 MiB)
26/08/14 00:05:51 INFO BlockManagerInfo: Added broadcast_30_piece0 in memory on spark-driver:35647 (size: 24.8 KiB, free: 191.1 MiB)
26/08/14 00:05:51 INFO SparkContext: Created broadcast 30 from broadcast at DAGScheduler.scala:1585
26/08/14 00:05:51 INFO DAGScheduler: Submitting 6 missing tasks from ShuffleMapStage 31 (MapPartitionsRDD[213] at call at /opt/spark/python/lib/py4j-0.10.9.7-src.zip/py4j/clientserver.py:617) (first 15 tasks are for partitions Vector(0, 1, 2, 3, 4, 5))
26/08/14 00:05:51 INFO TaskSchedulerImpl: Adding task set 31.0 with 6 tasks resource profile 0
26/08/14 00:05:51 INFO TaskSetManager: Starting task 0.0 in stage 31.0 (TID 100) (172.26.0.12, executor 0, partition 0, PROCESS_LOCAL, 9921 bytes) 
26/08/14 00:05:51 INFO TaskSetManager: Starting task 2.0 in stage 31.0 (TID 101) (172.26.0.13, executor 1, partition 2, PROCESS_LOCAL, 9921 bytes) 
26/08/14 00:05:51 INFO TaskSetManager: Starting task 1.0 in stage 31.0 (TID 102) (172.26.0.12, executor 0, partition 1, PROCESS_LOCAL, 9921 bytes) 
26/08/14 00:05:51 INFO TaskSetManager: Starting task 3.0 in stage 31.0 (TID 103) (172.26.0.13, executor 1, partition 3, PROCESS_LOCAL, 9921 bytes) 
26/08/14 00:05:51 INFO TaskSetManager: Starting task 5.0 in stage 31.0 (TID 104) (172.26.0.12, executor 0, partition 5, PROCESS_LOCAL, 9921 bytes) 
26/08/14 00:05:51 INFO TaskSetManager: Starting task 4.0 in stage 31.0 (TID 105) (172.26.0.13, executor 1, partition 4, PROCESS_LOCAL, 9921 bytes) 
26/08/14 00:05:51 INFO BlockManagerInfo: Added broadcast_30_piece0 in memory on 172.26.0.12:39915 (size: 24.8 KiB, free: 412.1 MiB)
26/08/14 00:05:51 INFO BlockManagerInfo: Added broadcast_30_piece0 in memory on 172.26.0.13:39169 (size: 24.8 KiB, free: 412.2 MiB)
26/08/14 00:05:51 INFO TaskSetManager: Finished task 5.0 in stage 31.0 (TID 104) in 50 ms on 172.26.0.12 (executor 0) (1/6)
26/08/14 00:05:51 INFO TaskSetManager: Finished task 0.0 in stage 31.0 (TID 100) in 51 ms on 172.26.0.12 (executor 0) (2/6)
26/08/14 00:05:51 INFO TaskSetManager: Finished task 1.0 in stage 31.0 (TID 102) in 52 ms on 172.26.0.12 (executor 0) (3/6)
26/08/14 00:05:51 INFO TaskSetManager: Finished task 3.0 in stage 31.0 (TID 103) in 62 ms on 172.26.0.13 (executor 1) (4/6)
26/08/14 00:05:51 INFO TaskSetManager: Finished task 2.0 in stage 31.0 (TID 101) in 67 ms on 172.26.0.13 (executor 1) (5/6)
26/08/14 00:05:51 INFO TaskSetManager: Finished task 4.0 in stage 31.0 (TID 105) in 66 ms on 172.26.0.13 (executor 1) (6/6)
26/08/14 00:05:51 INFO TaskSchedulerImpl: Removed TaskSet 31.0, whose tasks have all completed, from pool 
26/08/14 00:05:51 INFO DAGScheduler: ShuffleMapStage 31 (call at /opt/spark/python/lib/py4j-0.10.9.7-src.zip/py4j/clientserver.py:617) finished in 0.074 s
26/08/14 00:05:51 INFO DAGScheduler: looking for newly runnable stages
26/08/14 00:05:51 INFO DAGScheduler: running: Set()
26/08/14 00:05:51 INFO DAGScheduler: waiting: Set(ResultStage 32)
26/08/14 00:05:51 INFO DAGScheduler: failed: Set()
26/08/14 00:05:51 INFO DAGScheduler: Submitting ResultStage 32 (MapPartitionsRDD[216] at call at /opt/spark/python/lib/py4j-0.10.9.7-src.zip/py4j/clientserver.py:617), which has no missing parents
26/08/14 00:05:51 INFO MemoryStore: Block broadcast_31 stored as values in memory (estimated size 13.1 KiB, free 191.0 MiB)
26/08/14 00:05:51 INFO MemoryStore: Block broadcast_31_piece0 stored as bytes in memory (estimated size 6.1 KiB, free 191.0 MiB)
26/08/14 00:05:51 INFO BlockManagerInfo: Added broadcast_31_piece0 in memory on spark-driver:35647 (size: 6.1 KiB, free: 191.1 MiB)
26/08/14 00:05:51 INFO SparkContext: Created broadcast 31 from broadcast at DAGScheduler.scala:1585
26/08/14 00:05:51 INFO DAGScheduler: Submitting 1 missing tasks from ResultStage 32 (MapPartitionsRDD[216] at call at /opt/spark/python/lib/py4j-0.10.9.7-src.zip/py4j/clientserver.py:617) (first 15 tasks are for partitions Vector(0))
26/08/14 00:05:51 INFO TaskSchedulerImpl: Adding task set 32.0 with 1 tasks resource profile 0
26/08/14 00:05:51 INFO BlockManagerInfo: Removed broadcast_28_piece0 on spark-driver:35647 in memory (size: 35.3 KiB, free: 191.2 MiB)
26/08/14 00:05:51 INFO TaskSetManager: Starting task 0.0 in stage 32.0 (TID 106) (172.26.0.13, executor 1, partition 0, NODE_LOCAL, 9003 bytes) 
26/08/14 00:05:51 INFO BlockManagerInfo: Removed broadcast_28_piece0 on 172.26.0.13:39169 in memory (size: 35.3 KiB, free: 412.2 MiB)
26/08/14 00:05:51 INFO BlockManagerInfo: Removed broadcast_28_piece0 on 172.26.0.12:39915 in memory (size: 35.3 KiB, free: 412.2 MiB)
26/08/14 00:05:51 INFO BlockManagerInfo: Removed broadcast_29_piece0 on spark-driver:35647 in memory (size: 5.9 KiB, free: 191.2 MiB)
26/08/14 00:05:51 INFO BlockManagerInfo: Added broadcast_31_piece0 in memory on 172.26.0.13:39169 (size: 6.1 KiB, free: 412.2 MiB)
26/08/14 00:05:51 INFO BlockManagerInfo: Removed broadcast_29_piece0 on 172.26.0.13:39169 in memory (size: 5.9 KiB, free: 412.2 MiB)
26/08/14 00:05:51 INFO MapOutputTrackerMasterEndpoint: Asked to send map output locations for shuffle 14 to 172.26.0.13:44738
26/08/14 00:05:51 INFO TaskSetManager: Finished task 0.0 in stage 32.0 (TID 106) in 49 ms on 172.26.0.13 (executor 1) (1/1)
26/08/14 00:05:51 INFO TaskSchedulerImpl: Removed TaskSet 32.0, whose tasks have all completed, from pool 
26/08/14 00:05:51 INFO DAGScheduler: ResultStage 32 (call at /opt/spark/python/lib/py4j-0.10.9.7-src.zip/py4j/clientserver.py:617) finished in 0.075 s
26/08/14 00:05:51 INFO DAGScheduler: Job 17 is finished. Cancelling potential speculative or zombie tasks for this job
26/08/14 00:05:51 INFO TaskSchedulerImpl: Killing all running tasks in stage 32: Stage finished
26/08/14 00:05:51 INFO DAGScheduler: Job 17 finished: call at /opt/spark/python/lib/py4j-0.10.9.7-src.zip/py4j/clientserver.py:617, took 0.158387 s
26/08/14 00:05:51 INFO MapPartitionsRDD: Removing RDD 157 from persistence list
26/08/14 00:05:51 INFO BlockManager: Removing RDD 157
26/08/14 00:05:51 INFO WatermarkTracker: Updating event-time watermark from 1786665816633 to 1786665823740 ms
26/08/14 00:05:51 INFO CheckpointFileManager: Writing atomically to file:/opt/checkpoints/trips/commits/3 using temp file file:/opt/checkpoints/trips/commits/.3.b4279152-1186-4635-827c-56d42d030470.tmp
26/08/14 00:05:51 INFO CheckpointFileManager: Renamed temp file file:/opt/checkpoints/trips/commits/.3.b4279152-1186-4635-827c-56d42d030470.tmp to file:/opt/checkpoints/trips/commits/3
26/08/14 00:05:51 INFO MicroBatchExecution: Streaming query made progress: {
  "id" : "5809875d-4e3d-4fb3-8383-949c002374c9",
  "runId" : "d3ba1340-2011-4780-b92f-e7e48f2e3457",
  "name" : "trips-ingest-chaos_kill_executor_1",
  "timestamp" : "2026-08-14T00:05:43.806Z",
  "batchId" : 3,
  "numInputRows" : 5699,
  "inputRowsPerSecond" : 800.8712759977516,
  "processedRowsPerSecond" : 767.3353978726269,
  "durationMs" : {
    "addBatch" : 7289,
    "commitOffsets" : 44,
    "getBatch" : 0,
    "latestOffset" : 19,
    "queryPlanning" : 24,
    "triggerExecution" : 7427,
    "walCommit" : 44
  },
  "eventTime" : {
    "avg" : "2026-08-14T00:05:38.719Z",
    "max" : "2026-08-14T00:05:43.740Z",
    "min" : "2026-08-14T00:05:33.720Z",
    "watermark" : "2026-08-14T00:03:36.633Z"
  },
  "stateOperators" : [ ],
  "sources" : [ {
    "description" : "KafkaV2[Subscribe[trips.raw]]",
    "startOffset" : {
      "trips.raw" : {
        "2" : 204463,
        "5" : 203186,
        "4" : 204374,
        "1" : 204182,
        "3" : 204108,
        "0" : 203869
      }
    },
    "endOffset" : {
      "trips.raw" : {
        "2" : 205428,
        "5" : 204144,
        "4" : 205283,
        "1" : 205160,
        "3" : 204997,
        "0" : 204869
      }
    },
    "latestOffset" : {
      "trips.raw" : {
        "2" : 205428,
        "5" : 204144,
        "4" : 205283,
        "1" : 205160,
        "3" : 204997,
        "0" : 204869
      }
    },
    "numInputRows" : 5699,
    "inputRowsPerSecond" : 800.8712759977516,
    "processedRowsPerSecond" : 767.3353978726269,
    "metrics" : {
      "avgOffsetsBehindLatest" : "0.0",
      "maxOffsetsBehindLatest" : "0",
      "minOffsetsBehindLatest" : "0"
    }
  } ],
  "sink" : {
    "description" : "ForeachBatchSink",
    "numOutputRows" : -1
  }
}
26/08/14 00:05:51 INFO CheckpointFileManager: Writing atomically to file:/opt/checkpoints/trips/offsets/4 using temp file file:/opt/checkpoints/trips/offsets/.4.319e7ffc-87cb-4678-a813-c1f9d5f11dc5.tmp
26/08/14 00:05:51 INFO CheckpointFileManager: Renamed temp file file:/opt/checkpoints/trips/offsets/.4.319e7ffc-87cb-4678-a813-c1f9d5f11dc5.tmp to file:/opt/checkpoints/trips/offsets/4
26/08/14 00:05:51 INFO MicroBatchExecution: Committed offsets for batch 4. Metadata OffsetSeqMetadata(1786665823740,1786665951249,Map(spark.sql.streaming.stateStore.providerClass -> org.apache.spark.sql.execution.streaming.state.HDFSBackedStateStoreProvider, spark.sql.streaming.join.stateFormatVersion -> 2, spark.sql.streaming.stateStore.compression.codec -> lz4, spark.sql.streaming.stateStore.rocksdb.formatVersion -> 5, spark.sql.streaming.statefulOperator.useStrictDistribution -> true, spark.sql.streaming.flatMapGroupsWithState.stateFormatVersion -> 2, spark.sql.streaming.multipleWatermarkPolicy -> min, spark.sql.streaming.aggregation.stateFormatVersion -> 2, spark.sql.shuffle.partitions -> 6))
26/08/14 00:05:51 INFO KafkaOffsetReaderAdmin: Partitions added: Map()
26/08/14 00:05:51 INFO KafkaOffsetReaderAdmin: Partitions added: Map()
26/08/14 00:05:51 INFO KafkaOffsetReaderAdmin: Partitions added: Map()
26/08/14 00:05:51 INFO KafkaOffsetReaderAdmin: Partitions added: Map()
2026-08-14 00:05:51,371 INFO  [stream] Received command c on object id p0
26/08/14 00:05:51 INFO BlockManagerInfo: Removed broadcast_30_piece0 on spark-driver:35647 in memory (size: 24.8 KiB, free: 191.2 MiB)
26/08/14 00:05:51 INFO SparkContext: Starting job: count at <unknown>:0
26/08/14 00:05:51 INFO DAGScheduler: Registering RDD 231 (count at <unknown>:0) as input to shuffle 15
26/08/14 00:05:51 INFO DAGScheduler: Got job 18 (count at <unknown>:0) with 1 output partitions
26/08/14 00:05:51 INFO DAGScheduler: Final stage: ResultStage 34 (count at <unknown>:0)
26/08/14 00:05:51 INFO DAGScheduler: Parents of final stage: List(ShuffleMapStage 33)
26/08/14 00:05:51 INFO DAGScheduler: Missing parents: List(ShuffleMapStage 33)
26/08/14 00:05:51 INFO BlockManagerInfo: Removed broadcast_30_piece0 on 172.26.0.12:39915 in memory (size: 24.8 KiB, free: 413.9 MiB)
26/08/14 00:05:51 INFO BlockManagerInfo: Removed broadcast_30_piece0 on 172.26.0.13:39169 in memory (size: 24.8 KiB, free: 413.9 MiB)
26/08/14 00:05:51 INFO DAGScheduler: Submitting ShuffleMapStage 33 (MapPartitionsRDD[231] at count at <unknown>:0), which has no missing parents
26/08/14 00:05:51 INFO MemoryStore: Block broadcast_32 stored as values in memory (estimated size 64.6 KiB, free 191.1 MiB)
26/08/14 00:05:51 INFO BlockManagerInfo: Removed broadcast_31_piece0 on 172.26.0.13:39169 in memory (size: 6.1 KiB, free: 413.9 MiB)
26/08/14 00:05:51 INFO BlockManagerInfo: Removed broadcast_31_piece0 on spark-driver:35647 in memory (size: 6.1 KiB, free: 191.2 MiB)
26/08/14 00:05:51 INFO MemoryStore: Block broadcast_32_piece0 stored as bytes in memory (estimated size 24.0 KiB, free 191.1 MiB)
26/08/14 00:05:51 INFO BlockManagerInfo: Added broadcast_32_piece0 in memory on spark-driver:35647 (size: 24.0 KiB, free: 191.2 MiB)
26/08/14 00:05:51 INFO SparkContext: Created broadcast 32 from broadcast at DAGScheduler.scala:1585
26/08/14 00:05:51 INFO DAGScheduler: Submitting 6 missing tasks from ShuffleMapStage 33 (MapPartitionsRDD[231] at count at <unknown>:0) (first 15 tasks are for partitions Vector(0, 1, 2, 3, 4, 5))
26/08/14 00:05:51 INFO TaskSchedulerImpl: Adding task set 33.0 with 6 tasks resource profile 0
26/08/14 00:05:51 INFO TaskSetManager: Starting task 2.0 in stage 33.0 (TID 107) (172.26.0.13, executor 1, partition 2, PROCESS_LOCAL, 9921 bytes) 
26/08/14 00:05:51 INFO TaskSetManager: Starting task 0.0 in stage 33.0 (TID 108) (172.26.0.12, executor 0, partition 0, PROCESS_LOCAL, 9921 bytes) 
26/08/14 00:05:51 INFO TaskSetManager: Starting task 3.0 in stage 33.0 (TID 109) (172.26.0.13, executor 1, partition 3, PROCESS_LOCAL, 9921 bytes) 
26/08/14 00:05:51 INFO TaskSetManager: Starting task 1.0 in stage 33.0 (TID 110) (172.26.0.12, executor 0, partition 1, PROCESS_LOCAL, 9921 bytes) 
26/08/14 00:05:51 INFO TaskSetManager: Starting task 4.0 in stage 33.0 (TID 111) (172.26.0.13, executor 1, partition 4, PROCESS_LOCAL, 9921 bytes) 
26/08/14 00:05:51 INFO TaskSetManager: Starting task 5.0 in stage 33.0 (TID 112) (172.26.0.12, executor 0, partition 5, PROCESS_LOCAL, 9921 bytes) 
26/08/14 00:05:51 INFO BlockManagerInfo: Added broadcast_32_piece0 in memory on 172.26.0.13:39169 (size: 24.0 KiB, free: 413.9 MiB)
26/08/14 00:05:51 INFO BlockManagerInfo: Added broadcast_32_piece0 in memory on 172.26.0.12:39915 (size: 24.0 KiB, free: 413.9 MiB)
26/08/14 00:05:51 INFO BlockManagerInfo: Added rdd_226_0 in memory on 172.26.0.12:39915 (size: 620.4 KiB, free: 413.3 MiB)
26/08/14 00:05:51 INFO BlockManagerInfo: Added rdd_226_2 in memory on 172.26.0.13:39169 (size: 621.8 KiB, free: 413.3 MiB)
26/08/14 00:05:51 INFO BlockManagerInfo: Added rdd_226_3 in memory on 172.26.0.13:39169 (size: 634.9 KiB, free: 412.7 MiB)
26/08/14 00:05:51 INFO TaskSetManager: Finished task 2.0 in stage 33.0 (TID 107) in 292 ms on 172.26.0.13 (executor 1) (1/6)
26/08/14 00:05:51 INFO TaskSetManager: Finished task 3.0 in stage 33.0 (TID 109) in 295 ms on 172.26.0.13 (executor 1) (2/6)
26/08/14 00:05:51 INFO TaskSetManager: Finished task 0.0 in stage 33.0 (TID 108) in 303 ms on 172.26.0.12 (executor 0) (3/6)
26/08/14 00:05:51 INFO BlockManagerInfo: Added rdd_226_4 in memory on 172.26.0.13:39169 (size: 585.9 KiB, free: 412.1 MiB)
26/08/14 00:05:51 INFO TaskSetManager: Finished task 4.0 in stage 33.0 (TID 111) in 314 ms on 172.26.0.13 (executor 1) (4/6)
26/08/14 00:05:51 INFO BlockManagerInfo: Added rdd_226_5 in memory on 172.26.0.12:39915 (size: 595.3 KiB, free: 412.7 MiB)
26/08/14 00:05:51 INFO TaskSetManager: Finished task 5.0 in stage 33.0 (TID 112) in 337 ms on 172.26.0.12 (executor 0) (5/6)
26/08/14 00:05:51 INFO BlockManagerInfo: Added rdd_226_1 in memory on 172.26.0.12:39915 (size: 599.7 KiB, free: 412.1 MiB)
26/08/14 00:05:51 INFO TaskSetManager: Finished task 1.0 in stage 33.0 (TID 110) in 364 ms on 172.26.0.12 (executor 0) (6/6)
26/08/14 00:05:51 INFO TaskSchedulerImpl: Removed TaskSet 33.0, whose tasks have all completed, from pool 
26/08/14 00:05:51 INFO DAGScheduler: ShuffleMapStage 33 (count at <unknown>:0) finished in 0.380 s
26/08/14 00:05:51 INFO DAGScheduler: looking for newly runnable stages
26/08/14 00:05:51 INFO DAGScheduler: running: Set()
26/08/14 00:05:51 INFO DAGScheduler: waiting: Set(ResultStage 34)
26/08/14 00:05:51 INFO DAGScheduler: failed: Set()
26/08/14 00:05:51 INFO DAGScheduler: Submitting ResultStage 34 (MapPartitionsRDD[234] at count at <unknown>:0), which has no missing parents
26/08/14 00:05:51 INFO MemoryStore: Block broadcast_33 stored as values in memory (estimated size 12.5 KiB, free 191.1 MiB)
26/08/14 00:05:51 INFO MemoryStore: Block broadcast_33_piece0 stored as bytes in memory (estimated size 5.9 KiB, free 191.1 MiB)
26/08/14 00:05:51 INFO BlockManagerInfo: Added broadcast_33_piece0 in memory on spark-driver:35647 (size: 5.9 KiB, free: 191.2 MiB)
26/08/14 00:05:51 INFO SparkContext: Created broadcast 33 from broadcast at DAGScheduler.scala:1585
26/08/14 00:05:51 INFO DAGScheduler: Submitting 1 missing tasks from ResultStage 34 (MapPartitionsRDD[234] at count at <unknown>:0) (first 15 tasks are for partitions Vector(0))
26/08/14 00:05:51 INFO TaskSchedulerImpl: Adding task set 34.0 with 1 tasks resource profile 0
26/08/14 00:05:51 INFO TaskSetManager: Starting task 0.0 in stage 34.0 (TID 113) (172.26.0.13, executor 1, partition 0, NODE_LOCAL, 9003 bytes) 
26/08/14 00:05:51 INFO BlockManagerInfo: Added broadcast_33_piece0 in memory on 172.26.0.13:39169 (size: 5.9 KiB, free: 412.1 MiB)
26/08/14 00:05:51 INFO MapOutputTrackerMasterEndpoint: Asked to send map output locations for shuffle 15 to 172.26.0.13:44738
26/08/14 00:05:51 INFO TaskSetManager: Finished task 0.0 in stage 34.0 (TID 113) in 38 ms on 172.26.0.13 (executor 1) (1/1)
26/08/14 00:05:51 INFO TaskSchedulerImpl: Removed TaskSet 34.0, whose tasks have all completed, from pool 
26/08/14 00:05:51 INFO DAGScheduler: ResultStage 34 (count at <unknown>:0) finished in 0.050 s
26/08/14 00:05:51 INFO DAGScheduler: Job 18 is finished. Cancelling potential speculative or zombie tasks for this job
26/08/14 00:05:51 INFO TaskSchedulerImpl: Killing all running tasks in stage 34: Stage finished
26/08/14 00:05:51 INFO DAGScheduler: Job 18 finished: count at <unknown>:0, took 0.443745 s
26/08/14 00:05:51 INFO SparkContext: Starting job: count at <unknown>:0
26/08/14 00:05:51 INFO DAGScheduler: Registering RDD 239 (count at <unknown>:0) as input to shuffle 16
26/08/14 00:05:51 INFO DAGScheduler: Got job 19 (count at <unknown>:0) with 1 output partitions
26/08/14 00:05:51 INFO DAGScheduler: Final stage: ResultStage 36 (count at <unknown>:0)
26/08/14 00:05:51 INFO DAGScheduler: Parents of final stage: List(ShuffleMapStage 35)
26/08/14 00:05:51 INFO DAGScheduler: Missing parents: List(ShuffleMapStage 35)
26/08/14 00:05:51 INFO DAGScheduler: Submitting ShuffleMapStage 35 (MapPartitionsRDD[239] at count at <unknown>:0), which has no missing parents
26/08/14 00:05:51 INFO MemoryStore: Block broadcast_34 stored as values in memory (estimated size 64.9 KiB, free 191.0 MiB)
26/08/14 00:05:51 INFO MemoryStore: Block broadcast_34_piece0 stored as bytes in memory (estimated size 24.2 KiB, free 191.0 MiB)
26/08/14 00:05:51 INFO BlockManagerInfo: Added broadcast_34_piece0 in memory on spark-driver:35647 (size: 24.2 KiB, free: 191.2 MiB)
26/08/14 00:05:51 INFO SparkContext: Created broadcast 34 from broadcast at DAGScheduler.scala:1585
26/08/14 00:05:51 INFO DAGScheduler: Submitting 6 missing tasks from ShuffleMapStage 35 (MapPartitionsRDD[239] at count at <unknown>:0) (first 15 tasks are for partitions Vector(0, 1, 2, 3, 4, 5))
26/08/14 00:05:51 INFO TaskSchedulerImpl: Adding task set 35.0 with 6 tasks resource profile 0
26/08/14 00:05:51 INFO TaskSetManager: Starting task 0.0 in stage 35.0 (TID 114) (172.26.0.12, executor 0, partition 0, PROCESS_LOCAL, 9921 bytes) 
26/08/14 00:05:51 INFO TaskSetManager: Starting task 2.0 in stage 35.0 (TID 115) (172.26.0.13, executor 1, partition 2, PROCESS_LOCAL, 9921 bytes) 
26/08/14 00:05:51 INFO TaskSetManager: Starting task 1.0 in stage 35.0 (TID 116) (172.26.0.12, executor 0, partition 1, PROCESS_LOCAL, 9921 bytes) 
26/08/14 00:05:51 INFO TaskSetManager: Starting task 3.0 in stage 35.0 (TID 117) (172.26.0.13, executor 1, partition 3, PROCESS_LOCAL, 9921 bytes) 
26/08/14 00:05:51 INFO TaskSetManager: Starting task 5.0 in stage 35.0 (TID 118) (172.26.0.12, executor 0, partition 5, PROCESS_LOCAL, 9921 bytes) 
26/08/14 00:05:51 INFO TaskSetManager: Starting task 4.0 in stage 35.0 (TID 119) (172.26.0.13, executor 1, partition 4, PROCESS_LOCAL, 9921 bytes) 
26/08/14 00:05:51 INFO BlockManagerInfo: Added broadcast_34_piece0 in memory on 172.26.0.12:39915 (size: 24.2 KiB, free: 412.1 MiB)
26/08/14 00:05:51 INFO BlockManagerInfo: Added broadcast_34_piece0 in memory on 172.26.0.13:39169 (size: 24.2 KiB, free: 412.1 MiB)
26/08/14 00:05:51 INFO TaskSetManager: Finished task 2.0 in stage 35.0 (TID 115) in 45 ms on 172.26.0.13 (executor 1) (1/6)
26/08/14 00:05:51 INFO TaskSetManager: Finished task 3.0 in stage 35.0 (TID 117) in 65 ms on 172.26.0.13 (executor 1) (2/6)
26/08/14 00:05:51 INFO TaskSetManager: Finished task 4.0 in stage 35.0 (TID 119) in 65 ms on 172.26.0.13 (executor 1) (3/6)
26/08/14 00:05:52 INFO TaskSetManager: Finished task 0.0 in stage 35.0 (TID 114) in 373 ms on 172.26.0.12 (executor 0) (4/6)
26/08/14 00:05:52 INFO TaskSetManager: Finished task 1.0 in stage 35.0 (TID 116) in 400 ms on 172.26.0.12 (executor 0) (5/6)
26/08/14 00:05:52 INFO TaskSetManager: Finished task 5.0 in stage 35.0 (TID 118) in 400 ms on 172.26.0.12 (executor 0) (6/6)
26/08/14 00:05:52 INFO TaskSchedulerImpl: Removed TaskSet 35.0, whose tasks have all completed, from pool 
26/08/14 00:05:52 INFO DAGScheduler: ShuffleMapStage 35 (count at <unknown>:0) finished in 0.410 s
26/08/14 00:05:52 INFO DAGScheduler: looking for newly runnable stages
26/08/14 00:05:52 INFO DAGScheduler: running: Set()
26/08/14 00:05:52 INFO DAGScheduler: waiting: Set(ResultStage 36)
26/08/14 00:05:52 INFO DAGScheduler: failed: Set()
26/08/14 00:05:52 INFO BlockManagerInfo: Removed broadcast_32_piece0 on spark-driver:35647 in memory (size: 24.0 KiB, free: 191.2 MiB)
26/08/14 00:05:52 INFO BlockManagerInfo: Removed broadcast_32_piece0 on 172.26.0.13:39169 in memory (size: 24.0 KiB, free: 412.1 MiB)
26/08/14 00:05:52 INFO DAGScheduler: Submitting ResultStage 36 (MapPartitionsRDD[242] at count at <unknown>:0), which has no missing parents
26/08/14 00:05:52 INFO BlockManagerInfo: Removed broadcast_32_piece0 on 172.26.0.12:39915 in memory (size: 24.0 KiB, free: 412.1 MiB)
26/08/14 00:05:52 INFO MemoryStore: Block broadcast_35 stored as values in memory (estimated size 12.5 KiB, free 191.1 MiB)
26/08/14 00:05:52 INFO MemoryStore: Block broadcast_35_piece0 stored as bytes in memory (estimated size 5.9 KiB, free 191.1 MiB)
26/08/14 00:05:52 INFO BlockManagerInfo: Added broadcast_35_piece0 in memory on spark-driver:35647 (size: 5.9 KiB, free: 191.2 MiB)
26/08/14 00:05:52 INFO SparkContext: Created broadcast 35 from broadcast at DAGScheduler.scala:1585
26/08/14 00:05:52 INFO DAGScheduler: Submitting 1 missing tasks from ResultStage 36 (MapPartitionsRDD[242] at count at <unknown>:0) (first 15 tasks are for partitions Vector(0))
26/08/14 00:05:52 INFO TaskSchedulerImpl: Adding task set 36.0 with 1 tasks resource profile 0
26/08/14 00:05:52 INFO TaskSetManager: Starting task 0.0 in stage 36.0 (TID 120) (172.26.0.12, executor 0, partition 0, NODE_LOCAL, 9003 bytes) 
26/08/14 00:05:52 INFO BlockManagerInfo: Removed broadcast_33_piece0 on spark-driver:35647 in memory (size: 5.9 KiB, free: 191.2 MiB)
26/08/14 00:05:52 INFO BlockManagerInfo: Removed broadcast_33_piece0 on 172.26.0.13:39169 in memory (size: 5.9 KiB, free: 412.1 MiB)
26/08/14 00:05:52 INFO BlockManagerInfo: Added broadcast_35_piece0 in memory on 172.26.0.12:39915 (size: 5.9 KiB, free: 412.1 MiB)
26/08/14 00:05:52 INFO MapOutputTrackerMasterEndpoint: Asked to send map output locations for shuffle 16 to 172.26.0.12:44860
26/08/14 00:05:52 INFO TaskSetManager: Finished task 0.0 in stage 36.0 (TID 120) in 43 ms on 172.26.0.12 (executor 0) (1/1)
26/08/14 00:05:52 INFO TaskSchedulerImpl: Removed TaskSet 36.0, whose tasks have all completed, from pool 
26/08/14 00:05:52 INFO DAGScheduler: ResultStage 36 (count at <unknown>:0) finished in 0.057 s
26/08/14 00:05:52 INFO DAGScheduler: Job 19 is finished. Cancelling potential speculative or zombie tasks for this job
26/08/14 00:05:52 INFO TaskSchedulerImpl: Killing all running tasks in stage 36: Stage finished
26/08/14 00:05:52 INFO DAGScheduler: Job 19 finished: count at <unknown>:0, took 0.487731 s
26/08/14 00:05:52 INFO CodeGenerator: Code generated in 46.522958 ms
26/08/14 00:05:52 INFO DefaultCachedBatchSerializer: Predicate isnotnull(event_time#89-T120000ms) generates partition filter: ((event_time.count#12271 - event_time.nullCount#12270) > 0)
26/08/14 00:05:52 INFO DefaultCachedBatchSerializer: Predicate (event_time#89-T120000ms < 2026-08-14 00:03:43.74) generates partition filter: (event_time.lowerBound#12269 < 2026-08-14 00:03:43.74)
26/08/14 00:05:52 INFO SparkContext: Starting job: count at <unknown>:0
26/08/14 00:05:52 INFO DAGScheduler: Registering RDD 247 (count at <unknown>:0) as input to shuffle 17
26/08/14 00:05:52 INFO DAGScheduler: Got job 20 (count at <unknown>:0) with 1 output partitions
26/08/14 00:05:52 INFO DAGScheduler: Final stage: ResultStage 38 (count at <unknown>:0)
26/08/14 00:05:52 INFO DAGScheduler: Parents of final stage: List(ShuffleMapStage 37)
26/08/14 00:05:52 INFO DAGScheduler: Missing parents: List(ShuffleMapStage 37)
26/08/14 00:05:52 INFO DAGScheduler: Submitting ShuffleMapStage 37 (MapPartitionsRDD[247] at count at <unknown>:0), which has no missing parents
26/08/14 00:05:52 INFO MemoryStore: Block broadcast_36 stored as values in memory (estimated size 67.2 KiB, free 191.0 MiB)
26/08/14 00:05:52 INFO MemoryStore: Block broadcast_36_piece0 stored as bytes in memory (estimated size 25.5 KiB, free 191.0 MiB)
26/08/14 00:05:52 INFO BlockManagerInfo: Added broadcast_36_piece0 in memory on spark-driver:35647 (size: 25.5 KiB, free: 191.2 MiB)
26/08/14 00:05:52 INFO SparkContext: Created broadcast 36 from broadcast at DAGScheduler.scala:1585
26/08/14 00:05:52 INFO DAGScheduler: Submitting 6 missing tasks from ShuffleMapStage 37 (MapPartitionsRDD[247] at count at <unknown>:0) (first 15 tasks are for partitions Vector(0, 1, 2, 3, 4, 5))
26/08/14 00:05:52 INFO TaskSchedulerImpl: Adding task set 37.0 with 6 tasks resource profile 0
26/08/14 00:05:52 INFO TaskSetManager: Starting task 2.0 in stage 37.0 (TID 121) (172.26.0.13, executor 1, partition 2, PROCESS_LOCAL, 9921 bytes) 
26/08/14 00:05:52 INFO TaskSetManager: Starting task 0.0 in stage 37.0 (TID 122) (172.26.0.12, executor 0, partition 0, PROCESS_LOCAL, 9921 bytes) 
26/08/14 00:05:52 INFO TaskSetManager: Starting task 3.0 in stage 37.0 (TID 123) (172.26.0.13, executor 1, partition 3, PROCESS_LOCAL, 9921 bytes) 
26/08/14 00:05:52 INFO TaskSetManager: Starting task 1.0 in stage 37.0 (TID 124) (172.26.0.12, executor 0, partition 1, PROCESS_LOCAL, 9921 bytes) 
26/08/14 00:05:52 INFO TaskSetManager: Starting task 4.0 in stage 37.0 (TID 125) (172.26.0.13, executor 1, partition 4, PROCESS_LOCAL, 9921 bytes) 
26/08/14 00:05:52 INFO TaskSetManager: Starting task 5.0 in stage 37.0 (TID 126) (172.26.0.12, executor 0, partition 5, PROCESS_LOCAL, 9921 bytes) 
26/08/14 00:05:52 INFO BlockManagerInfo: Added broadcast_36_piece0 in memory on 172.26.0.12:39915 (size: 25.5 KiB, free: 412.1 MiB)
26/08/14 00:05:52 INFO BlockManagerInfo: Added broadcast_36_piece0 in memory on 172.26.0.13:39169 (size: 25.5 KiB, free: 412.1 MiB)
26/08/14 00:05:52 INFO TaskSetManager: Finished task 0.0 in stage 37.0 (TID 122) in 324 ms on 172.26.0.12 (executor 0) (1/6)
26/08/14 00:05:52 INFO TaskSetManager: Finished task 5.0 in stage 37.0 (TID 126) in 324 ms on 172.26.0.12 (executor 0) (2/6)
26/08/14 00:05:52 INFO TaskSetManager: Finished task 1.0 in stage 37.0 (TID 124) in 325 ms on 172.26.0.12 (executor 0) (3/6)
26/08/14 00:05:52 INFO TaskSetManager: Finished task 2.0 in stage 37.0 (TID 121) in 346 ms on 172.26.0.13 (executor 1) (4/6)
26/08/14 00:05:52 INFO TaskSetManager: Finished task 4.0 in stage 37.0 (TID 125) in 350 ms on 172.26.0.13 (executor 1) (5/6)
26/08/14 00:05:52 INFO TaskSetManager: Finished task 3.0 in stage 37.0 (TID 123) in 367 ms on 172.26.0.13 (executor 1) (6/6)
26/08/14 00:05:52 INFO TaskSchedulerImpl: Removed TaskSet 37.0, whose tasks have all completed, from pool 
26/08/14 00:05:52 INFO DAGScheduler: ShuffleMapStage 37 (count at <unknown>:0) finished in 0.390 s
26/08/14 00:05:52 INFO DAGScheduler: looking for newly runnable stages
26/08/14 00:05:52 INFO DAGScheduler: running: Set()
26/08/14 00:05:52 INFO DAGScheduler: waiting: Set(ResultStage 38)
26/08/14 00:05:52 INFO DAGScheduler: failed: Set()
26/08/14 00:05:52 INFO DAGScheduler: Submitting ResultStage 38 (MapPartitionsRDD[250] at count at <unknown>:0), which has no missing parents
26/08/14 00:05:52 INFO MemoryStore: Block broadcast_37 stored as values in memory (estimated size 12.5 KiB, free 191.0 MiB)
26/08/14 00:05:52 INFO MemoryStore: Block broadcast_37_piece0 stored as bytes in memory (estimated size 5.9 KiB, free 191.0 MiB)
26/08/14 00:05:52 INFO BlockManagerInfo: Added broadcast_37_piece0 in memory on spark-driver:35647 (size: 5.9 KiB, free: 191.2 MiB)
26/08/14 00:05:52 INFO SparkContext: Created broadcast 37 from broadcast at DAGScheduler.scala:1585
26/08/14 00:05:52 INFO DAGScheduler: Submitting 1 missing tasks from ResultStage 38 (MapPartitionsRDD[250] at count at <unknown>:0) (first 15 tasks are for partitions Vector(0))
26/08/14 00:05:52 INFO TaskSchedulerImpl: Adding task set 38.0 with 1 tasks resource profile 0
26/08/14 00:05:52 INFO TaskSetManager: Starting task 0.0 in stage 38.0 (TID 127) (172.26.0.13, executor 1, partition 0, NODE_LOCAL, 9003 bytes) 
26/08/14 00:05:52 INFO BlockManagerInfo: Added broadcast_37_piece0 in memory on 172.26.0.13:39169 (size: 5.9 KiB, free: 412.1 MiB)
26/08/14 00:05:52 INFO MapOutputTrackerMasterEndpoint: Asked to send map output locations for shuffle 17 to 172.26.0.13:44738
26/08/14 00:05:53 INFO BlockManagerInfo: Removed broadcast_36_piece0 on spark-driver:35647 in memory (size: 25.5 KiB, free: 191.2 MiB)
26/08/14 00:05:53 INFO BlockManagerInfo: Removed broadcast_36_piece0 on 172.26.0.13:39169 in memory (size: 25.5 KiB, free: 412.1 MiB)
26/08/14 00:05:53 INFO BlockManagerInfo: Removed broadcast_36_piece0 on 172.26.0.12:39915 in memory (size: 25.5 KiB, free: 412.1 MiB)
26/08/14 00:05:53 INFO BlockManagerInfo: Removed broadcast_34_piece0 on spark-driver:35647 in memory (size: 24.2 KiB, free: 191.2 MiB)
26/08/14 00:05:53 INFO BlockManagerInfo: Removed broadcast_34_piece0 on 172.26.0.12:39915 in memory (size: 24.2 KiB, free: 412.1 MiB)
26/08/14 00:05:53 INFO BlockManagerInfo: Removed broadcast_34_piece0 on 172.26.0.13:39169 in memory (size: 24.2 KiB, free: 412.1 MiB)
26/08/14 00:05:53 INFO BlockManagerInfo: Removed broadcast_35_piece0 on spark-driver:35647 in memory (size: 5.9 KiB, free: 191.2 MiB)
26/08/14 00:05:53 INFO TaskSetManager: Finished task 0.0 in stage 38.0 (TID 127) in 118 ms on 172.26.0.13 (executor 1) (1/1)
26/08/14 00:05:53 INFO TaskSchedulerImpl: Removed TaskSet 38.0, whose tasks have all completed, from pool 
26/08/14 00:05:53 INFO DAGScheduler: ResultStage 38 (count at <unknown>:0) finished in 0.136 s
26/08/14 00:05:53 INFO DAGScheduler: Job 20 is finished. Cancelling potential speculative or zombie tasks for this job
26/08/14 00:05:53 INFO TaskSchedulerImpl: Killing all running tasks in stage 38: Stage finished
26/08/14 00:05:53 INFO DAGScheduler: Job 20 finished: count at <unknown>:0, took 0.553180 s
26/08/14 00:05:53 INFO BlockManagerInfo: Removed broadcast_35_piece0 on 172.26.0.12:39915 in memory (size: 5.9 KiB, free: 412.2 MiB)
26/08/14 00:05:53 INFO DefaultCachedBatchSerializer: Predicate isnotnull(kind#12828) generates partition filter: ((kind.count#12897 - kind.nullCount#12896) > 0)
26/08/14 00:05:53 INFO DefaultCachedBatchSerializer: Predicate (kind#12828 = stats) generates partition filter: ((kind.lowerBound#12895 <= stats) AND (stats <= kind.upperBound#12894))
26/08/14 00:05:53 INFO SparkContext: Starting job: call at /opt/spark/python/lib/py4j-0.10.9.7-src.zip/py4j/clientserver.py:617
26/08/14 00:05:53 INFO DAGScheduler: Got job 21 (call at /opt/spark/python/lib/py4j-0.10.9.7-src.zip/py4j/clientserver.py:617) with 6 output partitions
26/08/14 00:05:53 INFO DAGScheduler: Final stage: ResultStage 39 (call at /opt/spark/python/lib/py4j-0.10.9.7-src.zip/py4j/clientserver.py:617)
26/08/14 00:05:53 INFO DAGScheduler: Parents of final stage: List()
26/08/14 00:05:53 INFO DAGScheduler: Missing parents: List()
26/08/14 00:05:53 INFO DAGScheduler: Submitting ResultStage 39 (MapPartitionsRDD[269] at call at /opt/spark/python/lib/py4j-0.10.9.7-src.zip/py4j/clientserver.py:617), which has no missing parents
26/08/14 00:05:53 INFO MemoryStore: Block broadcast_38 stored as values in memory (estimated size 90.0 KiB, free 191.1 MiB)
26/08/14 00:05:53 INFO MemoryStore: Block broadcast_38_piece0 stored as bytes in memory (estimated size 34.0 KiB, free 191.1 MiB)
26/08/14 00:05:53 INFO BlockManagerInfo: Added broadcast_38_piece0 in memory on spark-driver:35647 (size: 34.0 KiB, free: 191.2 MiB)
26/08/14 00:05:53 INFO SparkContext: Created broadcast 38 from broadcast at DAGScheduler.scala:1585
26/08/14 00:05:53 INFO DAGScheduler: Submitting 6 missing tasks from ResultStage 39 (MapPartitionsRDD[269] at call at /opt/spark/python/lib/py4j-0.10.9.7-src.zip/py4j/clientserver.py:617) (first 15 tasks are for partitions Vector(0, 1, 2, 3, 4, 5))
26/08/14 00:05:53 INFO TaskSchedulerImpl: Adding task set 39.0 with 6 tasks resource profile 0
26/08/14 00:05:53 INFO TaskSetManager: Starting task 0.0 in stage 39.0 (TID 128) (172.26.0.12, executor 0, partition 0, PROCESS_LOCAL, 9932 bytes) 
26/08/14 00:05:53 INFO TaskSetManager: Starting task 2.0 in stage 39.0 (TID 129) (172.26.0.13, executor 1, partition 2, PROCESS_LOCAL, 9932 bytes) 
26/08/14 00:05:53 INFO TaskSetManager: Starting task 1.0 in stage 39.0 (TID 130) (172.26.0.12, executor 0, partition 1, PROCESS_LOCAL, 9932 bytes) 
26/08/14 00:05:53 INFO TaskSetManager: Starting task 3.0 in stage 39.0 (TID 131) (172.26.0.13, executor 1, partition 3, PROCESS_LOCAL, 9932 bytes) 
26/08/14 00:05:53 INFO TaskSetManager: Starting task 5.0 in stage 39.0 (TID 132) (172.26.0.12, executor 0, partition 5, PROCESS_LOCAL, 9932 bytes) 
26/08/14 00:05:53 INFO TaskSetManager: Starting task 4.0 in stage 39.0 (TID 133) (172.26.0.13, executor 1, partition 4, PROCESS_LOCAL, 9932 bytes) 
26/08/14 00:05:53 INFO BlockManagerInfo: Added broadcast_38_piece0 in memory on 172.26.0.13:39169 (size: 34.0 KiB, free: 412.1 MiB)
26/08/14 00:05:53 INFO BlockManagerInfo: Added broadcast_38_piece0 in memory on 172.26.0.12:39915 (size: 34.0 KiB, free: 412.1 MiB)
26/08/14 00:05:57 INFO BlockManagerInfo: Added rdd_264_5 in memory on 172.26.0.12:39915 (size: 1808.0 B, free: 412.1 MiB)
26/08/14 00:05:57 INFO BlockManagerInfo: Added rdd_264_1 in memory on 172.26.0.12:39915 (size: 1808.0 B, free: 412.1 MiB)
26/08/14 00:05:57 INFO BlockManagerInfo: Added rdd_264_0 in memory on 172.26.0.12:39915 (size: 1808.0 B, free: 412.1 MiB)
26/08/14 00:05:57 INFO BlockManagerInfo: Added rdd_264_4 in memory on 172.26.0.13:39169 (size: 1808.0 B, free: 412.1 MiB)
26/08/14 00:05:57 INFO BlockManagerInfo: Added rdd_264_2 in memory on 172.26.0.13:39169 (size: 1808.0 B, free: 412.1 MiB)
26/08/14 00:05:57 INFO BlockManagerInfo: Added rdd_264_3 in memory on 172.26.0.13:39169 (size: 1808.0 B, free: 412.1 MiB)
26/08/14 00:05:57 INFO TaskSetManager: Finished task 5.0 in stage 39.0 (TID 132) in 4387 ms on 172.26.0.12 (executor 0) (1/6)
26/08/14 00:05:57 INFO TaskSetManager: Finished task 1.0 in stage 39.0 (TID 130) in 4392 ms on 172.26.0.12 (executor 0) (2/6)
26/08/14 00:05:57 INFO TaskSetManager: Finished task 0.0 in stage 39.0 (TID 128) in 4396 ms on 172.26.0.12 (executor 0) (3/6)
26/08/14 00:05:57 INFO TaskSetManager: Finished task 4.0 in stage 39.0 (TID 133) in 4431 ms on 172.26.0.13 (executor 1) (4/6)
26/08/14 00:05:57 INFO TaskSetManager: Finished task 2.0 in stage 39.0 (TID 129) in 4434 ms on 172.26.0.13 (executor 1) (5/6)
26/08/14 00:05:57 INFO TaskSetManager: Finished task 3.0 in stage 39.0 (TID 131) in 4433 ms on 172.26.0.13 (executor 1) (6/6)
26/08/14 00:05:57 INFO TaskSchedulerImpl: Removed TaskSet 39.0, whose tasks have all completed, from pool 
26/08/14 00:05:57 INFO DAGScheduler: ResultStage 39 (call at /opt/spark/python/lib/py4j-0.10.9.7-src.zip/py4j/clientserver.py:617) finished in 4.443 s
26/08/14 00:05:57 INFO DAGScheduler: Job 21 is finished. Cancelling potential speculative or zombie tasks for this job
26/08/14 00:05:57 INFO TaskSchedulerImpl: Killing all running tasks in stage 39: Stage finished
26/08/14 00:05:57 INFO DAGScheduler: Job 21 finished: call at /opt/spark/python/lib/py4j-0.10.9.7-src.zip/py4j/clientserver.py:617, took 4.452081 s
26/08/14 00:05:57 INFO DefaultCachedBatchSerializer: Predicate isnotnull(kind#12828) generates partition filter: ((kind.count#12980 - kind.nullCount#12979) > 0)
26/08/14 00:05:57 INFO DefaultCachedBatchSerializer: Predicate (kind#12828 = dlq) generates partition filter: ((kind.lowerBound#12978 <= dlq) AND (dlq <= kind.upperBound#12977))
26/08/14 00:05:58 INFO SparkContext: Starting job: count at <unknown>:0
26/08/14 00:05:58 INFO DAGScheduler: Registering RDD 274 (count at <unknown>:0) as input to shuffle 18
26/08/14 00:05:58 INFO BlockManagerInfo: Removed broadcast_37_piece0 on spark-driver:35647 in memory (size: 5.9 KiB, free: 191.2 MiB)
26/08/14 00:05:58 INFO DAGScheduler: Got job 22 (count at <unknown>:0) with 1 output partitions
26/08/14 00:05:58 INFO DAGScheduler: Final stage: ResultStage 41 (count at <unknown>:0)
26/08/14 00:05:58 INFO DAGScheduler: Parents of final stage: List(ShuffleMapStage 40)
26/08/14 00:05:58 INFO DAGScheduler: Missing parents: List(ShuffleMapStage 40)
26/08/14 00:05:58 INFO DAGScheduler: Submitting ShuffleMapStage 40 (MapPartitionsRDD[274] at count at <unknown>:0), which has no missing parents
26/08/14 00:05:58 INFO BlockManagerInfo: Removed broadcast_37_piece0 on 172.26.0.13:39169 in memory (size: 5.9 KiB, free: 412.1 MiB)
26/08/14 00:05:58 INFO BlockManagerInfo: Removed broadcast_38_piece0 on spark-driver:35647 in memory (size: 34.0 KiB, free: 191.2 MiB)
26/08/14 00:05:58 INFO BlockManagerInfo: Removed broadcast_38_piece0 on 172.26.0.13:39169 in memory (size: 34.0 KiB, free: 412.1 MiB)
26/08/14 00:05:58 INFO BlockManagerInfo: Removed broadcast_38_piece0 on 172.26.0.12:39915 in memory (size: 34.0 KiB, free: 412.1 MiB)
26/08/14 00:05:58 INFO MemoryStore: Block broadcast_39 stored as values in memory (estimated size 92.2 KiB, free 191.1 MiB)
26/08/14 00:05:58 INFO MemoryStore: Block broadcast_39_piece0 stored as bytes in memory (estimated size 35.3 KiB, free 191.1 MiB)
26/08/14 00:05:58 INFO BlockManagerInfo: Added broadcast_39_piece0 in memory on spark-driver:35647 (size: 35.3 KiB, free: 191.2 MiB)
26/08/14 00:05:58 INFO SparkContext: Created broadcast 39 from broadcast at DAGScheduler.scala:1585
26/08/14 00:05:58 INFO DAGScheduler: Submitting 6 missing tasks from ShuffleMapStage 40 (MapPartitionsRDD[274] at count at <unknown>:0) (first 15 tasks are for partitions Vector(0, 1, 2, 3, 4, 5))
26/08/14 00:05:58 INFO TaskSchedulerImpl: Adding task set 40.0 with 6 tasks resource profile 0
26/08/14 00:05:58 INFO TaskSetManager: Starting task 0.0 in stage 40.0 (TID 134) (172.26.0.12, executor 0, partition 0, PROCESS_LOCAL, 9921 bytes) 
26/08/14 00:05:58 INFO TaskSetManager: Starting task 2.0 in stage 40.0 (TID 135) (172.26.0.13, executor 1, partition 2, PROCESS_LOCAL, 9921 bytes) 
26/08/14 00:05:58 INFO TaskSetManager: Starting task 1.0 in stage 40.0 (TID 136) (172.26.0.12, executor 0, partition 1, PROCESS_LOCAL, 9921 bytes) 
26/08/14 00:05:58 INFO TaskSetManager: Starting task 3.0 in stage 40.0 (TID 137) (172.26.0.13, executor 1, partition 3, PROCESS_LOCAL, 9921 bytes) 
26/08/14 00:05:58 INFO TaskSetManager: Starting task 5.0 in stage 40.0 (TID 138) (172.26.0.12, executor 0, partition 5, PROCESS_LOCAL, 9921 bytes) 
26/08/14 00:05:58 INFO TaskSetManager: Starting task 4.0 in stage 40.0 (TID 139) (172.26.0.13, executor 1, partition 4, PROCESS_LOCAL, 9921 bytes) 
26/08/14 00:05:58 INFO BlockManagerInfo: Added broadcast_39_piece0 in memory on 172.26.0.13:39169 (size: 35.3 KiB, free: 412.1 MiB)
26/08/14 00:05:58 INFO BlockManagerInfo: Added broadcast_39_piece0 in memory on 172.26.0.12:39915 (size: 35.3 KiB, free: 412.1 MiB)
26/08/14 00:05:58 INFO TaskSetManager: Finished task 4.0 in stage 40.0 (TID 139) in 128 ms on 172.26.0.13 (executor 1) (1/6)
26/08/14 00:05:58 INFO TaskSetManager: Finished task 3.0 in stage 40.0 (TID 137) in 133 ms on 172.26.0.13 (executor 1) (2/6)
26/08/14 00:05:58 INFO TaskSetManager: Finished task 2.0 in stage 40.0 (TID 135) in 137 ms on 172.26.0.13 (executor 1) (3/6)
26/08/14 00:05:58 INFO TaskSetManager: Finished task 1.0 in stage 40.0 (TID 136) in 154 ms on 172.26.0.12 (executor 0) (4/6)
26/08/14 00:05:58 INFO TaskSetManager: Finished task 0.0 in stage 40.0 (TID 134) in 155 ms on 172.26.0.12 (executor 0) (5/6)
26/08/14 00:05:58 INFO TaskSetManager: Finished task 5.0 in stage 40.0 (TID 138) in 158 ms on 172.26.0.12 (executor 0) (6/6)
26/08/14 00:05:58 INFO TaskSchedulerImpl: Removed TaskSet 40.0, whose tasks have all completed, from pool 
26/08/14 00:05:58 INFO DAGScheduler: ShuffleMapStage 40 (count at <unknown>:0) finished in 0.204 s
26/08/14 00:05:58 INFO DAGScheduler: looking for newly runnable stages
26/08/14 00:05:58 INFO DAGScheduler: running: Set()
26/08/14 00:05:58 INFO DAGScheduler: waiting: Set(ResultStage 41)
26/08/14 00:05:58 INFO DAGScheduler: failed: Set()
26/08/14 00:05:58 INFO DAGScheduler: Submitting ResultStage 41 (MapPartitionsRDD[277] at count at <unknown>:0), which has no missing parents
26/08/14 00:05:58 INFO MemoryStore: Block broadcast_40 stored as values in memory (estimated size 12.5 KiB, free 191.1 MiB)
26/08/14 00:05:58 INFO MemoryStore: Block broadcast_40_piece0 stored as bytes in memory (estimated size 5.9 KiB, free 191.1 MiB)
26/08/14 00:05:58 INFO BlockManagerInfo: Added broadcast_40_piece0 in memory on spark-driver:35647 (size: 5.9 KiB, free: 191.2 MiB)
26/08/14 00:05:58 INFO SparkContext: Created broadcast 40 from broadcast at DAGScheduler.scala:1585
26/08/14 00:05:58 INFO DAGScheduler: Submitting 1 missing tasks from ResultStage 41 (MapPartitionsRDD[277] at count at <unknown>:0) (first 15 tasks are for partitions Vector(0))
26/08/14 00:05:58 INFO TaskSchedulerImpl: Adding task set 41.0 with 1 tasks resource profile 0
26/08/14 00:05:58 INFO TaskSetManager: Starting task 0.0 in stage 41.0 (TID 140) (172.26.0.13, executor 1, partition 0, NODE_LOCAL, 9003 bytes) 
26/08/14 00:05:58 INFO BlockManagerInfo: Added broadcast_40_piece0 in memory on 172.26.0.13:39169 (size: 5.9 KiB, free: 412.1 MiB)
26/08/14 00:05:58 INFO MapOutputTrackerMasterEndpoint: Asked to send map output locations for shuffle 18 to 172.26.0.13:44738
26/08/14 00:05:58 INFO TaskSetManager: Finished task 0.0 in stage 41.0 (TID 140) in 48 ms on 172.26.0.13 (executor 1) (1/1)
26/08/14 00:05:58 INFO TaskSchedulerImpl: Removed TaskSet 41.0, whose tasks have all completed, from pool 
26/08/14 00:05:58 INFO DAGScheduler: ResultStage 41 (count at <unknown>:0) finished in 0.055 s
26/08/14 00:05:58 INFO DAGScheduler: Job 22 is finished. Cancelling potential speculative or zombie tasks for this job
26/08/14 00:05:58 INFO TaskSchedulerImpl: Killing all running tasks in stage 41: Stage finished
26/08/14 00:05:58 INFO DAGScheduler: Job 22 finished: count at <unknown>:0, took 0.277966 s
26/08/14 00:05:58 INFO MapPartitionsRDD: Removing RDD 264 from persistence list
26/08/14 00:05:58 INFO BlockManager: Removing RDD 264
26/08/14 00:05:58 INFO SparkContext: Starting job: call at /opt/spark/python/lib/py4j-0.10.9.7-src.zip/py4j/clientserver.py:617
26/08/14 00:05:58 INFO DAGScheduler: Registering RDD 282 (call at /opt/spark/python/lib/py4j-0.10.9.7-src.zip/py4j/clientserver.py:617) as input to shuffle 19
26/08/14 00:05:58 INFO DAGScheduler: Got job 23 (call at /opt/spark/python/lib/py4j-0.10.9.7-src.zip/py4j/clientserver.py:617) with 1 output partitions
26/08/14 00:05:58 INFO DAGScheduler: Final stage: ResultStage 43 (call at /opt/spark/python/lib/py4j-0.10.9.7-src.zip/py4j/clientserver.py:617)
26/08/14 00:05:58 INFO DAGScheduler: Parents of final stage: List(ShuffleMapStage 42)
26/08/14 00:05:58 INFO DAGScheduler: Missing parents: List(ShuffleMapStage 42)
26/08/14 00:05:58 INFO DAGScheduler: Submitting ShuffleMapStage 42 (MapPartitionsRDD[282] at call at /opt/spark/python/lib/py4j-0.10.9.7-src.zip/py4j/clientserver.py:617), which has no missing parents
26/08/14 00:05:58 INFO MemoryStore: Block broadcast_41 stored as values in memory (estimated size 66.2 KiB, free 191.0 MiB)
26/08/14 00:05:58 INFO MemoryStore: Block broadcast_41_piece0 stored as bytes in memory (estimated size 24.7 KiB, free 191.0 MiB)
26/08/14 00:05:58 INFO BlockManagerInfo: Added broadcast_41_piece0 in memory on spark-driver:35647 (size: 24.7 KiB, free: 191.1 MiB)
26/08/14 00:05:58 INFO SparkContext: Created broadcast 41 from broadcast at DAGScheduler.scala:1585
26/08/14 00:05:58 INFO DAGScheduler: Submitting 6 missing tasks from ShuffleMapStage 42 (MapPartitionsRDD[282] at call at /opt/spark/python/lib/py4j-0.10.9.7-src.zip/py4j/clientserver.py:617) (first 15 tasks are for partitions Vector(0, 1, 2, 3, 4, 5))
26/08/14 00:05:58 INFO TaskSchedulerImpl: Adding task set 42.0 with 6 tasks resource profile 0
26/08/14 00:05:58 INFO BlockManagerInfo: Removed broadcast_39_piece0 on spark-driver:35647 in memory (size: 35.3 KiB, free: 191.2 MiB)
26/08/14 00:05:58 INFO BlockManagerInfo: Removed broadcast_39_piece0 on 172.26.0.13:39169 in memory (size: 35.3 KiB, free: 412.1 MiB)
26/08/14 00:05:58 INFO TaskSetManager: Starting task 0.0 in stage 42.0 (TID 141) (172.26.0.12, executor 0, partition 0, PROCESS_LOCAL, 9921 bytes) 
26/08/14 00:05:58 INFO TaskSetManager: Starting task 2.0 in stage 42.0 (TID 142) (172.26.0.13, executor 1, partition 2, PROCESS_LOCAL, 9921 bytes) 
26/08/14 00:05:58 INFO TaskSetManager: Starting task 1.0 in stage 42.0 (TID 143) (172.26.0.12, executor 0, partition 1, PROCESS_LOCAL, 9921 bytes) 
26/08/14 00:05:58 INFO BlockManagerInfo: Removed broadcast_39_piece0 on 172.26.0.12:39915 in memory (size: 35.3 KiB, free: 412.2 MiB)
26/08/14 00:05:58 INFO TaskSetManager: Starting task 3.0 in stage 42.0 (TID 144) (172.26.0.13, executor 1, partition 3, PROCESS_LOCAL, 9921 bytes) 
26/08/14 00:05:58 INFO TaskSetManager: Starting task 5.0 in stage 42.0 (TID 145) (172.26.0.12, executor 0, partition 5, PROCESS_LOCAL, 9921 bytes) 
26/08/14 00:05:58 INFO TaskSetManager: Starting task 4.0 in stage 42.0 (TID 146) (172.26.0.13, executor 1, partition 4, PROCESS_LOCAL, 9921 bytes) 
26/08/14 00:05:58 INFO BlockManagerInfo: Removed broadcast_40_piece0 on spark-driver:35647 in memory (size: 5.9 KiB, free: 191.2 MiB)
26/08/14 00:05:58 INFO BlockManagerInfo: Removed broadcast_40_piece0 on 172.26.0.13:39169 in memory (size: 5.9 KiB, free: 412.1 MiB)
26/08/14 00:05:58 INFO BlockManagerInfo: Added broadcast_41_piece0 in memory on 172.26.0.12:39915 (size: 24.7 KiB, free: 412.1 MiB)
26/08/14 00:05:58 INFO BlockManagerInfo: Added broadcast_41_piece0 in memory on 172.26.0.13:39169 (size: 24.7 KiB, free: 412.1 MiB)
26/08/14 00:05:58 INFO TaskSetManager: Finished task 1.0 in stage 42.0 (TID 143) in 54 ms on 172.26.0.12 (executor 0) (1/6)
26/08/14 00:05:58 INFO TaskSetManager: Finished task 5.0 in stage 42.0 (TID 145) in 59 ms on 172.26.0.12 (executor 0) (2/6)
26/08/14 00:05:58 INFO TaskSetManager: Finished task 0.0 in stage 42.0 (TID 141) in 68 ms on 172.26.0.12 (executor 0) (3/6)
26/08/14 00:05:58 INFO TaskSetManager: Finished task 3.0 in stage 42.0 (TID 144) in 76 ms on 172.26.0.13 (executor 1) (4/6)
26/08/14 00:05:58 INFO TaskSetManager: Finished task 2.0 in stage 42.0 (TID 142) in 77 ms on 172.26.0.13 (executor 1) (5/6)
26/08/14 00:05:58 INFO TaskSetManager: Finished task 4.0 in stage 42.0 (TID 146) in 77 ms on 172.26.0.13 (executor 1) (6/6)
26/08/14 00:05:58 INFO TaskSchedulerImpl: Removed TaskSet 42.0, whose tasks have all completed, from pool 
26/08/14 00:05:58 INFO DAGScheduler: ShuffleMapStage 42 (call at /opt/spark/python/lib/py4j-0.10.9.7-src.zip/py4j/clientserver.py:617) finished in 0.105 s
26/08/14 00:05:58 INFO DAGScheduler: looking for newly runnable stages
26/08/14 00:05:58 INFO DAGScheduler: running: Set()
26/08/14 00:05:58 INFO DAGScheduler: waiting: Set(ResultStage 43)
26/08/14 00:05:58 INFO DAGScheduler: failed: Set()
26/08/14 00:05:58 INFO DAGScheduler: Submitting ResultStage 43 (MapPartitionsRDD[285] at call at /opt/spark/python/lib/py4j-0.10.9.7-src.zip/py4j/clientserver.py:617), which has no missing parents
26/08/14 00:05:58 INFO MemoryStore: Block broadcast_42 stored as values in memory (estimated size 13.1 KiB, free 191.1 MiB)
26/08/14 00:05:58 INFO MemoryStore: Block broadcast_42_piece0 stored as bytes in memory (estimated size 6.2 KiB, free 191.1 MiB)
26/08/14 00:05:58 INFO BlockManagerInfo: Added broadcast_42_piece0 in memory on spark-driver:35647 (size: 6.2 KiB, free: 191.2 MiB)
26/08/14 00:05:58 INFO SparkContext: Created broadcast 42 from broadcast at DAGScheduler.scala:1585
26/08/14 00:05:58 INFO DAGScheduler: Submitting 1 missing tasks from ResultStage 43 (MapPartitionsRDD[285] at call at /opt/spark/python/lib/py4j-0.10.9.7-src.zip/py4j/clientserver.py:617) (first 15 tasks are for partitions Vector(0))
26/08/14 00:05:58 INFO TaskSchedulerImpl: Adding task set 43.0 with 1 tasks resource profile 0
26/08/14 00:05:58 INFO TaskSetManager: Starting task 0.0 in stage 43.0 (TID 147) (172.26.0.12, executor 0, partition 0, NODE_LOCAL, 9003 bytes) 
26/08/14 00:05:58 INFO BlockManagerInfo: Added broadcast_42_piece0 in memory on 172.26.0.12:39915 (size: 6.2 KiB, free: 412.1 MiB)
26/08/14 00:05:58 INFO MapOutputTrackerMasterEndpoint: Asked to send map output locations for shuffle 19 to 172.26.0.12:44860
26/08/14 00:05:58 INFO TaskSetManager: Finished task 0.0 in stage 43.0 (TID 147) in 28 ms on 172.26.0.12 (executor 0) (1/1)
26/08/14 00:05:58 INFO TaskSchedulerImpl: Removed TaskSet 43.0, whose tasks have all completed, from pool 
26/08/14 00:05:58 INFO DAGScheduler: ResultStage 43 (call at /opt/spark/python/lib/py4j-0.10.9.7-src.zip/py4j/clientserver.py:617) finished in 0.032 s
26/08/14 00:05:58 INFO DAGScheduler: Job 23 is finished. Cancelling potential speculative or zombie tasks for this job
26/08/14 00:05:58 INFO TaskSchedulerImpl: Killing all running tasks in stage 43: Stage finished
26/08/14 00:05:58 INFO DAGScheduler: Job 23 finished: call at /opt/spark/python/lib/py4j-0.10.9.7-src.zip/py4j/clientserver.py:617, took 0.144089 s
26/08/14 00:05:58 INFO MapPartitionsRDD: Removing RDD 226 from persistence list
26/08/14 00:05:58 INFO BlockManager: Removing RDD 226
26/08/14 00:05:58 INFO WatermarkTracker: Updating event-time watermark from 1786665823740 to 1786665831155 ms
26/08/14 00:05:58 INFO CheckpointFileManager: Writing atomically to file:/opt/checkpoints/trips/commits/4 using temp file file:/opt/checkpoints/trips/commits/.4.46d3ead3-4ebc-4ec4-bf31-1c07b5f62c4c.tmp
26/08/14 00:05:58 INFO CheckpointFileManager: Renamed temp file file:/opt/checkpoints/trips/commits/.4.46d3ead3-4ebc-4ec4-bf31-1c07b5f62c4c.tmp to file:/opt/checkpoints/trips/commits/4
26/08/14 00:05:58 INFO MicroBatchExecution: Streaming query made progress: {
  "id" : "5809875d-4e3d-4fb3-8383-949c002374c9",
  "runId" : "d3ba1340-2011-4780-b92f-e7e48f2e3457",
  "name" : "trips-ingest-chaos_kill_executor_1",
  "timestamp" : "2026-08-14T00:05:51.237Z",
  "batchId" : 4,
  "numInputRows" : 5938,
  "inputRowsPerSecond" : 799.0849145471673,
  "processedRowsPerSecond" : 805.8081150766726,
  "durationMs" : {
    "addBatch" : 7218,
    "commitOffsets" : 73,
    "getBatch" : 0,
    "latestOffset" : 12,
    "queryPlanning" : 30,
    "triggerExecution" : 7368,
    "walCommit" : 29
  },
  "eventTime" : {
    "avg" : "2026-08-14T00:05:46.021Z",
    "max" : "2026-08-14T00:05:51.155Z",
    "min" : "2026-08-14T00:05:40.849Z",
    "watermark" : "2026-08-14T00:03:43.740Z"
  },
  "stateOperators" : [ ],
  "sources" : [ {
    "description" : "KafkaV2[Subscribe[trips.raw]]",
    "startOffset" : {
      "trips.raw" : {
        "2" : 205428,
        "5" : 204144,
        "4" : 205283,
        "1" : 205160,
        "3" : 204997,
        "0" : 204869
      }
    },
    "endOffset" : {
      "trips.raw" : {
        "2" : 206435,
        "5" : 205175,
        "4" : 206256,
        "1" : 206111,
        "3" : 206007,
        "0" : 205835
      }
    },
    "latestOffset" : {
      "trips.raw" : {
        "2" : 206435,
        "5" : 205175,
        "4" : 206256,
        "1" : 206111,
        "3" : 206007,
        "0" : 205835
      }
    },
    "numInputRows" : 5938,
    "inputRowsPerSecond" : 799.0849145471673,
    "processedRowsPerSecond" : 805.8081150766726,
    "metrics" : {
      "avgOffsetsBehindLatest" : "0.0",
      "maxOffsetsBehindLatest" : "0",
      "minOffsetsBehindLatest" : "0"
    }
  } ],
  "sink" : {
    "description" : "ForeachBatchSink",
    "numOutputRows" : -1
  }
}
26/08/14 00:05:58 INFO CheckpointFileManager: Writing atomically to file:/opt/checkpoints/trips/offsets/5 using temp file file:/opt/checkpoints/trips/offsets/.5.f68e154a-daaf-4c9c-b65d-cc69a1e1f337.tmp
26/08/14 00:05:58 INFO CheckpointFileManager: Renamed temp file file:/opt/checkpoints/trips/offsets/.5.f68e154a-daaf-4c9c-b65d-cc69a1e1f337.tmp to file:/opt/checkpoints/trips/offsets/5
26/08/14 00:05:58 INFO MicroBatchExecution: Committed offsets for batch 5. Metadata OffsetSeqMetadata(1786665831155,1786665958632,Map(spark.sql.streaming.stateStore.providerClass -> org.apache.spark.sql.execution.streaming.state.HDFSBackedStateStoreProvider, spark.sql.streaming.join.stateFormatVersion -> 2, spark.sql.streaming.stateStore.compression.codec -> lz4, spark.sql.streaming.stateStore.rocksdb.formatVersion -> 5, spark.sql.streaming.statefulOperator.useStrictDistribution -> true, spark.sql.streaming.flatMapGroupsWithState.stateFormatVersion -> 2, spark.sql.streaming.multipleWatermarkPolicy -> min, spark.sql.streaming.aggregation.stateFormatVersion -> 2, spark.sql.shuffle.partitions -> 6))
26/08/14 00:05:58 INFO KafkaOffsetReaderAdmin: Partitions added: Map()
26/08/14 00:05:58 INFO KafkaOffsetReaderAdmin: Partitions added: Map()
26/08/14 00:05:58 INFO KafkaOffsetReaderAdmin: Partitions added: Map()
26/08/14 00:05:58 INFO KafkaOffsetReaderAdmin: Partitions added: Map()
2026-08-14 00:05:58,737 INFO  [stream] Received command c on object id p0
26/08/14 00:05:58 INFO BlockManagerInfo: Removed broadcast_42_piece0 on spark-driver:35647 in memory (size: 6.2 KiB, free: 191.2 MiB)
26/08/14 00:05:58 INFO BlockManagerInfo: Removed broadcast_42_piece0 on 172.26.0.12:39915 in memory (size: 6.2 KiB, free: 413.9 MiB)
26/08/14 00:05:58 INFO SparkContext: Starting job: count at <unknown>:0
26/08/14 00:05:58 INFO DAGScheduler: Registering RDD 300 (count at <unknown>:0) as input to shuffle 20
26/08/14 00:05:58 INFO BlockManagerInfo: Removed broadcast_41_piece0 on spark-driver:35647 in memory (size: 24.7 KiB, free: 191.2 MiB)
26/08/14 00:05:58 INFO DAGScheduler: Got job 24 (count at <unknown>:0) with 1 output partitions
26/08/14 00:05:58 INFO DAGScheduler: Final stage: ResultStage 45 (count at <unknown>:0)
26/08/14 00:05:58 INFO DAGScheduler: Parents of final stage: List(ShuffleMapStage 44)
26/08/14 00:05:58 INFO DAGScheduler: Missing parents: List(ShuffleMapStage 44)
26/08/14 00:05:58 INFO BlockManagerInfo: Removed broadcast_41_piece0 on 172.26.0.12:39915 in memory (size: 24.7 KiB, free: 413.9 MiB)
26/08/14 00:05:58 INFO BlockManagerInfo: Removed broadcast_41_piece0 on 172.26.0.13:39169 in memory (size: 24.7 KiB, free: 413.9 MiB)
26/08/14 00:05:58 INFO DAGScheduler: Submitting ShuffleMapStage 44 (MapPartitionsRDD[300] at count at <unknown>:0), which has no missing parents
26/08/14 00:05:58 INFO MemoryStore: Block broadcast_43 stored as values in memory (estimated size 64.6 KiB, free 191.1 MiB)
26/08/14 00:05:58 INFO MemoryStore: Block broadcast_43_piece0 stored as bytes in memory (estimated size 24.0 KiB, free 191.1 MiB)
26/08/14 00:05:58 INFO BlockManagerInfo: Added broadcast_43_piece0 in memory on spark-driver:35647 (size: 24.0 KiB, free: 191.2 MiB)
26/08/14 00:05:58 INFO SparkContext: Created broadcast 43 from broadcast at DAGScheduler.scala:1585
26/08/14 00:05:58 INFO DAGScheduler: Submitting 6 missing tasks from ShuffleMapStage 44 (MapPartitionsRDD[300] at count at <unknown>:0) (first 15 tasks are for partitions Vector(0, 1, 2, 3, 4, 5))
26/08/14 00:05:58 INFO TaskSchedulerImpl: Adding task set 44.0 with 6 tasks resource profile 0
26/08/14 00:05:58 INFO TaskSetManager: Starting task 2.0 in stage 44.0 (TID 148) (172.26.0.13, executor 1, partition 2, PROCESS_LOCAL, 9921 bytes) 
26/08/14 00:05:58 INFO TaskSetManager: Starting task 0.0 in stage 44.0 (TID 149) (172.26.0.12, executor 0, partition 0, PROCESS_LOCAL, 9921 bytes) 
26/08/14 00:05:58 INFO TaskSetManager: Starting task 3.0 in stage 44.0 (TID 150) (172.26.0.13, executor 1, partition 3, PROCESS_LOCAL, 9921 bytes) 
26/08/14 00:05:58 INFO TaskSetManager: Starting task 1.0 in stage 44.0 (TID 151) (172.26.0.12, executor 0, partition 1, PROCESS_LOCAL, 9921 bytes) 
26/08/14 00:05:58 INFO TaskSetManager: Starting task 4.0 in stage 44.0 (TID 152) (172.26.0.13, executor 1, partition 4, PROCESS_LOCAL, 9921 bytes) 
26/08/14 00:05:58 INFO TaskSetManager: Starting task 5.0 in stage 44.0 (TID 153) (172.26.0.12, executor 0, partition 5, PROCESS_LOCAL, 9921 bytes) 
26/08/14 00:05:58 INFO BlockManagerInfo: Added broadcast_43_piece0 in memory on 172.26.0.13:39169 (size: 24.0 KiB, free: 413.9 MiB)
26/08/14 00:05:58 INFO BlockManagerInfo: Added broadcast_43_piece0 in memory on 172.26.0.12:39915 (size: 24.0 KiB, free: 413.9 MiB)
26/08/14 00:05:59 INFO BlockManagerInfo: Added rdd_295_4 in memory on 172.26.0.13:39169 (size: 616.5 KiB, free: 413.3 MiB)
26/08/14 00:05:59 INFO TaskSetManager: Finished task 4.0 in stage 44.0 (TID 152) in 265 ms on 172.26.0.13 (executor 1) (1/6)
26/08/14 00:05:59 INFO BlockManagerInfo: Added rdd_295_3 in memory on 172.26.0.13:39169 (size: 599.3 KiB, free: 412.7 MiB)
26/08/14 00:05:59 INFO BlockManagerInfo: Added rdd_295_2 in memory on 172.26.0.13:39169 (size: 598.2 KiB, free: 412.1 MiB)
26/08/14 00:05:59 INFO BlockManagerInfo: Added rdd_295_1 in memory on 172.26.0.12:39915 (size: 608.0 KiB, free: 413.3 MiB)
26/08/14 00:05:59 INFO TaskSetManager: Finished task 2.0 in stage 44.0 (TID 148) in 299 ms on 172.26.0.13 (executor 1) (2/6)
26/08/14 00:05:59 INFO TaskSetManager: Finished task 3.0 in stage 44.0 (TID 150) in 303 ms on 172.26.0.13 (executor 1) (3/6)
26/08/14 00:05:59 INFO BlockManagerInfo: Added rdd_295_5 in memory on 172.26.0.12:39915 (size: 614.7 KiB, free: 412.7 MiB)
26/08/14 00:05:59 INFO BlockManagerInfo: Added rdd_295_0 in memory on 172.26.0.12:39915 (size: 600.2 KiB, free: 412.1 MiB)
26/08/14 00:05:59 INFO TaskSetManager: Finished task 1.0 in stage 44.0 (TID 151) in 311 ms on 172.26.0.12 (executor 0) (4/6)
26/08/14 00:05:59 INFO TaskSetManager: Finished task 5.0 in stage 44.0 (TID 153) in 317 ms on 172.26.0.12 (executor 0) (5/6)
26/08/14 00:05:59 INFO TaskSetManager: Finished task 0.0 in stage 44.0 (TID 149) in 317 ms on 172.26.0.12 (executor 0) (6/6)
26/08/14 00:05:59 INFO TaskSchedulerImpl: Removed TaskSet 44.0, whose tasks have all completed, from pool 
26/08/14 00:05:59 INFO DAGScheduler: ShuffleMapStage 44 (count at <unknown>:0) finished in 0.324 s
26/08/14 00:05:59 INFO DAGScheduler: looking for newly runnable stages
26/08/14 00:05:59 INFO DAGScheduler: running: Set()
26/08/14 00:05:59 INFO DAGScheduler: waiting: Set(ResultStage 45)
26/08/14 00:05:59 INFO DAGScheduler: failed: Set()
26/08/14 00:05:59 INFO DAGScheduler: Submitting ResultStage 45 (MapPartitionsRDD[303] at count at <unknown>:0), which has no missing parents
26/08/14 00:05:59 INFO MemoryStore: Block broadcast_44 stored as values in memory (estimated size 12.5 KiB, free 191.1 MiB)
26/08/14 00:05:59 INFO MemoryStore: Block broadcast_44_piece0 stored as bytes in memory (estimated size 5.9 KiB, free 191.1 MiB)
26/08/14 00:05:59 INFO BlockManagerInfo: Added broadcast_44_piece0 in memory on spark-driver:35647 (size: 5.9 KiB, free: 191.2 MiB)
26/08/14 00:05:59 INFO SparkContext: Created broadcast 44 from broadcast at DAGScheduler.scala:1585
26/08/14 00:05:59 INFO DAGScheduler: Submitting 1 missing tasks from ResultStage 45 (MapPartitionsRDD[303] at count at <unknown>:0) (first 15 tasks are for partitions Vector(0))
26/08/14 00:05:59 INFO TaskSchedulerImpl: Adding task set 45.0 with 1 tasks resource profile 0
26/08/14 00:05:59 INFO TaskSetManager: Starting task 0.0 in stage 45.0 (TID 154) (172.26.0.13, executor 1, partition 0, NODE_LOCAL, 9003 bytes) 
26/08/14 00:05:59 INFO BlockManagerInfo: Added broadcast_44_piece0 in memory on 172.26.0.13:39169 (size: 5.9 KiB, free: 412.1 MiB)
26/08/14 00:05:59 INFO MapOutputTrackerMasterEndpoint: Asked to send map output locations for shuffle 20 to 172.26.0.13:44738
26/08/14 00:05:59 INFO TaskSetManager: Finished task 0.0 in stage 45.0 (TID 154) in 21 ms on 172.26.0.13 (executor 1) (1/1)
26/08/14 00:05:59 INFO TaskSchedulerImpl: Removed TaskSet 45.0, whose tasks have all completed, from pool 
26/08/14 00:05:59 INFO DAGScheduler: ResultStage 45 (count at <unknown>:0) finished in 0.024 s
26/08/14 00:05:59 INFO DAGScheduler: Job 24 is finished. Cancelling potential speculative or zombie tasks for this job
26/08/14 00:05:59 INFO TaskSchedulerImpl: Killing all running tasks in stage 45: Stage finished
26/08/14 00:05:59 INFO DAGScheduler: Job 24 finished: count at <unknown>:0, took 0.354378 s
26/08/14 00:05:59 INFO SparkContext: Starting job: count at <unknown>:0
26/08/14 00:05:59 INFO DAGScheduler: Registering RDD 308 (count at <unknown>:0) as input to shuffle 21
26/08/14 00:05:59 INFO DAGScheduler: Got job 25 (count at <unknown>:0) with 1 output partitions
26/08/14 00:05:59 INFO DAGScheduler: Final stage: ResultStage 47 (count at <unknown>:0)
26/08/14 00:05:59 INFO DAGScheduler: Parents of final stage: List(ShuffleMapStage 46)
26/08/14 00:05:59 INFO DAGScheduler: Missing parents: List(ShuffleMapStage 46)
26/08/14 00:05:59 INFO DAGScheduler: Submitting ShuffleMapStage 46 (MapPartitionsRDD[308] at count at <unknown>:0), which has no missing parents
26/08/14 00:05:59 INFO MemoryStore: Block broadcast_45 stored as values in memory (estimated size 64.9 KiB, free 191.0 MiB)
26/08/14 00:05:59 INFO MemoryStore: Block broadcast_45_piece0 stored as bytes in memory (estimated size 24.2 KiB, free 191.0 MiB)
26/08/14 00:05:59 INFO BlockManagerInfo: Added broadcast_45_piece0 in memory on spark-driver:35647 (size: 24.2 KiB, free: 191.2 MiB)
26/08/14 00:05:59 INFO SparkContext: Created broadcast 45 from broadcast at DAGScheduler.scala:1585
26/08/14 00:05:59 INFO DAGScheduler: Submitting 6 missing tasks from ShuffleMapStage 46 (MapPartitionsRDD[308] at count at <unknown>:0) (first 15 tasks are for partitions Vector(0, 1, 2, 3, 4, 5))
26/08/14 00:05:59 INFO TaskSchedulerImpl: Adding task set 46.0 with 6 tasks resource profile 0
26/08/14 00:05:59 INFO BlockManagerInfo: Removed broadcast_43_piece0 on spark-driver:35647 in memory (size: 24.0 KiB, free: 191.2 MiB)
26/08/14 00:05:59 INFO TaskSetManager: Starting task 2.0 in stage 46.0 (TID 155) (172.26.0.13, executor 1, partition 2, PROCESS_LOCAL, 9921 bytes) 
26/08/14 00:05:59 INFO TaskSetManager: Starting task 0.0 in stage 46.0 (TID 156) (172.26.0.12, executor 0, partition 0, PROCESS_LOCAL, 9921 bytes) 
26/08/14 00:05:59 INFO TaskSetManager: Starting task 3.0 in stage 46.0 (TID 157) (172.26.0.13, executor 1, partition 3, PROCESS_LOCAL, 9921 bytes) 
26/08/14 00:05:59 INFO TaskSetManager: Starting task 1.0 in stage 46.0 (TID 158) (172.26.0.12, executor 0, partition 1, PROCESS_LOCAL, 9921 bytes) 
26/08/14 00:05:59 INFO BlockManagerInfo: Removed broadcast_43_piece0 on 172.26.0.13:39169 in memory (size: 24.0 KiB, free: 412.1 MiB)
26/08/14 00:05:59 INFO TaskSetManager: Starting task 4.0 in stage 46.0 (TID 159) (172.26.0.13, executor 1, partition 4, PROCESS_LOCAL, 9921 bytes) 
26/08/14 00:05:59 INFO BlockManagerInfo: Removed broadcast_43_piece0 on 172.26.0.12:39915 in memory (size: 24.0 KiB, free: 412.1 MiB)
26/08/14 00:05:59 INFO TaskSetManager: Starting task 5.0 in stage 46.0 (TID 160) (172.26.0.12, executor 0, partition 5, PROCESS_LOCAL, 9921 bytes) 
26/08/14 00:05:59 INFO BlockManagerInfo: Removed broadcast_44_piece0 on spark-driver:35647 in memory (size: 5.9 KiB, free: 191.2 MiB)
26/08/14 00:05:59 INFO BlockManagerInfo: Removed broadcast_44_piece0 on 172.26.0.13:39169 in memory (size: 5.9 KiB, free: 412.2 MiB)
26/08/14 00:05:59 INFO BlockManagerInfo: Added broadcast_45_piece0 in memory on 172.26.0.12:39915 (size: 24.2 KiB, free: 412.1 MiB)
26/08/14 00:05:59 INFO BlockManagerInfo: Added broadcast_45_piece0 in memory on 172.26.0.13:39169 (size: 24.2 KiB, free: 412.1 MiB)
26/08/14 00:05:59 INFO TaskSetManager: Finished task 3.0 in stage 46.0 (TID 157) in 38 ms on 172.26.0.13 (executor 1) (1/6)
26/08/14 00:05:59 INFO TaskSetManager: Finished task 0.0 in stage 46.0 (TID 156) in 39 ms on 172.26.0.12 (executor 0) (2/6)
26/08/14 00:05:59 INFO TaskSetManager: Finished task 1.0 in stage 46.0 (TID 158) in 38 ms on 172.26.0.12 (executor 0) (3/6)
26/08/14 00:05:59 INFO TaskSetManager: Finished task 5.0 in stage 46.0 (TID 160) in 38 ms on 172.26.0.12 (executor 0) (4/6)
26/08/14 00:05:59 INFO TaskSetManager: Finished task 4.0 in stage 46.0 (TID 159) in 54 ms on 172.26.0.13 (executor 1) (5/6)
26/08/14 00:05:59 INFO TaskSetManager: Finished task 2.0 in stage 46.0 (TID 155) in 56 ms on 172.26.0.13 (executor 1) (6/6)
26/08/14 00:05:59 INFO TaskSchedulerImpl: Removed TaskSet 46.0, whose tasks have all completed, from pool 
26/08/14 00:05:59 INFO DAGScheduler: ShuffleMapStage 46 (count at <unknown>:0) finished in 0.066 s
26/08/14 00:05:59 INFO DAGScheduler: looking for newly runnable stages
26/08/14 00:05:59 INFO DAGScheduler: running: Set()
26/08/14 00:05:59 INFO DAGScheduler: waiting: Set(ResultStage 47)
26/08/14 00:05:59 INFO DAGScheduler: failed: Set()
26/08/14 00:05:59 INFO DAGScheduler: Submitting ResultStage 47 (MapPartitionsRDD[311] at count at <unknown>:0), which has no missing parents
26/08/14 00:05:59 INFO MemoryStore: Block broadcast_46 stored as values in memory (estimated size 12.5 KiB, free 191.1 MiB)
26/08/14 00:05:59 INFO MemoryStore: Block broadcast_46_piece0 stored as bytes in memory (estimated size 5.9 KiB, free 191.1 MiB)
26/08/14 00:05:59 INFO BlockManagerInfo: Added broadcast_46_piece0 in memory on spark-driver:35647 (size: 5.9 KiB, free: 191.2 MiB)
26/08/14 00:05:59 INFO SparkContext: Created broadcast 46 from broadcast at DAGScheduler.scala:1585
26/08/14 00:05:59 INFO DAGScheduler: Submitting 1 missing tasks from ResultStage 47 (MapPartitionsRDD[311] at count at <unknown>:0) (first 15 tasks are for partitions Vector(0))
26/08/14 00:05:59 INFO TaskSchedulerImpl: Adding task set 47.0 with 1 tasks resource profile 0
26/08/14 00:05:59 INFO TaskSetManager: Starting task 0.0 in stage 47.0 (TID 161) (172.26.0.12, executor 0, partition 0, NODE_LOCAL, 9003 bytes) 
26/08/14 00:05:59 INFO BlockManagerInfo: Added broadcast_46_piece0 in memory on 172.26.0.12:39915 (size: 5.9 KiB, free: 412.1 MiB)
26/08/14 00:05:59 INFO MapOutputTrackerMasterEndpoint: Asked to send map output locations for shuffle 21 to 172.26.0.12:44860
26/08/14 00:05:59 INFO TaskSetManager: Finished task 0.0 in stage 47.0 (TID 161) in 19 ms on 172.26.0.12 (executor 0) (1/1)
26/08/14 00:05:59 INFO TaskSchedulerImpl: Removed TaskSet 47.0, whose tasks have all completed, from pool 
26/08/14 00:05:59 INFO DAGScheduler: ResultStage 47 (count at <unknown>:0) finished in 0.021 s
26/08/14 00:05:59 INFO DAGScheduler: Job 25 is finished. Cancelling potential speculative or zombie tasks for this job
26/08/14 00:05:59 INFO TaskSchedulerImpl: Killing all running tasks in stage 47: Stage finished
26/08/14 00:05:59 INFO DAGScheduler: Job 25 finished: count at <unknown>:0, took 0.091630 s
26/08/14 00:05:59 INFO CodeGenerator: Code generated in 10.462042 ms
26/08/14 00:05:59 INFO DefaultCachedBatchSerializer: Predicate isnotnull(event_time#89-T120000ms) generates partition filter: ((event_time.count#15600 - event_time.nullCount#15599) > 0)
26/08/14 00:05:59 INFO DefaultCachedBatchSerializer: Predicate (event_time#89-T120000ms < 2026-08-14 00:03:51.155) generates partition filter: (event_time.lowerBound#15598 < 2026-08-14 00:03:51.155)
26/08/14 00:05:59 INFO SparkContext: Starting job: count at <unknown>:0
26/08/14 00:05:59 INFO DAGScheduler: Registering RDD 316 (count at <unknown>:0) as input to shuffle 22
26/08/14 00:05:59 INFO DAGScheduler: Got job 26 (count at <unknown>:0) with 1 output partitions
26/08/14 00:05:59 INFO DAGScheduler: Final stage: ResultStage 49 (count at <unknown>:0)
26/08/14 00:05:59 INFO DAGScheduler: Parents of final stage: List(ShuffleMapStage 48)
26/08/14 00:05:59 INFO DAGScheduler: Missing parents: List(ShuffleMapStage 48)
26/08/14 00:05:59 INFO DAGScheduler: Submitting ShuffleMapStage 48 (MapPartitionsRDD[316] at count at <unknown>:0), which has no missing parents
26/08/14 00:05:59 INFO MemoryStore: Block broadcast_47 stored as values in memory (estimated size 67.2 KiB, free 191.0 MiB)
26/08/14 00:05:59 INFO MemoryStore: Block broadcast_47_piece0 stored as bytes in memory (estimated size 25.6 KiB, free 191.0 MiB)
26/08/14 00:05:59 INFO BlockManagerInfo: Added broadcast_47_piece0 in memory on spark-driver:35647 (size: 25.6 KiB, free: 191.2 MiB)
26/08/14 00:05:59 INFO SparkContext: Created broadcast 47 from broadcast at DAGScheduler.scala:1585
26/08/14 00:05:59 INFO DAGScheduler: Submitting 6 missing tasks from ShuffleMapStage 48 (MapPartitionsRDD[316] at count at <unknown>:0) (first 15 tasks are for partitions Vector(0, 1, 2, 3, 4, 5))
26/08/14 00:05:59 INFO TaskSchedulerImpl: Adding task set 48.0 with 6 tasks resource profile 0
26/08/14 00:05:59 INFO TaskSetManager: Starting task 0.0 in stage 48.0 (TID 162) (172.26.0.12, executor 0, partition 0, PROCESS_LOCAL, 9921 bytes) 
26/08/14 00:05:59 INFO TaskSetManager: Starting task 2.0 in stage 48.0 (TID 163) (172.26.0.13, executor 1, partition 2, PROCESS_LOCAL, 9921 bytes) 
26/08/14 00:05:59 INFO TaskSetManager: Starting task 1.0 in stage 48.0 (TID 164) (172.26.0.12, executor 0, partition 1, PROCESS_LOCAL, 9921 bytes) 
26/08/14 00:05:59 INFO TaskSetManager: Starting task 3.0 in stage 48.0 (TID 165) (172.26.0.13, executor 1, partition 3, PROCESS_LOCAL, 9921 bytes) 
26/08/14 00:05:59 INFO TaskSetManager: Starting task 5.0 in stage 48.0 (TID 166) (172.26.0.12, executor 0, partition 5, PROCESS_LOCAL, 9921 bytes) 
26/08/14 00:05:59 INFO TaskSetManager: Starting task 4.0 in stage 48.0 (TID 167) (172.26.0.13, executor 1, partition 4, PROCESS_LOCAL, 9921 bytes) 
26/08/14 00:05:59 INFO BlockManagerInfo: Added broadcast_47_piece0 in memory on 172.26.0.12:39915 (size: 25.6 KiB, free: 412.1 MiB)
26/08/14 00:05:59 INFO BlockManagerInfo: Added broadcast_47_piece0 in memory on 172.26.0.13:39169 (size: 25.6 KiB, free: 412.1 MiB)
26/08/14 00:05:59 INFO TaskSetManager: Finished task 1.0 in stage 48.0 (TID 164) in 59 ms on 172.26.0.12 (executor 0) (1/6)
26/08/14 00:05:59 INFO TaskSetManager: Finished task 0.0 in stage 48.0 (TID 162) in 60 ms on 172.26.0.12 (executor 0) (2/6)
26/08/14 00:05:59 INFO TaskSetManager: Finished task 5.0 in stage 48.0 (TID 166) in 60 ms on 172.26.0.12 (executor 0) (3/6)
26/08/14 00:05:59 INFO TaskSetManager: Finished task 4.0 in stage 48.0 (TID 167) in 61 ms on 172.26.0.13 (executor 1) (4/6)
26/08/14 00:05:59 INFO TaskSetManager: Finished task 3.0 in stage 48.0 (TID 165) in 61 ms on 172.26.0.13 (executor 1) (5/6)
26/08/14 00:05:59 INFO BlockManagerInfo: Removed broadcast_46_piece0 on spark-driver:35647 in memory (size: 5.9 KiB, free: 191.2 MiB)
26/08/14 00:05:59 INFO BlockManagerInfo: Removed broadcast_46_piece0 on 172.26.0.12:39915 in memory (size: 5.9 KiB, free: 412.1 MiB)
26/08/14 00:05:59 INFO TaskSetManager: Finished task 2.0 in stage 48.0 (TID 163) in 63 ms on 172.26.0.13 (executor 1) (6/6)
26/08/14 00:05:59 INFO TaskSchedulerImpl: Removed TaskSet 48.0, whose tasks have all completed, from pool 
26/08/14 00:05:59 INFO DAGScheduler: ShuffleMapStage 48 (count at <unknown>:0) finished in 0.069 s
26/08/14 00:05:59 INFO DAGScheduler: looking for newly runnable stages
26/08/14 00:05:59 INFO DAGScheduler: running: Set()
26/08/14 00:05:59 INFO DAGScheduler: waiting: Set(ResultStage 49)
26/08/14 00:05:59 INFO DAGScheduler: failed: Set()
26/08/14 00:05:59 INFO DAGScheduler: Submitting ResultStage 49 (MapPartitionsRDD[319] at count at <unknown>:0), which has no missing parents
26/08/14 00:05:59 INFO MemoryStore: Block broadcast_48 stored as values in memory (estimated size 12.5 KiB, free 191.0 MiB)
26/08/14 00:05:59 INFO BlockManagerInfo: Removed broadcast_45_piece0 on spark-driver:35647 in memory (size: 24.2 KiB, free: 191.2 MiB)
26/08/14 00:05:59 INFO MemoryStore: Block broadcast_48_piece0 stored as bytes in memory (estimated size 5.9 KiB, free 191.0 MiB)
26/08/14 00:05:59 INFO BlockManagerInfo: Added broadcast_48_piece0 in memory on spark-driver:35647 (size: 5.9 KiB, free: 191.2 MiB)
26/08/14 00:05:59 INFO SparkContext: Created broadcast 48 from broadcast at DAGScheduler.scala:1585
26/08/14 00:05:59 INFO DAGScheduler: Submitting 1 missing tasks from ResultStage 49 (MapPartitionsRDD[319] at count at <unknown>:0) (first 15 tasks are for partitions Vector(0))
26/08/14 00:05:59 INFO TaskSchedulerImpl: Adding task set 49.0 with 1 tasks resource profile 0
26/08/14 00:05:59 INFO BlockManagerInfo: Removed broadcast_45_piece0 on 172.26.0.12:39915 in memory (size: 24.2 KiB, free: 412.1 MiB)
26/08/14 00:05:59 INFO TaskSetManager: Starting task 0.0 in stage 49.0 (TID 168) (172.26.0.12, executor 0, partition 0, NODE_LOCAL, 9003 bytes) 
26/08/14 00:05:59 INFO BlockManagerInfo: Removed broadcast_45_piece0 on 172.26.0.13:39169 in memory (size: 24.2 KiB, free: 412.1 MiB)
26/08/14 00:05:59 INFO BlockManagerInfo: Added broadcast_48_piece0 in memory on 172.26.0.12:39915 (size: 5.9 KiB, free: 412.1 MiB)
26/08/14 00:05:59 INFO MapOutputTrackerMasterEndpoint: Asked to send map output locations for shuffle 22 to 172.26.0.12:44860
26/08/14 00:05:59 INFO TaskSetManager: Finished task 0.0 in stage 49.0 (TID 168) in 29 ms on 172.26.0.12 (executor 0) (1/1)
26/08/14 00:05:59 INFO TaskSchedulerImpl: Removed TaskSet 49.0, whose tasks have all completed, from pool 
26/08/14 00:05:59 INFO DAGScheduler: ResultStage 49 (count at <unknown>:0) finished in 0.033 s
26/08/14 00:05:59 INFO DAGScheduler: Job 26 is finished. Cancelling potential speculative or zombie tasks for this job
26/08/14 00:05:59 INFO TaskSchedulerImpl: Killing all running tasks in stage 49: Stage finished
26/08/14 00:05:59 INFO DAGScheduler: Job 26 finished: count at <unknown>:0, took 0.106875 s
26/08/14 00:05:59 INFO DefaultCachedBatchSerializer: Predicate isnotnull(kind#16157) generates partition filter: ((kind.count#16226 - kind.nullCount#16225) > 0)
26/08/14 00:05:59 INFO DefaultCachedBatchSerializer: Predicate (kind#16157 = stats) generates partition filter: ((kind.lowerBound#16224 <= stats) AND (stats <= kind.upperBound#16223))
26/08/14 00:05:59 INFO SparkContext: Starting job: call at /opt/spark/python/lib/py4j-0.10.9.7-src.zip/py4j/clientserver.py:617
26/08/14 00:05:59 INFO DAGScheduler: Got job 27 (call at /opt/spark/python/lib/py4j-0.10.9.7-src.zip/py4j/clientserver.py:617) with 6 output partitions
26/08/14 00:05:59 INFO DAGScheduler: Final stage: ResultStage 50 (call at /opt/spark/python/lib/py4j-0.10.9.7-src.zip/py4j/clientserver.py:617)
26/08/14 00:05:59 INFO DAGScheduler: Parents of final stage: List()
26/08/14 00:05:59 INFO DAGScheduler: Missing parents: List()
26/08/14 00:05:59 INFO DAGScheduler: Submitting ResultStage 50 (MapPartitionsRDD[338] at call at /opt/spark/python/lib/py4j-0.10.9.7-src.zip/py4j/clientserver.py:617), which has no missing parents
26/08/14 00:05:59 INFO MemoryStore: Block broadcast_49 stored as values in memory (estimated size 90.0 KiB, free 191.0 MiB)
26/08/14 00:05:59 INFO MemoryStore: Block broadcast_49_piece0 stored as bytes in memory (estimated size 34.0 KiB, free 191.0 MiB)
26/08/14 00:05:59 INFO BlockManagerInfo: Added broadcast_49_piece0 in memory on spark-driver:35647 (size: 34.0 KiB, free: 191.1 MiB)
26/08/14 00:05:59 INFO SparkContext: Created broadcast 49 from broadcast at DAGScheduler.scala:1585
26/08/14 00:05:59 INFO DAGScheduler: Submitting 6 missing tasks from ResultStage 50 (MapPartitionsRDD[338] at call at /opt/spark/python/lib/py4j-0.10.9.7-src.zip/py4j/clientserver.py:617) (first 15 tasks are for partitions Vector(0, 1, 2, 3, 4, 5))
26/08/14 00:05:59 INFO TaskSchedulerImpl: Adding task set 50.0 with 6 tasks resource profile 0
26/08/14 00:05:59 INFO TaskSetManager: Starting task 2.0 in stage 50.0 (TID 169) (172.26.0.13, executor 1, partition 2, PROCESS_LOCAL, 9932 bytes) 
26/08/14 00:05:59 INFO TaskSetManager: Starting task 0.0 in stage 50.0 (TID 170) (172.26.0.12, executor 0, partition 0, PROCESS_LOCAL, 9932 bytes) 
26/08/14 00:05:59 INFO TaskSetManager: Starting task 3.0 in stage 50.0 (TID 171) (172.26.0.13, executor 1, partition 3, PROCESS_LOCAL, 9932 bytes) 
26/08/14 00:05:59 INFO TaskSetManager: Starting task 1.0 in stage 50.0 (TID 172) (172.26.0.12, executor 0, partition 1, PROCESS_LOCAL, 9932 bytes) 
26/08/14 00:05:59 INFO TaskSetManager: Starting task 4.0 in stage 50.0 (TID 173) (172.26.0.13, executor 1, partition 4, PROCESS_LOCAL, 9932 bytes) 
26/08/14 00:05:59 INFO TaskSetManager: Starting task 5.0 in stage 50.0 (TID 174) (172.26.0.12, executor 0, partition 5, PROCESS_LOCAL, 9932 bytes) 
26/08/14 00:05:59 INFO BlockManagerInfo: Added broadcast_49_piece0 in memory on 172.26.0.13:39169 (size: 34.0 KiB, free: 412.1 MiB)
26/08/14 00:05:59 INFO BlockManagerInfo: Added broadcast_49_piece0 in memory on 172.26.0.12:39915 (size: 34.0 KiB, free: 412.1 MiB)
26/08/14 00:06:02 INFO StandaloneAppClient$ClientEndpoint: Executor updated: app-20260814000514-0013/0 is now LOST (worker lost: 172.26.0.12:37613 got disassociated)
26/08/14 00:06:02 INFO StandaloneSchedulerBackend: Executor app-20260814000514-0013/0 removed: worker lost: 172.26.0.12:37613 got disassociated
26/08/14 00:06:02 INFO StandaloneAppClient$ClientEndpoint: Master removed worker worker-20260813231309-172.26.0.12-37613: 172.26.0.12:37613 got disassociated
26/08/14 00:06:02 INFO StandaloneSchedulerBackend: Worker worker-20260813231309-172.26.0.12-37613 removed: 172.26.0.12:37613 got disassociated
26/08/14 00:06:02 ERROR TaskSchedulerImpl: Lost executor 0 on 172.26.0.12: worker lost: 172.26.0.12:37613 got disassociated
26/08/14 00:06:02 WARN TransportChannelHandler: Exception in connection from /172.26.0.12:44860
java.io.IOException: Connection reset by peer
	at java.base/sun.nio.ch.FileDispatcherImpl.read0(Native Method)
	at java.base/sun.nio.ch.SocketDispatcher.read(Unknown Source)
	at java.base/sun.nio.ch.IOUtil.readIntoNativeBuffer(Unknown Source)
	at java.base/sun.nio.ch.IOUtil.read(Unknown Source)
	at java.base/sun.nio.ch.IOUtil.read(Unknown Source)
	at java.base/sun.nio.ch.SocketChannelImpl.read(Unknown Source)
	at io.netty.buffer.PooledByteBuf.setBytes(PooledByteBuf.java:254)
	at io.netty.buffer.AbstractByteBuf.writeBytes(AbstractByteBuf.java:1132)
	at io.netty.channel.socket.nio.NioSocketChannel.doReadBytes(NioSocketChannel.java:357)
	at io.netty.channel.nio.AbstractNioByteChannel$NioByteUnsafe.read(AbstractNioByteChannel.java:151)
	at io.netty.channel.nio.NioEventLoop.processSelectedKey(NioEventLoop.java:788)
	at io.netty.channel.nio.NioEventLoop.processSelectedKeysOptimized(NioEventLoop.java:724)
	at io.netty.channel.nio.NioEventLoop.processSelectedKeys(NioEventLoop.java:650)
	at io.netty.channel.nio.NioEventLoop.run(NioEventLoop.java:562)
	at io.netty.util.concurrent.SingleThreadEventExecutor$4.run(SingleThreadEventExecutor.java:997)
	at io.netty.util.internal.ThreadExecutorMap$2.run(ThreadExecutorMap.java:74)
	at io.netty.util.concurrent.FastThreadLocalRunnable.run(FastThreadLocalRunnable.java:30)
	at java.base/java.lang.Thread.run(Unknown Source)
26/08/14 00:06:03 INFO BlockManagerInfo: Removed broadcast_47_piece0 on spark-driver:35647 in memory (size: 25.6 KiB, free: 191.2 MiB)
26/08/14 00:06:03 ERROR TransportClient: Failed to send RPC RPC 5074944597597076573 to /172.26.0.12:44860: io.netty.channel.StacklessClosedChannelException
io.netty.channel.StacklessClosedChannelException
	at io.netty.channel.AbstractChannel$AbstractUnsafe.write(Object, ChannelPromise)(Unknown Source)
26/08/14 00:06:03 INFO TaskSetManager: task 1.0 in stage 50.0 (TID 172) failed because while it was being computed, its executor exited for a reason unrelated to the task. Not counting this failure towards the maximum number of failures for the task.
26/08/14 00:06:03 ERROR TransportResponseHandler: Still have 1 requests outstanding when connection from /172.26.0.12:44860 is closed
26/08/14 00:06:03 INFO TaskSetManager: task 5.0 in stage 50.0 (TID 174) failed because while it was being computed, its executor exited for a reason unrelated to the task. Not counting this failure towards the maximum number of failures for the task.
26/08/14 00:06:03 INFO TaskSetManager: task 0.0 in stage 50.0 (TID 170) failed because while it was being computed, its executor exited for a reason unrelated to the task. Not counting this failure towards the maximum number of failures for the task.
26/08/14 00:06:03 ERROR TransportClient: Failed to send RPC RPC 6066961368245956210 to /172.26.0.12:44860: io.netty.channel.StacklessClosedChannelException
io.netty.channel.StacklessClosedChannelException
	at io.netty.channel.AbstractChannel$AbstractUnsafe.write(Object, ChannelPromise)(Unknown Source)
26/08/14 00:06:03 INFO BlockManagerInfo: Removed broadcast_47_piece0 on 172.26.0.13:39169 in memory (size: 25.6 KiB, free: 412.1 MiB)
26/08/14 00:06:03 WARN BlockManagerMasterEndpoint: Error trying to remove broadcast 47 from block manager BlockManagerId(0, 172.26.0.12, 39915, None)
java.io.IOException: Connection from /172.26.0.12:44860 closed
	at org.apache.spark.network.client.TransportResponseHandler.channelInactive(TransportResponseHandler.java:147)
	at org.apache.spark.network.server.TransportChannelHandler.channelInactive(TransportChannelHandler.java:117)
	at io.netty.channel.AbstractChannelHandlerContext.invokeChannelInactive(AbstractChannelHandlerContext.java:305)
	at io.netty.channel.AbstractChannelHandlerContext.invokeChannelInactive(AbstractChannelHandlerContext.java:281)
	at io.netty.channel.AbstractChannelHandlerContext.fireChannelInactive(AbstractChannelHandlerContext.java:274)
	at io.netty.channel.ChannelInboundHandlerAdapter.channelInactive(ChannelInboundHandlerAdapter.java:81)
	at io.netty.handler.timeout.IdleStateHandler.channelInactive(IdleStateHandler.java:277)
	at io.netty.channel.AbstractChannelHandlerContext.invokeChannelInactive(AbstractChannelHandlerContext.java:303)
	at io.netty.channel.AbstractChannelHandlerContext.invokeChannelInactive(AbstractChannelHandlerContext.java:281)
	at io.netty.channel.AbstractChannelHandlerContext.fireChannelInactive(AbstractChannelHandlerContext.java:274)
	at io.netty.channel.ChannelInboundHandlerAdapter.channelInactive(ChannelInboundHandlerAdapter.java:81)
	at org.apache.spark.network.util.TransportFrameDecoder.channelInactive(TransportFrameDecoder.java:225)
	at io.netty.channel.AbstractChannelHandlerContext.invokeChannelInactive(AbstractChannelHandlerContext.java:305)
	at io.netty.channel.AbstractChannelHandlerContext.invokeChannelInactive(AbstractChannelHandlerContext.java:281)
	at io.netty.channel.AbstractChannelHandlerContext.fireChannelInactive(AbstractChannelHandlerContext.java:274)
	at io.netty.channel.DefaultChannelPipeline$HeadContext.channelInactive(DefaultChannelPipeline.java:1405)
	at io.netty.channel.AbstractChannelHandlerContext.invokeChannelInactive(AbstractChannelHandlerContext.java:301)
	at io.netty.channel.AbstractChannelHandlerContext.invokeChannelInactive(AbstractChannelHandlerContext.java:281)
	at io.netty.channel.DefaultChannelPipeline.fireChannelInactive(DefaultChannelPipeline.java:901)
	at io.netty.channel.AbstractChannel$AbstractUnsafe$7.run(AbstractChannel.java:813)
	at io.netty.util.concurrent.AbstractEventExecutor.runTask(AbstractEventExecutor.java:174)
	at io.netty.util.concurrent.AbstractEventExecutor.safeExecute(AbstractEventExecutor.java:167)
	at io.netty.util.concurrent.SingleThreadEventExecutor.runAllTasks(SingleThreadEventExecutor.java:470)
	at io.netty.channel.nio.NioEventLoop.run(NioEventLoop.java:566)
	at io.netty.util.concurrent.SingleThreadEventExecutor$4.run(SingleThreadEventExecutor.java:997)
	at io.netty.util.internal.ThreadExecutorMap$2.run(ThreadExecutorMap.java:74)
	at io.netty.util.concurrent.FastThreadLocalRunnable.run(FastThreadLocalRunnable.java:30)
	at java.base/java.lang.Thread.run(Unknown Source)
26/08/14 00:06:03 WARN BlockManagerMasterEndpoint: Error trying to remove shuffle 22 from block manager BlockManagerId(0, 172.26.0.12, 39915, None)
java.io.IOException: Failed to send RPC RPC 5074944597597076573 to /172.26.0.12:44860: io.netty.channel.StacklessClosedChannelException
	at org.apache.spark.network.client.TransportClient$RpcChannelListener.handleFailure(TransportClient.java:395)
	at org.apache.spark.network.client.TransportClient$StdChannelListener.operationComplete(TransportClient.java:372)
	at io.netty.util.concurrent.DefaultPromise.notifyListener0(DefaultPromise.java:590)
	at io.netty.util.concurrent.DefaultPromise.notifyListenersNow(DefaultPromise.java:557)
	at io.netty.util.concurrent.DefaultPromise.notifyListeners(DefaultPromise.java:492)
	at io.netty.util.concurrent.DefaultPromise.setValue0(DefaultPromise.java:636)
	at io.netty.util.concurrent.DefaultPromise.setFailure0(DefaultPromise.java:629)
	at io.netty.util.concurrent.DefaultPromise.tryFailure(DefaultPromise.java:118)
	at io.netty.channel.AbstractChannel$AbstractUnsafe.safeSetFailure(AbstractChannel.java:999)
	at io.netty.channel.AbstractChannel$AbstractUnsafe.write(AbstractChannel.java:860)
	at io.netty.channel.DefaultChannelPipeline$HeadContext.write(DefaultChannelPipeline.java:1367)
	at io.netty.channel.AbstractChannelHandlerContext.invokeWrite0(AbstractChannelHandlerContext.java:877)
	at io.netty.channel.AbstractChannelHandlerContext.invokeWrite(AbstractChannelHandlerContext.java:863)
	at io.netty.channel.AbstractChannelHandlerContext.write(AbstractChannelHandlerContext.java:968)
	at io.netty.channel.AbstractChannelHandlerContext.write(AbstractChannelHandlerContext.java:856)
	at io.netty.handler.codec.MessageToMessageEncoder.write(MessageToMessageEncoder.java:113)
	at io.netty.channel.AbstractChannelHandlerContext.invokeWrite0(AbstractChannelHandlerContext.java:881)
	at io.netty.channel.AbstractChannelHandlerContext.invokeWrite(AbstractChannelHandlerContext.java:863)
	at io.netty.channel.AbstractChannelHandlerContext.write(AbstractChannelHandlerContext.java:968)
	at io.netty.channel.AbstractChannelHandlerContext.write(AbstractChannelHandlerContext.java:856)
	at io.netty.handler.timeout.IdleStateHandler.write(IdleStateHandler.java:302)
	at io.netty.channel.AbstractChannelHandlerContext.invokeWrite0(AbstractChannelHandlerContext.java:879)
	at io.netty.channel.AbstractChannelHandlerContext.invokeWriteAndFlush(AbstractChannelHandlerContext.java:940)
	at io.netty.channel.AbstractChannelHandlerContext$WriteTask.run(AbstractChannelHandlerContext.java:1247)
	at io.netty.util.concurrent.AbstractEventExecutor.runTask(AbstractEventExecutor.java:174)
	at io.netty.util.concurrent.AbstractEventExecutor.safeExecute(AbstractEventExecutor.java:167)
	at io.netty.util.concurrent.SingleThreadEventExecutor.runAllTasks(SingleThreadEventExecutor.java:470)
	at io.netty.channel.nio.NioEventLoop.run(NioEventLoop.java:566)
	at io.netty.util.concurrent.SingleThreadEventExecutor$4.run(SingleThreadEventExecutor.java:997)
	at io.netty.util.internal.ThreadExecutorMap$2.run(ThreadExecutorMap.java:74)
	at io.netty.util.concurrent.FastThreadLocalRunnable.run(FastThreadLocalRunnable.java:30)
	at java.base/java.lang.Thread.run(Unknown Source)
Caused by: io.netty.channel.StacklessClosedChannelException
	at io.netty.channel.AbstractChannel$AbstractUnsafe.write(Object, ChannelPromise)(Unknown Source)
26/08/14 00:06:03 INFO DAGScheduler: Executor lost: 0 (epoch 22)
26/08/14 00:06:03 INFO TaskSchedulerImpl: Handle removed worker worker-20260813231309-172.26.0.12-37613: 172.26.0.12:37613 got disassociated
26/08/14 00:06:03 WARN NettyRpcEnv: Ignored failure: java.io.IOException: Failed to send RPC RPC 6066961368245956210 to /172.26.0.12:44860: io.netty.channel.StacklessClosedChannelException
26/08/14 00:06:03 ERROR TransportClient: Failed to send RPC RPC 8666418327289129685 to /172.26.0.12:44860: io.netty.channel.StacklessClosedChannelException
io.netty.channel.StacklessClosedChannelException
	at io.netty.channel.AbstractChannel$AbstractUnsafe.write(Object, ChannelPromise)(Unknown Source)
26/08/14 00:06:03 INFO BlockManagerInfo: Removed broadcast_48_piece0 on spark-driver:35647 in memory (size: 5.9 KiB, free: 191.2 MiB)
26/08/14 00:06:03 INFO BlockManagerMasterEndpoint: Trying to remove executor 0 from BlockManagerMaster.
26/08/14 00:06:03 WARN BlockManagerMasterEndpoint: No more replicas available for rdd_295_1 !
26/08/14 00:06:03 WARN BlockManagerMasterEndpoint: No more replicas available for rdd_295_5 !
26/08/14 00:06:03 WARN BlockManagerMasterEndpoint: No more replicas available for broadcast_47_piece0 !
26/08/14 00:06:03 WARN BlockManagerMasterEndpoint: Error trying to remove broadcast 48 from block manager BlockManagerId(0, 172.26.0.12, 39915, None)
java.io.IOException: Failed to send RPC RPC 8666418327289129685 to /172.26.0.12:44860: io.netty.channel.StacklessClosedChannelException
	at org.apache.spark.network.client.TransportClient$RpcChannelListener.handleFailure(TransportClient.java:395)
	at org.apache.spark.network.client.TransportClient$StdChannelListener.operationComplete(TransportClient.java:372)
	at io.netty.util.concurrent.DefaultPromise.notifyListener0(DefaultPromise.java:590)
	at io.netty.util.concurrent.DefaultPromise.notifyListenersNow(DefaultPromise.java:557)
	at io.netty.util.concurrent.DefaultPromise.notifyListeners(DefaultPromise.java:492)
	at io.netty.util.concurrent.DefaultPromise.setValue0(DefaultPromise.java:636)
	at io.netty.util.concurrent.DefaultPromise.setFailure0(DefaultPromise.java:629)
	at io.netty.util.concurrent.DefaultPromise.tryFailure(DefaultPromise.java:118)
	at io.netty.channel.AbstractChannel$AbstractUnsafe.safeSetFailure(AbstractChannel.java:999)
	at io.netty.channel.AbstractChannel$AbstractUnsafe.write(AbstractChannel.java:860)
	at io.netty.channel.DefaultChannelPipeline$HeadContext.write(DefaultChannelPipeline.java:1367)
	at io.netty.channel.AbstractChannelHandlerContext.invokeWrite0(AbstractChannelHandlerContext.java:877)
	at io.netty.channel.AbstractChannelHandlerContext.invokeWriteAndFlush(AbstractChannelHandlerContext.java:940)
	at io.netty.channel.AbstractChannelHandlerContext$WriteTask.run(AbstractChannelHandlerContext.java:1247)
	at io.netty.util.concurrent.AbstractEventExecutor.runTask(AbstractEventExecutor.java:174)
	at io.netty.util.concurrent.AbstractEventExecutor.safeExecute(AbstractEventExecutor.java:167)
	at io.netty.util.concurrent.SingleThreadEventExecutor.runAllTasks(SingleThreadEventExecutor.java:470)
	at io.netty.channel.nio.NioEventLoop.run(NioEventLoop.java:566)
	at io.netty.util.concurrent.SingleThreadEventExecutor$4.run(SingleThreadEventExecutor.java:997)
	at io.netty.util.internal.ThreadExecutorMap$2.run(ThreadExecutorMap.java:74)
	at io.netty.util.concurrent.FastThreadLocalRunnable.run(FastThreadLocalRunnable.java:30)
	at java.base/java.lang.Thread.run(Unknown Source)
Caused by: io.netty.channel.StacklessClosedChannelException
	at io.netty.channel.AbstractChannel$AbstractUnsafe.write(Object, ChannelPromise)(Unknown Source)
26/08/14 00:06:03 WARN BlockManagerMasterEndpoint: No more replicas available for rdd_295_0 !
26/08/14 00:06:03 WARN BlockManagerMasterEndpoint: No more replicas available for broadcast_48_piece0 !
26/08/14 00:06:03 INFO BlockManagerMasterEndpoint: Removing block manager BlockManagerId(0, 172.26.0.12, 39915, None)
26/08/14 00:06:03 INFO BlockManagerMaster: Removed 0 successfully in removeExecutor
26/08/14 00:06:03 INFO DAGScheduler: Shuffle files lost for host: 172.26.0.12 (epoch 22)
26/08/14 00:06:03 INFO DAGScheduler: Shuffle files lost for worker worker-20260813231309-172.26.0.12-37613 on host 172.26.0.12
26/08/14 00:06:04 INFO BlockManagerInfo: Added rdd_333_2 in memory on 172.26.0.13:39169 (size: 1808.0 B, free: 412.1 MiB)
26/08/14 00:06:04 INFO BlockManagerInfo: Added rdd_333_3 in memory on 172.26.0.13:39169 (size: 1808.0 B, free: 412.1 MiB)
26/08/14 00:06:04 INFO BlockManagerInfo: Added rdd_333_4 in memory on 172.26.0.13:39169 (size: 1808.0 B, free: 412.1 MiB)
26/08/14 00:06:04 INFO TaskSetManager: Starting task 0.1 in stage 50.0 (TID 175) (172.26.0.13, executor 1, partition 0, ANY, 9932 bytes) 
26/08/14 00:06:04 INFO TaskSetManager: Finished task 3.0 in stage 50.0 (TID 171) in 5272 ms on 172.26.0.13 (executor 1) (1/6)
26/08/14 00:06:04 INFO TaskSetManager: Starting task 5.1 in stage 50.0 (TID 176) (172.26.0.13, executor 1, partition 5, ANY, 9932 bytes) 
26/08/14 00:06:04 INFO TaskSetManager: Finished task 2.0 in stage 50.0 (TID 169) in 5281 ms on 172.26.0.13 (executor 1) (2/6)
26/08/14 00:06:04 INFO TaskSetManager: Starting task 1.1 in stage 50.0 (TID 177) (172.26.0.13, executor 1, partition 1, ANY, 9932 bytes) 
26/08/14 00:06:04 INFO TaskSetManager: Finished task 4.0 in stage 50.0 (TID 173) in 5293 ms on 172.26.0.13 (executor 1) (3/6)
26/08/14 00:06:05 INFO BlockManagerInfo: Added rdd_295_1 in memory on 172.26.0.13:39169 (size: 608.0 KiB, free: 411.5 MiB)
26/08/14 00:06:05 INFO BlockManagerInfo: Added rdd_295_0 in memory on 172.26.0.13:39169 (size: 600.2 KiB, free: 410.9 MiB)
26/08/14 00:06:05 INFO BlockManagerInfo: Added rdd_295_5 in memory on 172.26.0.13:39169 (size: 614.7 KiB, free: 410.3 MiB)
26/08/14 00:06:09 INFO BlockManagerInfo: Added rdd_333_0 in memory on 172.26.0.13:39169 (size: 1808.0 B, free: 410.3 MiB)
26/08/14 00:06:09 INFO BlockManagerInfo: Added rdd_333_5 in memory on 172.26.0.13:39169 (size: 1808.0 B, free: 410.3 MiB)
26/08/14 00:06:09 INFO BlockManagerInfo: Added rdd_333_1 in memory on 172.26.0.13:39169 (size: 1808.0 B, free: 410.3 MiB)
26/08/14 00:06:10 INFO TaskSetManager: Finished task 1.1 in stage 50.0 (TID 177) in 5265 ms on 172.26.0.13 (executor 1) (4/6)
26/08/14 00:06:10 INFO TaskSetManager: Finished task 0.1 in stage 50.0 (TID 175) in 5309 ms on 172.26.0.13 (executor 1) (5/6)
26/08/14 00:06:10 INFO TaskSetManager: Finished task 5.1 in stage 50.0 (TID 176) in 5277 ms on 172.26.0.13 (executor 1) (6/6)
26/08/14 00:06:10 INFO TaskSchedulerImpl: Removed TaskSet 50.0, whose tasks have all completed, from pool 
26/08/14 00:06:10 INFO DAGScheduler: ResultStage 50 (call at /opt/spark/python/lib/py4j-0.10.9.7-src.zip/py4j/clientserver.py:617) finished in 10.572 s
26/08/14 00:06:10 INFO DAGScheduler: Job 27 is finished. Cancelling potential speculative or zombie tasks for this job
26/08/14 00:06:10 INFO TaskSchedulerImpl: Killing all running tasks in stage 50: Stage finished
26/08/14 00:06:10 INFO DAGScheduler: Job 27 finished: call at /opt/spark/python/lib/py4j-0.10.9.7-src.zip/py4j/clientserver.py:617, took 10.589536 s
26/08/14 00:06:10 INFO DefaultCachedBatchSerializer: Predicate isnotnull(kind#16157) generates partition filter: ((kind.count#16309 - kind.nullCount#16308) > 0)
26/08/14 00:06:10 INFO DefaultCachedBatchSerializer: Predicate (kind#16157 = dlq) generates partition filter: ((kind.lowerBound#16307 <= dlq) AND (dlq <= kind.upperBound#16306))
26/08/14 00:06:10 INFO SparkContext: Starting job: count at <unknown>:0
26/08/14 00:06:10 INFO DAGScheduler: Registering RDD 343 (count at <unknown>:0) as input to shuffle 23
26/08/14 00:06:10 INFO DAGScheduler: Got job 28 (count at <unknown>:0) with 1 output partitions
26/08/14 00:06:10 INFO DAGScheduler: Final stage: ResultStage 52 (count at <unknown>:0)
26/08/14 00:06:10 INFO DAGScheduler: Parents of final stage: List(ShuffleMapStage 51)
26/08/14 00:06:10 INFO DAGScheduler: Missing parents: List(ShuffleMapStage 51)
26/08/14 00:06:10 INFO DAGScheduler: Submitting ShuffleMapStage 51 (MapPartitionsRDD[343] at count at <unknown>:0), which has no missing parents
26/08/14 00:06:10 INFO MemoryStore: Block broadcast_50 stored as values in memory (estimated size 92.2 KiB, free 191.0 MiB)
26/08/14 00:06:10 INFO MemoryStore: Block broadcast_50_piece0 stored as bytes in memory (estimated size 35.3 KiB, free 191.0 MiB)
26/08/14 00:06:10 INFO BlockManagerInfo: Added broadcast_50_piece0 in memory on spark-driver:35647 (size: 35.3 KiB, free: 191.1 MiB)
26/08/14 00:06:10 INFO SparkContext: Created broadcast 50 from broadcast at DAGScheduler.scala:1585
26/08/14 00:06:10 INFO DAGScheduler: Submitting 6 missing tasks from ShuffleMapStage 51 (MapPartitionsRDD[343] at count at <unknown>:0) (first 15 tasks are for partitions Vector(0, 1, 2, 3, 4, 5))
26/08/14 00:06:10 INFO TaskSchedulerImpl: Adding task set 51.0 with 6 tasks resource profile 0
26/08/14 00:06:10 INFO TaskSetManager: Starting task 0.0 in stage 51.0 (TID 178) (172.26.0.13, executor 1, partition 0, PROCESS_LOCAL, 9921 bytes) 
26/08/14 00:06:10 INFO TaskSetManager: Starting task 1.0 in stage 51.0 (TID 179) (172.26.0.13, executor 1, partition 1, PROCESS_LOCAL, 9921 bytes) 
26/08/14 00:06:10 INFO TaskSetManager: Starting task 2.0 in stage 51.0 (TID 180) (172.26.0.13, executor 1, partition 2, PROCESS_LOCAL, 9921 bytes) 
26/08/14 00:06:10 INFO BlockManagerInfo: Added broadcast_50_piece0 in memory on 172.26.0.13:39169 (size: 35.3 KiB, free: 410.3 MiB)
26/08/14 00:06:10 INFO TaskSetManager: Starting task 3.0 in stage 51.0 (TID 181) (172.26.0.13, executor 1, partition 3, PROCESS_LOCAL, 9921 bytes) 
26/08/14 00:06:10 INFO TaskSetManager: Finished task 2.0 in stage 51.0 (TID 180) in 116 ms on 172.26.0.13 (executor 1) (1/6)
26/08/14 00:06:10 INFO TaskSetManager: Starting task 4.0 in stage 51.0 (TID 182) (172.26.0.13, executor 1, partition 4, PROCESS_LOCAL, 9921 bytes) 
26/08/14 00:06:10 INFO TaskSetManager: Finished task 1.0 in stage 51.0 (TID 179) in 124 ms on 172.26.0.13 (executor 1) (2/6)
26/08/14 00:06:10 INFO TaskSetManager: Starting task 5.0 in stage 51.0 (TID 183) (172.26.0.13, executor 1, partition 5, PROCESS_LOCAL, 9921 bytes) 
26/08/14 00:06:10 INFO TaskSetManager: Finished task 0.0 in stage 51.0 (TID 178) in 132 ms on 172.26.0.13 (executor 1) (3/6)
26/08/14 00:06:10 INFO TaskSetManager: Finished task 3.0 in stage 51.0 (TID 181) in 49 ms on 172.26.0.13 (executor 1) (4/6)
26/08/14 00:06:10 INFO TaskSetManager: Finished task 4.0 in stage 51.0 (TID 182) in 50 ms on 172.26.0.13 (executor 1) (5/6)
26/08/14 00:06:10 INFO TaskSetManager: Finished task 5.0 in stage 51.0 (TID 183) in 55 ms on 172.26.0.13 (executor 1) (6/6)
26/08/14 00:06:10 INFO TaskSchedulerImpl: Removed TaskSet 51.0, whose tasks have all completed, from pool 
26/08/14 00:06:10 INFO DAGScheduler: ShuffleMapStage 51 (count at <unknown>:0) finished in 0.220 s
26/08/14 00:06:10 INFO DAGScheduler: looking for newly runnable stages
26/08/14 00:06:10 INFO DAGScheduler: running: Set()
26/08/14 00:06:10 INFO DAGScheduler: waiting: Set(ResultStage 52)
26/08/14 00:06:10 INFO DAGScheduler: failed: Set()
26/08/14 00:06:10 INFO DAGScheduler: Submitting ResultStage 52 (MapPartitionsRDD[346] at count at <unknown>:0), which has no missing parents
26/08/14 00:06:10 INFO MemoryStore: Block broadcast_51 stored as values in memory (estimated size 12.5 KiB, free 191.0 MiB)
26/08/14 00:06:10 INFO MemoryStore: Block broadcast_51_piece0 stored as bytes in memory (estimated size 5.9 KiB, free 190.9 MiB)
26/08/14 00:06:10 INFO BlockManagerInfo: Added broadcast_51_piece0 in memory on spark-driver:35647 (size: 5.9 KiB, free: 191.1 MiB)
26/08/14 00:06:10 INFO SparkContext: Created broadcast 51 from broadcast at DAGScheduler.scala:1585
26/08/14 00:06:10 INFO DAGScheduler: Submitting 1 missing tasks from ResultStage 52 (MapPartitionsRDD[346] at count at <unknown>:0) (first 15 tasks are for partitions Vector(0))
26/08/14 00:06:10 INFO TaskSchedulerImpl: Adding task set 52.0 with 1 tasks resource profile 0
26/08/14 00:06:10 INFO TaskSetManager: Starting task 0.0 in stage 52.0 (TID 184) (172.26.0.13, executor 1, partition 0, NODE_LOCAL, 9003 bytes) 
26/08/14 00:06:10 INFO BlockManagerInfo: Added broadcast_51_piece0 in memory on 172.26.0.13:39169 (size: 5.9 KiB, free: 410.3 MiB)
26/08/14 00:06:10 INFO MapOutputTrackerMasterEndpoint: Asked to send map output locations for shuffle 23 to 172.26.0.13:44738
26/08/14 00:06:10 INFO TaskSetManager: Finished task 0.0 in stage 52.0 (TID 184) in 72 ms on 172.26.0.13 (executor 1) (1/1)
26/08/14 00:06:10 INFO TaskSchedulerImpl: Removed TaskSet 52.0, whose tasks have all completed, from pool 
26/08/14 00:06:10 INFO DAGScheduler: ResultStage 52 (count at <unknown>:0) finished in 0.101 s
26/08/14 00:06:10 INFO DAGScheduler: Job 28 is finished. Cancelling potential speculative or zombie tasks for this job
26/08/14 00:06:10 INFO TaskSchedulerImpl: Killing all running tasks in stage 52: Stage finished
26/08/14 00:06:10 INFO DAGScheduler: Job 28 finished: count at <unknown>:0, took 0.338473 s
26/08/14 00:06:10 INFO MapPartitionsRDD: Removing RDD 333 from persistence list
26/08/14 00:06:10 INFO BlockManager: Removing RDD 333
26/08/14 00:06:10 INFO BlockManagerInfo: Removed broadcast_51_piece0 on spark-driver:35647 in memory (size: 5.9 KiB, free: 191.1 MiB)
26/08/14 00:06:10 INFO BlockManagerInfo: Removed broadcast_51_piece0 on 172.26.0.13:39169 in memory (size: 5.9 KiB, free: 410.3 MiB)
26/08/14 00:06:10 INFO SparkContext: Starting job: call at /opt/spark/python/lib/py4j-0.10.9.7-src.zip/py4j/clientserver.py:617
26/08/14 00:06:10 INFO DAGScheduler: Registering RDD 351 (call at /opt/spark/python/lib/py4j-0.10.9.7-src.zip/py4j/clientserver.py:617) as input to shuffle 24
26/08/14 00:06:10 INFO DAGScheduler: Got job 29 (call at /opt/spark/python/lib/py4j-0.10.9.7-src.zip/py4j/clientserver.py:617) with 1 output partitions
26/08/14 00:06:10 INFO DAGScheduler: Final stage: ResultStage 54 (call at /opt/spark/python/lib/py4j-0.10.9.7-src.zip/py4j/clientserver.py:617)
26/08/14 00:06:10 INFO DAGScheduler: Parents of final stage: List(ShuffleMapStage 53)
26/08/14 00:06:10 INFO DAGScheduler: Missing parents: List(ShuffleMapStage 53)
26/08/14 00:06:10 INFO DAGScheduler: Submitting ShuffleMapStage 53 (MapPartitionsRDD[351] at call at /opt/spark/python/lib/py4j-0.10.9.7-src.zip/py4j/clientserver.py:617), which has no missing parents
26/08/14 00:06:10 INFO BlockManagerInfo: Removed broadcast_50_piece0 on spark-driver:35647 in memory (size: 35.3 KiB, free: 191.2 MiB)
26/08/14 00:06:10 INFO MemoryStore: Block broadcast_52 stored as values in memory (estimated size 66.2 KiB, free 191.0 MiB)
26/08/14 00:06:10 INFO BlockManagerInfo: Removed broadcast_50_piece0 on 172.26.0.13:39169 in memory (size: 35.3 KiB, free: 410.3 MiB)
26/08/14 00:06:10 INFO MemoryStore: Block broadcast_52_piece0 stored as bytes in memory (estimated size 24.7 KiB, free 191.0 MiB)
26/08/14 00:06:10 INFO BlockManagerInfo: Added broadcast_52_piece0 in memory on spark-driver:35647 (size: 24.7 KiB, free: 191.2 MiB)
26/08/14 00:06:10 INFO SparkContext: Created broadcast 52 from broadcast at DAGScheduler.scala:1585
26/08/14 00:06:10 INFO DAGScheduler: Submitting 6 missing tasks from ShuffleMapStage 53 (MapPartitionsRDD[351] at call at /opt/spark/python/lib/py4j-0.10.9.7-src.zip/py4j/clientserver.py:617) (first 15 tasks are for partitions Vector(0, 1, 2, 3, 4, 5))
26/08/14 00:06:10 INFO TaskSchedulerImpl: Adding task set 53.0 with 6 tasks resource profile 0
26/08/14 00:06:10 INFO BlockManagerInfo: Removed broadcast_49_piece0 on spark-driver:35647 in memory (size: 34.0 KiB, free: 191.2 MiB)
26/08/14 00:06:10 INFO TaskSetManager: Starting task 0.0 in stage 53.0 (TID 185) (172.26.0.13, executor 1, partition 0, PROCESS_LOCAL, 9921 bytes) 
26/08/14 00:06:10 INFO BlockManagerInfo: Removed broadcast_49_piece0 on 172.26.0.13:39169 in memory (size: 34.0 KiB, free: 410.4 MiB)
26/08/14 00:06:10 INFO TaskSetManager: Starting task 1.0 in stage 53.0 (TID 186) (172.26.0.13, executor 1, partition 1, PROCESS_LOCAL, 9921 bytes) 
26/08/14 00:06:10 INFO TaskSetManager: Starting task 2.0 in stage 53.0 (TID 187) (172.26.0.13, executor 1, partition 2, PROCESS_LOCAL, 9921 bytes) 
26/08/14 00:06:10 INFO BlockManagerInfo: Added broadcast_52_piece0 in memory on 172.26.0.13:39169 (size: 24.7 KiB, free: 410.3 MiB)
26/08/14 00:06:10 INFO TaskSetManager: Starting task 3.0 in stage 53.0 (TID 188) (172.26.0.13, executor 1, partition 3, PROCESS_LOCAL, 9921 bytes) 
26/08/14 00:06:10 INFO TaskSetManager: Starting task 4.0 in stage 53.0 (TID 189) (172.26.0.13, executor 1, partition 4, PROCESS_LOCAL, 9921 bytes) 
26/08/14 00:06:10 INFO TaskSetManager: Finished task 0.0 in stage 53.0 (TID 185) in 121 ms on 172.26.0.13 (executor 1) (1/6)
26/08/14 00:06:10 INFO TaskSetManager: Finished task 1.0 in stage 53.0 (TID 186) in 120 ms on 172.26.0.13 (executor 1) (2/6)
26/08/14 00:06:10 INFO TaskSetManager: Starting task 5.0 in stage 53.0 (TID 190) (172.26.0.13, executor 1, partition 5, PROCESS_LOCAL, 9921 bytes) 
26/08/14 00:06:10 INFO TaskSetManager: Finished task 2.0 in stage 53.0 (TID 187) in 124 ms on 172.26.0.13 (executor 1) (3/6)
26/08/14 00:06:10 INFO TaskSetManager: Finished task 4.0 in stage 53.0 (TID 189) in 15 ms on 172.26.0.13 (executor 1) (4/6)
26/08/14 00:06:10 INFO TaskSetManager: Finished task 3.0 in stage 53.0 (TID 188) in 32 ms on 172.26.0.13 (executor 1) (5/6)
26/08/14 00:06:10 INFO TaskSetManager: Finished task 5.0 in stage 53.0 (TID 190) in 31 ms on 172.26.0.13 (executor 1) (6/6)
26/08/14 00:06:10 INFO TaskSchedulerImpl: Removed TaskSet 53.0, whose tasks have all completed, from pool 
26/08/14 00:06:10 INFO DAGScheduler: ShuffleMapStage 53 (call at /opt/spark/python/lib/py4j-0.10.9.7-src.zip/py4j/clientserver.py:617) finished in 0.171 s
26/08/14 00:06:10 INFO DAGScheduler: looking for newly runnable stages
26/08/14 00:06:10 INFO DAGScheduler: running: Set()
26/08/14 00:06:10 INFO DAGScheduler: waiting: Set(ResultStage 54)
26/08/14 00:06:10 INFO DAGScheduler: failed: Set()
26/08/14 00:06:10 INFO DAGScheduler: Submitting ResultStage 54 (MapPartitionsRDD[354] at call at /opt/spark/python/lib/py4j-0.10.9.7-src.zip/py4j/clientserver.py:617), which has no missing parents
26/08/14 00:06:10 INFO MemoryStore: Block broadcast_53 stored as values in memory (estimated size 13.1 KiB, free 191.1 MiB)
26/08/14 00:06:10 INFO MemoryStore: Block broadcast_53_piece0 stored as bytes in memory (estimated size 6.1 KiB, free 191.1 MiB)
26/08/14 00:06:10 INFO BlockManagerInfo: Added broadcast_53_piece0 in memory on spark-driver:35647 (size: 6.1 KiB, free: 191.2 MiB)
26/08/14 00:06:10 INFO SparkContext: Created broadcast 53 from broadcast at DAGScheduler.scala:1585
26/08/14 00:06:10 INFO DAGScheduler: Submitting 1 missing tasks from ResultStage 54 (MapPartitionsRDD[354] at call at /opt/spark/python/lib/py4j-0.10.9.7-src.zip/py4j/clientserver.py:617) (first 15 tasks are for partitions Vector(0))
26/08/14 00:06:10 INFO TaskSchedulerImpl: Adding task set 54.0 with 1 tasks resource profile 0
26/08/14 00:06:10 INFO TaskSetManager: Starting task 0.0 in stage 54.0 (TID 191) (172.26.0.13, executor 1, partition 0, NODE_LOCAL, 9003 bytes) 
26/08/14 00:06:10 INFO BlockManagerInfo: Added broadcast_53_piece0 in memory on 172.26.0.13:39169 (size: 6.1 KiB, free: 410.3 MiB)
26/08/14 00:06:10 INFO MapOutputTrackerMasterEndpoint: Asked to send map output locations for shuffle 24 to 172.26.0.13:44738
26/08/14 00:06:11 INFO TaskSetManager: Finished task 0.0 in stage 54.0 (TID 191) in 33 ms on 172.26.0.13 (executor 1) (1/1)
26/08/14 00:06:11 INFO TaskSchedulerImpl: Removed TaskSet 54.0, whose tasks have all completed, from pool 
26/08/14 00:06:11 INFO DAGScheduler: ResultStage 54 (call at /opt/spark/python/lib/py4j-0.10.9.7-src.zip/py4j/clientserver.py:617) finished in 0.042 s
26/08/14 00:06:11 INFO DAGScheduler: Job 29 is finished. Cancelling potential speculative or zombie tasks for this job
26/08/14 00:06:11 INFO TaskSchedulerImpl: Killing all running tasks in stage 54: Stage finished
26/08/14 00:06:11 INFO DAGScheduler: Job 29 finished: call at /opt/spark/python/lib/py4j-0.10.9.7-src.zip/py4j/clientserver.py:617, took 0.223725 s
26/08/14 00:06:11 INFO MapPartitionsRDD: Removing RDD 295 from persistence list
26/08/14 00:06:11 INFO BlockManager: Removing RDD 295
26/08/14 00:06:11 INFO WatermarkTracker: Updating event-time watermark from 1786665831155 to 1786665838549 ms
26/08/14 00:06:11 INFO CheckpointFileManager: Writing atomically to file:/opt/checkpoints/trips/commits/5 using temp file file:/opt/checkpoints/trips/commits/.5.ce2832e7-d3a2-4e3c-8b8a-d827f1e81f6c.tmp
26/08/14 00:06:11 INFO CheckpointFileManager: Renamed temp file file:/opt/checkpoints/trips/commits/.5.ce2832e7-d3a2-4e3c-8b8a-d827f1e81f6c.tmp to file:/opt/checkpoints/trips/commits/5
26/08/14 00:06:11 INFO MicroBatchExecution: Streaming query made progress: {
  "id" : "5809875d-4e3d-4fb3-8383-949c002374c9",
  "runId" : "d3ba1340-2011-4780-b92f-e7e48f2e3457",
  "name" : "trips-ingest-chaos_kill_executor_1",
  "timestamp" : "2026-08-14T00:05:58.608Z",
  "batchId" : 5,
  "numInputRows" : 8863,
  "inputRowsPerSecond" : 1202.4148690815357,
  "processedRowsPerSecond" : 708.0770152592474,
  "durationMs" : {
    "addBatch" : 12342,
    "commitOffsets" : 90,
    "getBatch" : 0,
    "latestOffset" : 24,
    "queryPlanning" : 21,
    "triggerExecution" : 12517,
    "walCommit" : 35
  },
  "eventTime" : {
    "avg" : "2026-08-14T00:05:53.409Z",
    "max" : "2026-08-14T00:05:58.549Z",
    "min" : "2026-08-14T00:05:48.245Z",
    "watermark" : "2026-08-14T00:03:51.155Z"
  },
  "stateOperators" : [ ],
  "sources" : [ {
    "description" : "KafkaV2[Subscribe[trips.raw]]",
    "startOffset" : {
      "trips.raw" : {
        "2" : 206435,
        "5" : 205175,
        "4" : 206256,
        "1" : 206111,
        "3" : 206007,
        "0" : 205835
      }
    },
    "endOffset" : {
      "trips.raw" : {
        "2" : 207409,
        "5" : 206148,
        "4" : 207243,
        "1" : 207112,
        "3" : 206978,
        "0" : 206833
      }
    },
    "latestOffset" : {
      "trips.raw" : {
        "2" : 207409,
        "5" : 206148,
        "4" : 207243,
        "1" : 207112,
        "3" : 206978,
        "0" : 206833
      }
    },
    "numInputRows" : 8863,
    "inputRowsPerSecond" : 1202.4148690815357,
    "processedRowsPerSecond" : 708.0770152592474,
    "metrics" : {
      "avgOffsetsBehindLatest" : "0.0",
      "maxOffsetsBehindLatest" : "0",
      "minOffsetsBehindLatest" : "0"
    }
  } ],
  "sink" : {
    "description" : "ForeachBatchSink",
    "numOutputRows" : -1
  }
}
26/08/14 00:06:11 INFO CheckpointFileManager: Writing atomically to file:/opt/checkpoints/trips/offsets/6 using temp file file:/opt/checkpoints/trips/offsets/.6.5141ad39-f7ba-4003-9d13-1dc7cf45d23a.tmp
26/08/14 00:06:11 INFO CheckpointFileManager: Renamed temp file file:/opt/checkpoints/trips/offsets/.6.5141ad39-f7ba-4003-9d13-1dc7cf45d23a.tmp to file:/opt/checkpoints/trips/offsets/6
26/08/14 00:06:11 INFO MicroBatchExecution: Committed offsets for batch 6. Metadata OffsetSeqMetadata(1786665838549,1786665971162,Map(spark.sql.streaming.stateStore.providerClass -> org.apache.spark.sql.execution.streaming.state.HDFSBackedStateStoreProvider, spark.sql.streaming.join.stateFormatVersion -> 2, spark.sql.streaming.stateStore.compression.codec -> lz4, spark.sql.streaming.stateStore.rocksdb.formatVersion -> 5, spark.sql.streaming.statefulOperator.useStrictDistribution -> true, spark.sql.streaming.flatMapGroupsWithState.stateFormatVersion -> 2, spark.sql.streaming.multipleWatermarkPolicy -> min, spark.sql.streaming.aggregation.stateFormatVersion -> 2, spark.sql.shuffle.partitions -> 6))
26/08/14 00:06:11 INFO KafkaOffsetReaderAdmin: Partitions added: Map()
26/08/14 00:06:11 INFO KafkaOffsetReaderAdmin: Partitions added: Map()
26/08/14 00:06:11 INFO KafkaOffsetReaderAdmin: Partitions added: Map()
26/08/14 00:06:11 INFO KafkaOffsetReaderAdmin: Partitions added: Map()
26/08/14 00:06:11 INFO BlockManagerInfo: Removed broadcast_52_piece0 on spark-driver:35647 in memory (size: 24.7 KiB, free: 191.2 MiB)
26/08/14 00:06:11 INFO BlockManagerInfo: Removed broadcast_52_piece0 on 172.26.0.13:39169 in memory (size: 24.7 KiB, free: 413.9 MiB)
2026-08-14 00:06:11,322 INFO  [stream] Received command c on object id p0
26/08/14 00:06:11 INFO BlockManagerInfo: Removed broadcast_53_piece0 on spark-driver:35647 in memory (size: 6.1 KiB, free: 191.2 MiB)
26/08/14 00:06:11 INFO BlockManagerInfo: Removed broadcast_53_piece0 on 172.26.0.13:39169 in memory (size: 6.1 KiB, free: 413.9 MiB)
26/08/14 00:06:11 INFO SparkContext: Starting job: count at <unknown>:0
26/08/14 00:06:11 INFO DAGScheduler: Registering RDD 369 (count at <unknown>:0) as input to shuffle 25
26/08/14 00:06:11 INFO DAGScheduler: Got job 30 (count at <unknown>:0) with 1 output partitions
26/08/14 00:06:11 INFO DAGScheduler: Final stage: ResultStage 56 (count at <unknown>:0)
26/08/14 00:06:11 INFO DAGScheduler: Parents of final stage: List(ShuffleMapStage 55)
26/08/14 00:06:11 INFO DAGScheduler: Missing parents: List(ShuffleMapStage 55)
26/08/14 00:06:11 INFO DAGScheduler: Submitting ShuffleMapStage 55 (MapPartitionsRDD[369] at count at <unknown>:0), which has no missing parents
26/08/14 00:06:11 INFO MemoryStore: Block broadcast_54 stored as values in memory (estimated size 64.5 KiB, free 191.1 MiB)
26/08/14 00:06:11 INFO MemoryStore: Block broadcast_54_piece0 stored as bytes in memory (estimated size 24.1 KiB, free 191.1 MiB)
26/08/14 00:06:11 INFO BlockManagerInfo: Added broadcast_54_piece0 in memory on spark-driver:35647 (size: 24.1 KiB, free: 191.2 MiB)
26/08/14 00:06:11 INFO SparkContext: Created broadcast 54 from broadcast at DAGScheduler.scala:1585
26/08/14 00:06:11 INFO DAGScheduler: Submitting 6 missing tasks from ShuffleMapStage 55 (MapPartitionsRDD[369] at count at <unknown>:0) (first 15 tasks are for partitions Vector(0, 1, 2, 3, 4, 5))
26/08/14 00:06:11 INFO TaskSchedulerImpl: Adding task set 55.0 with 6 tasks resource profile 0
26/08/14 00:06:11 INFO TaskSetManager: Starting task 0.0 in stage 55.0 (TID 192) (172.26.0.13, executor 1, partition 0, PROCESS_LOCAL, 9921 bytes) 
26/08/14 00:06:11 INFO TaskSetManager: Starting task 1.0 in stage 55.0 (TID 193) (172.26.0.13, executor 1, partition 1, PROCESS_LOCAL, 9921 bytes) 
26/08/14 00:06:11 INFO TaskSetManager: Starting task 2.0 in stage 55.0 (TID 194) (172.26.0.13, executor 1, partition 2, PROCESS_LOCAL, 9921 bytes) 
26/08/14 00:06:11 INFO BlockManagerInfo: Added broadcast_54_piece0 in memory on 172.26.0.13:39169 (size: 24.1 KiB, free: 413.9 MiB)
26/08/14 00:06:11 INFO BlockManagerInfo: Added rdd_364_2 in memory on 172.26.0.13:39169 (size: 1034.9 KiB, free: 412.9 MiB)
26/08/14 00:06:11 INFO BlockManagerInfo: Added rdd_364_0 in memory on 172.26.0.13:39169 (size: 1017.5 KiB, free: 411.9 MiB)
26/08/14 00:06:11 INFO BlockManagerInfo: Added rdd_364_1 in memory on 172.26.0.13:39169 (size: 1025.4 KiB, free: 410.9 MiB)
26/08/14 00:06:11 INFO TaskSetManager: Starting task 3.0 in stage 55.0 (TID 195) (172.26.0.13, executor 1, partition 3, PROCESS_LOCAL, 9921 bytes) 
26/08/14 00:06:11 INFO TaskSetManager: Finished task 2.0 in stage 55.0 (TID 194) in 585 ms on 172.26.0.13 (executor 1) (1/6)
26/08/14 00:06:11 INFO TaskSetManager: Starting task 4.0 in stage 55.0 (TID 196) (172.26.0.13, executor 1, partition 4, PROCESS_LOCAL, 9921 bytes) 
26/08/14 00:06:11 INFO TaskSetManager: Finished task 1.0 in stage 55.0 (TID 193) in 586 ms on 172.26.0.13 (executor 1) (2/6)
26/08/14 00:06:11 INFO TaskSetManager: Starting task 5.0 in stage 55.0 (TID 197) (172.26.0.13, executor 1, partition 5, PROCESS_LOCAL, 9921 bytes) 
26/08/14 00:06:11 INFO TaskSetManager: Finished task 0.0 in stage 55.0 (TID 192) in 589 ms on 172.26.0.13 (executor 1) (3/6)
26/08/14 00:06:12 INFO BlockManagerInfo: Added rdd_364_5 in memory on 172.26.0.13:39169 (size: 1039.6 KiB, free: 409.9 MiB)
26/08/14 00:06:12 INFO BlockManagerInfo: Added rdd_364_4 in memory on 172.26.0.13:39169 (size: 997.2 KiB, free: 408.9 MiB)
26/08/14 00:06:12 INFO BlockManagerInfo: Added rdd_364_3 in memory on 172.26.0.13:39169 (size: 1040.0 KiB, free: 407.9 MiB)
26/08/14 00:06:12 INFO TaskSetManager: Finished task 5.0 in stage 55.0 (TID 197) in 232 ms on 172.26.0.13 (executor 1) (4/6)
26/08/14 00:06:12 INFO TaskSetManager: Finished task 4.0 in stage 55.0 (TID 196) in 233 ms on 172.26.0.13 (executor 1) (5/6)
26/08/14 00:06:12 INFO TaskSetManager: Finished task 3.0 in stage 55.0 (TID 195) in 241 ms on 172.26.0.13 (executor 1) (6/6)
26/08/14 00:06:12 INFO TaskSchedulerImpl: Removed TaskSet 55.0, whose tasks have all completed, from pool 
26/08/14 00:06:12 INFO DAGScheduler: ShuffleMapStage 55 (count at <unknown>:0) finished in 0.834 s
26/08/14 00:06:12 INFO DAGScheduler: looking for newly runnable stages
26/08/14 00:06:12 INFO DAGScheduler: running: Set()
26/08/14 00:06:12 INFO DAGScheduler: waiting: Set(ResultStage 56)
26/08/14 00:06:12 INFO DAGScheduler: failed: Set()
26/08/14 00:06:12 INFO DAGScheduler: Submitting ResultStage 56 (MapPartitionsRDD[372] at count at <unknown>:0), which has no missing parents
26/08/14 00:06:12 INFO MemoryStore: Block broadcast_55 stored as values in memory (estimated size 12.5 KiB, free 191.1 MiB)
26/08/14 00:06:12 INFO MemoryStore: Block broadcast_55_piece0 stored as bytes in memory (estimated size 5.9 KiB, free 191.1 MiB)
26/08/14 00:06:12 INFO BlockManagerInfo: Added broadcast_55_piece0 in memory on spark-driver:35647 (size: 5.9 KiB, free: 191.2 MiB)
26/08/14 00:06:12 INFO SparkContext: Created broadcast 55 from broadcast at DAGScheduler.scala:1585
26/08/14 00:06:12 INFO DAGScheduler: Submitting 1 missing tasks from ResultStage 56 (MapPartitionsRDD[372] at count at <unknown>:0) (first 15 tasks are for partitions Vector(0))
26/08/14 00:06:12 INFO TaskSchedulerImpl: Adding task set 56.0 with 1 tasks resource profile 0
26/08/14 00:06:12 INFO TaskSetManager: Starting task 0.0 in stage 56.0 (TID 198) (172.26.0.13, executor 1, partition 0, NODE_LOCAL, 9003 bytes) 
26/08/14 00:06:12 INFO BlockManagerInfo: Added broadcast_55_piece0 in memory on 172.26.0.13:39169 (size: 5.9 KiB, free: 407.9 MiB)
26/08/14 00:06:12 INFO MapOutputTrackerMasterEndpoint: Asked to send map output locations for shuffle 25 to 172.26.0.13:44738
26/08/14 00:06:12 INFO TaskSetManager: Finished task 0.0 in stage 56.0 (TID 198) in 30 ms on 172.26.0.13 (executor 1) (1/1)
26/08/14 00:06:12 INFO TaskSchedulerImpl: Removed TaskSet 56.0, whose tasks have all completed, from pool 
26/08/14 00:06:12 INFO DAGScheduler: ResultStage 56 (count at <unknown>:0) finished in 0.038 s
26/08/14 00:06:12 INFO DAGScheduler: Job 30 is finished. Cancelling potential speculative or zombie tasks for this job
26/08/14 00:06:12 INFO TaskSchedulerImpl: Killing all running tasks in stage 56: Stage finished
26/08/14 00:06:12 INFO DAGScheduler: Job 30 finished: count at <unknown>:0, took 0.882192 s
26/08/14 00:06:12 INFO BlockManagerInfo: Removed broadcast_54_piece0 on spark-driver:35647 in memory (size: 24.1 KiB, free: 191.2 MiB)
26/08/14 00:06:12 INFO SparkContext: Starting job: count at <unknown>:0
26/08/14 00:06:12 INFO BlockManagerInfo: Removed broadcast_54_piece0 on 172.26.0.13:39169 in memory (size: 24.1 KiB, free: 407.9 MiB)
26/08/14 00:06:12 INFO DAGScheduler: Registering RDD 377 (count at <unknown>:0) as input to shuffle 26
26/08/14 00:06:12 INFO DAGScheduler: Got job 31 (count at <unknown>:0) with 1 output partitions
26/08/14 00:06:12 INFO DAGScheduler: Final stage: ResultStage 58 (count at <unknown>:0)
26/08/14 00:06:12 INFO DAGScheduler: Parents of final stage: List(ShuffleMapStage 57)
26/08/14 00:06:12 INFO DAGScheduler: Missing parents: List(ShuffleMapStage 57)
26/08/14 00:06:12 INFO DAGScheduler: Submitting ShuffleMapStage 57 (MapPartitionsRDD[377] at count at <unknown>:0), which has no missing parents
26/08/14 00:06:12 INFO BlockManagerInfo: Removed broadcast_55_piece0 on spark-driver:35647 in memory (size: 5.9 KiB, free: 191.2 MiB)
26/08/14 00:06:12 INFO BlockManagerInfo: Removed broadcast_55_piece0 on 172.26.0.13:39169 in memory (size: 5.9 KiB, free: 407.9 MiB)
26/08/14 00:06:12 INFO MemoryStore: Block broadcast_56 stored as values in memory (estimated size 64.9 KiB, free 191.1 MiB)
26/08/14 00:06:12 INFO MemoryStore: Block broadcast_56_piece0 stored as bytes in memory (estimated size 24.3 KiB, free 191.1 MiB)
26/08/14 00:06:12 INFO BlockManagerInfo: Added broadcast_56_piece0 in memory on spark-driver:35647 (size: 24.3 KiB, free: 191.2 MiB)
26/08/14 00:06:12 INFO SparkContext: Created broadcast 56 from broadcast at DAGScheduler.scala:1585
26/08/14 00:06:12 INFO DAGScheduler: Submitting 6 missing tasks from ShuffleMapStage 57 (MapPartitionsRDD[377] at count at <unknown>:0) (first 15 tasks are for partitions Vector(0, 1, 2, 3, 4, 5))
26/08/14 00:06:12 INFO TaskSchedulerImpl: Adding task set 57.0 with 6 tasks resource profile 0
26/08/14 00:06:12 INFO TaskSetManager: Starting task 0.0 in stage 57.0 (TID 199) (172.26.0.13, executor 1, partition 0, PROCESS_LOCAL, 9921 bytes) 
26/08/14 00:06:12 INFO TaskSetManager: Starting task 1.0 in stage 57.0 (TID 200) (172.26.0.13, executor 1, partition 1, PROCESS_LOCAL, 9921 bytes) 
26/08/14 00:06:12 INFO TaskSetManager: Starting task 2.0 in stage 57.0 (TID 201) (172.26.0.13, executor 1, partition 2, PROCESS_LOCAL, 9921 bytes) 
26/08/14 00:06:12 INFO BlockManagerInfo: Added broadcast_56_piece0 in memory on 172.26.0.13:39169 (size: 24.3 KiB, free: 407.9 MiB)
26/08/14 00:06:12 INFO TaskSetManager: Starting task 3.0 in stage 57.0 (TID 202) (172.26.0.13, executor 1, partition 3, PROCESS_LOCAL, 9921 bytes) 
26/08/14 00:06:12 INFO TaskSetManager: Starting task 4.0 in stage 57.0 (TID 203) (172.26.0.13, executor 1, partition 4, PROCESS_LOCAL, 9921 bytes) 
26/08/14 00:06:12 INFO TaskSetManager: Starting task 5.0 in stage 57.0 (TID 204) (172.26.0.13, executor 1, partition 5, PROCESS_LOCAL, 9921 bytes) 
26/08/14 00:06:12 INFO TaskSetManager: Finished task 2.0 in stage 57.0 (TID 201) in 23 ms on 172.26.0.13 (executor 1) (1/6)
26/08/14 00:06:12 INFO TaskSetManager: Finished task 1.0 in stage 57.0 (TID 200) in 24 ms on 172.26.0.13 (executor 1) (2/6)
26/08/14 00:06:12 INFO TaskSetManager: Finished task 0.0 in stage 57.0 (TID 199) in 25 ms on 172.26.0.13 (executor 1) (3/6)
26/08/14 00:06:12 INFO TaskSetManager: Finished task 5.0 in stage 57.0 (TID 204) in 14 ms on 172.26.0.13 (executor 1) (4/6)
26/08/14 00:06:12 INFO TaskSetManager: Finished task 3.0 in stage 57.0 (TID 202) in 17 ms on 172.26.0.13 (executor 1) (5/6)
26/08/14 00:06:12 INFO TaskSetManager: Finished task 4.0 in stage 57.0 (TID 203) in 16 ms on 172.26.0.13 (executor 1) (6/6)
26/08/14 00:06:12 INFO TaskSchedulerImpl: Removed TaskSet 57.0, whose tasks have all completed, from pool 
26/08/14 00:06:12 INFO DAGScheduler: ShuffleMapStage 57 (count at <unknown>:0) finished in 0.045 s
26/08/14 00:06:12 INFO DAGScheduler: looking for newly runnable stages
26/08/14 00:06:12 INFO DAGScheduler: running: Set()
26/08/14 00:06:12 INFO DAGScheduler: waiting: Set(ResultStage 58)
26/08/14 00:06:12 INFO DAGScheduler: failed: Set()
26/08/14 00:06:12 INFO DAGScheduler: Submitting ResultStage 58 (MapPartitionsRDD[380] at count at <unknown>:0), which has no missing parents
26/08/14 00:06:12 INFO MemoryStore: Block broadcast_57 stored as values in memory (estimated size 12.5 KiB, free 191.1 MiB)
26/08/14 00:06:12 INFO MemoryStore: Block broadcast_57_piece0 stored as bytes in memory (estimated size 5.9 KiB, free 191.1 MiB)
26/08/14 00:06:12 INFO BlockManagerInfo: Added broadcast_57_piece0 in memory on spark-driver:35647 (size: 5.9 KiB, free: 191.2 MiB)
26/08/14 00:06:12 INFO SparkContext: Created broadcast 57 from broadcast at DAGScheduler.scala:1585
26/08/14 00:06:12 INFO DAGScheduler: Submitting 1 missing tasks from ResultStage 58 (MapPartitionsRDD[380] at count at <unknown>:0) (first 15 tasks are for partitions Vector(0))
26/08/14 00:06:12 INFO TaskSchedulerImpl: Adding task set 58.0 with 1 tasks resource profile 0
26/08/14 00:06:12 INFO TaskSetManager: Starting task 0.0 in stage 58.0 (TID 205) (172.26.0.13, executor 1, partition 0, NODE_LOCAL, 9003 bytes) 
26/08/14 00:06:12 INFO BlockManagerInfo: Added broadcast_57_piece0 in memory on 172.26.0.13:39169 (size: 5.9 KiB, free: 407.9 MiB)
26/08/14 00:06:12 INFO MapOutputTrackerMasterEndpoint: Asked to send map output locations for shuffle 26 to 172.26.0.13:44738
26/08/14 00:06:12 INFO TaskSetManager: Finished task 0.0 in stage 58.0 (TID 205) in 26 ms on 172.26.0.13 (executor 1) (1/1)
26/08/14 00:06:12 INFO TaskSchedulerImpl: Removed TaskSet 58.0, whose tasks have all completed, from pool 
26/08/14 00:06:12 INFO DAGScheduler: ResultStage 58 (count at <unknown>:0) finished in 0.031 s
26/08/14 00:06:12 INFO DAGScheduler: Job 31 is finished. Cancelling potential speculative or zombie tasks for this job
26/08/14 00:06:12 INFO TaskSchedulerImpl: Killing all running tasks in stage 58: Stage finished
26/08/14 00:06:12 INFO DAGScheduler: Job 31 finished: count at <unknown>:0, took 0.082780 s
26/08/14 00:06:12 INFO CodeGenerator: Code generated in 29.355334 ms
26/08/14 00:06:12 INFO DefaultCachedBatchSerializer: Predicate isnotnull(event_time#89-T120000ms) generates partition filter: ((event_time.count#18929 - event_time.nullCount#18928) > 0)
26/08/14 00:06:12 INFO DefaultCachedBatchSerializer: Predicate (event_time#89-T120000ms < 2026-08-14 00:03:58.549) generates partition filter: (event_time.lowerBound#18927 < 2026-08-14 00:03:58.549)
26/08/14 00:06:12 INFO SparkContext: Starting job: count at <unknown>:0
26/08/14 00:06:12 INFO DAGScheduler: Registering RDD 385 (count at <unknown>:0) as input to shuffle 27
26/08/14 00:06:12 INFO DAGScheduler: Got job 32 (count at <unknown>:0) with 1 output partitions
26/08/14 00:06:12 INFO DAGScheduler: Final stage: ResultStage 60 (count at <unknown>:0)
26/08/14 00:06:12 INFO DAGScheduler: Parents of final stage: List(ShuffleMapStage 59)
26/08/14 00:06:12 INFO DAGScheduler: Missing parents: List(ShuffleMapStage 59)
26/08/14 00:06:12 INFO DAGScheduler: Submitting ShuffleMapStage 59 (MapPartitionsRDD[385] at count at <unknown>:0), which has no missing parents
26/08/14 00:06:12 INFO MemoryStore: Block broadcast_58 stored as values in memory (estimated size 67.2 KiB, free 191.0 MiB)
26/08/14 00:06:12 INFO MemoryStore: Block broadcast_58_piece0 stored as bytes in memory (estimated size 25.6 KiB, free 191.0 MiB)
26/08/14 00:06:12 INFO BlockManagerInfo: Added broadcast_58_piece0 in memory on spark-driver:35647 (size: 25.6 KiB, free: 191.2 MiB)
26/08/14 00:06:12 INFO BlockManagerInfo: Removed broadcast_57_piece0 on spark-driver:35647 in memory (size: 5.9 KiB, free: 191.2 MiB)
26/08/14 00:06:12 INFO SparkContext: Created broadcast 58 from broadcast at DAGScheduler.scala:1585
26/08/14 00:06:12 INFO DAGScheduler: Submitting 6 missing tasks from ShuffleMapStage 59 (MapPartitionsRDD[385] at count at <unknown>:0) (first 15 tasks are for partitions Vector(0, 1, 2, 3, 4, 5))
26/08/14 00:06:12 INFO TaskSchedulerImpl: Adding task set 59.0 with 6 tasks resource profile 0
26/08/14 00:06:12 INFO TaskSetManager: Starting task 0.0 in stage 59.0 (TID 206) (172.26.0.13, executor 1, partition 0, PROCESS_LOCAL, 9921 bytes) 
26/08/14 00:06:12 INFO TaskSetManager: Starting task 1.0 in stage 59.0 (TID 207) (172.26.0.13, executor 1, partition 1, PROCESS_LOCAL, 9921 bytes) 
26/08/14 00:06:12 INFO TaskSetManager: Starting task 2.0 in stage 59.0 (TID 208) (172.26.0.13, executor 1, partition 2, PROCESS_LOCAL, 9921 bytes) 
26/08/14 00:06:12 INFO BlockManagerInfo: Removed broadcast_57_piece0 on 172.26.0.13:39169 in memory (size: 5.9 KiB, free: 407.9 MiB)
26/08/14 00:06:12 INFO BlockManagerInfo: Removed broadcast_56_piece0 on spark-driver:35647 in memory (size: 24.3 KiB, free: 191.2 MiB)
26/08/14 00:06:12 INFO BlockManagerInfo: Removed broadcast_56_piece0 on 172.26.0.13:39169 in memory (size: 24.3 KiB, free: 407.9 MiB)
26/08/14 00:06:12 INFO BlockManagerInfo: Added broadcast_58_piece0 in memory on 172.26.0.13:39169 (size: 25.6 KiB, free: 407.9 MiB)
26/08/14 00:06:12 INFO TaskSetManager: Starting task 3.0 in stage 59.0 (TID 209) (172.26.0.13, executor 1, partition 3, PROCESS_LOCAL, 9921 bytes) 
26/08/14 00:06:12 INFO TaskSetManager: Finished task 1.0 in stage 59.0 (TID 207) in 67 ms on 172.26.0.13 (executor 1) (1/6)
26/08/14 00:06:12 INFO TaskSetManager: Starting task 4.0 in stage 59.0 (TID 210) (172.26.0.13, executor 1, partition 4, PROCESS_LOCAL, 9921 bytes) 
26/08/14 00:06:12 INFO TaskSetManager: Finished task 2.0 in stage 59.0 (TID 208) in 68 ms on 172.26.0.13 (executor 1) (2/6)
26/08/14 00:06:12 INFO TaskSetManager: Starting task 5.0 in stage 59.0 (TID 211) (172.26.0.13, executor 1, partition 5, PROCESS_LOCAL, 9921 bytes) 
26/08/14 00:06:12 INFO TaskSetManager: Finished task 0.0 in stage 59.0 (TID 206) in 70 ms on 172.26.0.13 (executor 1) (3/6)
26/08/14 00:06:12 INFO TaskSetManager: Finished task 3.0 in stage 59.0 (TID 209) in 19 ms on 172.26.0.13 (executor 1) (4/6)
26/08/14 00:06:12 INFO TaskSetManager: Finished task 4.0 in stage 59.0 (TID 210) in 22 ms on 172.26.0.13 (executor 1) (5/6)
26/08/14 00:06:12 INFO TaskSetManager: Finished task 5.0 in stage 59.0 (TID 211) in 21 ms on 172.26.0.13 (executor 1) (6/6)
26/08/14 00:06:12 INFO TaskSchedulerImpl: Removed TaskSet 59.0, whose tasks have all completed, from pool 
26/08/14 00:06:12 INFO DAGScheduler: ShuffleMapStage 59 (count at <unknown>:0) finished in 0.134 s
26/08/14 00:06:12 INFO DAGScheduler: looking for newly runnable stages
26/08/14 00:06:12 INFO DAGScheduler: running: Set()
26/08/14 00:06:12 INFO DAGScheduler: waiting: Set(ResultStage 60)
26/08/14 00:06:12 INFO DAGScheduler: failed: Set()
26/08/14 00:06:12 INFO DAGScheduler: Submitting ResultStage 60 (MapPartitionsRDD[388] at count at <unknown>:0), which has no missing parents
26/08/14 00:06:12 INFO MemoryStore: Block broadcast_59 stored as values in memory (estimated size 12.5 KiB, free 191.1 MiB)
26/08/14 00:06:12 INFO MemoryStore: Block broadcast_59_piece0 stored as bytes in memory (estimated size 5.9 KiB, free 191.1 MiB)
26/08/14 00:06:12 INFO BlockManagerInfo: Added broadcast_59_piece0 in memory on spark-driver:35647 (size: 5.9 KiB, free: 191.2 MiB)
26/08/14 00:06:12 INFO SparkContext: Created broadcast 59 from broadcast at DAGScheduler.scala:1585
26/08/14 00:06:12 INFO DAGScheduler: Submitting 1 missing tasks from ResultStage 60 (MapPartitionsRDD[388] at count at <unknown>:0) (first 15 tasks are for partitions Vector(0))
26/08/14 00:06:12 INFO TaskSchedulerImpl: Adding task set 60.0 with 1 tasks resource profile 0
26/08/14 00:06:12 INFO TaskSetManager: Starting task 0.0 in stage 60.0 (TID 212) (172.26.0.13, executor 1, partition 0, NODE_LOCAL, 9003 bytes) 
26/08/14 00:06:12 INFO BlockManagerInfo: Added broadcast_59_piece0 in memory on 172.26.0.13:39169 (size: 5.9 KiB, free: 407.9 MiB)
26/08/14 00:06:12 INFO MapOutputTrackerMasterEndpoint: Asked to send map output locations for shuffle 27 to 172.26.0.13:44738
26/08/14 00:06:12 INFO TaskSetManager: Finished task 0.0 in stage 60.0 (TID 212) in 22 ms on 172.26.0.13 (executor 1) (1/1)
26/08/14 00:06:12 INFO TaskSchedulerImpl: Removed TaskSet 60.0, whose tasks have all completed, from pool 
26/08/14 00:06:12 INFO DAGScheduler: ResultStage 60 (count at <unknown>:0) finished in 0.029 s
26/08/14 00:06:12 INFO DAGScheduler: Job 32 is finished. Cancelling potential speculative or zombie tasks for this job
26/08/14 00:06:12 INFO TaskSchedulerImpl: Killing all running tasks in stage 60: Stage finished
26/08/14 00:06:12 INFO DAGScheduler: Job 32 finished: count at <unknown>:0, took 0.173074 s
26/08/14 00:06:12 INFO DefaultCachedBatchSerializer: Predicate isnotnull(kind#19486) generates partition filter: ((kind.count#19555 - kind.nullCount#19554) > 0)
26/08/14 00:06:12 INFO DefaultCachedBatchSerializer: Predicate (kind#19486 = stats) generates partition filter: ((kind.lowerBound#19553 <= stats) AND (stats <= kind.upperBound#19552))
26/08/14 00:06:12 INFO SparkContext: Starting job: call at /opt/spark/python/lib/py4j-0.10.9.7-src.zip/py4j/clientserver.py:617
26/08/14 00:06:12 INFO DAGScheduler: Got job 33 (call at /opt/spark/python/lib/py4j-0.10.9.7-src.zip/py4j/clientserver.py:617) with 6 output partitions
26/08/14 00:06:12 INFO DAGScheduler: Final stage: ResultStage 61 (call at /opt/spark/python/lib/py4j-0.10.9.7-src.zip/py4j/clientserver.py:617)
26/08/14 00:06:12 INFO DAGScheduler: Parents of final stage: List()
26/08/14 00:06:12 INFO DAGScheduler: Missing parents: List()
26/08/14 00:06:12 INFO DAGScheduler: Submitting ResultStage 61 (MapPartitionsRDD[407] at call at /opt/spark/python/lib/py4j-0.10.9.7-src.zip/py4j/clientserver.py:617), which has no missing parents
26/08/14 00:06:12 INFO MemoryStore: Block broadcast_60 stored as values in memory (estimated size 89.9 KiB, free 191.0 MiB)
26/08/14 00:06:12 INFO MemoryStore: Block broadcast_60_piece0 stored as bytes in memory (estimated size 34.0 KiB, free 191.0 MiB)
26/08/14 00:06:12 INFO BlockManagerInfo: Added broadcast_60_piece0 in memory on spark-driver:35647 (size: 34.0 KiB, free: 191.1 MiB)
26/08/14 00:06:12 INFO BlockManagerInfo: Removed broadcast_59_piece0 on spark-driver:35647 in memory (size: 5.9 KiB, free: 191.2 MiB)
26/08/14 00:06:12 INFO SparkContext: Created broadcast 60 from broadcast at DAGScheduler.scala:1585
26/08/14 00:06:12 INFO DAGScheduler: Submitting 6 missing tasks from ResultStage 61 (MapPartitionsRDD[407] at call at /opt/spark/python/lib/py4j-0.10.9.7-src.zip/py4j/clientserver.py:617) (first 15 tasks are for partitions Vector(0, 1, 2, 3, 4, 5))
26/08/14 00:06:12 INFO TaskSchedulerImpl: Adding task set 61.0 with 6 tasks resource profile 0
26/08/14 00:06:12 INFO TaskSetManager: Starting task 0.0 in stage 61.0 (TID 213) (172.26.0.13, executor 1, partition 0, PROCESS_LOCAL, 9932 bytes) 
26/08/14 00:06:12 INFO TaskSetManager: Starting task 1.0 in stage 61.0 (TID 214) (172.26.0.13, executor 1, partition 1, PROCESS_LOCAL, 9932 bytes) 
26/08/14 00:06:12 INFO TaskSetManager: Starting task 2.0 in stage 61.0 (TID 215) (172.26.0.13, executor 1, partition 2, PROCESS_LOCAL, 9932 bytes) 
26/08/14 00:06:12 INFO BlockManagerInfo: Removed broadcast_59_piece0 on 172.26.0.13:39169 in memory (size: 5.9 KiB, free: 407.9 MiB)
26/08/14 00:06:12 INFO BlockManagerInfo: Removed broadcast_58_piece0 on spark-driver:35647 in memory (size: 25.6 KiB, free: 191.2 MiB)
26/08/14 00:06:12 INFO BlockManagerInfo: Removed broadcast_58_piece0 on 172.26.0.13:39169 in memory (size: 25.6 KiB, free: 407.9 MiB)
26/08/14 00:06:12 INFO BlockManagerInfo: Added broadcast_60_piece0 in memory on 172.26.0.13:39169 (size: 34.0 KiB, free: 407.9 MiB)
26/08/14 00:06:16 INFO BlockManagerInfo: Added rdd_402_2 in memory on 172.26.0.13:39169 (size: 1808.0 B, free: 407.9 MiB)
26/08/14 00:06:16 INFO BlockManagerInfo: Added rdd_402_0 in memory on 172.26.0.13:39169 (size: 1808.0 B, free: 407.9 MiB)
26/08/14 00:06:16 INFO BlockManagerInfo: Added rdd_402_1 in memory on 172.26.0.13:39169 (size: 1808.0 B, free: 407.9 MiB)
26/08/14 00:06:16 INFO TaskSetManager: Starting task 3.0 in stage 61.0 (TID 216) (172.26.0.13, executor 1, partition 3, PROCESS_LOCAL, 9932 bytes) 
26/08/14 00:06:16 INFO TaskSetManager: Finished task 2.0 in stage 61.0 (TID 215) in 3409 ms on 172.26.0.13 (executor 1) (1/6)
26/08/14 00:06:16 INFO TaskSetManager: Starting task 4.0 in stage 61.0 (TID 217) (172.26.0.13, executor 1, partition 4, PROCESS_LOCAL, 9932 bytes) 
26/08/14 00:06:16 INFO TaskSetManager: Finished task 1.0 in stage 61.0 (TID 214) in 3412 ms on 172.26.0.13 (executor 1) (2/6)
26/08/14 00:06:16 INFO TaskSetManager: Starting task 5.0 in stage 61.0 (TID 218) (172.26.0.13, executor 1, partition 5, PROCESS_LOCAL, 9932 bytes) 
26/08/14 00:06:16 INFO TaskSetManager: Finished task 0.0 in stage 61.0 (TID 213) in 3414 ms on 172.26.0.13 (executor 1) (3/6)
26/08/14 00:06:19 INFO BlockManagerInfo: Added rdd_402_3 in memory on 172.26.0.13:39169 (size: 1808.0 B, free: 407.9 MiB)
26/08/14 00:06:19 INFO BlockManagerInfo: Added rdd_402_4 in memory on 172.26.0.13:39169 (size: 1808.0 B, free: 407.9 MiB)
26/08/14 00:06:19 INFO BlockManagerInfo: Added rdd_402_5 in memory on 172.26.0.13:39169 (size: 1808.0 B, free: 407.9 MiB)
26/08/14 00:06:20 INFO TaskSetManager: Finished task 3.0 in stage 61.0 (TID 216) in 3800 ms on 172.26.0.13 (executor 1) (4/6)
26/08/14 00:06:20 INFO TaskSetManager: Finished task 4.0 in stage 61.0 (TID 217) in 3796 ms on 172.26.0.13 (executor 1) (5/6)
26/08/14 00:06:20 INFO TaskSetManager: Finished task 5.0 in stage 61.0 (TID 218) in 3793 ms on 172.26.0.13 (executor 1) (6/6)
26/08/14 00:06:20 INFO TaskSchedulerImpl: Removed TaskSet 61.0, whose tasks have all completed, from pool 
26/08/14 00:06:20 INFO DAGScheduler: ResultStage 61 (call at /opt/spark/python/lib/py4j-0.10.9.7-src.zip/py4j/clientserver.py:617) finished in 7.227 s
26/08/14 00:06:20 INFO DAGScheduler: Job 33 is finished. Cancelling potential speculative or zombie tasks for this job
26/08/14 00:06:20 INFO TaskSchedulerImpl: Killing all running tasks in stage 61: Stage finished
26/08/14 00:06:20 INFO DAGScheduler: Job 33 finished: call at /opt/spark/python/lib/py4j-0.10.9.7-src.zip/py4j/clientserver.py:617, took 7.233743 s
26/08/14 00:06:20 INFO DefaultCachedBatchSerializer: Predicate isnotnull(kind#19486) generates partition filter: ((kind.count#19638 - kind.nullCount#19637) > 0)
26/08/14 00:06:20 INFO DefaultCachedBatchSerializer: Predicate (kind#19486 = dlq) generates partition filter: ((kind.lowerBound#19636 <= dlq) AND (dlq <= kind.upperBound#19635))
26/08/14 00:06:20 INFO SparkContext: Starting job: count at <unknown>:0
26/08/14 00:06:20 INFO DAGScheduler: Registering RDD 412 (count at <unknown>:0) as input to shuffle 28
26/08/14 00:06:20 INFO DAGScheduler: Got job 34 (count at <unknown>:0) with 1 output partitions
26/08/14 00:06:20 INFO DAGScheduler: Final stage: ResultStage 63 (count at <unknown>:0)
26/08/14 00:06:20 INFO DAGScheduler: Parents of final stage: List(ShuffleMapStage 62)
26/08/14 00:06:20 INFO DAGScheduler: Missing parents: List(ShuffleMapStage 62)
26/08/14 00:06:20 INFO DAGScheduler: Submitting ShuffleMapStage 62 (MapPartitionsRDD[412] at count at <unknown>:0), which has no missing parents
26/08/14 00:06:20 INFO MemoryStore: Block broadcast_61 stored as values in memory (estimated size 92.2 KiB, free 191.0 MiB)
26/08/14 00:06:20 INFO MemoryStore: Block broadcast_61_piece0 stored as bytes in memory (estimated size 35.3 KiB, free 191.0 MiB)
26/08/14 00:06:20 INFO BlockManagerInfo: Added broadcast_61_piece0 in memory on spark-driver:35647 (size: 35.3 KiB, free: 191.1 MiB)
26/08/14 00:06:20 INFO SparkContext: Created broadcast 61 from broadcast at DAGScheduler.scala:1585
26/08/14 00:06:20 INFO DAGScheduler: Submitting 6 missing tasks from ShuffleMapStage 62 (MapPartitionsRDD[412] at count at <unknown>:0) (first 15 tasks are for partitions Vector(0, 1, 2, 3, 4, 5))
26/08/14 00:06:20 INFO TaskSchedulerImpl: Adding task set 62.0 with 6 tasks resource profile 0
26/08/14 00:06:20 INFO TaskSetManager: Starting task 0.0 in stage 62.0 (TID 219) (172.26.0.13, executor 1, partition 0, PROCESS_LOCAL, 9921 bytes) 
26/08/14 00:06:20 INFO TaskSetManager: Starting task 1.0 in stage 62.0 (TID 220) (172.26.0.13, executor 1, partition 1, PROCESS_LOCAL, 9921 bytes) 
26/08/14 00:06:20 INFO TaskSetManager: Starting task 2.0 in stage 62.0 (TID 221) (172.26.0.13, executor 1, partition 2, PROCESS_LOCAL, 9921 bytes) 
26/08/14 00:06:20 INFO BlockManagerInfo: Added broadcast_61_piece0 in memory on 172.26.0.13:39169 (size: 35.3 KiB, free: 407.8 MiB)
26/08/14 00:06:20 INFO TaskSetManager: Starting task 3.0 in stage 62.0 (TID 222) (172.26.0.13, executor 1, partition 3, PROCESS_LOCAL, 9921 bytes) 
26/08/14 00:06:20 INFO TaskSetManager: Finished task 0.0 in stage 62.0 (TID 219) in 121 ms on 172.26.0.13 (executor 1) (1/6)
26/08/14 00:06:20 INFO TaskSetManager: Starting task 4.0 in stage 62.0 (TID 223) (172.26.0.13, executor 1, partition 4, PROCESS_LOCAL, 9921 bytes) 
26/08/14 00:06:20 INFO TaskSetManager: Starting task 5.0 in stage 62.0 (TID 224) (172.26.0.13, executor 1, partition 5, PROCESS_LOCAL, 9921 bytes) 
26/08/14 00:06:20 INFO TaskSetManager: Finished task 2.0 in stage 62.0 (TID 221) in 126 ms on 172.26.0.13 (executor 1) (2/6)
26/08/14 00:06:20 INFO TaskSetManager: Finished task 1.0 in stage 62.0 (TID 220) in 127 ms on 172.26.0.13 (executor 1) (3/6)
26/08/14 00:06:20 INFO TaskSetManager: Finished task 3.0 in stage 62.0 (TID 222) in 55 ms on 172.26.0.13 (executor 1) (4/6)
26/08/14 00:06:20 INFO TaskSetManager: Finished task 4.0 in stage 62.0 (TID 223) in 66 ms on 172.26.0.13 (executor 1) (5/6)
26/08/14 00:06:20 INFO TaskSetManager: Finished task 5.0 in stage 62.0 (TID 224) in 73 ms on 172.26.0.13 (executor 1) (6/6)
26/08/14 00:06:20 INFO TaskSchedulerImpl: Removed TaskSet 62.0, whose tasks have all completed, from pool 
26/08/14 00:06:20 INFO DAGScheduler: ShuffleMapStage 62 (count at <unknown>:0) finished in 0.230 s
26/08/14 00:06:20 INFO DAGScheduler: looking for newly runnable stages
26/08/14 00:06:20 INFO DAGScheduler: running: Set()
26/08/14 00:06:20 INFO DAGScheduler: waiting: Set(ResultStage 63)
26/08/14 00:06:20 INFO DAGScheduler: failed: Set()
26/08/14 00:06:20 INFO DAGScheduler: Submitting ResultStage 63 (MapPartitionsRDD[415] at count at <unknown>:0), which has no missing parents
26/08/14 00:06:20 INFO MemoryStore: Block broadcast_62 stored as values in memory (estimated size 12.5 KiB, free 191.0 MiB)
26/08/14 00:06:20 INFO MemoryStore: Block broadcast_62_piece0 stored as bytes in memory (estimated size 5.9 KiB, free 190.9 MiB)
26/08/14 00:06:20 INFO BlockManagerInfo: Added broadcast_62_piece0 in memory on spark-driver:35647 (size: 5.9 KiB, free: 191.1 MiB)
26/08/14 00:06:20 INFO SparkContext: Created broadcast 62 from broadcast at DAGScheduler.scala:1585
26/08/14 00:06:20 INFO DAGScheduler: Submitting 1 missing tasks from ResultStage 63 (MapPartitionsRDD[415] at count at <unknown>:0) (first 15 tasks are for partitions Vector(0))
26/08/14 00:06:20 INFO TaskSchedulerImpl: Adding task set 63.0 with 1 tasks resource profile 0
26/08/14 00:06:20 INFO TaskSetManager: Starting task 0.0 in stage 63.0 (TID 225) (172.26.0.13, executor 1, partition 0, NODE_LOCAL, 9003 bytes) 
26/08/14 00:06:20 INFO BlockManagerInfo: Added broadcast_62_piece0 in memory on 172.26.0.13:39169 (size: 5.9 KiB, free: 407.8 MiB)
26/08/14 00:06:20 INFO MapOutputTrackerMasterEndpoint: Asked to send map output locations for shuffle 28 to 172.26.0.13:44738
26/08/14 00:06:20 INFO TaskSetManager: Finished task 0.0 in stage 63.0 (TID 225) in 38 ms on 172.26.0.13 (executor 1) (1/1)
26/08/14 00:06:20 INFO TaskSchedulerImpl: Removed TaskSet 63.0, whose tasks have all completed, from pool 
26/08/14 00:06:20 INFO DAGScheduler: ResultStage 63 (count at <unknown>:0) finished in 0.057 s
26/08/14 00:06:20 INFO DAGScheduler: Job 34 is finished. Cancelling potential speculative or zombie tasks for this job
26/08/14 00:06:20 INFO TaskSchedulerImpl: Killing all running tasks in stage 63: Stage finished
26/08/14 00:06:20 INFO DAGScheduler: Job 34 finished: count at <unknown>:0, took 0.306533 s
26/08/14 00:06:20 INFO MapPartitionsRDD: Removing RDD 402 from persistence list
26/08/14 00:06:20 INFO BlockManager: Removing RDD 402
26/08/14 00:06:20 INFO BlockManagerInfo: Removed broadcast_60_piece0 on spark-driver:35647 in memory (size: 34.0 KiB, free: 191.2 MiB)
26/08/14 00:06:20 INFO BlockManagerInfo: Removed broadcast_60_piece0 on 172.26.0.13:39169 in memory (size: 34.0 KiB, free: 407.9 MiB)
26/08/14 00:06:20 INFO BlockManagerInfo: Removed broadcast_61_piece0 on spark-driver:35647 in memory (size: 35.3 KiB, free: 191.2 MiB)
26/08/14 00:06:20 INFO BlockManagerInfo: Removed broadcast_61_piece0 on 172.26.0.13:39169 in memory (size: 35.3 KiB, free: 407.9 MiB)
26/08/14 00:06:20 INFO BlockManagerInfo: Removed broadcast_62_piece0 on spark-driver:35647 in memory (size: 5.9 KiB, free: 191.2 MiB)
26/08/14 00:06:20 INFO BlockManagerInfo: Removed broadcast_62_piece0 on 172.26.0.13:39169 in memory (size: 5.9 KiB, free: 407.9 MiB)
26/08/14 00:06:20 INFO SparkContext: Starting job: call at /opt/spark/python/lib/py4j-0.10.9.7-src.zip/py4j/clientserver.py:617
26/08/14 00:06:20 INFO DAGScheduler: Registering RDD 420 (call at /opt/spark/python/lib/py4j-0.10.9.7-src.zip/py4j/clientserver.py:617) as input to shuffle 29
26/08/14 00:06:20 INFO DAGScheduler: Got job 35 (call at /opt/spark/python/lib/py4j-0.10.9.7-src.zip/py4j/clientserver.py:617) with 1 output partitions
26/08/14 00:06:20 INFO DAGScheduler: Final stage: ResultStage 65 (call at /opt/spark/python/lib/py4j-0.10.9.7-src.zip/py4j/clientserver.py:617)
26/08/14 00:06:20 INFO DAGScheduler: Parents of final stage: List(ShuffleMapStage 64)
26/08/14 00:06:20 INFO DAGScheduler: Missing parents: List(ShuffleMapStage 64)
26/08/14 00:06:20 INFO DAGScheduler: Submitting ShuffleMapStage 64 (MapPartitionsRDD[420] at call at /opt/spark/python/lib/py4j-0.10.9.7-src.zip/py4j/clientserver.py:617), which has no missing parents
26/08/14 00:06:20 INFO MemoryStore: Block broadcast_63 stored as values in memory (estimated size 66.1 KiB, free 191.1 MiB)
26/08/14 00:06:20 INFO MemoryStore: Block broadcast_63_piece0 stored as bytes in memory (estimated size 24.8 KiB, free 191.1 MiB)
26/08/14 00:06:20 INFO BlockManagerInfo: Added broadcast_63_piece0 in memory on spark-driver:35647 (size: 24.8 KiB, free: 191.2 MiB)
26/08/14 00:06:20 INFO SparkContext: Created broadcast 63 from broadcast at DAGScheduler.scala:1585
26/08/14 00:06:20 INFO DAGScheduler: Submitting 6 missing tasks from ShuffleMapStage 64 (MapPartitionsRDD[420] at call at /opt/spark/python/lib/py4j-0.10.9.7-src.zip/py4j/clientserver.py:617) (first 15 tasks are for partitions Vector(0, 1, 2, 3, 4, 5))
26/08/14 00:06:20 INFO TaskSchedulerImpl: Adding task set 64.0 with 6 tasks resource profile 0
26/08/14 00:06:20 INFO TaskSetManager: Starting task 0.0 in stage 64.0 (TID 226) (172.26.0.13, executor 1, partition 0, PROCESS_LOCAL, 9921 bytes) 
26/08/14 00:06:20 INFO TaskSetManager: Starting task 1.0 in stage 64.0 (TID 227) (172.26.0.13, executor 1, partition 1, PROCESS_LOCAL, 9921 bytes) 
26/08/14 00:06:20 INFO TaskSetManager: Starting task 2.0 in stage 64.0 (TID 228) (172.26.0.13, executor 1, partition 2, PROCESS_LOCAL, 9921 bytes) 
26/08/14 00:06:20 INFO BlockManagerInfo: Added broadcast_63_piece0 in memory on 172.26.0.13:39169 (size: 24.8 KiB, free: 407.9 MiB)
26/08/14 00:06:20 INFO TaskSetManager: Starting task 3.0 in stage 64.0 (TID 229) (172.26.0.13, executor 1, partition 3, PROCESS_LOCAL, 9921 bytes) 
26/08/14 00:06:20 INFO TaskSetManager: Finished task 0.0 in stage 64.0 (TID 226) in 55 ms on 172.26.0.13 (executor 1) (1/6)
26/08/14 00:06:20 INFO TaskSetManager: Starting task 4.0 in stage 64.0 (TID 230) (172.26.0.13, executor 1, partition 4, PROCESS_LOCAL, 9921 bytes) 
26/08/14 00:06:20 INFO TaskSetManager: Starting task 5.0 in stage 64.0 (TID 231) (172.26.0.13, executor 1, partition 5, PROCESS_LOCAL, 9921 bytes) 
26/08/14 00:06:20 INFO TaskSetManager: Finished task 2.0 in stage 64.0 (TID 228) in 58 ms on 172.26.0.13 (executor 1) (2/6)
26/08/14 00:06:20 INFO TaskSetManager: Finished task 1.0 in stage 64.0 (TID 227) in 60 ms on 172.26.0.13 (executor 1) (3/6)
26/08/14 00:06:20 INFO TaskSetManager: Finished task 5.0 in stage 64.0 (TID 231) in 20 ms on 172.26.0.13 (executor 1) (4/6)
26/08/14 00:06:20 INFO TaskSetManager: Finished task 3.0 in stage 64.0 (TID 229) in 24 ms on 172.26.0.13 (executor 1) (5/6)
26/08/14 00:06:20 INFO TaskSetManager: Finished task 4.0 in stage 64.0 (TID 230) in 24 ms on 172.26.0.13 (executor 1) (6/6)
26/08/14 00:06:20 INFO TaskSchedulerImpl: Removed TaskSet 64.0, whose tasks have all completed, from pool 
26/08/14 00:06:20 INFO DAGScheduler: ShuffleMapStage 64 (call at /opt/spark/python/lib/py4j-0.10.9.7-src.zip/py4j/clientserver.py:617) finished in 0.089 s
26/08/14 00:06:20 INFO DAGScheduler: looking for newly runnable stages
26/08/14 00:06:20 INFO DAGScheduler: running: Set()
26/08/14 00:06:20 INFO DAGScheduler: waiting: Set(ResultStage 65)
26/08/14 00:06:20 INFO DAGScheduler: failed: Set()
26/08/14 00:06:20 INFO DAGScheduler: Submitting ResultStage 65 (MapPartitionsRDD[423] at call at /opt/spark/python/lib/py4j-0.10.9.7-src.zip/py4j/clientserver.py:617), which has no missing parents
26/08/14 00:06:20 INFO MemoryStore: Block broadcast_64 stored as values in memory (estimated size 13.1 KiB, free 191.1 MiB)
26/08/14 00:06:20 INFO MemoryStore: Block broadcast_64_piece0 stored as bytes in memory (estimated size 6.1 KiB, free 191.1 MiB)
26/08/14 00:06:20 INFO BlockManagerInfo: Added broadcast_64_piece0 in memory on spark-driver:35647 (size: 6.1 KiB, free: 191.2 MiB)
26/08/14 00:06:20 INFO SparkContext: Created broadcast 64 from broadcast at DAGScheduler.scala:1585
26/08/14 00:06:20 INFO DAGScheduler: Submitting 1 missing tasks from ResultStage 65 (MapPartitionsRDD[423] at call at /opt/spark/python/lib/py4j-0.10.9.7-src.zip/py4j/clientserver.py:617) (first 15 tasks are for partitions Vector(0))
26/08/14 00:06:20 INFO TaskSchedulerImpl: Adding task set 65.0 with 1 tasks resource profile 0
26/08/14 00:06:20 INFO TaskSetManager: Starting task 0.0 in stage 65.0 (TID 232) (172.26.0.13, executor 1, partition 0, NODE_LOCAL, 9003 bytes) 
26/08/14 00:06:20 INFO BlockManagerInfo: Added broadcast_64_piece0 in memory on 172.26.0.13:39169 (size: 6.1 KiB, free: 407.9 MiB)
26/08/14 00:06:20 INFO MapOutputTrackerMasterEndpoint: Asked to send map output locations for shuffle 29 to 172.26.0.13:44738
26/08/14 00:06:20 INFO TaskSetManager: Finished task 0.0 in stage 65.0 (TID 232) in 32 ms on 172.26.0.13 (executor 1) (1/1)
26/08/14 00:06:20 INFO TaskSchedulerImpl: Removed TaskSet 65.0, whose tasks have all completed, from pool 
26/08/14 00:06:20 INFO DAGScheduler: ResultStage 65 (call at /opt/spark/python/lib/py4j-0.10.9.7-src.zip/py4j/clientserver.py:617) finished in 0.037 s
26/08/14 00:06:20 INFO DAGScheduler: Job 35 is finished. Cancelling potential speculative or zombie tasks for this job
26/08/14 00:06:20 INFO TaskSchedulerImpl: Killing all running tasks in stage 65: Stage finished
26/08/14 00:06:20 INFO DAGScheduler: Job 35 finished: call at /opt/spark/python/lib/py4j-0.10.9.7-src.zip/py4j/clientserver.py:617, took 0.136371 s
26/08/14 00:06:20 INFO MapPartitionsRDD: Removing RDD 364 from persistence list
26/08/14 00:06:20 INFO BlockManager: Removing RDD 364
26/08/14 00:06:20 INFO WatermarkTracker: Updating event-time watermark from 1786665838549 to 1786665851077 ms
26/08/14 00:06:20 INFO CheckpointFileManager: Writing atomically to file:/opt/checkpoints/trips/commits/6 using temp file file:/opt/checkpoints/trips/commits/.6.57b865aa-9f61-426a-bf64-250351c1aea9.tmp
26/08/14 00:06:20 INFO CheckpointFileManager: Renamed temp file file:/opt/checkpoints/trips/commits/.6.57b865aa-9f61-426a-bf64-250351c1aea9.tmp to file:/opt/checkpoints/trips/commits/6
26/08/14 00:06:20 INFO MicroBatchExecution: Streaming query made progress: {
  "id" : "5809875d-4e3d-4fb3-8383-949c002374c9",
  "runId" : "d3ba1340-2011-4780-b92f-e7e48f2e3457",
  "name" : "trips-ingest-chaos_kill_executor_1",
  "timestamp" : "2026-08-14T00:06:11.130Z",
  "batchId" : 6,
  "numInputRows" : 10024,
  "inputRowsPerSecond" : 800.5111004631848,
  "processedRowsPerSecond" : 1018.595671171629,
  "durationMs" : {
    "addBatch" : 9619,
    "commitOffsets" : 84,
    "getBatch" : 0,
    "latestOffset" : 32,
    "queryPlanning" : 45,
    "triggerExecution" : 9841,
    "walCommit" : 53
  },
  "eventTime" : {
    "avg" : "2026-08-14T00:06:03.376Z",
    "max" : "2026-08-14T00:06:11.077Z",
    "min" : "2026-08-14T00:05:55.802Z",
    "watermark" : "2026-08-14T00:03:58.549Z"
  },
  "stateOperators" : [ ],
  "sources" : [ {
    "description" : "KafkaV2[Subscribe[trips.raw]]",
    "startOffset" : {
      "trips.raw" : {
        "2" : 207409,
        "5" : 206148,
        "4" : 207243,
        "1" : 207112,
        "3" : 206978,
        "0" : 206833
      }
    },
    "endOffset" : {
      "trips.raw" : {
        "2" : 209066,
        "5" : 207842,
        "4" : 208913,
        "1" : 208736,
        "3" : 208663,
        "0" : 208527
      }
    },
    "latestOffset" : {
      "trips.raw" : {
        "2" : 209066,
        "5" : 207842,
        "4" : 208913,
        "1" : 208736,
        "3" : 208663,
        "0" : 208527
      }
    },
    "numInputRows" : 10024,
    "inputRowsPerSecond" : 800.5111004631848,
    "processedRowsPerSecond" : 1018.595671171629,
    "metrics" : {
      "avgOffsetsBehindLatest" : "0.0",
      "maxOffsetsBehindLatest" : "0",
      "minOffsetsBehindLatest" : "0"
    }
  } ],
  "sink" : {
    "description" : "ForeachBatchSink",
    "numOutputRows" : -1
  }
}
26/08/14 00:06:21 INFO CheckpointFileManager: Writing atomically to file:/opt/checkpoints/trips/offsets/7 using temp file file:/opt/checkpoints/trips/offsets/.7.a99bbf3b-8f86-4f1d-b2e5-898d025eb559.tmp
26/08/14 00:06:21 INFO CheckpointFileManager: Renamed temp file file:/opt/checkpoints/trips/offsets/.7.a99bbf3b-8f86-4f1d-b2e5-898d025eb559.tmp to file:/opt/checkpoints/trips/offsets/7
26/08/14 00:06:21 INFO MicroBatchExecution: Committed offsets for batch 7. Metadata OffsetSeqMetadata(1786665851077,1786665981004,Map(spark.sql.streaming.stateStore.providerClass -> org.apache.spark.sql.execution.streaming.state.HDFSBackedStateStoreProvider, spark.sql.streaming.join.stateFormatVersion -> 2, spark.sql.streaming.stateStore.compression.codec -> lz4, spark.sql.streaming.stateStore.rocksdb.formatVersion -> 5, spark.sql.streaming.statefulOperator.useStrictDistribution -> true, spark.sql.streaming.flatMapGroupsWithState.stateFormatVersion -> 2, spark.sql.streaming.multipleWatermarkPolicy -> min, spark.sql.streaming.aggregation.stateFormatVersion -> 2, spark.sql.shuffle.partitions -> 6))
26/08/14 00:06:21 INFO KafkaOffsetReaderAdmin: Partitions added: Map()
26/08/14 00:06:21 INFO KafkaOffsetReaderAdmin: Partitions added: Map()
26/08/14 00:06:21 INFO KafkaOffsetReaderAdmin: Partitions added: Map()
26/08/14 00:06:21 INFO KafkaOffsetReaderAdmin: Partitions added: Map()
26/08/14 00:06:21 INFO BlockManagerInfo: Removed broadcast_63_piece0 on spark-driver:35647 in memory (size: 24.8 KiB, free: 191.2 MiB)
26/08/14 00:06:21 INFO BlockManagerInfo: Removed broadcast_63_piece0 on 172.26.0.13:39169 in memory (size: 24.8 KiB, free: 413.9 MiB)
26/08/14 00:06:21 INFO BlockManagerInfo: Removed broadcast_64_piece0 on spark-driver:35647 in memory (size: 6.1 KiB, free: 191.2 MiB)
26/08/14 00:06:21 INFO BlockManagerInfo: Removed broadcast_64_piece0 on 172.26.0.13:39169 in memory (size: 6.1 KiB, free: 413.9 MiB)
2026-08-14 00:06:21,129 INFO  [stream] Received command c on object id p0
26/08/14 00:06:21 INFO SparkContext: Starting job: count at <unknown>:0
26/08/14 00:06:21 INFO DAGScheduler: Registering RDD 438 (count at <unknown>:0) as input to shuffle 30
26/08/14 00:06:21 INFO DAGScheduler: Got job 36 (count at <unknown>:0) with 1 output partitions
26/08/14 00:06:21 INFO DAGScheduler: Final stage: ResultStage 67 (count at <unknown>:0)
26/08/14 00:06:21 INFO DAGScheduler: Parents of final stage: List(ShuffleMapStage 66)
26/08/14 00:06:21 INFO DAGScheduler: Missing parents: List(ShuffleMapStage 66)
26/08/14 00:06:21 INFO DAGScheduler: Submitting ShuffleMapStage 66 (MapPartitionsRDD[438] at count at <unknown>:0), which has no missing parents
26/08/14 00:06:21 INFO MemoryStore: Block broadcast_65 stored as values in memory (estimated size 64.5 KiB, free 191.1 MiB)
26/08/14 00:06:21 INFO MemoryStore: Block broadcast_65_piece0 stored as bytes in memory (estimated size 24.1 KiB, free 191.1 MiB)
26/08/14 00:06:21 INFO BlockManagerInfo: Added broadcast_65_piece0 in memory on spark-driver:35647 (size: 24.1 KiB, free: 191.2 MiB)
26/08/14 00:06:21 INFO SparkContext: Created broadcast 65 from broadcast at DAGScheduler.scala:1585
26/08/14 00:06:21 INFO DAGScheduler: Submitting 6 missing tasks from ShuffleMapStage 66 (MapPartitionsRDD[438] at count at <unknown>:0) (first 15 tasks are for partitions Vector(0, 1, 2, 3, 4, 5))
26/08/14 00:06:21 INFO TaskSchedulerImpl: Adding task set 66.0 with 6 tasks resource profile 0
26/08/14 00:06:21 INFO TaskSetManager: Starting task 0.0 in stage 66.0 (TID 233) (172.26.0.13, executor 1, partition 0, PROCESS_LOCAL, 9921 bytes) 
26/08/14 00:06:21 INFO TaskSetManager: Starting task 1.0 in stage 66.0 (TID 234) (172.26.0.13, executor 1, partition 1, PROCESS_LOCAL, 9921 bytes) 
26/08/14 00:06:21 INFO TaskSetManager: Starting task 2.0 in stage 66.0 (TID 235) (172.26.0.13, executor 1, partition 2, PROCESS_LOCAL, 9921 bytes) 
26/08/14 00:06:21 INFO BlockManagerInfo: Added broadcast_65_piece0 in memory on 172.26.0.13:39169 (size: 24.1 KiB, free: 413.9 MiB)
26/08/14 00:06:21 INFO BlockManagerInfo: Added rdd_433_0 in memory on 172.26.0.13:39169 (size: 780.3 KiB, free: 413.1 MiB)
26/08/14 00:06:21 INFO BlockManagerInfo: Added rdd_433_2 in memory on 172.26.0.13:39169 (size: 805.0 KiB, free: 412.4 MiB)
26/08/14 00:06:21 INFO BlockManagerInfo: Added rdd_433_1 in memory on 172.26.0.13:39169 (size: 771.8 KiB, free: 411.6 MiB)
26/08/14 00:06:21 INFO TaskSetManager: Starting task 3.0 in stage 66.0 (TID 236) (172.26.0.13, executor 1, partition 3, PROCESS_LOCAL, 9921 bytes) 
26/08/14 00:06:21 INFO TaskSetManager: Finished task 1.0 in stage 66.0 (TID 234) in 220 ms on 172.26.0.13 (executor 1) (1/6)
26/08/14 00:06:21 INFO TaskSetManager: Starting task 4.0 in stage 66.0 (TID 237) (172.26.0.13, executor 1, partition 4, PROCESS_LOCAL, 9921 bytes) 
26/08/14 00:06:21 INFO TaskSetManager: Finished task 0.0 in stage 66.0 (TID 233) in 221 ms on 172.26.0.13 (executor 1) (2/6)
26/08/14 00:06:21 INFO TaskSetManager: Starting task 5.0 in stage 66.0 (TID 238) (172.26.0.13, executor 1, partition 5, PROCESS_LOCAL, 9921 bytes) 
26/08/14 00:06:21 INFO TaskSetManager: Finished task 2.0 in stage 66.0 (TID 235) in 221 ms on 172.26.0.13 (executor 1) (3/6)
26/08/14 00:06:21 INFO BlockManagerInfo: Added rdd_433_3 in memory on 172.26.0.13:39169 (size: 806.1 KiB, free: 410.8 MiB)
26/08/14 00:06:21 INFO BlockManagerInfo: Added rdd_433_5 in memory on 172.26.0.13:39169 (size: 822.8 KiB, free: 410.0 MiB)
26/08/14 00:06:21 INFO BlockManagerInfo: Added rdd_433_4 in memory on 172.26.0.13:39169 (size: 854.2 KiB, free: 409.2 MiB)
26/08/14 00:06:21 INFO TaskSetManager: Finished task 3.0 in stage 66.0 (TID 236) in 143 ms on 172.26.0.13 (executor 1) (4/6)
26/08/14 00:06:21 INFO TaskSetManager: Finished task 5.0 in stage 66.0 (TID 238) in 141 ms on 172.26.0.13 (executor 1) (5/6)
26/08/14 00:06:21 INFO TaskSetManager: Finished task 4.0 in stage 66.0 (TID 237) in 145 ms on 172.26.0.13 (executor 1) (6/6)
26/08/14 00:06:21 INFO TaskSchedulerImpl: Removed TaskSet 66.0, whose tasks have all completed, from pool 
26/08/14 00:06:21 INFO DAGScheduler: ShuffleMapStage 66 (count at <unknown>:0) finished in 0.375 s
26/08/14 00:06:21 INFO DAGScheduler: looking for newly runnable stages
26/08/14 00:06:21 INFO DAGScheduler: running: Set()
26/08/14 00:06:21 INFO DAGScheduler: waiting: Set(ResultStage 67)
26/08/14 00:06:21 INFO DAGScheduler: failed: Set()
26/08/14 00:06:21 INFO DAGScheduler: Submitting ResultStage 67 (MapPartitionsRDD[441] at count at <unknown>:0), which has no missing parents
26/08/14 00:06:21 INFO MemoryStore: Block broadcast_66 stored as values in memory (estimated size 12.5 KiB, free 191.1 MiB)
26/08/14 00:06:21 INFO MemoryStore: Block broadcast_66_piece0 stored as bytes in memory (estimated size 5.9 KiB, free 191.1 MiB)
26/08/14 00:06:21 INFO BlockManagerInfo: Added broadcast_66_piece0 in memory on spark-driver:35647 (size: 5.9 KiB, free: 191.2 MiB)
26/08/14 00:06:21 INFO SparkContext: Created broadcast 66 from broadcast at DAGScheduler.scala:1585
26/08/14 00:06:21 INFO DAGScheduler: Submitting 1 missing tasks from ResultStage 67 (MapPartitionsRDD[441] at count at <unknown>:0) (first 15 tasks are for partitions Vector(0))
26/08/14 00:06:21 INFO TaskSchedulerImpl: Adding task set 67.0 with 1 tasks resource profile 0
26/08/14 00:06:21 INFO TaskSetManager: Starting task 0.0 in stage 67.0 (TID 239) (172.26.0.13, executor 1, partition 0, NODE_LOCAL, 9003 bytes) 
26/08/14 00:06:21 INFO BlockManagerInfo: Added broadcast_66_piece0 in memory on 172.26.0.13:39169 (size: 5.9 KiB, free: 409.2 MiB)
26/08/14 00:06:21 INFO MapOutputTrackerMasterEndpoint: Asked to send map output locations for shuffle 30 to 172.26.0.13:44738
26/08/14 00:06:21 INFO TaskSetManager: Finished task 0.0 in stage 67.0 (TID 239) in 16 ms on 172.26.0.13 (executor 1) (1/1)
26/08/14 00:06:21 INFO TaskSchedulerImpl: Removed TaskSet 67.0, whose tasks have all completed, from pool 
26/08/14 00:06:21 INFO DAGScheduler: ResultStage 67 (count at <unknown>:0) finished in 0.022 s
26/08/14 00:06:21 INFO DAGScheduler: Job 36 is finished. Cancelling potential speculative or zombie tasks for this job
26/08/14 00:06:21 INFO TaskSchedulerImpl: Killing all running tasks in stage 67: Stage finished
26/08/14 00:06:21 INFO DAGScheduler: Job 36 finished: count at <unknown>:0, took 0.403262 s
26/08/14 00:06:21 INFO BlockManagerInfo: Removed broadcast_66_piece0 on spark-driver:35647 in memory (size: 5.9 KiB, free: 191.2 MiB)
26/08/14 00:06:21 INFO BlockManagerInfo: Removed broadcast_66_piece0 on 172.26.0.13:39169 in memory (size: 5.9 KiB, free: 409.2 MiB)
26/08/14 00:06:21 INFO BlockManagerInfo: Removed broadcast_65_piece0 on spark-driver:35647 in memory (size: 24.1 KiB, free: 191.2 MiB)
26/08/14 00:06:21 INFO BlockManagerInfo: Removed broadcast_65_piece0 on 172.26.0.13:39169 in memory (size: 24.1 KiB, free: 409.2 MiB)
26/08/14 00:06:21 INFO SparkContext: Starting job: count at <unknown>:0
26/08/14 00:06:21 INFO DAGScheduler: Registering RDD 446 (count at <unknown>:0) as input to shuffle 31
26/08/14 00:06:21 INFO DAGScheduler: Got job 37 (count at <unknown>:0) with 1 output partitions
26/08/14 00:06:21 INFO DAGScheduler: Final stage: ResultStage 69 (count at <unknown>:0)
26/08/14 00:06:21 INFO DAGScheduler: Parents of final stage: List(ShuffleMapStage 68)
26/08/14 00:06:21 INFO DAGScheduler: Missing parents: List(ShuffleMapStage 68)
26/08/14 00:06:21 INFO DAGScheduler: Submitting ShuffleMapStage 68 (MapPartitionsRDD[446] at count at <unknown>:0), which has no missing parents
26/08/14 00:06:21 INFO MemoryStore: Block broadcast_67 stored as values in memory (estimated size 64.9 KiB, free 191.1 MiB)
26/08/14 00:06:21 INFO MemoryStore: Block broadcast_67_piece0 stored as bytes in memory (estimated size 24.3 KiB, free 191.1 MiB)
26/08/14 00:06:21 INFO BlockManagerInfo: Added broadcast_67_piece0 in memory on spark-driver:35647 (size: 24.3 KiB, free: 191.2 MiB)
26/08/14 00:06:21 INFO SparkContext: Created broadcast 67 from broadcast at DAGScheduler.scala:1585
26/08/14 00:06:21 INFO DAGScheduler: Submitting 6 missing tasks from ShuffleMapStage 68 (MapPartitionsRDD[446] at count at <unknown>:0) (first 15 tasks are for partitions Vector(0, 1, 2, 3, 4, 5))
26/08/14 00:06:21 INFO TaskSchedulerImpl: Adding task set 68.0 with 6 tasks resource profile 0
26/08/14 00:06:21 INFO TaskSetManager: Starting task 0.0 in stage 68.0 (TID 240) (172.26.0.13, executor 1, partition 0, PROCESS_LOCAL, 9921 bytes) 
26/08/14 00:06:21 INFO TaskSetManager: Starting task 1.0 in stage 68.0 (TID 241) (172.26.0.13, executor 1, partition 1, PROCESS_LOCAL, 9921 bytes) 
26/08/14 00:06:21 INFO TaskSetManager: Starting task 2.0 in stage 68.0 (TID 242) (172.26.0.13, executor 1, partition 2, PROCESS_LOCAL, 9921 bytes) 
26/08/14 00:06:21 INFO BlockManagerInfo: Added broadcast_67_piece0 in memory on 172.26.0.13:39169 (size: 24.3 KiB, free: 409.2 MiB)
26/08/14 00:06:21 INFO TaskSetManager: Starting task 3.0 in stage 68.0 (TID 243) (172.26.0.13, executor 1, partition 3, PROCESS_LOCAL, 9921 bytes) 
26/08/14 00:06:21 INFO TaskSetManager: Starting task 4.0 in stage 68.0 (TID 244) (172.26.0.13, executor 1, partition 4, PROCESS_LOCAL, 9921 bytes) 
26/08/14 00:06:21 INFO TaskSetManager: Starting task 5.0 in stage 68.0 (TID 245) (172.26.0.13, executor 1, partition 5, PROCESS_LOCAL, 9921 bytes) 
26/08/14 00:06:21 INFO TaskSetManager: Finished task 0.0 in stage 68.0 (TID 240) in 28 ms on 172.26.0.13 (executor 1) (1/6)
26/08/14 00:06:21 INFO TaskSetManager: Finished task 1.0 in stage 68.0 (TID 241) in 27 ms on 172.26.0.13 (executor 1) (2/6)
26/08/14 00:06:21 INFO TaskSetManager: Finished task 2.0 in stage 68.0 (TID 242) in 27 ms on 172.26.0.13 (executor 1) (3/6)
26/08/14 00:06:21 INFO TaskSetManager: Finished task 3.0 in stage 68.0 (TID 243) in 36 ms on 172.26.0.13 (executor 1) (4/6)
26/08/14 00:06:21 INFO TaskSetManager: Finished task 4.0 in stage 68.0 (TID 244) in 35 ms on 172.26.0.13 (executor 1) (5/6)
26/08/14 00:06:21 INFO TaskSetManager: Finished task 5.0 in stage 68.0 (TID 245) in 36 ms on 172.26.0.13 (executor 1) (6/6)
26/08/14 00:06:21 INFO TaskSchedulerImpl: Removed TaskSet 68.0, whose tasks have all completed, from pool 
26/08/14 00:06:21 INFO DAGScheduler: ShuffleMapStage 68 (count at <unknown>:0) finished in 0.067 s
26/08/14 00:06:21 INFO DAGScheduler: looking for newly runnable stages
26/08/14 00:06:21 INFO DAGScheduler: running: Set()
26/08/14 00:06:21 INFO DAGScheduler: waiting: Set(ResultStage 69)
26/08/14 00:06:21 INFO DAGScheduler: failed: Set()
26/08/14 00:06:21 INFO DAGScheduler: Submitting ResultStage 69 (MapPartitionsRDD[449] at count at <unknown>:0), which has no missing parents
26/08/14 00:06:21 INFO MemoryStore: Block broadcast_68 stored as values in memory (estimated size 12.5 KiB, free 191.1 MiB)
26/08/14 00:06:21 INFO MemoryStore: Block broadcast_68_piece0 stored as bytes in memory (estimated size 5.9 KiB, free 191.1 MiB)
26/08/14 00:06:21 INFO BlockManagerInfo: Added broadcast_68_piece0 in memory on spark-driver:35647 (size: 5.9 KiB, free: 191.2 MiB)
26/08/14 00:06:21 INFO SparkContext: Created broadcast 68 from broadcast at DAGScheduler.scala:1585
26/08/14 00:06:21 INFO DAGScheduler: Submitting 1 missing tasks from ResultStage 69 (MapPartitionsRDD[449] at count at <unknown>:0) (first 15 tasks are for partitions Vector(0))
26/08/14 00:06:21 INFO TaskSchedulerImpl: Adding task set 69.0 with 1 tasks resource profile 0
26/08/14 00:06:21 INFO TaskSetManager: Starting task 0.0 in stage 69.0 (TID 246) (172.26.0.13, executor 1, partition 0, NODE_LOCAL, 9003 bytes) 
26/08/14 00:06:21 INFO BlockManagerInfo: Added broadcast_68_piece0 in memory on 172.26.0.13:39169 (size: 5.9 KiB, free: 409.2 MiB)
26/08/14 00:06:21 INFO MapOutputTrackerMasterEndpoint: Asked to send map output locations for shuffle 31 to 172.26.0.13:44738
26/08/14 00:06:21 INFO TaskSetManager: Finished task 0.0 in stage 69.0 (TID 246) in 33 ms on 172.26.0.13 (executor 1) (1/1)
26/08/14 00:06:21 INFO TaskSchedulerImpl: Removed TaskSet 69.0, whose tasks have all completed, from pool 
26/08/14 00:06:21 INFO DAGScheduler: ResultStage 69 (count at <unknown>:0) finished in 0.038 s
26/08/14 00:06:21 INFO DAGScheduler: Job 37 is finished. Cancelling potential speculative or zombie tasks for this job
26/08/14 00:06:21 INFO TaskSchedulerImpl: Killing all running tasks in stage 69: Stage finished
26/08/14 00:06:21 INFO DAGScheduler: Job 37 finished: count at <unknown>:0, took 0.109077 s
26/08/14 00:06:21 INFO CodeGenerator: Code generated in 20.841 ms
26/08/14 00:06:21 INFO DefaultCachedBatchSerializer: Predicate isnotnull(event_time#89-T120000ms) generates partition filter: ((event_time.count#22258 - event_time.nullCount#22257) > 0)
26/08/14 00:06:21 INFO DefaultCachedBatchSerializer: Predicate (event_time#89-T120000ms < 2026-08-14 00:04:11.077) generates partition filter: (event_time.lowerBound#22256 < 2026-08-14 00:04:11.077)
26/08/14 00:06:21 INFO SparkContext: Starting job: count at <unknown>:0
26/08/14 00:06:21 INFO DAGScheduler: Registering RDD 454 (count at <unknown>:0) as input to shuffle 32
26/08/14 00:06:21 INFO BlockManagerInfo: Removed broadcast_68_piece0 on spark-driver:35647 in memory (size: 5.9 KiB, free: 191.2 MiB)
26/08/14 00:06:21 INFO DAGScheduler: Got job 38 (count at <unknown>:0) with 1 output partitions
26/08/14 00:06:21 INFO DAGScheduler: Final stage: ResultStage 71 (count at <unknown>:0)
26/08/14 00:06:21 INFO DAGScheduler: Parents of final stage: List(ShuffleMapStage 70)
26/08/14 00:06:21 INFO DAGScheduler: Missing parents: List(ShuffleMapStage 70)
26/08/14 00:06:21 INFO DAGScheduler: Submitting ShuffleMapStage 70 (MapPartitionsRDD[454] at count at <unknown>:0), which has no missing parents
26/08/14 00:06:21 INFO BlockManagerInfo: Removed broadcast_68_piece0 on 172.26.0.13:39169 in memory (size: 5.9 KiB, free: 409.2 MiB)
26/08/14 00:06:21 INFO BlockManagerInfo: Removed broadcast_67_piece0 on spark-driver:35647 in memory (size: 24.3 KiB, free: 191.2 MiB)
26/08/14 00:06:21 INFO MemoryStore: Block broadcast_69 stored as values in memory (estimated size 67.2 KiB, free 191.1 MiB)
26/08/14 00:06:21 INFO MemoryStore: Block broadcast_69_piece0 stored as bytes in memory (estimated size 25.6 KiB, free 191.1 MiB)
26/08/14 00:06:21 INFO BlockManagerInfo: Added broadcast_69_piece0 in memory on spark-driver:35647 (size: 25.6 KiB, free: 191.2 MiB)
26/08/14 00:06:21 INFO BlockManagerInfo: Removed broadcast_67_piece0 on 172.26.0.13:39169 in memory (size: 24.3 KiB, free: 409.2 MiB)
26/08/14 00:06:21 INFO SparkContext: Created broadcast 69 from broadcast at DAGScheduler.scala:1585
26/08/14 00:06:21 INFO DAGScheduler: Submitting 6 missing tasks from ShuffleMapStage 70 (MapPartitionsRDD[454] at count at <unknown>:0) (first 15 tasks are for partitions Vector(0, 1, 2, 3, 4, 5))
26/08/14 00:06:21 INFO TaskSchedulerImpl: Adding task set 70.0 with 6 tasks resource profile 0
26/08/14 00:06:21 INFO TaskSetManager: Starting task 0.0 in stage 70.0 (TID 247) (172.26.0.13, executor 1, partition 0, PROCESS_LOCAL, 9921 bytes) 
26/08/14 00:06:21 INFO TaskSetManager: Starting task 1.0 in stage 70.0 (TID 248) (172.26.0.13, executor 1, partition 1, PROCESS_LOCAL, 9921 bytes) 
26/08/14 00:06:21 INFO TaskSetManager: Starting task 2.0 in stage 70.0 (TID 249) (172.26.0.13, executor 1, partition 2, PROCESS_LOCAL, 9921 bytes) 
26/08/14 00:06:21 INFO BlockManagerInfo: Added broadcast_69_piece0 in memory on 172.26.0.13:39169 (size: 25.6 KiB, free: 409.2 MiB)
26/08/14 00:06:21 INFO TaskSetManager: Starting task 3.0 in stage 70.0 (TID 250) (172.26.0.13, executor 1, partition 3, PROCESS_LOCAL, 9921 bytes) 
26/08/14 00:06:21 INFO TaskSetManager: Finished task 0.0 in stage 70.0 (TID 247) in 60 ms on 172.26.0.13 (executor 1) (1/6)
26/08/14 00:06:21 INFO TaskSetManager: Starting task 4.0 in stage 70.0 (TID 251) (172.26.0.13, executor 1, partition 4, PROCESS_LOCAL, 9921 bytes) 
26/08/14 00:06:21 INFO TaskSetManager: Starting task 5.0 in stage 70.0 (TID 252) (172.26.0.13, executor 1, partition 5, PROCESS_LOCAL, 9921 bytes) 
26/08/14 00:06:21 INFO TaskSetManager: Finished task 1.0 in stage 70.0 (TID 248) in 62 ms on 172.26.0.13 (executor 1) (2/6)
26/08/14 00:06:21 INFO TaskSetManager: Finished task 2.0 in stage 70.0 (TID 249) in 63 ms on 172.26.0.13 (executor 1) (3/6)
26/08/14 00:06:21 INFO TaskSetManager: Finished task 4.0 in stage 70.0 (TID 251) in 11 ms on 172.26.0.13 (executor 1) (4/6)
26/08/14 00:06:21 INFO TaskSetManager: Finished task 3.0 in stage 70.0 (TID 250) in 13 ms on 172.26.0.13 (executor 1) (5/6)
26/08/14 00:06:21 INFO TaskSetManager: Finished task 5.0 in stage 70.0 (TID 252) in 10 ms on 172.26.0.13 (executor 1) (6/6)
26/08/14 00:06:21 INFO TaskSchedulerImpl: Removed TaskSet 70.0, whose tasks have all completed, from pool 
26/08/14 00:06:21 INFO DAGScheduler: ShuffleMapStage 70 (count at <unknown>:0) finished in 0.088 s
26/08/14 00:06:21 INFO DAGScheduler: looking for newly runnable stages
26/08/14 00:06:21 INFO DAGScheduler: running: Set()
26/08/14 00:06:21 INFO DAGScheduler: waiting: Set(ResultStage 71)
26/08/14 00:06:21 INFO DAGScheduler: failed: Set()
26/08/14 00:06:21 INFO DAGScheduler: Submitting ResultStage 71 (MapPartitionsRDD[457] at count at <unknown>:0), which has no missing parents
26/08/14 00:06:21 INFO MemoryStore: Block broadcast_70 stored as values in memory (estimated size 12.5 KiB, free 191.1 MiB)
26/08/14 00:06:21 INFO MemoryStore: Block broadcast_70_piece0 stored as bytes in memory (estimated size 5.9 KiB, free 191.1 MiB)
26/08/14 00:06:21 INFO BlockManagerInfo: Added broadcast_70_piece0 in memory on spark-driver:35647 (size: 5.9 KiB, free: 191.2 MiB)
26/08/14 00:06:21 INFO SparkContext: Created broadcast 70 from broadcast at DAGScheduler.scala:1585
26/08/14 00:06:21 INFO DAGScheduler: Submitting 1 missing tasks from ResultStage 71 (MapPartitionsRDD[457] at count at <unknown>:0) (first 15 tasks are for partitions Vector(0))
26/08/14 00:06:21 INFO TaskSchedulerImpl: Adding task set 71.0 with 1 tasks resource profile 0
26/08/14 00:06:21 INFO TaskSetManager: Starting task 0.0 in stage 71.0 (TID 253) (172.26.0.13, executor 1, partition 0, NODE_LOCAL, 9003 bytes) 
26/08/14 00:06:21 INFO BlockManagerInfo: Added broadcast_70_piece0 in memory on 172.26.0.13:39169 (size: 5.9 KiB, free: 409.2 MiB)
26/08/14 00:06:21 INFO MapOutputTrackerMasterEndpoint: Asked to send map output locations for shuffle 32 to 172.26.0.13:44738
26/08/14 00:06:21 INFO TaskSetManager: Finished task 0.0 in stage 71.0 (TID 253) in 14 ms on 172.26.0.13 (executor 1) (1/1)
26/08/14 00:06:21 INFO TaskSchedulerImpl: Removed TaskSet 71.0, whose tasks have all completed, from pool 
26/08/14 00:06:21 INFO DAGScheduler: ResultStage 71 (count at <unknown>:0) finished in 0.022 s
26/08/14 00:06:21 INFO DAGScheduler: Job 38 is finished. Cancelling potential speculative or zombie tasks for this job
26/08/14 00:06:21 INFO TaskSchedulerImpl: Killing all running tasks in stage 71: Stage finished
26/08/14 00:06:21 INFO DAGScheduler: Job 38 finished: count at <unknown>:0, took 0.117008 s
26/08/14 00:06:22 INFO DefaultCachedBatchSerializer: Predicate isnotnull(kind#22815) generates partition filter: ((kind.count#22884 - kind.nullCount#22883) > 0)
26/08/14 00:06:22 INFO DefaultCachedBatchSerializer: Predicate (kind#22815 = stats) generates partition filter: ((kind.lowerBound#22882 <= stats) AND (stats <= kind.upperBound#22881))
26/08/14 00:06:22 INFO SparkContext: Starting job: call at /opt/spark/python/lib/py4j-0.10.9.7-src.zip/py4j/clientserver.py:617
26/08/14 00:06:22 INFO DAGScheduler: Got job 39 (call at /opt/spark/python/lib/py4j-0.10.9.7-src.zip/py4j/clientserver.py:617) with 6 output partitions
26/08/14 00:06:22 INFO DAGScheduler: Final stage: ResultStage 72 (call at /opt/spark/python/lib/py4j-0.10.9.7-src.zip/py4j/clientserver.py:617)
26/08/14 00:06:22 INFO DAGScheduler: Parents of final stage: List()
26/08/14 00:06:22 INFO DAGScheduler: Missing parents: List()
26/08/14 00:06:22 INFO DAGScheduler: Submitting ResultStage 72 (MapPartitionsRDD[476] at call at /opt/spark/python/lib/py4j-0.10.9.7-src.zip/py4j/clientserver.py:617), which has no missing parents
26/08/14 00:06:22 INFO MemoryStore: Block broadcast_71 stored as values in memory (estimated size 89.9 KiB, free 191.0 MiB)
26/08/14 00:06:22 INFO BlockManagerInfo: Removed broadcast_69_piece0 on spark-driver:35647 in memory (size: 25.6 KiB, free: 191.2 MiB)
26/08/14 00:06:22 INFO MemoryStore: Block broadcast_71_piece0 stored as bytes in memory (estimated size 34.0 KiB, free 191.1 MiB)
26/08/14 00:06:22 INFO BlockManagerInfo: Added broadcast_71_piece0 in memory on spark-driver:35647 (size: 34.0 KiB, free: 191.2 MiB)
26/08/14 00:06:22 INFO SparkContext: Created broadcast 71 from broadcast at DAGScheduler.scala:1585
26/08/14 00:06:22 INFO DAGScheduler: Submitting 6 missing tasks from ResultStage 72 (MapPartitionsRDD[476] at call at /opt/spark/python/lib/py4j-0.10.9.7-src.zip/py4j/clientserver.py:617) (first 15 tasks are for partitions Vector(0, 1, 2, 3, 4, 5))
26/08/14 00:06:22 INFO BlockManagerInfo: Removed broadcast_69_piece0 on 172.26.0.13:39169 in memory (size: 25.6 KiB, free: 409.2 MiB)
26/08/14 00:06:22 INFO TaskSchedulerImpl: Adding task set 72.0 with 6 tasks resource profile 0
26/08/14 00:06:22 INFO TaskSetManager: Starting task 0.0 in stage 72.0 (TID 254) (172.26.0.13, executor 1, partition 0, PROCESS_LOCAL, 9932 bytes) 
26/08/14 00:06:22 INFO TaskSetManager: Starting task 1.0 in stage 72.0 (TID 255) (172.26.0.13, executor 1, partition 1, PROCESS_LOCAL, 9932 bytes) 
26/08/14 00:06:22 INFO TaskSetManager: Starting task 2.0 in stage 72.0 (TID 256) (172.26.0.13, executor 1, partition 2, PROCESS_LOCAL, 9932 bytes) 
26/08/14 00:06:22 INFO BlockManagerInfo: Removed broadcast_70_piece0 on spark-driver:35647 in memory (size: 5.9 KiB, free: 191.2 MiB)
26/08/14 00:06:22 INFO BlockManagerInfo: Removed broadcast_70_piece0 on 172.26.0.13:39169 in memory (size: 5.9 KiB, free: 409.2 MiB)
26/08/14 00:06:22 INFO BlockManagerInfo: Added broadcast_71_piece0 in memory on 172.26.0.13:39169 (size: 34.0 KiB, free: 409.2 MiB)
26/08/14 00:06:25 INFO BlockManagerInfo: Added rdd_471_1 in memory on 172.26.0.13:39169 (size: 1808.0 B, free: 409.2 MiB)
26/08/14 00:06:25 INFO BlockManagerInfo: Added rdd_471_0 in memory on 172.26.0.13:39169 (size: 1808.0 B, free: 409.2 MiB)
26/08/14 00:06:25 INFO TaskSetManager: Starting task 3.0 in stage 72.0 (TID 257) (172.26.0.13, executor 1, partition 3, PROCESS_LOCAL, 9932 bytes) 
26/08/14 00:06:25 INFO BlockManagerInfo: Added rdd_471_2 in memory on 172.26.0.13:39169 (size: 1808.0 B, free: 409.2 MiB)
26/08/14 00:06:25 INFO TaskSetManager: Finished task 1.0 in stage 72.0 (TID 255) in 3842 ms on 172.26.0.13 (executor 1) (1/6)
26/08/14 00:06:26 INFO TaskSetManager: Starting task 4.0 in stage 72.0 (TID 258) (172.26.0.13, executor 1, partition 4, PROCESS_LOCAL, 9932 bytes) 
26/08/14 00:06:26 INFO TaskSetManager: Starting task 5.0 in stage 72.0 (TID 259) (172.26.0.13, executor 1, partition 5, PROCESS_LOCAL, 9932 bytes) 
26/08/14 00:06:26 INFO TaskSetManager: Finished task 0.0 in stage 72.0 (TID 254) in 3975 ms on 172.26.0.13 (executor 1) (2/6)
26/08/14 00:06:26 INFO TaskSetManager: Finished task 2.0 in stage 72.0 (TID 256) in 3977 ms on 172.26.0.13 (executor 1) (3/6)
26/08/14 00:06:29 INFO BlockManagerInfo: Added rdd_471_3 in memory on 172.26.0.13:39169 (size: 1808.0 B, free: 409.2 MiB)
26/08/14 00:06:29 INFO BlockManagerInfo: Added rdd_471_5 in memory on 172.26.0.13:39169 (size: 1808.0 B, free: 409.2 MiB)
26/08/14 00:06:29 INFO TaskSetManager: Finished task 5.0 in stage 72.0 (TID 259) in 3634 ms on 172.26.0.13 (executor 1) (4/6)
26/08/14 00:06:29 INFO TaskSetManager: Finished task 3.0 in stage 72.0 (TID 257) in 3774 ms on 172.26.0.13 (executor 1) (5/6)
26/08/14 00:06:29 INFO BlockManagerInfo: Added rdd_471_4 in memory on 172.26.0.13:39169 (size: 1808.0 B, free: 409.2 MiB)
26/08/14 00:06:29 INFO TaskSetManager: Finished task 4.0 in stage 72.0 (TID 258) in 3763 ms on 172.26.0.13 (executor 1) (6/6)
26/08/14 00:06:29 INFO TaskSchedulerImpl: Removed TaskSet 72.0, whose tasks have all completed, from pool 
26/08/14 00:06:29 INFO DAGScheduler: ResultStage 72 (call at /opt/spark/python/lib/py4j-0.10.9.7-src.zip/py4j/clientserver.py:617) finished in 7.730 s
26/08/14 00:06:29 INFO DAGScheduler: Job 39 is finished. Cancelling potential speculative or zombie tasks for this job
26/08/14 00:06:29 INFO TaskSchedulerImpl: Killing all running tasks in stage 72: Stage finished
26/08/14 00:06:29 INFO DAGScheduler: Job 39 finished: call at /opt/spark/python/lib/py4j-0.10.9.7-src.zip/py4j/clientserver.py:617, took 7.739499 s
26/08/14 00:06:29 INFO DefaultCachedBatchSerializer: Predicate isnotnull(kind#22815) generates partition filter: ((kind.count#22967 - kind.nullCount#22966) > 0)
26/08/14 00:06:29 INFO DefaultCachedBatchSerializer: Predicate (kind#22815 = dlq) generates partition filter: ((kind.lowerBound#22965 <= dlq) AND (dlq <= kind.upperBound#22964))
26/08/14 00:06:30 INFO SparkContext: Starting job: count at <unknown>:0
26/08/14 00:06:30 INFO DAGScheduler: Registering RDD 481 (count at <unknown>:0) as input to shuffle 33
26/08/14 00:06:30 INFO DAGScheduler: Got job 40 (count at <unknown>:0) with 1 output partitions
26/08/14 00:06:30 INFO DAGScheduler: Final stage: ResultStage 74 (count at <unknown>:0)
26/08/14 00:06:30 INFO DAGScheduler: Parents of final stage: List(ShuffleMapStage 73)
26/08/14 00:06:30 INFO DAGScheduler: Missing parents: List(ShuffleMapStage 73)
26/08/14 00:06:30 INFO DAGScheduler: Submitting ShuffleMapStage 73 (MapPartitionsRDD[481] at count at <unknown>:0), which has no missing parents
26/08/14 00:06:30 INFO MemoryStore: Block broadcast_72 stored as values in memory (estimated size 92.2 KiB, free 191.0 MiB)
26/08/14 00:06:30 INFO MemoryStore: Block broadcast_72_piece0 stored as bytes in memory (estimated size 35.3 KiB, free 191.0 MiB)
26/08/14 00:06:30 INFO BlockManagerInfo: Added broadcast_72_piece0 in memory on spark-driver:35647 (size: 35.3 KiB, free: 191.1 MiB)
26/08/14 00:06:30 INFO SparkContext: Created broadcast 72 from broadcast at DAGScheduler.scala:1585
26/08/14 00:06:30 INFO DAGScheduler: Submitting 6 missing tasks from ShuffleMapStage 73 (MapPartitionsRDD[481] at count at <unknown>:0) (first 15 tasks are for partitions Vector(0, 1, 2, 3, 4, 5))
26/08/14 00:06:30 INFO TaskSchedulerImpl: Adding task set 73.0 with 6 tasks resource profile 0
26/08/14 00:06:30 INFO TaskSetManager: Starting task 0.0 in stage 73.0 (TID 260) (172.26.0.13, executor 1, partition 0, PROCESS_LOCAL, 9921 bytes) 
26/08/14 00:06:30 INFO TaskSetManager: Starting task 1.0 in stage 73.0 (TID 261) (172.26.0.13, executor 1, partition 1, PROCESS_LOCAL, 9921 bytes) 
26/08/14 00:06:30 INFO TaskSetManager: Starting task 2.0 in stage 73.0 (TID 262) (172.26.0.13, executor 1, partition 2, PROCESS_LOCAL, 9921 bytes) 
26/08/14 00:06:30 INFO BlockManagerInfo: Added broadcast_72_piece0 in memory on 172.26.0.13:39169 (size: 35.3 KiB, free: 409.1 MiB)
26/08/14 00:06:30 INFO TaskSetManager: Starting task 3.0 in stage 73.0 (TID 263) (172.26.0.13, executor 1, partition 3, PROCESS_LOCAL, 9921 bytes) 
26/08/14 00:06:30 INFO TaskSetManager: Starting task 4.0 in stage 73.0 (TID 264) (172.26.0.13, executor 1, partition 4, PROCESS_LOCAL, 9921 bytes) 
26/08/14 00:06:30 INFO TaskSetManager: Finished task 0.0 in stage 73.0 (TID 260) in 105 ms on 172.26.0.13 (executor 1) (1/6)
26/08/14 00:06:30 INFO TaskSetManager: Starting task 5.0 in stage 73.0 (TID 265) (172.26.0.13, executor 1, partition 5, PROCESS_LOCAL, 9921 bytes) 
26/08/14 00:06:30 INFO TaskSetManager: Finished task 2.0 in stage 73.0 (TID 262) in 109 ms on 172.26.0.13 (executor 1) (2/6)
26/08/14 00:06:30 INFO TaskSetManager: Finished task 1.0 in stage 73.0 (TID 261) in 110 ms on 172.26.0.13 (executor 1) (3/6)
26/08/14 00:06:30 INFO TaskSetManager: Finished task 5.0 in stage 73.0 (TID 265) in 36 ms on 172.26.0.13 (executor 1) (4/6)
26/08/14 00:06:30 INFO TaskSetManager: Finished task 4.0 in stage 73.0 (TID 264) in 40 ms on 172.26.0.13 (executor 1) (5/6)
26/08/14 00:06:30 INFO TaskSetManager: Finished task 3.0 in stage 73.0 (TID 263) in 47 ms on 172.26.0.13 (executor 1) (6/6)
26/08/14 00:06:30 INFO TaskSchedulerImpl: Removed TaskSet 73.0, whose tasks have all completed, from pool 
26/08/14 00:06:30 INFO DAGScheduler: ShuffleMapStage 73 (count at <unknown>:0) finished in 0.189 s
26/08/14 00:06:30 INFO DAGScheduler: looking for newly runnable stages
26/08/14 00:06:30 INFO DAGScheduler: running: Set()
26/08/14 00:06:30 INFO DAGScheduler: waiting: Set(ResultStage 74)
26/08/14 00:06:30 INFO DAGScheduler: failed: Set()
26/08/14 00:06:30 INFO DAGScheduler: Submitting ResultStage 74 (MapPartitionsRDD[484] at count at <unknown>:0), which has no missing parents
26/08/14 00:06:30 INFO MemoryStore: Block broadcast_73 stored as values in memory (estimated size 12.5 KiB, free 191.0 MiB)
26/08/14 00:06:30 INFO MemoryStore: Block broadcast_73_piece0 stored as bytes in memory (estimated size 5.9 KiB, free 190.9 MiB)
26/08/14 00:06:30 INFO BlockManagerInfo: Added broadcast_73_piece0 in memory on spark-driver:35647 (size: 5.9 KiB, free: 191.1 MiB)
26/08/14 00:06:30 INFO SparkContext: Created broadcast 73 from broadcast at DAGScheduler.scala:1585
26/08/14 00:06:30 INFO DAGScheduler: Submitting 1 missing tasks from ResultStage 74 (MapPartitionsRDD[484] at count at <unknown>:0) (first 15 tasks are for partitions Vector(0))
26/08/14 00:06:30 INFO TaskSchedulerImpl: Adding task set 74.0 with 1 tasks resource profile 0
26/08/14 00:06:30 INFO TaskSetManager: Starting task 0.0 in stage 74.0 (TID 266) (172.26.0.13, executor 1, partition 0, NODE_LOCAL, 9003 bytes) 
26/08/14 00:06:30 INFO BlockManagerInfo: Added broadcast_73_piece0 in memory on 172.26.0.13:39169 (size: 5.9 KiB, free: 409.1 MiB)
26/08/14 00:06:30 INFO MapOutputTrackerMasterEndpoint: Asked to send map output locations for shuffle 33 to 172.26.0.13:44738
26/08/14 00:06:30 INFO TaskSetManager: Finished task 0.0 in stage 74.0 (TID 266) in 41 ms on 172.26.0.13 (executor 1) (1/1)
26/08/14 00:06:30 INFO TaskSchedulerImpl: Removed TaskSet 74.0, whose tasks have all completed, from pool 
26/08/14 00:06:30 INFO DAGScheduler: ResultStage 74 (count at <unknown>:0) finished in 0.059 s
26/08/14 00:06:30 INFO DAGScheduler: Job 40 is finished. Cancelling potential speculative or zombie tasks for this job
26/08/14 00:06:30 INFO TaskSchedulerImpl: Killing all running tasks in stage 74: Stage finished
26/08/14 00:06:30 INFO DAGScheduler: Job 40 finished: count at <unknown>:0, took 0.263421 s
26/08/14 00:06:30 INFO MapPartitionsRDD: Removing RDD 471 from persistence list
26/08/14 00:06:30 INFO BlockManager: Removing RDD 471
26/08/14 00:06:30 INFO BlockManagerInfo: Removed broadcast_71_piece0 on spark-driver:35647 in memory (size: 34.0 KiB, free: 191.2 MiB)
26/08/14 00:06:30 INFO BlockManagerInfo: Removed broadcast_71_piece0 on 172.26.0.13:39169 in memory (size: 34.0 KiB, free: 409.2 MiB)
26/08/14 00:06:30 INFO BlockManagerInfo: Removed broadcast_72_piece0 on spark-driver:35647 in memory (size: 35.3 KiB, free: 191.2 MiB)
26/08/14 00:06:30 INFO BlockManagerInfo: Removed broadcast_72_piece0 on 172.26.0.13:39169 in memory (size: 35.3 KiB, free: 409.2 MiB)
26/08/14 00:06:30 INFO BlockManagerInfo: Removed broadcast_73_piece0 on spark-driver:35647 in memory (size: 5.9 KiB, free: 191.2 MiB)
26/08/14 00:06:30 INFO BlockManagerInfo: Removed broadcast_73_piece0 on 172.26.0.13:39169 in memory (size: 5.9 KiB, free: 409.2 MiB)
26/08/14 00:06:30 INFO SparkContext: Starting job: call at /opt/spark/python/lib/py4j-0.10.9.7-src.zip/py4j/clientserver.py:617
26/08/14 00:06:30 INFO DAGScheduler: Registering RDD 489 (call at /opt/spark/python/lib/py4j-0.10.9.7-src.zip/py4j/clientserver.py:617) as input to shuffle 34
26/08/14 00:06:30 INFO DAGScheduler: Got job 41 (call at /opt/spark/python/lib/py4j-0.10.9.7-src.zip/py4j/clientserver.py:617) with 1 output partitions
26/08/14 00:06:30 INFO DAGScheduler: Final stage: ResultStage 76 (call at /opt/spark/python/lib/py4j-0.10.9.7-src.zip/py4j/clientserver.py:617)
26/08/14 00:06:30 INFO DAGScheduler: Parents of final stage: List(ShuffleMapStage 75)
26/08/14 00:06:30 INFO DAGScheduler: Missing parents: List(ShuffleMapStage 75)
26/08/14 00:06:30 INFO DAGScheduler: Submitting ShuffleMapStage 75 (MapPartitionsRDD[489] at call at /opt/spark/python/lib/py4j-0.10.9.7-src.zip/py4j/clientserver.py:617), which has no missing parents
26/08/14 00:06:30 INFO MemoryStore: Block broadcast_74 stored as values in memory (estimated size 66.1 KiB, free 191.1 MiB)
26/08/14 00:06:30 INFO MemoryStore: Block broadcast_74_piece0 stored as bytes in memory (estimated size 24.8 KiB, free 191.1 MiB)
26/08/14 00:06:30 INFO BlockManagerInfo: Added broadcast_74_piece0 in memory on spark-driver:35647 (size: 24.8 KiB, free: 191.2 MiB)
26/08/14 00:06:30 INFO SparkContext: Created broadcast 74 from broadcast at DAGScheduler.scala:1585
26/08/14 00:06:30 INFO DAGScheduler: Submitting 6 missing tasks from ShuffleMapStage 75 (MapPartitionsRDD[489] at call at /opt/spark/python/lib/py4j-0.10.9.7-src.zip/py4j/clientserver.py:617) (first 15 tasks are for partitions Vector(0, 1, 2, 3, 4, 5))
26/08/14 00:06:30 INFO TaskSchedulerImpl: Adding task set 75.0 with 6 tasks resource profile 0
26/08/14 00:06:30 INFO TaskSetManager: Starting task 0.0 in stage 75.0 (TID 267) (172.26.0.13, executor 1, partition 0, PROCESS_LOCAL, 9921 bytes) 
26/08/14 00:06:30 INFO TaskSetManager: Starting task 1.0 in stage 75.0 (TID 268) (172.26.0.13, executor 1, partition 1, PROCESS_LOCAL, 9921 bytes) 
26/08/14 00:06:30 INFO TaskSetManager: Starting task 2.0 in stage 75.0 (TID 269) (172.26.0.13, executor 1, partition 2, PROCESS_LOCAL, 9921 bytes) 
26/08/14 00:06:30 INFO BlockManagerInfo: Added broadcast_74_piece0 in memory on 172.26.0.13:39169 (size: 24.8 KiB, free: 409.2 MiB)
26/08/14 00:06:30 INFO TaskSetManager: Starting task 3.0 in stage 75.0 (TID 270) (172.26.0.13, executor 1, partition 3, PROCESS_LOCAL, 9921 bytes) 
26/08/14 00:06:30 INFO TaskSetManager: Finished task 0.0 in stage 75.0 (TID 267) in 45 ms on 172.26.0.13 (executor 1) (1/6)
26/08/14 00:06:30 INFO TaskSetManager: Starting task 4.0 in stage 75.0 (TID 271) (172.26.0.13, executor 1, partition 4, PROCESS_LOCAL, 9921 bytes) 
26/08/14 00:06:30 INFO TaskSetManager: Finished task 2.0 in stage 75.0 (TID 269) in 46 ms on 172.26.0.13 (executor 1) (2/6)
26/08/14 00:06:30 INFO TaskSetManager: Starting task 5.0 in stage 75.0 (TID 272) (172.26.0.13, executor 1, partition 5, PROCESS_LOCAL, 9921 bytes) 
26/08/14 00:06:30 INFO TaskSetManager: Finished task 1.0 in stage 75.0 (TID 268) in 47 ms on 172.26.0.13 (executor 1) (3/6)
26/08/14 00:06:30 INFO TaskSetManager: Finished task 3.0 in stage 75.0 (TID 270) in 14 ms on 172.26.0.13 (executor 1) (4/6)
26/08/14 00:06:30 INFO TaskSetManager: Finished task 4.0 in stage 75.0 (TID 271) in 13 ms on 172.26.0.13 (executor 1) (5/6)
26/08/14 00:06:30 INFO TaskSetManager: Finished task 5.0 in stage 75.0 (TID 272) in 13 ms on 172.26.0.13 (executor 1) (6/6)
26/08/14 00:06:30 INFO TaskSchedulerImpl: Removed TaskSet 75.0, whose tasks have all completed, from pool 
26/08/14 00:06:30 INFO DAGScheduler: ShuffleMapStage 75 (call at /opt/spark/python/lib/py4j-0.10.9.7-src.zip/py4j/clientserver.py:617) finished in 0.064 s
26/08/14 00:06:30 INFO DAGScheduler: looking for newly runnable stages
26/08/14 00:06:30 INFO DAGScheduler: running: Set()
26/08/14 00:06:30 INFO DAGScheduler: waiting: Set(ResultStage 76)
26/08/14 00:06:30 INFO DAGScheduler: failed: Set()
26/08/14 00:06:30 INFO DAGScheduler: Submitting ResultStage 76 (MapPartitionsRDD[492] at call at /opt/spark/python/lib/py4j-0.10.9.7-src.zip/py4j/clientserver.py:617), which has no missing parents
26/08/14 00:06:30 INFO MemoryStore: Block broadcast_75 stored as values in memory (estimated size 13.1 KiB, free 191.1 MiB)
26/08/14 00:06:30 INFO MemoryStore: Block broadcast_75_piece0 stored as bytes in memory (estimated size 6.1 KiB, free 191.1 MiB)
26/08/14 00:06:30 INFO BlockManagerInfo: Added broadcast_75_piece0 in memory on spark-driver:35647 (size: 6.1 KiB, free: 191.2 MiB)
26/08/14 00:06:30 INFO SparkContext: Created broadcast 75 from broadcast at DAGScheduler.scala:1585
26/08/14 00:06:30 INFO DAGScheduler: Submitting 1 missing tasks from ResultStage 76 (MapPartitionsRDD[492] at call at /opt/spark/python/lib/py4j-0.10.9.7-src.zip/py4j/clientserver.py:617) (first 15 tasks are for partitions Vector(0))
26/08/14 00:06:30 INFO TaskSchedulerImpl: Adding task set 76.0 with 1 tasks resource profile 0
26/08/14 00:06:30 INFO TaskSetManager: Starting task 0.0 in stage 76.0 (TID 273) (172.26.0.13, executor 1, partition 0, NODE_LOCAL, 9003 bytes) 
26/08/14 00:06:30 INFO BlockManagerInfo: Added broadcast_75_piece0 in memory on 172.26.0.13:39169 (size: 6.1 KiB, free: 409.2 MiB)
26/08/14 00:06:30 INFO MapOutputTrackerMasterEndpoint: Asked to send map output locations for shuffle 34 to 172.26.0.13:44738
26/08/14 00:06:30 INFO TaskSetManager: Finished task 0.0 in stage 76.0 (TID 273) in 15 ms on 172.26.0.13 (executor 1) (1/1)
26/08/14 00:06:30 INFO TaskSchedulerImpl: Removed TaskSet 76.0, whose tasks have all completed, from pool 
26/08/14 00:06:30 INFO DAGScheduler: ResultStage 76 (call at /opt/spark/python/lib/py4j-0.10.9.7-src.zip/py4j/clientserver.py:617) finished in 0.019 s
26/08/14 00:06:30 INFO DAGScheduler: Job 41 is finished. Cancelling potential speculative or zombie tasks for this job
26/08/14 00:06:30 INFO TaskSchedulerImpl: Killing all running tasks in stage 76: Stage finished
26/08/14 00:06:30 INFO DAGScheduler: Job 41 finished: call at /opt/spark/python/lib/py4j-0.10.9.7-src.zip/py4j/clientserver.py:617, took 0.087273 s
26/08/14 00:06:30 INFO MapPartitionsRDD: Removing RDD 433 from persistence list
26/08/14 00:06:30 INFO BlockManager: Removing RDD 433
26/08/14 00:06:30 INFO WatermarkTracker: Updating event-time watermark from 1786665851077 to 1786665860891 ms
26/08/14 00:06:30 INFO CheckpointFileManager: Writing atomically to file:/opt/checkpoints/trips/commits/7 using temp file file:/opt/checkpoints/trips/commits/.7.e1659327-0f06-4076-92be-ad2c4acc9790.tmp
26/08/14 00:06:30 INFO CheckpointFileManager: Renamed temp file file:/opt/checkpoints/trips/commits/.7.e1659327-0f06-4076-92be-ad2c4acc9790.tmp to file:/opt/checkpoints/trips/commits/7
26/08/14 00:06:30 INFO MicroBatchExecution: Streaming query made progress: {
  "id" : "5809875d-4e3d-4fb3-8383-949c002374c9",
  "runId" : "d3ba1340-2011-4780-b92f-e7e48f2e3457",
  "name" : "trips-ingest-chaos_kill_executor_1",
  "timestamp" : "2026-08-14T00:06:20.974Z",
  "batchId" : 7,
  "numInputRows" : 7873,
  "inputRowsPerSecond" : 799.7765136123528,
  "processedRowsPerSecond" : 823.9665096807954,
  "durationMs" : {
    "addBatch" : 9406,
    "commitOffsets" : 47,
    "getBatch" : 0,
    "latestOffset" : 30,
    "queryPlanning" : 29,
    "triggerExecution" : 9555,
    "walCommit" : 39
  },
  "eventTime" : {
    "avg" : "2026-08-14T00:06:14.563Z",
    "max" : "2026-08-14T00:06:20.891Z",
    "min" : "2026-08-14T00:06:08.215Z",
    "watermark" : "2026-08-14T00:04:11.077Z"
  },
  "stateOperators" : [ ],
  "sources" : [ {
    "description" : "KafkaV2[Subscribe[trips.raw]]",
    "startOffset" : {
      "trips.raw" : {
        "2" : 209066,
        "5" : 207842,
        "4" : 208913,
        "1" : 208736,
        "3" : 208663,
        "0" : 208527
      }
    },
    "endOffset" : {
      "trips.raw" : {
        "2" : 210335,
        "5" : 209153,
        "4" : 210168,
        "1" : 210126,
        "3" : 209972,
        "0" : 209866
      }
    },
    "latestOffset" : {
      "trips.raw" : {
        "2" : 210335,
        "5" : 209153,
        "4" : 210168,
        "1" : 210126,
        "3" : 209972,
        "0" : 209866
      }
    },
    "numInputRows" : 7873,
    "inputRowsPerSecond" : 799.7765136123528,
    "processedRowsPerSecond" : 823.9665096807954,
    "metrics" : {
      "avgOffsetsBehindLatest" : "0.0",
      "maxOffsetsBehindLatest" : "0",
      "minOffsetsBehindLatest" : "0"
    }
  } ],
  "sink" : {
    "description" : "ForeachBatchSink",
    "numOutputRows" : -1
  }
}
26/08/14 00:06:30 INFO CheckpointFileManager: Writing atomically to file:/opt/checkpoints/trips/offsets/8 using temp file file:/opt/checkpoints/trips/offsets/.8.4d5c62ca-f271-4771-9c27-5d58721d6872.tmp
26/08/14 00:06:30 INFO CheckpointFileManager: Renamed temp file file:/opt/checkpoints/trips/offsets/.8.4d5c62ca-f271-4771-9c27-5d58721d6872.tmp to file:/opt/checkpoints/trips/offsets/8
26/08/14 00:06:30 INFO MicroBatchExecution: Committed offsets for batch 8. Metadata OffsetSeqMetadata(1786665860891,1786665990552,Map(spark.sql.streaming.stateStore.providerClass -> org.apache.spark.sql.execution.streaming.state.HDFSBackedStateStoreProvider, spark.sql.streaming.join.stateFormatVersion -> 2, spark.sql.streaming.stateStore.compression.codec -> lz4, spark.sql.streaming.stateStore.rocksdb.formatVersion -> 5, spark.sql.streaming.statefulOperator.useStrictDistribution -> true, spark.sql.streaming.flatMapGroupsWithState.stateFormatVersion -> 2, spark.sql.streaming.multipleWatermarkPolicy -> min, spark.sql.streaming.aggregation.stateFormatVersion -> 2, spark.sql.shuffle.partitions -> 6))
26/08/14 00:06:30 INFO KafkaOffsetReaderAdmin: Partitions added: Map()
26/08/14 00:06:30 INFO KafkaOffsetReaderAdmin: Partitions added: Map()
26/08/14 00:06:30 INFO KafkaOffsetReaderAdmin: Partitions added: Map()
26/08/14 00:06:30 INFO KafkaOffsetReaderAdmin: Partitions added: Map()
26/08/14 00:06:30 INFO BlockManagerInfo: Removed broadcast_75_piece0 on spark-driver:35647 in memory (size: 6.1 KiB, free: 191.2 MiB)
26/08/14 00:06:30 INFO BlockManagerInfo: Removed broadcast_75_piece0 on 172.26.0.13:39169 in memory (size: 6.1 KiB, free: 413.9 MiB)
26/08/14 00:06:30 INFO BlockManagerInfo: Removed broadcast_74_piece0 on spark-driver:35647 in memory (size: 24.8 KiB, free: 191.2 MiB)
26/08/14 00:06:30 INFO BlockManagerInfo: Removed broadcast_74_piece0 on 172.26.0.13:39169 in memory (size: 24.8 KiB, free: 413.9 MiB)
2026-08-14 00:06:30,641 INFO  [stream] Received command c on object id p0
26/08/14 00:06:30 INFO SparkContext: Starting job: count at <unknown>:0
26/08/14 00:06:30 INFO DAGScheduler: Registering RDD 507 (count at <unknown>:0) as input to shuffle 35
26/08/14 00:06:30 INFO DAGScheduler: Got job 42 (count at <unknown>:0) with 1 output partitions
26/08/14 00:06:30 INFO DAGScheduler: Final stage: ResultStage 78 (count at <unknown>:0)
26/08/14 00:06:30 INFO DAGScheduler: Parents of final stage: List(ShuffleMapStage 77)
26/08/14 00:06:30 INFO DAGScheduler: Missing parents: List(ShuffleMapStage 77)
26/08/14 00:06:30 INFO DAGScheduler: Submitting ShuffleMapStage 77 (MapPartitionsRDD[507] at count at <unknown>:0), which has no missing parents
26/08/14 00:06:30 INFO MemoryStore: Block broadcast_76 stored as values in memory (estimated size 64.5 KiB, free 191.1 MiB)
26/08/14 00:06:30 INFO MemoryStore: Block broadcast_76_piece0 stored as bytes in memory (estimated size 24.1 KiB, free 191.1 MiB)
26/08/14 00:06:30 INFO BlockManagerInfo: Added broadcast_76_piece0 in memory on spark-driver:35647 (size: 24.1 KiB, free: 191.2 MiB)
26/08/14 00:06:30 INFO SparkContext: Created broadcast 76 from broadcast at DAGScheduler.scala:1585
26/08/14 00:06:30 INFO DAGScheduler: Submitting 6 missing tasks from ShuffleMapStage 77 (MapPartitionsRDD[507] at count at <unknown>:0) (first 15 tasks are for partitions Vector(0, 1, 2, 3, 4, 5))
26/08/14 00:06:30 INFO TaskSchedulerImpl: Adding task set 77.0 with 6 tasks resource profile 0
26/08/14 00:06:30 INFO TaskSetManager: Starting task 0.0 in stage 77.0 (TID 274) (172.26.0.13, executor 1, partition 0, PROCESS_LOCAL, 9921 bytes) 
26/08/14 00:06:30 INFO TaskSetManager: Starting task 1.0 in stage 77.0 (TID 275) (172.26.0.13, executor 1, partition 1, PROCESS_LOCAL, 9921 bytes) 
26/08/14 00:06:30 INFO TaskSetManager: Starting task 2.0 in stage 77.0 (TID 276) (172.26.0.13, executor 1, partition 2, PROCESS_LOCAL, 9921 bytes) 
26/08/14 00:06:30 INFO BlockManagerInfo: Added broadcast_76_piece0 in memory on 172.26.0.13:39169 (size: 24.1 KiB, free: 413.9 MiB)
26/08/14 00:06:30 INFO BlockManagerInfo: Added rdd_502_1 in memory on 172.26.0.13:39169 (size: 747.1 KiB, free: 413.2 MiB)
26/08/14 00:06:30 INFO BlockManagerInfo: Added rdd_502_0 in memory on 172.26.0.13:39169 (size: 779.8 KiB, free: 412.4 MiB)
26/08/14 00:06:30 INFO BlockManagerInfo: Added rdd_502_2 in memory on 172.26.0.13:39169 (size: 815.5 KiB, free: 411.6 MiB)
26/08/14 00:06:30 INFO TaskSetManager: Starting task 3.0 in stage 77.0 (TID 277) (172.26.0.13, executor 1, partition 3, PROCESS_LOCAL, 9921 bytes) 
26/08/14 00:06:30 INFO TaskSetManager: Starting task 4.0 in stage 77.0 (TID 278) (172.26.0.13, executor 1, partition 4, PROCESS_LOCAL, 9921 bytes) 
26/08/14 00:06:30 INFO TaskSetManager: Finished task 0.0 in stage 77.0 (TID 274) in 99 ms on 172.26.0.13 (executor 1) (1/6)
26/08/14 00:06:30 INFO TaskSetManager: Finished task 1.0 in stage 77.0 (TID 275) in 99 ms on 172.26.0.13 (executor 1) (2/6)
26/08/14 00:06:30 INFO TaskSetManager: Starting task 5.0 in stage 77.0 (TID 279) (172.26.0.13, executor 1, partition 5, PROCESS_LOCAL, 9921 bytes) 
26/08/14 00:06:30 INFO TaskSetManager: Finished task 2.0 in stage 77.0 (TID 276) in 102 ms on 172.26.0.13 (executor 1) (3/6)
26/08/14 00:06:30 INFO BlockManagerInfo: Added rdd_502_4 in memory on 172.26.0.13:39169 (size: 756.9 KiB, free: 410.9 MiB)
26/08/14 00:06:30 INFO BlockManagerInfo: Added rdd_502_3 in memory on 172.26.0.13:39169 (size: 799.1 KiB, free: 410.1 MiB)
26/08/14 00:06:30 INFO BlockManagerInfo: Added rdd_502_5 in memory on 172.26.0.13:39169 (size: 801.5 KiB, free: 409.3 MiB)
26/08/14 00:06:30 INFO TaskSetManager: Finished task 4.0 in stage 77.0 (TID 278) in 85 ms on 172.26.0.13 (executor 1) (4/6)
26/08/14 00:06:30 INFO TaskSetManager: Finished task 3.0 in stage 77.0 (TID 277) in 88 ms on 172.26.0.13 (executor 1) (5/6)
26/08/14 00:06:30 INFO TaskSetManager: Finished task 5.0 in stage 77.0 (TID 279) in 87 ms on 172.26.0.13 (executor 1) (6/6)
26/08/14 00:06:30 INFO TaskSchedulerImpl: Removed TaskSet 77.0, whose tasks have all completed, from pool 
26/08/14 00:06:30 INFO DAGScheduler: ShuffleMapStage 77 (count at <unknown>:0) finished in 0.193 s
26/08/14 00:06:30 INFO DAGScheduler: looking for newly runnable stages
26/08/14 00:06:30 INFO DAGScheduler: running: Set()
26/08/14 00:06:30 INFO DAGScheduler: waiting: Set(ResultStage 78)
26/08/14 00:06:30 INFO DAGScheduler: failed: Set()
26/08/14 00:06:30 INFO DAGScheduler: Submitting ResultStage 78 (MapPartitionsRDD[510] at count at <unknown>:0), which has no missing parents
26/08/14 00:06:30 INFO MemoryStore: Block broadcast_77 stored as values in memory (estimated size 12.5 KiB, free 191.1 MiB)
26/08/14 00:06:30 INFO MemoryStore: Block broadcast_77_piece0 stored as bytes in memory (estimated size 5.9 KiB, free 191.1 MiB)
26/08/14 00:06:30 INFO BlockManagerInfo: Added broadcast_77_piece0 in memory on spark-driver:35647 (size: 5.9 KiB, free: 191.2 MiB)
26/08/14 00:06:30 INFO SparkContext: Created broadcast 77 from broadcast at DAGScheduler.scala:1585
26/08/14 00:06:30 INFO DAGScheduler: Submitting 1 missing tasks from ResultStage 78 (MapPartitionsRDD[510] at count at <unknown>:0) (first 15 tasks are for partitions Vector(0))
26/08/14 00:06:30 INFO TaskSchedulerImpl: Adding task set 78.0 with 1 tasks resource profile 0
26/08/14 00:06:30 INFO TaskSetManager: Starting task 0.0 in stage 78.0 (TID 280) (172.26.0.13, executor 1, partition 0, NODE_LOCAL, 9003 bytes) 
26/08/14 00:06:30 INFO BlockManagerInfo: Added broadcast_77_piece0 in memory on 172.26.0.13:39169 (size: 5.9 KiB, free: 409.3 MiB)
26/08/14 00:06:30 INFO MapOutputTrackerMasterEndpoint: Asked to send map output locations for shuffle 35 to 172.26.0.13:44738
26/08/14 00:06:30 INFO TaskSetManager: Finished task 0.0 in stage 78.0 (TID 280) in 10 ms on 172.26.0.13 (executor 1) (1/1)
26/08/14 00:06:30 INFO TaskSchedulerImpl: Removed TaskSet 78.0, whose tasks have all completed, from pool 
26/08/14 00:06:30 INFO DAGScheduler: ResultStage 78 (count at <unknown>:0) finished in 0.013 s
26/08/14 00:06:30 INFO DAGScheduler: Job 42 is finished. Cancelling potential speculative or zombie tasks for this job
26/08/14 00:06:30 INFO TaskSchedulerImpl: Killing all running tasks in stage 78: Stage finished
26/08/14 00:06:30 INFO DAGScheduler: Job 42 finished: count at <unknown>:0, took 0.211144 s
26/08/14 00:06:30 INFO BlockManagerInfo: Removed broadcast_76_piece0 on spark-driver:35647 in memory (size: 24.1 KiB, free: 191.2 MiB)
26/08/14 00:06:30 INFO BlockManagerInfo: Removed broadcast_76_piece0 on 172.26.0.13:39169 in memory (size: 24.1 KiB, free: 409.3 MiB)
26/08/14 00:06:30 INFO BlockManagerInfo: Removed broadcast_77_piece0 on spark-driver:35647 in memory (size: 5.9 KiB, free: 191.2 MiB)
26/08/14 00:06:30 INFO BlockManagerInfo: Removed broadcast_77_piece0 on 172.26.0.13:39169 in memory (size: 5.9 KiB, free: 409.3 MiB)
26/08/14 00:06:30 INFO SparkContext: Starting job: count at <unknown>:0
26/08/14 00:06:30 INFO DAGScheduler: Registering RDD 515 (count at <unknown>:0) as input to shuffle 36
26/08/14 00:06:30 INFO DAGScheduler: Got job 43 (count at <unknown>:0) with 1 output partitions
26/08/14 00:06:30 INFO DAGScheduler: Final stage: ResultStage 80 (count at <unknown>:0)
26/08/14 00:06:30 INFO DAGScheduler: Parents of final stage: List(ShuffleMapStage 79)
26/08/14 00:06:30 INFO DAGScheduler: Missing parents: List(ShuffleMapStage 79)
26/08/14 00:06:30 INFO DAGScheduler: Submitting ShuffleMapStage 79 (MapPartitionsRDD[515] at count at <unknown>:0), which has no missing parents
26/08/14 00:06:30 INFO MemoryStore: Block broadcast_78 stored as values in memory (estimated size 64.9 KiB, free 191.1 MiB)
26/08/14 00:06:30 INFO MemoryStore: Block broadcast_78_piece0 stored as bytes in memory (estimated size 24.3 KiB, free 191.1 MiB)
26/08/14 00:06:30 INFO BlockManagerInfo: Added broadcast_78_piece0 in memory on spark-driver:35647 (size: 24.3 KiB, free: 191.2 MiB)
26/08/14 00:06:30 INFO SparkContext: Created broadcast 78 from broadcast at DAGScheduler.scala:1585
26/08/14 00:06:30 INFO DAGScheduler: Submitting 6 missing tasks from ShuffleMapStage 79 (MapPartitionsRDD[515] at count at <unknown>:0) (first 15 tasks are for partitions Vector(0, 1, 2, 3, 4, 5))
26/08/14 00:06:30 INFO TaskSchedulerImpl: Adding task set 79.0 with 6 tasks resource profile 0
26/08/14 00:06:30 INFO TaskSetManager: Starting task 0.0 in stage 79.0 (TID 281) (172.26.0.13, executor 1, partition 0, PROCESS_LOCAL, 9921 bytes) 
26/08/14 00:06:30 INFO TaskSetManager: Starting task 1.0 in stage 79.0 (TID 282) (172.26.0.13, executor 1, partition 1, PROCESS_LOCAL, 9921 bytes) 
26/08/14 00:06:30 INFO TaskSetManager: Starting task 2.0 in stage 79.0 (TID 283) (172.26.0.13, executor 1, partition 2, PROCESS_LOCAL, 9921 bytes) 
26/08/14 00:06:30 INFO BlockManagerInfo: Added broadcast_78_piece0 in memory on 172.26.0.13:39169 (size: 24.3 KiB, free: 409.3 MiB)
26/08/14 00:06:30 INFO TaskSetManager: Starting task 3.0 in stage 79.0 (TID 284) (172.26.0.13, executor 1, partition 3, PROCESS_LOCAL, 9921 bytes) 
26/08/14 00:06:30 INFO TaskSetManager: Finished task 0.0 in stage 79.0 (TID 281) in 16 ms on 172.26.0.13 (executor 1) (1/6)
26/08/14 00:06:30 INFO TaskSetManager: Starting task 4.0 in stage 79.0 (TID 285) (172.26.0.13, executor 1, partition 4, PROCESS_LOCAL, 9921 bytes) 
26/08/14 00:06:30 INFO TaskSetManager: Finished task 1.0 in stage 79.0 (TID 282) in 17 ms on 172.26.0.13 (executor 1) (2/6)
26/08/14 00:06:30 INFO TaskSetManager: Starting task 5.0 in stage 79.0 (TID 286) (172.26.0.13, executor 1, partition 5, PROCESS_LOCAL, 9921 bytes) 
26/08/14 00:06:30 INFO TaskSetManager: Finished task 2.0 in stage 79.0 (TID 283) in 18 ms on 172.26.0.13 (executor 1) (3/6)
26/08/14 00:06:30 INFO TaskSetManager: Finished task 3.0 in stage 79.0 (TID 284) in 9 ms on 172.26.0.13 (executor 1) (4/6)
26/08/14 00:06:30 INFO TaskSetManager: Finished task 5.0 in stage 79.0 (TID 286) in 6 ms on 172.26.0.13 (executor 1) (5/6)
26/08/14 00:06:30 INFO TaskSetManager: Finished task 4.0 in stage 79.0 (TID 285) in 8 ms on 172.26.0.13 (executor 1) (6/6)
26/08/14 00:06:30 INFO TaskSchedulerImpl: Removed TaskSet 79.0, whose tasks have all completed, from pool 
26/08/14 00:06:30 INFO DAGScheduler: ShuffleMapStage 79 (count at <unknown>:0) finished in 0.027 s
26/08/14 00:06:30 INFO DAGScheduler: looking for newly runnable stages
26/08/14 00:06:30 INFO DAGScheduler: running: Set()
26/08/14 00:06:30 INFO DAGScheduler: waiting: Set(ResultStage 80)
26/08/14 00:06:30 INFO DAGScheduler: failed: Set()
26/08/14 00:06:30 INFO DAGScheduler: Submitting ResultStage 80 (MapPartitionsRDD[518] at count at <unknown>:0), which has no missing parents
26/08/14 00:06:30 INFO MemoryStore: Block broadcast_79 stored as values in memory (estimated size 12.5 KiB, free 191.1 MiB)
26/08/14 00:06:30 INFO MemoryStore: Block broadcast_79_piece0 stored as bytes in memory (estimated size 5.9 KiB, free 191.1 MiB)
26/08/14 00:06:30 INFO BlockManagerInfo: Added broadcast_79_piece0 in memory on spark-driver:35647 (size: 5.9 KiB, free: 191.2 MiB)
26/08/14 00:06:30 INFO SparkContext: Created broadcast 79 from broadcast at DAGScheduler.scala:1585
26/08/14 00:06:30 INFO DAGScheduler: Submitting 1 missing tasks from ResultStage 80 (MapPartitionsRDD[518] at count at <unknown>:0) (first 15 tasks are for partitions Vector(0))
26/08/14 00:06:30 INFO TaskSchedulerImpl: Adding task set 80.0 with 1 tasks resource profile 0
26/08/14 00:06:30 INFO TaskSetManager: Starting task 0.0 in stage 80.0 (TID 287) (172.26.0.13, executor 1, partition 0, NODE_LOCAL, 9003 bytes) 
26/08/14 00:06:30 INFO BlockManagerInfo: Added broadcast_79_piece0 in memory on 172.26.0.13:39169 (size: 5.9 KiB, free: 409.3 MiB)
26/08/14 00:06:30 INFO MapOutputTrackerMasterEndpoint: Asked to send map output locations for shuffle 36 to 172.26.0.13:44738
26/08/14 00:06:30 INFO TaskSetManager: Finished task 0.0 in stage 80.0 (TID 287) in 18 ms on 172.26.0.13 (executor 1) (1/1)
26/08/14 00:06:30 INFO TaskSchedulerImpl: Removed TaskSet 80.0, whose tasks have all completed, from pool 
26/08/14 00:06:30 INFO DAGScheduler: ResultStage 80 (count at <unknown>:0) finished in 0.020 s
26/08/14 00:06:30 INFO DAGScheduler: Job 43 is finished. Cancelling potential speculative or zombie tasks for this job
26/08/14 00:06:30 INFO TaskSchedulerImpl: Killing all running tasks in stage 80: Stage finished
26/08/14 00:06:30 INFO DAGScheduler: Job 43 finished: count at <unknown>:0, took 0.052127 s
26/08/14 00:06:31 INFO CodeGenerator: Code generated in 12.4805 ms
26/08/14 00:06:31 INFO DefaultCachedBatchSerializer: Predicate isnotnull(event_time#89-T120000ms) generates partition filter: ((event_time.count#25587 - event_time.nullCount#25586) > 0)
26/08/14 00:06:31 INFO DefaultCachedBatchSerializer: Predicate (event_time#89-T120000ms < 2026-08-14 00:04:20.891) generates partition filter: (event_time.lowerBound#25585 < 2026-08-14 00:04:20.891)
26/08/14 00:06:31 INFO SparkContext: Starting job: count at <unknown>:0
26/08/14 00:06:31 INFO BlockManagerInfo: Removed broadcast_78_piece0 on spark-driver:35647 in memory (size: 24.3 KiB, free: 191.2 MiB)
26/08/14 00:06:31 INFO DAGScheduler: Registering RDD 523 (count at <unknown>:0) as input to shuffle 37
26/08/14 00:06:31 INFO DAGScheduler: Got job 44 (count at <unknown>:0) with 1 output partitions
26/08/14 00:06:31 INFO DAGScheduler: Final stage: ResultStage 82 (count at <unknown>:0)
26/08/14 00:06:31 INFO DAGScheduler: Parents of final stage: List(ShuffleMapStage 81)
26/08/14 00:06:31 INFO DAGScheduler: Missing parents: List(ShuffleMapStage 81)
26/08/14 00:06:31 INFO BlockManagerInfo: Removed broadcast_78_piece0 on 172.26.0.13:39169 in memory (size: 24.3 KiB, free: 409.3 MiB)
26/08/14 00:06:31 INFO DAGScheduler: Submitting ShuffleMapStage 81 (MapPartitionsRDD[523] at count at <unknown>:0), which has no missing parents
26/08/14 00:06:31 INFO MemoryStore: Block broadcast_80 stored as values in memory (estimated size 67.2 KiB, free 191.1 MiB)
26/08/14 00:06:31 INFO BlockManagerInfo: Removed broadcast_79_piece0 on spark-driver:35647 in memory (size: 5.9 KiB, free: 191.2 MiB)
26/08/14 00:06:31 INFO MemoryStore: Block broadcast_80_piece0 stored as bytes in memory (estimated size 25.6 KiB, free 191.1 MiB)
26/08/14 00:06:31 INFO BlockManagerInfo: Removed broadcast_79_piece0 on 172.26.0.13:39169 in memory (size: 5.9 KiB, free: 409.3 MiB)
26/08/14 00:06:31 INFO BlockManagerInfo: Added broadcast_80_piece0 in memory on spark-driver:35647 (size: 25.6 KiB, free: 191.2 MiB)
26/08/14 00:06:31 INFO SparkContext: Created broadcast 80 from broadcast at DAGScheduler.scala:1585
26/08/14 00:06:31 INFO DAGScheduler: Submitting 6 missing tasks from ShuffleMapStage 81 (MapPartitionsRDD[523] at count at <unknown>:0) (first 15 tasks are for partitions Vector(0, 1, 2, 3, 4, 5))
26/08/14 00:06:31 INFO TaskSchedulerImpl: Adding task set 81.0 with 6 tasks resource profile 0
26/08/14 00:06:31 INFO TaskSetManager: Starting task 0.0 in stage 81.0 (TID 288) (172.26.0.13, executor 1, partition 0, PROCESS_LOCAL, 9921 bytes) 
26/08/14 00:06:31 INFO TaskSetManager: Starting task 1.0 in stage 81.0 (TID 289) (172.26.0.13, executor 1, partition 1, PROCESS_LOCAL, 9921 bytes) 
26/08/14 00:06:31 INFO TaskSetManager: Starting task 2.0 in stage 81.0 (TID 290) (172.26.0.13, executor 1, partition 2, PROCESS_LOCAL, 9921 bytes) 
26/08/14 00:06:31 INFO BlockManagerInfo: Added broadcast_80_piece0 in memory on 172.26.0.13:39169 (size: 25.6 KiB, free: 409.3 MiB)
26/08/14 00:06:31 INFO TaskSetManager: Starting task 3.0 in stage 81.0 (TID 291) (172.26.0.13, executor 1, partition 3, PROCESS_LOCAL, 9921 bytes) 
26/08/14 00:06:31 INFO TaskSetManager: Finished task 0.0 in stage 81.0 (TID 288) in 46 ms on 172.26.0.13 (executor 1) (1/6)
26/08/14 00:06:31 INFO TaskSetManager: Starting task 4.0 in stage 81.0 (TID 292) (172.26.0.13, executor 1, partition 4, PROCESS_LOCAL, 9921 bytes) 
26/08/14 00:06:31 INFO TaskSetManager: Finished task 2.0 in stage 81.0 (TID 290) in 48 ms on 172.26.0.13 (executor 1) (2/6)
26/08/14 00:06:31 INFO TaskSetManager: Starting task 5.0 in stage 81.0 (TID 293) (172.26.0.13, executor 1, partition 5, PROCESS_LOCAL, 9921 bytes) 
26/08/14 00:06:31 INFO TaskSetManager: Finished task 1.0 in stage 81.0 (TID 289) in 48 ms on 172.26.0.13 (executor 1) (3/6)
26/08/14 00:06:31 INFO TaskSetManager: Finished task 5.0 in stage 81.0 (TID 293) in 8 ms on 172.26.0.13 (executor 1) (4/6)
26/08/14 00:06:31 INFO TaskSetManager: Finished task 3.0 in stage 81.0 (TID 291) in 11 ms on 172.26.0.13 (executor 1) (5/6)
26/08/14 00:06:31 INFO TaskSetManager: Finished task 4.0 in stage 81.0 (TID 292) in 9 ms on 172.26.0.13 (executor 1) (6/6)
26/08/14 00:06:31 INFO TaskSchedulerImpl: Removed TaskSet 81.0, whose tasks have all completed, from pool 
26/08/14 00:06:31 INFO DAGScheduler: ShuffleMapStage 81 (count at <unknown>:0) finished in 0.067 s
26/08/14 00:06:31 INFO DAGScheduler: looking for newly runnable stages
26/08/14 00:06:31 INFO DAGScheduler: running: Set()
26/08/14 00:06:31 INFO DAGScheduler: waiting: Set(ResultStage 82)
26/08/14 00:06:31 INFO DAGScheduler: failed: Set()
26/08/14 00:06:31 INFO DAGScheduler: Submitting ResultStage 82 (MapPartitionsRDD[526] at count at <unknown>:0), which has no missing parents
26/08/14 00:06:31 INFO MemoryStore: Block broadcast_81 stored as values in memory (estimated size 12.5 KiB, free 191.1 MiB)
26/08/14 00:06:31 INFO MemoryStore: Block broadcast_81_piece0 stored as bytes in memory (estimated size 5.9 KiB, free 191.1 MiB)
26/08/14 00:06:31 INFO BlockManagerInfo: Added broadcast_81_piece0 in memory on spark-driver:35647 (size: 5.9 KiB, free: 191.2 MiB)
26/08/14 00:06:31 INFO SparkContext: Created broadcast 81 from broadcast at DAGScheduler.scala:1585
26/08/14 00:06:31 INFO DAGScheduler: Submitting 1 missing tasks from ResultStage 82 (MapPartitionsRDD[526] at count at <unknown>:0) (first 15 tasks are for partitions Vector(0))
26/08/14 00:06:31 INFO TaskSchedulerImpl: Adding task set 82.0 with 1 tasks resource profile 0
26/08/14 00:06:31 INFO TaskSetManager: Starting task 0.0 in stage 82.0 (TID 294) (172.26.0.13, executor 1, partition 0, NODE_LOCAL, 9003 bytes) 
26/08/14 00:06:31 INFO BlockManagerInfo: Added broadcast_81_piece0 in memory on 172.26.0.13:39169 (size: 5.9 KiB, free: 409.3 MiB)
26/08/14 00:06:31 INFO MapOutputTrackerMasterEndpoint: Asked to send map output locations for shuffle 37 to 172.26.0.13:44738
26/08/14 00:06:31 INFO TaskSetManager: Finished task 0.0 in stage 82.0 (TID 294) in 12 ms on 172.26.0.13 (executor 1) (1/1)
26/08/14 00:06:31 INFO TaskSchedulerImpl: Removed TaskSet 82.0, whose tasks have all completed, from pool 
26/08/14 00:06:31 INFO DAGScheduler: ResultStage 82 (count at <unknown>:0) finished in 0.016 s
26/08/14 00:06:31 INFO DAGScheduler: Job 44 is finished. Cancelling potential speculative or zombie tasks for this job
26/08/14 00:06:31 INFO TaskSchedulerImpl: Killing all running tasks in stage 82: Stage finished
26/08/14 00:06:31 INFO DAGScheduler: Job 44 finished: count at <unknown>:0, took 0.087318 s
26/08/14 00:06:31 INFO DefaultCachedBatchSerializer: Predicate isnotnull(kind#26144) generates partition filter: ((kind.count#26213 - kind.nullCount#26212) > 0)
26/08/14 00:06:31 INFO DefaultCachedBatchSerializer: Predicate (kind#26144 = stats) generates partition filter: ((kind.lowerBound#26211 <= stats) AND (stats <= kind.upperBound#26210))
26/08/14 00:06:31 INFO SparkContext: Starting job: call at /opt/spark/python/lib/py4j-0.10.9.7-src.zip/py4j/clientserver.py:617
26/08/14 00:06:31 INFO DAGScheduler: Got job 45 (call at /opt/spark/python/lib/py4j-0.10.9.7-src.zip/py4j/clientserver.py:617) with 6 output partitions
26/08/14 00:06:31 INFO DAGScheduler: Final stage: ResultStage 83 (call at /opt/spark/python/lib/py4j-0.10.9.7-src.zip/py4j/clientserver.py:617)
26/08/14 00:06:31 INFO DAGScheduler: Parents of final stage: List()
26/08/14 00:06:31 INFO DAGScheduler: Missing parents: List()
26/08/14 00:06:31 INFO DAGScheduler: Submitting ResultStage 83 (MapPartitionsRDD[545] at call at /opt/spark/python/lib/py4j-0.10.9.7-src.zip/py4j/clientserver.py:617), which has no missing parents
26/08/14 00:06:31 INFO MemoryStore: Block broadcast_82 stored as values in memory (estimated size 89.9 KiB, free 191.0 MiB)
26/08/14 00:06:31 INFO BlockManagerInfo: Removed broadcast_80_piece0 on spark-driver:35647 in memory (size: 25.6 KiB, free: 191.2 MiB)
26/08/14 00:06:31 INFO MemoryStore: Block broadcast_82_piece0 stored as bytes in memory (estimated size 34.0 KiB, free 191.1 MiB)
26/08/14 00:06:31 INFO BlockManagerInfo: Added broadcast_82_piece0 in memory on spark-driver:35647 (size: 34.0 KiB, free: 191.2 MiB)
26/08/14 00:06:31 INFO BlockManagerInfo: Removed broadcast_80_piece0 on 172.26.0.13:39169 in memory (size: 25.6 KiB, free: 409.3 MiB)
26/08/14 00:06:31 INFO SparkContext: Created broadcast 82 from broadcast at DAGScheduler.scala:1585
26/08/14 00:06:31 INFO DAGScheduler: Submitting 6 missing tasks from ResultStage 83 (MapPartitionsRDD[545] at call at /opt/spark/python/lib/py4j-0.10.9.7-src.zip/py4j/clientserver.py:617) (first 15 tasks are for partitions Vector(0, 1, 2, 3, 4, 5))
26/08/14 00:06:31 INFO TaskSchedulerImpl: Adding task set 83.0 with 6 tasks resource profile 0
26/08/14 00:06:31 INFO TaskSetManager: Starting task 0.0 in stage 83.0 (TID 295) (172.26.0.13, executor 1, partition 0, PROCESS_LOCAL, 9932 bytes) 
26/08/14 00:06:31 INFO TaskSetManager: Starting task 1.0 in stage 83.0 (TID 296) (172.26.0.13, executor 1, partition 1, PROCESS_LOCAL, 9932 bytes) 
26/08/14 00:06:31 INFO TaskSetManager: Starting task 2.0 in stage 83.0 (TID 297) (172.26.0.13, executor 1, partition 2, PROCESS_LOCAL, 9932 bytes) 
26/08/14 00:06:31 INFO BlockManagerInfo: Removed broadcast_81_piece0 on spark-driver:35647 in memory (size: 5.9 KiB, free: 191.2 MiB)
26/08/14 00:06:31 INFO BlockManagerInfo: Removed broadcast_81_piece0 on 172.26.0.13:39169 in memory (size: 5.9 KiB, free: 409.3 MiB)
26/08/14 00:06:31 INFO BlockManagerInfo: Added broadcast_82_piece0 in memory on 172.26.0.13:39169 (size: 34.0 KiB, free: 409.3 MiB)
26/08/14 00:06:35 INFO BlockManagerInfo: Added rdd_540_0 in memory on 172.26.0.13:39169 (size: 1808.0 B, free: 409.3 MiB)
26/08/14 00:06:35 INFO BlockManagerInfo: Added rdd_540_1 in memory on 172.26.0.13:39169 (size: 1808.0 B, free: 409.3 MiB)
26/08/14 00:06:35 INFO BlockManagerInfo: Added rdd_540_2 in memory on 172.26.0.13:39169 (size: 1808.0 B, free: 409.3 MiB)
26/08/14 00:06:35 INFO TaskSetManager: Starting task 3.0 in stage 83.0 (TID 298) (172.26.0.13, executor 1, partition 3, PROCESS_LOCAL, 9932 bytes) 
26/08/14 00:06:35 INFO TaskSetManager: Finished task 0.0 in stage 83.0 (TID 295) in 4582 ms on 172.26.0.13 (executor 1) (1/6)
26/08/14 00:06:35 INFO TaskSetManager: Starting task 4.0 in stage 83.0 (TID 299) (172.26.0.13, executor 1, partition 4, PROCESS_LOCAL, 9932 bytes) 
26/08/14 00:06:35 INFO TaskSetManager: Starting task 5.0 in stage 83.0 (TID 300) (172.26.0.13, executor 1, partition 5, PROCESS_LOCAL, 9932 bytes) 
26/08/14 00:06:35 INFO TaskSetManager: Finished task 2.0 in stage 83.0 (TID 297) in 4586 ms on 172.26.0.13 (executor 1) (2/6)
26/08/14 00:06:35 INFO TaskSetManager: Finished task 1.0 in stage 83.0 (TID 296) in 4589 ms on 172.26.0.13 (executor 1) (3/6)
26/08/14 00:06:38 INFO BlockManagerInfo: Added rdd_540_4 in memory on 172.26.0.13:39169 (size: 1808.0 B, free: 409.3 MiB)
26/08/14 00:06:38 INFO TaskSetManager: Finished task 4.0 in stage 83.0 (TID 299) in 2666 ms on 172.26.0.13 (executor 1) (4/6)
26/08/14 00:06:38 INFO BlockManagerInfo: Added rdd_540_5 in memory on 172.26.0.13:39169 (size: 1808.0 B, free: 409.3 MiB)
26/08/14 00:06:38 INFO TaskSetManager: Finished task 5.0 in stage 83.0 (TID 300) in 2698 ms on 172.26.0.13 (executor 1) (5/6)
26/08/14 00:06:38 INFO BlockManagerInfo: Added rdd_540_3 in memory on 172.26.0.13:39169 (size: 1808.0 B, free: 409.3 MiB)
26/08/14 00:06:38 INFO TaskSetManager: Finished task 3.0 in stage 83.0 (TID 298) in 2850 ms on 172.26.0.13 (executor 1) (6/6)
26/08/14 00:06:38 INFO TaskSchedulerImpl: Removed TaskSet 83.0, whose tasks have all completed, from pool 
26/08/14 00:06:38 INFO DAGScheduler: ResultStage 83 (call at /opt/spark/python/lib/py4j-0.10.9.7-src.zip/py4j/clientserver.py:617) finished in 7.417 s
26/08/14 00:06:38 INFO DAGScheduler: Job 45 is finished. Cancelling potential speculative or zombie tasks for this job
26/08/14 00:06:38 INFO TaskSchedulerImpl: Killing all running tasks in stage 83: Stage finished
26/08/14 00:06:38 INFO DAGScheduler: Job 45 finished: call at /opt/spark/python/lib/py4j-0.10.9.7-src.zip/py4j/clientserver.py:617, took 7.421747 s
26/08/14 00:06:38 INFO DefaultCachedBatchSerializer: Predicate isnotnull(kind#26144) generates partition filter: ((kind.count#26296 - kind.nullCount#26295) > 0)
26/08/14 00:06:38 INFO DefaultCachedBatchSerializer: Predicate (kind#26144 = dlq) generates partition filter: ((kind.lowerBound#26294 <= dlq) AND (dlq <= kind.upperBound#26293))
26/08/14 00:06:38 INFO SparkContext: Starting job: count at <unknown>:0
26/08/14 00:06:38 INFO DAGScheduler: Registering RDD 550 (count at <unknown>:0) as input to shuffle 38
26/08/14 00:06:38 INFO DAGScheduler: Got job 46 (count at <unknown>:0) with 1 output partitions
26/08/14 00:06:38 INFO DAGScheduler: Final stage: ResultStage 85 (count at <unknown>:0)
26/08/14 00:06:38 INFO DAGScheduler: Parents of final stage: List(ShuffleMapStage 84)
26/08/14 00:06:38 INFO DAGScheduler: Missing parents: List(ShuffleMapStage 84)
26/08/14 00:06:38 INFO DAGScheduler: Submitting ShuffleMapStage 84 (MapPartitionsRDD[550] at count at <unknown>:0), which has no missing parents
26/08/14 00:06:38 INFO MemoryStore: Block broadcast_83 stored as values in memory (estimated size 92.2 KiB, free 191.0 MiB)
26/08/14 00:06:38 INFO MemoryStore: Block broadcast_83_piece0 stored as bytes in memory (estimated size 35.3 KiB, free 191.0 MiB)
26/08/14 00:06:38 INFO BlockManagerInfo: Added broadcast_83_piece0 in memory on spark-driver:35647 (size: 35.3 KiB, free: 191.1 MiB)
26/08/14 00:06:38 INFO SparkContext: Created broadcast 83 from broadcast at DAGScheduler.scala:1585
26/08/14 00:06:38 INFO DAGScheduler: Submitting 6 missing tasks from ShuffleMapStage 84 (MapPartitionsRDD[550] at count at <unknown>:0) (first 15 tasks are for partitions Vector(0, 1, 2, 3, 4, 5))
26/08/14 00:06:38 INFO TaskSchedulerImpl: Adding task set 84.0 with 6 tasks resource profile 0
26/08/14 00:06:38 INFO TaskSetManager: Starting task 0.0 in stage 84.0 (TID 301) (172.26.0.13, executor 1, partition 0, PROCESS_LOCAL, 9921 bytes) 
26/08/14 00:06:38 INFO TaskSetManager: Starting task 1.0 in stage 84.0 (TID 302) (172.26.0.13, executor 1, partition 1, PROCESS_LOCAL, 9921 bytes) 
26/08/14 00:06:38 INFO TaskSetManager: Starting task 2.0 in stage 84.0 (TID 303) (172.26.0.13, executor 1, partition 2, PROCESS_LOCAL, 9921 bytes) 
26/08/14 00:06:38 INFO BlockManagerInfo: Added broadcast_83_piece0 in memory on 172.26.0.13:39169 (size: 35.3 KiB, free: 409.3 MiB)
26/08/14 00:06:38 INFO TaskSetManager: Starting task 3.0 in stage 84.0 (TID 304) (172.26.0.13, executor 1, partition 3, PROCESS_LOCAL, 9921 bytes) 
26/08/14 00:06:38 INFO TaskSetManager: Finished task 1.0 in stage 84.0 (TID 302) in 68 ms on 172.26.0.13 (executor 1) (1/6)
26/08/14 00:06:38 INFO TaskSetManager: Starting task 4.0 in stage 84.0 (TID 305) (172.26.0.13, executor 1, partition 4, PROCESS_LOCAL, 9921 bytes) 
26/08/14 00:06:38 INFO TaskSetManager: Starting task 5.0 in stage 84.0 (TID 306) (172.26.0.13, executor 1, partition 5, PROCESS_LOCAL, 9921 bytes) 
26/08/14 00:06:38 INFO TaskSetManager: Finished task 2.0 in stage 84.0 (TID 303) in 78 ms on 172.26.0.13 (executor 1) (2/6)
26/08/14 00:06:38 INFO TaskSetManager: Finished task 0.0 in stage 84.0 (TID 301) in 79 ms on 172.26.0.13 (executor 1) (3/6)
26/08/14 00:06:38 INFO TaskSetManager: Finished task 3.0 in stage 84.0 (TID 304) in 25 ms on 172.26.0.13 (executor 1) (4/6)
26/08/14 00:06:38 INFO TaskSetManager: Finished task 4.0 in stage 84.0 (TID 305) in 26 ms on 172.26.0.13 (executor 1) (5/6)
26/08/14 00:06:38 INFO TaskSetManager: Finished task 5.0 in stage 84.0 (TID 306) in 30 ms on 172.26.0.13 (executor 1) (6/6)
26/08/14 00:06:38 INFO TaskSchedulerImpl: Removed TaskSet 84.0, whose tasks have all completed, from pool 
26/08/14 00:06:38 INFO DAGScheduler: ShuffleMapStage 84 (count at <unknown>:0) finished in 0.122 s
26/08/14 00:06:38 INFO DAGScheduler: looking for newly runnable stages
26/08/14 00:06:38 INFO DAGScheduler: running: Set()
26/08/14 00:06:38 INFO DAGScheduler: waiting: Set(ResultStage 85)
26/08/14 00:06:38 INFO DAGScheduler: failed: Set()
26/08/14 00:06:38 INFO DAGScheduler: Submitting ResultStage 85 (MapPartitionsRDD[553] at count at <unknown>:0), which has no missing parents
26/08/14 00:06:38 INFO MemoryStore: Block broadcast_84 stored as values in memory (estimated size 12.5 KiB, free 191.0 MiB)
26/08/14 00:06:38 INFO MemoryStore: Block broadcast_84_piece0 stored as bytes in memory (estimated size 6.0 KiB, free 190.9 MiB)
26/08/14 00:06:38 INFO BlockManagerInfo: Added broadcast_84_piece0 in memory on spark-driver:35647 (size: 6.0 KiB, free: 191.1 MiB)
26/08/14 00:06:38 INFO SparkContext: Created broadcast 84 from broadcast at DAGScheduler.scala:1585
26/08/14 00:06:38 INFO DAGScheduler: Submitting 1 missing tasks from ResultStage 85 (MapPartitionsRDD[553] at count at <unknown>:0) (first 15 tasks are for partitions Vector(0))
26/08/14 00:06:38 INFO TaskSchedulerImpl: Adding task set 85.0 with 1 tasks resource profile 0
26/08/14 00:06:38 INFO TaskSetManager: Starting task 0.0 in stage 85.0 (TID 307) (172.26.0.13, executor 1, partition 0, NODE_LOCAL, 9003 bytes) 
26/08/14 00:06:38 INFO BlockManagerInfo: Added broadcast_84_piece0 in memory on 172.26.0.13:39169 (size: 6.0 KiB, free: 409.3 MiB)
26/08/14 00:06:38 INFO MapOutputTrackerMasterEndpoint: Asked to send map output locations for shuffle 38 to 172.26.0.13:44738
26/08/14 00:06:38 INFO TaskSetManager: Finished task 0.0 in stage 85.0 (TID 307) in 33 ms on 172.26.0.13 (executor 1) (1/1)
26/08/14 00:06:38 INFO TaskSchedulerImpl: Removed TaskSet 85.0, whose tasks have all completed, from pool 
26/08/14 00:06:38 INFO DAGScheduler: ResultStage 85 (count at <unknown>:0) finished in 0.044 s
26/08/14 00:06:38 INFO DAGScheduler: Job 46 is finished. Cancelling potential speculative or zombie tasks for this job
26/08/14 00:06:38 INFO TaskSchedulerImpl: Killing all running tasks in stage 85: Stage finished
26/08/14 00:06:38 INFO DAGScheduler: Job 46 finished: count at <unknown>:0, took 0.178635 s
26/08/14 00:06:38 INFO MapPartitionsRDD: Removing RDD 540 from persistence list
26/08/14 00:06:38 INFO BlockManager: Removing RDD 540
26/08/14 00:06:38 INFO BlockManagerInfo: Removed broadcast_84_piece0 on spark-driver:35647 in memory (size: 6.0 KiB, free: 191.1 MiB)
26/08/14 00:06:38 INFO BlockManagerInfo: Removed broadcast_84_piece0 on 172.26.0.13:39169 in memory (size: 6.0 KiB, free: 409.3 MiB)
26/08/14 00:06:38 INFO BlockManagerInfo: Removed broadcast_83_piece0 on spark-driver:35647 in memory (size: 35.3 KiB, free: 191.2 MiB)
26/08/14 00:06:38 INFO BlockManagerInfo: Removed broadcast_83_piece0 on 172.26.0.13:39169 in memory (size: 35.3 KiB, free: 409.3 MiB)
26/08/14 00:06:38 INFO BlockManagerInfo: Removed broadcast_82_piece0 on spark-driver:35647 in memory (size: 34.0 KiB, free: 191.2 MiB)
26/08/14 00:06:38 INFO BlockManagerInfo: Removed broadcast_82_piece0 on 172.26.0.13:39169 in memory (size: 34.0 KiB, free: 409.3 MiB)
26/08/14 00:06:39 INFO SparkContext: Starting job: call at /opt/spark/python/lib/py4j-0.10.9.7-src.zip/py4j/clientserver.py:617
26/08/14 00:06:39 INFO DAGScheduler: Registering RDD 558 (call at /opt/spark/python/lib/py4j-0.10.9.7-src.zip/py4j/clientserver.py:617) as input to shuffle 39
26/08/14 00:06:39 INFO DAGScheduler: Got job 47 (call at /opt/spark/python/lib/py4j-0.10.9.7-src.zip/py4j/clientserver.py:617) with 1 output partitions
26/08/14 00:06:39 INFO DAGScheduler: Final stage: ResultStage 87 (call at /opt/spark/python/lib/py4j-0.10.9.7-src.zip/py4j/clientserver.py:617)
26/08/14 00:06:39 INFO DAGScheduler: Parents of final stage: List(ShuffleMapStage 86)
26/08/14 00:06:39 INFO DAGScheduler: Missing parents: List(ShuffleMapStage 86)
26/08/14 00:06:39 INFO DAGScheduler: Submitting ShuffleMapStage 86 (MapPartitionsRDD[558] at call at /opt/spark/python/lib/py4j-0.10.9.7-src.zip/py4j/clientserver.py:617), which has no missing parents
26/08/14 00:06:39 INFO MemoryStore: Block broadcast_85 stored as values in memory (estimated size 66.1 KiB, free 191.1 MiB)
26/08/14 00:06:39 INFO MemoryStore: Block broadcast_85_piece0 stored as bytes in memory (estimated size 24.8 KiB, free 191.1 MiB)
26/08/14 00:06:39 INFO BlockManagerInfo: Added broadcast_85_piece0 in memory on spark-driver:35647 (size: 24.8 KiB, free: 191.2 MiB)
26/08/14 00:06:39 INFO SparkContext: Created broadcast 85 from broadcast at DAGScheduler.scala:1585
26/08/14 00:06:39 INFO DAGScheduler: Submitting 6 missing tasks from ShuffleMapStage 86 (MapPartitionsRDD[558] at call at /opt/spark/python/lib/py4j-0.10.9.7-src.zip/py4j/clientserver.py:617) (first 15 tasks are for partitions Vector(0, 1, 2, 3, 4, 5))
26/08/14 00:06:39 INFO TaskSchedulerImpl: Adding task set 86.0 with 6 tasks resource profile 0
26/08/14 00:06:39 INFO TaskSetManager: Starting task 0.0 in stage 86.0 (TID 308) (172.26.0.13, executor 1, partition 0, PROCESS_LOCAL, 9921 bytes) 
26/08/14 00:06:39 INFO TaskSetManager: Starting task 1.0 in stage 86.0 (TID 309) (172.26.0.13, executor 1, partition 1, PROCESS_LOCAL, 9921 bytes) 
26/08/14 00:06:39 INFO TaskSetManager: Starting task 2.0 in stage 86.0 (TID 310) (172.26.0.13, executor 1, partition 2, PROCESS_LOCAL, 9921 bytes) 
26/08/14 00:06:39 INFO BlockManagerInfo: Added broadcast_85_piece0 in memory on 172.26.0.13:39169 (size: 24.8 KiB, free: 409.3 MiB)
26/08/14 00:06:39 INFO TaskSetManager: Starting task 3.0 in stage 86.0 (TID 311) (172.26.0.13, executor 1, partition 3, PROCESS_LOCAL, 9921 bytes) 
26/08/14 00:06:39 INFO TaskSetManager: Finished task 0.0 in stage 86.0 (TID 308) in 29 ms on 172.26.0.13 (executor 1) (1/6)
26/08/14 00:06:39 INFO TaskSetManager: Starting task 4.0 in stage 86.0 (TID 312) (172.26.0.13, executor 1, partition 4, PROCESS_LOCAL, 9921 bytes) 
26/08/14 00:06:39 INFO TaskSetManager: Finished task 2.0 in stage 86.0 (TID 310) in 28 ms on 172.26.0.13 (executor 1) (2/6)
26/08/14 00:06:39 INFO TaskSetManager: Starting task 5.0 in stage 86.0 (TID 313) (172.26.0.13, executor 1, partition 5, PROCESS_LOCAL, 9921 bytes) 
26/08/14 00:06:39 INFO TaskSetManager: Finished task 1.0 in stage 86.0 (TID 309) in 30 ms on 172.26.0.13 (executor 1) (3/6)
26/08/14 00:06:39 INFO TaskSetManager: Finished task 3.0 in stage 86.0 (TID 311) in 13 ms on 172.26.0.13 (executor 1) (4/6)
26/08/14 00:06:39 INFO TaskSetManager: Finished task 4.0 in stage 86.0 (TID 312) in 18 ms on 172.26.0.13 (executor 1) (5/6)
26/08/14 00:06:39 INFO TaskSetManager: Finished task 5.0 in stage 86.0 (TID 313) in 18 ms on 172.26.0.13 (executor 1) (6/6)
26/08/14 00:06:39 INFO TaskSchedulerImpl: Removed TaskSet 86.0, whose tasks have all completed, from pool 
26/08/14 00:06:39 INFO DAGScheduler: ShuffleMapStage 86 (call at /opt/spark/python/lib/py4j-0.10.9.7-src.zip/py4j/clientserver.py:617) finished in 0.052 s
26/08/14 00:06:39 INFO DAGScheduler: looking for newly runnable stages
26/08/14 00:06:39 INFO DAGScheduler: running: Set()
26/08/14 00:06:39 INFO DAGScheduler: waiting: Set(ResultStage 87)
26/08/14 00:06:39 INFO DAGScheduler: failed: Set()
26/08/14 00:06:39 INFO DAGScheduler: Submitting ResultStage 87 (MapPartitionsRDD[561] at call at /opt/spark/python/lib/py4j-0.10.9.7-src.zip/py4j/clientserver.py:617), which has no missing parents
26/08/14 00:06:39 INFO MemoryStore: Block broadcast_86 stored as values in memory (estimated size 13.1 KiB, free 191.1 MiB)
26/08/14 00:06:39 INFO MemoryStore: Block broadcast_86_piece0 stored as bytes in memory (estimated size 6.1 KiB, free 191.1 MiB)
26/08/14 00:06:39 INFO BlockManagerInfo: Added broadcast_86_piece0 in memory on spark-driver:35647 (size: 6.1 KiB, free: 191.2 MiB)
26/08/14 00:06:39 INFO SparkContext: Created broadcast 86 from broadcast at DAGScheduler.scala:1585
26/08/14 00:06:39 INFO DAGScheduler: Submitting 1 missing tasks from ResultStage 87 (MapPartitionsRDD[561] at call at /opt/spark/python/lib/py4j-0.10.9.7-src.zip/py4j/clientserver.py:617) (first 15 tasks are for partitions Vector(0))
26/08/14 00:06:39 INFO TaskSchedulerImpl: Adding task set 87.0 with 1 tasks resource profile 0
26/08/14 00:06:39 INFO TaskSetManager: Starting task 0.0 in stage 87.0 (TID 314) (172.26.0.13, executor 1, partition 0, NODE_LOCAL, 9003 bytes) 
26/08/14 00:06:39 INFO BlockManagerInfo: Added broadcast_86_piece0 in memory on 172.26.0.13:39169 (size: 6.1 KiB, free: 409.3 MiB)
26/08/14 00:06:39 INFO MapOutputTrackerMasterEndpoint: Asked to send map output locations for shuffle 39 to 172.26.0.13:44738
26/08/14 00:06:39 INFO TaskSetManager: Finished task 0.0 in stage 87.0 (TID 314) in 23 ms on 172.26.0.13 (executor 1) (1/1)
26/08/14 00:06:39 INFO TaskSchedulerImpl: Removed TaskSet 87.0, whose tasks have all completed, from pool 
26/08/14 00:06:39 INFO DAGScheduler: ResultStage 87 (call at /opt/spark/python/lib/py4j-0.10.9.7-src.zip/py4j/clientserver.py:617) finished in 0.027 s
26/08/14 00:06:39 INFO DAGScheduler: Job 47 is finished. Cancelling potential speculative or zombie tasks for this job
26/08/14 00:06:39 INFO TaskSchedulerImpl: Killing all running tasks in stage 87: Stage finished
26/08/14 00:06:39 INFO DAGScheduler: Job 47 finished: call at /opt/spark/python/lib/py4j-0.10.9.7-src.zip/py4j/clientserver.py:617, took 0.084104 s
26/08/14 00:06:39 INFO MapPartitionsRDD: Removing RDD 502 from persistence list
26/08/14 00:06:39 INFO BlockManager: Removing RDD 502
26/08/14 00:06:39 INFO WatermarkTracker: Updating event-time watermark from 1786665860891 to 1786665870481 ms
26/08/14 00:06:39 INFO CheckpointFileManager: Writing atomically to file:/opt/checkpoints/trips/commits/8 using temp file file:/opt/checkpoints/trips/commits/.8.372b1a56-2043-43a7-8612-3a6dc2f3aa55.tmp
26/08/14 00:06:39 INFO CheckpointFileManager: Renamed temp file file:/opt/checkpoints/trips/commits/.8.372b1a56-2043-43a7-8612-3a6dc2f3aa55.tmp to file:/opt/checkpoints/trips/commits/8
26/08/14 00:06:39 INFO MicroBatchExecution: Streaming query made progress: {
  "id" : "5809875d-4e3d-4fb3-8383-949c002374c9",
  "runId" : "d3ba1340-2011-4780-b92f-e7e48f2e3457",
  "name" : "trips-ingest-chaos_kill_executor_1",
  "timestamp" : "2026-08-14T00:06:30.533Z",
  "batchId" : 8,
  "numInputRows" : 7642,
  "inputRowsPerSecond" : 799.4560100428915,
  "processedRowsPerSecond" : 880.2119327343929,
  "durationMs" : {
    "addBatch" : 8546,
    "commitOffsets" : 72,
    "getBatch" : 0,
    "latestOffset" : 17,
    "queryPlanning" : 22,
    "triggerExecution" : 8682,
    "walCommit" : 20
  },
  "eventTime" : {
    "avg" : "2026-08-14T00:06:24.260Z",
    "max" : "2026-08-14T00:06:30.481Z",
    "min" : "2026-08-14T00:06:18.040Z",
    "watermark" : "2026-08-14T00:04:20.891Z"
  },
  "stateOperators" : [ ],
  "sources" : [ {
    "description" : "KafkaV2[Subscribe[trips.raw]]",
    "startOffset" : {
      "trips.raw" : {
        "2" : 210335,
        "5" : 209153,
        "4" : 210168,
        "1" : 210126,
        "3" : 209972,
        "0" : 209866
      }
    },
    "endOffset" : {
      "trips.raw" : {
        "2" : 211603,
        "5" : 210452,
        "4" : 211382,
        "1" : 211357,
        "3" : 211298,
        "0" : 211170
      }
    },
    "latestOffset" : {
      "trips.raw" : {
        "2" : 211603,
        "5" : 210452,
        "4" : 211382,
        "1" : 211357,
        "3" : 211298,
        "0" : 211170
      }
    },
    "numInputRows" : 7642,
    "inputRowsPerSecond" : 799.4560100428915,
    "processedRowsPerSecond" : 880.2119327343929,
    "metrics" : {
      "avgOffsetsBehindLatest" : "0.0",
      "maxOffsetsBehindLatest" : "0",
      "minOffsetsBehindLatest" : "0"
    }
  } ],
  "sink" : {
    "description" : "ForeachBatchSink",
    "numOutputRows" : -1
  }
}
26/08/14 00:06:39 INFO CheckpointFileManager: Writing atomically to file:/opt/checkpoints/trips/offsets/9 using temp file file:/opt/checkpoints/trips/offsets/.9.95cda0ed-b995-40a0-8b9a-d35bab29abe2.tmp
26/08/14 00:06:39 INFO CheckpointFileManager: Renamed temp file file:/opt/checkpoints/trips/offsets/.9.95cda0ed-b995-40a0-8b9a-d35bab29abe2.tmp to file:/opt/checkpoints/trips/offsets/9
26/08/14 00:06:39 INFO MicroBatchExecution: Committed offsets for batch 9. Metadata OffsetSeqMetadata(1786665870481,1786665999242,Map(spark.sql.streaming.stateStore.providerClass -> org.apache.spark.sql.execution.streaming.state.HDFSBackedStateStoreProvider, spark.sql.streaming.join.stateFormatVersion -> 2, spark.sql.streaming.stateStore.compression.codec -> lz4, spark.sql.streaming.stateStore.rocksdb.formatVersion -> 5, spark.sql.streaming.statefulOperator.useStrictDistribution -> true, spark.sql.streaming.flatMapGroupsWithState.stateFormatVersion -> 2, spark.sql.streaming.multipleWatermarkPolicy -> min, spark.sql.streaming.aggregation.stateFormatVersion -> 2, spark.sql.shuffle.partitions -> 6))
26/08/14 00:06:39 INFO KafkaOffsetReaderAdmin: Partitions added: Map()
26/08/14 00:06:39 INFO KafkaOffsetReaderAdmin: Partitions added: Map()
26/08/14 00:06:39 INFO KafkaOffsetReaderAdmin: Partitions added: Map()
26/08/14 00:06:39 INFO KafkaOffsetReaderAdmin: Partitions added: Map()
26/08/14 00:06:39 INFO BlockManagerInfo: Removed broadcast_86_piece0 on spark-driver:35647 in memory (size: 6.1 KiB, free: 191.2 MiB)
26/08/14 00:06:39 INFO BlockManagerInfo: Removed broadcast_86_piece0 on 172.26.0.13:39169 in memory (size: 6.1 KiB, free: 413.9 MiB)
26/08/14 00:06:39 INFO BlockManagerInfo: Removed broadcast_85_piece0 on spark-driver:35647 in memory (size: 24.8 KiB, free: 191.2 MiB)
26/08/14 00:06:39 INFO BlockManagerInfo: Removed broadcast_85_piece0 on 172.26.0.13:39169 in memory (size: 24.8 KiB, free: 413.9 MiB)
2026-08-14 00:06:39,365 INFO  [stream] Received command c on object id p0
26/08/14 00:06:39 INFO SparkContext: Starting job: count at <unknown>:0
26/08/14 00:06:39 INFO DAGScheduler: Registering RDD 576 (count at <unknown>:0) as input to shuffle 40
26/08/14 00:06:39 INFO DAGScheduler: Got job 48 (count at <unknown>:0) with 1 output partitions
26/08/14 00:06:39 INFO DAGScheduler: Final stage: ResultStage 89 (count at <unknown>:0)
26/08/14 00:06:39 INFO DAGScheduler: Parents of final stage: List(ShuffleMapStage 88)
26/08/14 00:06:39 INFO DAGScheduler: Missing parents: List(ShuffleMapStage 88)
26/08/14 00:06:39 INFO DAGScheduler: Submitting ShuffleMapStage 88 (MapPartitionsRDD[576] at count at <unknown>:0), which has no missing parents
26/08/14 00:06:39 INFO MemoryStore: Block broadcast_87 stored as values in memory (estimated size 64.5 KiB, free 191.1 MiB)
26/08/14 00:06:39 INFO MemoryStore: Block broadcast_87_piece0 stored as bytes in memory (estimated size 24.1 KiB, free 191.1 MiB)
26/08/14 00:06:39 INFO BlockManagerInfo: Added broadcast_87_piece0 in memory on spark-driver:35647 (size: 24.1 KiB, free: 191.2 MiB)
26/08/14 00:06:39 INFO SparkContext: Created broadcast 87 from broadcast at DAGScheduler.scala:1585
26/08/14 00:06:39 INFO DAGScheduler: Submitting 6 missing tasks from ShuffleMapStage 88 (MapPartitionsRDD[576] at count at <unknown>:0) (first 15 tasks are for partitions Vector(0, 1, 2, 3, 4, 5))
26/08/14 00:06:39 INFO TaskSchedulerImpl: Adding task set 88.0 with 6 tasks resource profile 0
26/08/14 00:06:39 INFO TaskSetManager: Starting task 0.0 in stage 88.0 (TID 315) (172.26.0.13, executor 1, partition 0, PROCESS_LOCAL, 9921 bytes) 
26/08/14 00:06:39 INFO TaskSetManager: Starting task 1.0 in stage 88.0 (TID 316) (172.26.0.13, executor 1, partition 1, PROCESS_LOCAL, 9921 bytes) 
26/08/14 00:06:39 INFO TaskSetManager: Starting task 2.0 in stage 88.0 (TID 317) (172.26.0.13, executor 1, partition 2, PROCESS_LOCAL, 9921 bytes) 
26/08/14 00:06:39 INFO BlockManagerInfo: Added broadcast_87_piece0 in memory on 172.26.0.13:39169 (size: 24.1 KiB, free: 413.9 MiB)
26/08/14 00:06:39 INFO BlockManagerInfo: Added rdd_571_2 in memory on 172.26.0.13:39169 (size: 688.5 KiB, free: 413.2 MiB)
26/08/14 00:06:39 INFO BlockManagerInfo: Added rdd_571_1 in memory on 172.26.0.13:39169 (size: 727.1 KiB, free: 412.5 MiB)
26/08/14 00:06:39 INFO BlockManagerInfo: Added rdd_571_0 in memory on 172.26.0.13:39169 (size: 705.0 KiB, free: 411.8 MiB)
26/08/14 00:06:39 INFO TaskSetManager: Starting task 3.0 in stage 88.0 (TID 318) (172.26.0.13, executor 1, partition 3, PROCESS_LOCAL, 9921 bytes) 
26/08/14 00:06:39 INFO TaskSetManager: Starting task 4.0 in stage 88.0 (TID 319) (172.26.0.13, executor 1, partition 4, PROCESS_LOCAL, 9921 bytes) 
26/08/14 00:06:39 INFO TaskSetManager: Finished task 2.0 in stage 88.0 (TID 317) in 393 ms on 172.26.0.13 (executor 1) (1/6)
26/08/14 00:06:39 INFO TaskSetManager: Starting task 5.0 in stage 88.0 (TID 320) (172.26.0.13, executor 1, partition 5, PROCESS_LOCAL, 9921 bytes) 
26/08/14 00:06:39 INFO TaskSetManager: Finished task 1.0 in stage 88.0 (TID 316) in 394 ms on 172.26.0.13 (executor 1) (2/6)
26/08/14 00:06:39 INFO TaskSetManager: Finished task 0.0 in stage 88.0 (TID 315) in 395 ms on 172.26.0.13 (executor 1) (3/6)
26/08/14 00:06:39 INFO BlockManagerInfo: Added rdd_571_3 in memory on 172.26.0.13:39169 (size: 701.0 KiB, free: 411.1 MiB)
26/08/14 00:06:39 INFO BlockManagerInfo: Added rdd_571_4 in memory on 172.26.0.13:39169 (size: 736.8 KiB, free: 410.4 MiB)
26/08/14 00:06:39 INFO BlockManagerInfo: Added rdd_571_5 in memory on 172.26.0.13:39169 (size: 716.1 KiB, free: 409.7 MiB)
26/08/14 00:06:39 INFO TaskSetManager: Finished task 3.0 in stage 88.0 (TID 318) in 106 ms on 172.26.0.13 (executor 1) (4/6)
26/08/14 00:06:39 INFO TaskSetManager: Finished task 4.0 in stage 88.0 (TID 319) in 106 ms on 172.26.0.13 (executor 1) (5/6)
26/08/14 00:06:39 INFO TaskSetManager: Finished task 5.0 in stage 88.0 (TID 320) in 105 ms on 172.26.0.13 (executor 1) (6/6)
26/08/14 00:06:39 INFO TaskSchedulerImpl: Removed TaskSet 88.0, whose tasks have all completed, from pool 
26/08/14 00:06:39 INFO DAGScheduler: ShuffleMapStage 88 (count at <unknown>:0) finished in 0.508 s
26/08/14 00:06:39 INFO DAGScheduler: looking for newly runnable stages
26/08/14 00:06:39 INFO DAGScheduler: running: Set()
26/08/14 00:06:39 INFO DAGScheduler: waiting: Set(ResultStage 89)
26/08/14 00:06:39 INFO DAGScheduler: failed: Set()
26/08/14 00:06:39 INFO DAGScheduler: Submitting ResultStage 89 (MapPartitionsRDD[579] at count at <unknown>:0), which has no missing parents
26/08/14 00:06:39 INFO MemoryStore: Block broadcast_88 stored as values in memory (estimated size 12.5 KiB, free 191.1 MiB)
26/08/14 00:06:39 INFO MemoryStore: Block broadcast_88_piece0 stored as bytes in memory (estimated size 5.9 KiB, free 191.1 MiB)
26/08/14 00:06:39 INFO BlockManagerInfo: Added broadcast_88_piece0 in memory on spark-driver:35647 (size: 5.9 KiB, free: 191.2 MiB)
26/08/14 00:06:39 INFO SparkContext: Created broadcast 88 from broadcast at DAGScheduler.scala:1585
26/08/14 00:06:39 INFO DAGScheduler: Submitting 1 missing tasks from ResultStage 89 (MapPartitionsRDD[579] at count at <unknown>:0) (first 15 tasks are for partitions Vector(0))
26/08/14 00:06:39 INFO TaskSchedulerImpl: Adding task set 89.0 with 1 tasks resource profile 0
26/08/14 00:06:39 INFO TaskSetManager: Starting task 0.0 in stage 89.0 (TID 321) (172.26.0.13, executor 1, partition 0, NODE_LOCAL, 9003 bytes) 
26/08/14 00:06:39 INFO BlockManagerInfo: Added broadcast_88_piece0 in memory on 172.26.0.13:39169 (size: 5.9 KiB, free: 409.7 MiB)
26/08/14 00:06:39 INFO MapOutputTrackerMasterEndpoint: Asked to send map output locations for shuffle 40 to 172.26.0.13:44738
26/08/14 00:06:39 INFO TaskSetManager: Finished task 0.0 in stage 89.0 (TID 321) in 20 ms on 172.26.0.13 (executor 1) (1/1)
26/08/14 00:06:39 INFO TaskSchedulerImpl: Removed TaskSet 89.0, whose tasks have all completed, from pool 
26/08/14 00:06:39 INFO DAGScheduler: ResultStage 89 (count at <unknown>:0) finished in 0.027 s
26/08/14 00:06:39 INFO DAGScheduler: Job 48 is finished. Cancelling potential speculative or zombie tasks for this job
26/08/14 00:06:39 INFO TaskSchedulerImpl: Killing all running tasks in stage 89: Stage finished
26/08/14 00:06:39 INFO DAGScheduler: Job 48 finished: count at <unknown>:0, took 0.544588 s
26/08/14 00:06:39 INFO BlockManagerInfo: Removed broadcast_88_piece0 on spark-driver:35647 in memory (size: 5.9 KiB, free: 191.2 MiB)
26/08/14 00:06:39 INFO BlockManagerInfo: Removed broadcast_88_piece0 on 172.26.0.13:39169 in memory (size: 5.9 KiB, free: 409.7 MiB)
26/08/14 00:06:39 INFO BlockManagerInfo: Removed broadcast_87_piece0 on spark-driver:35647 in memory (size: 24.1 KiB, free: 191.2 MiB)
26/08/14 00:06:39 INFO BlockManagerInfo: Removed broadcast_87_piece0 on 172.26.0.13:39169 in memory (size: 24.1 KiB, free: 409.8 MiB)
26/08/14 00:06:39 INFO SparkContext: Starting job: count at <unknown>:0
26/08/14 00:06:39 INFO DAGScheduler: Registering RDD 584 (count at <unknown>:0) as input to shuffle 41
26/08/14 00:06:39 INFO DAGScheduler: Got job 49 (count at <unknown>:0) with 1 output partitions
26/08/14 00:06:39 INFO DAGScheduler: Final stage: ResultStage 91 (count at <unknown>:0)
26/08/14 00:06:39 INFO DAGScheduler: Parents of final stage: List(ShuffleMapStage 90)
26/08/14 00:06:39 INFO DAGScheduler: Missing parents: List(ShuffleMapStage 90)
26/08/14 00:06:39 INFO DAGScheduler: Submitting ShuffleMapStage 90 (MapPartitionsRDD[584] at count at <unknown>:0), which has no missing parents
26/08/14 00:06:39 INFO MemoryStore: Block broadcast_89 stored as values in memory (estimated size 64.9 KiB, free 191.1 MiB)
26/08/14 00:06:39 INFO MemoryStore: Block broadcast_89_piece0 stored as bytes in memory (estimated size 24.3 KiB, free 191.1 MiB)
26/08/14 00:06:39 INFO BlockManagerInfo: Added broadcast_89_piece0 in memory on spark-driver:35647 (size: 24.3 KiB, free: 191.2 MiB)
26/08/14 00:06:39 INFO SparkContext: Created broadcast 89 from broadcast at DAGScheduler.scala:1585
26/08/14 00:06:39 INFO DAGScheduler: Submitting 6 missing tasks from ShuffleMapStage 90 (MapPartitionsRDD[584] at count at <unknown>:0) (first 15 tasks are for partitions Vector(0, 1, 2, 3, 4, 5))
26/08/14 00:06:39 INFO TaskSchedulerImpl: Adding task set 90.0 with 6 tasks resource profile 0
26/08/14 00:06:39 INFO TaskSetManager: Starting task 0.0 in stage 90.0 (TID 322) (172.26.0.13, executor 1, partition 0, PROCESS_LOCAL, 9921 bytes) 
26/08/14 00:06:39 INFO TaskSetManager: Starting task 1.0 in stage 90.0 (TID 323) (172.26.0.13, executor 1, partition 1, PROCESS_LOCAL, 9921 bytes) 
26/08/14 00:06:39 INFO TaskSetManager: Starting task 2.0 in stage 90.0 (TID 324) (172.26.0.13, executor 1, partition 2, PROCESS_LOCAL, 9921 bytes) 
26/08/14 00:06:40 INFO BlockManagerInfo: Added broadcast_89_piece0 in memory on 172.26.0.13:39169 (size: 24.3 KiB, free: 409.7 MiB)
26/08/14 00:06:40 INFO TaskSetManager: Starting task 3.0 in stage 90.0 (TID 325) (172.26.0.13, executor 1, partition 3, PROCESS_LOCAL, 9921 bytes) 
26/08/14 00:06:40 INFO TaskSetManager: Finished task 2.0 in stage 90.0 (TID 324) in 34 ms on 172.26.0.13 (executor 1) (1/6)
26/08/14 00:06:40 INFO TaskSetManager: Starting task 4.0 in stage 90.0 (TID 326) (172.26.0.13, executor 1, partition 4, PROCESS_LOCAL, 9921 bytes) 
26/08/14 00:06:40 INFO TaskSetManager: Starting task 5.0 in stage 90.0 (TID 327) (172.26.0.13, executor 1, partition 5, PROCESS_LOCAL, 9921 bytes) 
26/08/14 00:06:40 INFO TaskSetManager: Finished task 0.0 in stage 90.0 (TID 322) in 35 ms on 172.26.0.13 (executor 1) (2/6)
26/08/14 00:06:40 INFO TaskSetManager: Finished task 1.0 in stage 90.0 (TID 323) in 35 ms on 172.26.0.13 (executor 1) (3/6)
26/08/14 00:06:40 INFO TaskSetManager: Finished task 3.0 in stage 90.0 (TID 325) in 9 ms on 172.26.0.13 (executor 1) (4/6)
26/08/14 00:06:40 INFO TaskSetManager: Finished task 5.0 in stage 90.0 (TID 327) in 9 ms on 172.26.0.13 (executor 1) (5/6)
26/08/14 00:06:40 INFO TaskSetManager: Finished task 4.0 in stage 90.0 (TID 326) in 9 ms on 172.26.0.13 (executor 1) (6/6)
26/08/14 00:06:40 INFO TaskSchedulerImpl: Removed TaskSet 90.0, whose tasks have all completed, from pool 
26/08/14 00:06:40 INFO DAGScheduler: ShuffleMapStage 90 (count at <unknown>:0) finished in 0.046 s
26/08/14 00:06:40 INFO DAGScheduler: looking for newly runnable stages
26/08/14 00:06:40 INFO DAGScheduler: running: Set()
26/08/14 00:06:40 INFO DAGScheduler: waiting: Set(ResultStage 91)
26/08/14 00:06:40 INFO DAGScheduler: failed: Set()
26/08/14 00:06:40 INFO DAGScheduler: Submitting ResultStage 91 (MapPartitionsRDD[587] at count at <unknown>:0), which has no missing parents
26/08/14 00:06:40 INFO MemoryStore: Block broadcast_90 stored as values in memory (estimated size 12.5 KiB, free 191.1 MiB)
26/08/14 00:06:40 INFO MemoryStore: Block broadcast_90_piece0 stored as bytes in memory (estimated size 5.9 KiB, free 191.1 MiB)
26/08/14 00:06:40 INFO BlockManagerInfo: Added broadcast_90_piece0 in memory on spark-driver:35647 (size: 5.9 KiB, free: 191.2 MiB)
26/08/14 00:06:40 INFO SparkContext: Created broadcast 90 from broadcast at DAGScheduler.scala:1585
26/08/14 00:06:40 INFO DAGScheduler: Submitting 1 missing tasks from ResultStage 91 (MapPartitionsRDD[587] at count at <unknown>:0) (first 15 tasks are for partitions Vector(0))
26/08/14 00:06:40 INFO TaskSchedulerImpl: Adding task set 91.0 with 1 tasks resource profile 0
26/08/14 00:06:40 INFO TaskSetManager: Starting task 0.0 in stage 91.0 (TID 328) (172.26.0.13, executor 1, partition 0, NODE_LOCAL, 9003 bytes) 
26/08/14 00:06:40 INFO BlockManagerInfo: Added broadcast_90_piece0 in memory on 172.26.0.13:39169 (size: 5.9 KiB, free: 409.7 MiB)
26/08/14 00:06:40 INFO MapOutputTrackerMasterEndpoint: Asked to send map output locations for shuffle 41 to 172.26.0.13:44738
26/08/14 00:06:40 INFO TaskSetManager: Finished task 0.0 in stage 91.0 (TID 328) in 12 ms on 172.26.0.13 (executor 1) (1/1)
26/08/14 00:06:40 INFO TaskSchedulerImpl: Removed TaskSet 91.0, whose tasks have all completed, from pool 
26/08/14 00:06:40 INFO DAGScheduler: ResultStage 91 (count at <unknown>:0) finished in 0.015 s
26/08/14 00:06:40 INFO DAGScheduler: Job 49 is finished. Cancelling potential speculative or zombie tasks for this job
26/08/14 00:06:40 INFO TaskSchedulerImpl: Killing all running tasks in stage 91: Stage finished
26/08/14 00:06:40 INFO DAGScheduler: Job 49 finished: count at <unknown>:0, took 0.064446 s
26/08/14 00:06:40 INFO CodeGenerator: Code generated in 11.766459 ms
26/08/14 00:06:40 INFO DefaultCachedBatchSerializer: Predicate isnotnull(event_time#89-T120000ms) generates partition filter: ((event_time.count#28916 - event_time.nullCount#28915) > 0)
26/08/14 00:06:40 INFO DefaultCachedBatchSerializer: Predicate (event_time#89-T120000ms < 2026-08-14 00:04:30.481) generates partition filter: (event_time.lowerBound#28914 < 2026-08-14 00:04:30.481)
26/08/14 00:06:40 INFO SparkContext: Starting job: count at <unknown>:0
26/08/14 00:06:40 INFO DAGScheduler: Registering RDD 592 (count at <unknown>:0) as input to shuffle 42
26/08/14 00:06:40 INFO DAGScheduler: Got job 50 (count at <unknown>:0) with 1 output partitions
26/08/14 00:06:40 INFO DAGScheduler: Final stage: ResultStage 93 (count at <unknown>:0)
26/08/14 00:06:40 INFO DAGScheduler: Parents of final stage: List(ShuffleMapStage 92)
26/08/14 00:06:40 INFO DAGScheduler: Missing parents: List(ShuffleMapStage 92)
26/08/14 00:06:40 INFO DAGScheduler: Submitting ShuffleMapStage 92 (MapPartitionsRDD[592] at count at <unknown>:0), which has no missing parents
26/08/14 00:06:40 INFO BlockManagerInfo: Removed broadcast_89_piece0 on spark-driver:35647 in memory (size: 24.3 KiB, free: 191.2 MiB)
26/08/14 00:06:40 INFO BlockManagerInfo: Removed broadcast_89_piece0 on 172.26.0.13:39169 in memory (size: 24.3 KiB, free: 409.7 MiB)
26/08/14 00:06:40 INFO MemoryStore: Block broadcast_91 stored as values in memory (estimated size 67.2 KiB, free 191.1 MiB)
26/08/14 00:06:40 INFO MemoryStore: Block broadcast_91_piece0 stored as bytes in memory (estimated size 25.6 KiB, free 191.1 MiB)
26/08/14 00:06:40 INFO BlockManagerInfo: Added broadcast_91_piece0 in memory on spark-driver:35647 (size: 25.6 KiB, free: 191.2 MiB)
26/08/14 00:06:40 INFO SparkContext: Created broadcast 91 from broadcast at DAGScheduler.scala:1585
26/08/14 00:06:40 INFO DAGScheduler: Submitting 6 missing tasks from ShuffleMapStage 92 (MapPartitionsRDD[592] at count at <unknown>:0) (first 15 tasks are for partitions Vector(0, 1, 2, 3, 4, 5))
26/08/14 00:06:40 INFO TaskSchedulerImpl: Adding task set 92.0 with 6 tasks resource profile 0
26/08/14 00:06:40 INFO BlockManagerInfo: Removed broadcast_90_piece0 on spark-driver:35647 in memory (size: 5.9 KiB, free: 191.2 MiB)
26/08/14 00:06:40 INFO TaskSetManager: Starting task 0.0 in stage 92.0 (TID 329) (172.26.0.13, executor 1, partition 0, PROCESS_LOCAL, 9921 bytes) 
26/08/14 00:06:40 INFO TaskSetManager: Starting task 1.0 in stage 92.0 (TID 330) (172.26.0.13, executor 1, partition 1, PROCESS_LOCAL, 9921 bytes) 
26/08/14 00:06:40 INFO TaskSetManager: Starting task 2.0 in stage 92.0 (TID 331) (172.26.0.13, executor 1, partition 2, PROCESS_LOCAL, 9921 bytes) 
26/08/14 00:06:40 INFO BlockManagerInfo: Removed broadcast_90_piece0 on 172.26.0.13:39169 in memory (size: 5.9 KiB, free: 409.8 MiB)
26/08/14 00:06:40 INFO BlockManagerInfo: Added broadcast_91_piece0 in memory on 172.26.0.13:39169 (size: 25.6 KiB, free: 409.7 MiB)
26/08/14 00:06:40 INFO TaskSetManager: Starting task 3.0 in stage 92.0 (TID 332) (172.26.0.13, executor 1, partition 3, PROCESS_LOCAL, 9921 bytes) 
26/08/14 00:06:40 INFO TaskSetManager: Starting task 4.0 in stage 92.0 (TID 333) (172.26.0.13, executor 1, partition 4, PROCESS_LOCAL, 9921 bytes) 
26/08/14 00:06:40 INFO TaskSetManager: Finished task 1.0 in stage 92.0 (TID 330) in 33 ms on 172.26.0.13 (executor 1) (1/6)
26/08/14 00:06:40 INFO TaskSetManager: Starting task 5.0 in stage 92.0 (TID 334) (172.26.0.13, executor 1, partition 5, PROCESS_LOCAL, 9921 bytes) 
26/08/14 00:06:40 INFO TaskSetManager: Finished task 0.0 in stage 92.0 (TID 329) in 33 ms on 172.26.0.13 (executor 1) (2/6)
26/08/14 00:06:40 INFO TaskSetManager: Finished task 2.0 in stage 92.0 (TID 331) in 34 ms on 172.26.0.13 (executor 1) (3/6)
26/08/14 00:06:40 INFO TaskSetManager: Finished task 5.0 in stage 92.0 (TID 334) in 8 ms on 172.26.0.13 (executor 1) (4/6)
26/08/14 00:06:40 INFO TaskSetManager: Finished task 4.0 in stage 92.0 (TID 333) in 9 ms on 172.26.0.13 (executor 1) (5/6)
26/08/14 00:06:40 INFO TaskSetManager: Finished task 3.0 in stage 92.0 (TID 332) in 9 ms on 172.26.0.13 (executor 1) (6/6)
26/08/14 00:06:40 INFO TaskSchedulerImpl: Removed TaskSet 92.0, whose tasks have all completed, from pool 
26/08/14 00:06:40 INFO DAGScheduler: ShuffleMapStage 92 (count at <unknown>:0) finished in 0.057 s
26/08/14 00:06:40 INFO DAGScheduler: looking for newly runnable stages
26/08/14 00:06:40 INFO DAGScheduler: running: Set()
26/08/14 00:06:40 INFO DAGScheduler: waiting: Set(ResultStage 93)
26/08/14 00:06:40 INFO DAGScheduler: failed: Set()
26/08/14 00:06:40 INFO DAGScheduler: Submitting ResultStage 93 (MapPartitionsRDD[595] at count at <unknown>:0), which has no missing parents
26/08/14 00:06:40 INFO MemoryStore: Block broadcast_92 stored as values in memory (estimated size 12.5 KiB, free 191.1 MiB)
26/08/14 00:06:40 INFO MemoryStore: Block broadcast_92_piece0 stored as bytes in memory (estimated size 5.9 KiB, free 191.1 MiB)
26/08/14 00:06:40 INFO BlockManagerInfo: Added broadcast_92_piece0 in memory on spark-driver:35647 (size: 5.9 KiB, free: 191.2 MiB)
26/08/14 00:06:40 INFO SparkContext: Created broadcast 92 from broadcast at DAGScheduler.scala:1585
26/08/14 00:06:40 INFO DAGScheduler: Submitting 1 missing tasks from ResultStage 93 (MapPartitionsRDD[595] at count at <unknown>:0) (first 15 tasks are for partitions Vector(0))
26/08/14 00:06:40 INFO TaskSchedulerImpl: Adding task set 93.0 with 1 tasks resource profile 0
26/08/14 00:06:40 INFO TaskSetManager: Starting task 0.0 in stage 93.0 (TID 335) (172.26.0.13, executor 1, partition 0, NODE_LOCAL, 9003 bytes) 
26/08/14 00:06:40 INFO BlockManagerInfo: Added broadcast_92_piece0 in memory on 172.26.0.13:39169 (size: 5.9 KiB, free: 409.7 MiB)
26/08/14 00:06:40 INFO MapOutputTrackerMasterEndpoint: Asked to send map output locations for shuffle 42 to 172.26.0.13:44738
26/08/14 00:06:40 INFO TaskSetManager: Finished task 0.0 in stage 93.0 (TID 335) in 10 ms on 172.26.0.13 (executor 1) (1/1)
26/08/14 00:06:40 INFO TaskSchedulerImpl: Removed TaskSet 93.0, whose tasks have all completed, from pool 
26/08/14 00:06:40 INFO DAGScheduler: ResultStage 93 (count at <unknown>:0) finished in 0.014 s
26/08/14 00:06:40 INFO DAGScheduler: Job 50 is finished. Cancelling potential speculative or zombie tasks for this job
26/08/14 00:06:40 INFO TaskSchedulerImpl: Killing all running tasks in stage 93: Stage finished
26/08/14 00:06:40 INFO DAGScheduler: Job 50 finished: count at <unknown>:0, took 0.080752 s
26/08/14 00:06:40 INFO DefaultCachedBatchSerializer: Predicate isnotnull(kind#29473) generates partition filter: ((kind.count#29542 - kind.nullCount#29541) > 0)
26/08/14 00:06:40 INFO DefaultCachedBatchSerializer: Predicate (kind#29473 = stats) generates partition filter: ((kind.lowerBound#29540 <= stats) AND (stats <= kind.upperBound#29539))
26/08/14 00:06:40 INFO SparkContext: Starting job: call at /opt/spark/python/lib/py4j-0.10.9.7-src.zip/py4j/clientserver.py:617
26/08/14 00:06:40 INFO DAGScheduler: Got job 51 (call at /opt/spark/python/lib/py4j-0.10.9.7-src.zip/py4j/clientserver.py:617) with 6 output partitions
26/08/14 00:06:40 INFO DAGScheduler: Final stage: ResultStage 94 (call at /opt/spark/python/lib/py4j-0.10.9.7-src.zip/py4j/clientserver.py:617)
26/08/14 00:06:40 INFO DAGScheduler: Parents of final stage: List()
26/08/14 00:06:40 INFO DAGScheduler: Missing parents: List()
26/08/14 00:06:40 INFO DAGScheduler: Submitting ResultStage 94 (MapPartitionsRDD[614] at call at /opt/spark/python/lib/py4j-0.10.9.7-src.zip/py4j/clientserver.py:617), which has no missing parents
26/08/14 00:06:40 INFO MemoryStore: Block broadcast_93 stored as values in memory (estimated size 89.9 KiB, free 191.0 MiB)
26/08/14 00:06:40 INFO BlockManagerInfo: Removed broadcast_91_piece0 on spark-driver:35647 in memory (size: 25.6 KiB, free: 191.2 MiB)
26/08/14 00:06:40 INFO MemoryStore: Block broadcast_93_piece0 stored as bytes in memory (estimated size 34.0 KiB, free 191.1 MiB)
26/08/14 00:06:40 INFO BlockManagerInfo: Added broadcast_93_piece0 in memory on spark-driver:35647 (size: 34.0 KiB, free: 191.2 MiB)
26/08/14 00:06:40 INFO SparkContext: Created broadcast 93 from broadcast at DAGScheduler.scala:1585
26/08/14 00:06:40 INFO DAGScheduler: Submitting 6 missing tasks from ResultStage 94 (MapPartitionsRDD[614] at call at /opt/spark/python/lib/py4j-0.10.9.7-src.zip/py4j/clientserver.py:617) (first 15 tasks are for partitions Vector(0, 1, 2, 3, 4, 5))
26/08/14 00:06:40 INFO TaskSchedulerImpl: Adding task set 94.0 with 6 tasks resource profile 0
26/08/14 00:06:40 INFO BlockManagerInfo: Removed broadcast_91_piece0 on 172.26.0.13:39169 in memory (size: 25.6 KiB, free: 409.7 MiB)
26/08/14 00:06:40 INFO TaskSetManager: Starting task 0.0 in stage 94.0 (TID 336) (172.26.0.13, executor 1, partition 0, PROCESS_LOCAL, 9932 bytes) 
26/08/14 00:06:40 INFO TaskSetManager: Starting task 1.0 in stage 94.0 (TID 337) (172.26.0.13, executor 1, partition 1, PROCESS_LOCAL, 9932 bytes) 
26/08/14 00:06:40 INFO TaskSetManager: Starting task 2.0 in stage 94.0 (TID 338) (172.26.0.13, executor 1, partition 2, PROCESS_LOCAL, 9932 bytes) 
26/08/14 00:06:40 INFO BlockManagerInfo: Removed broadcast_92_piece0 on spark-driver:35647 in memory (size: 5.9 KiB, free: 191.2 MiB)
26/08/14 00:06:40 INFO BlockManagerInfo: Removed broadcast_92_piece0 on 172.26.0.13:39169 in memory (size: 5.9 KiB, free: 409.8 MiB)
26/08/14 00:06:40 INFO BlockManager: Removing RDD 195
26/08/14 00:06:40 INFO BlockManagerInfo: Added broadcast_93_piece0 in memory on 172.26.0.13:39169 (size: 34.0 KiB, free: 409.7 MiB)
26/08/14 00:06:40 INFO BlockManager: Removing RDD 126
26/08/14 00:06:40 INFO BlockManager: Removing RDD 333
26/08/14 00:06:40 INFO BlockManager: Removing RDD 9
26/08/14 00:06:40 INFO BlockManager: Removing RDD 364
26/08/14 00:06:40 INFO BlockManager: Removing RDD 264
26/08/14 00:06:40 INFO BlockManager: Removing RDD 433
26/08/14 00:06:40 INFO BlockManager: Removing RDD 57
26/08/14 00:06:40 INFO BlockManager: Removing RDD 226
26/08/14 00:06:40 INFO BlockManager: Removing RDD 402
26/08/14 00:06:40 INFO BlockManager: Removing RDD 471
26/08/14 00:06:43 INFO BlockManagerInfo: Added rdd_609_1 in memory on 172.26.0.13:39169 (size: 1808.0 B, free: 409.7 MiB)
26/08/14 00:06:43 INFO BlockManagerInfo: Added rdd_609_2 in memory on 172.26.0.13:39169 (size: 1808.0 B, free: 409.7 MiB)
26/08/14 00:06:43 INFO BlockManagerInfo: Added rdd_609_0 in memory on 172.26.0.13:39169 (size: 1808.0 B, free: 409.7 MiB)
26/08/14 00:06:43 INFO TaskSetManager: Starting task 3.0 in stage 94.0 (TID 339) (172.26.0.13, executor 1, partition 3, PROCESS_LOCAL, 9932 bytes) 
26/08/14 00:06:43 INFO TaskSetManager: Finished task 0.0 in stage 94.0 (TID 336) in 2944 ms on 172.26.0.13 (executor 1) (1/6)
26/08/14 00:06:43 INFO TaskSetManager: Starting task 4.0 in stage 94.0 (TID 340) (172.26.0.13, executor 1, partition 4, PROCESS_LOCAL, 9932 bytes) 
26/08/14 00:06:43 INFO TaskSetManager: Finished task 1.0 in stage 94.0 (TID 337) in 2956 ms on 172.26.0.13 (executor 1) (2/6)
26/08/14 00:06:43 INFO TaskSetManager: Starting task 5.0 in stage 94.0 (TID 341) (172.26.0.13, executor 1, partition 5, PROCESS_LOCAL, 9932 bytes) 
26/08/14 00:06:43 INFO TaskSetManager: Finished task 2.0 in stage 94.0 (TID 338) in 2966 ms on 172.26.0.13 (executor 1) (3/6)
26/08/14 00:06:46 INFO BlockManagerInfo: Added rdd_609_3 in memory on 172.26.0.13:39169 (size: 1808.0 B, free: 409.7 MiB)
26/08/14 00:06:46 INFO BlockManagerInfo: Added rdd_609_5 in memory on 172.26.0.13:39169 (size: 1808.0 B, free: 409.7 MiB)
26/08/14 00:06:46 INFO BlockManagerInfo: Added rdd_609_4 in memory on 172.26.0.13:39169 (size: 1808.0 B, free: 409.7 MiB)
26/08/14 00:06:46 INFO TaskSetManager: Finished task 4.0 in stage 94.0 (TID 340) in 3229 ms on 172.26.0.13 (executor 1) (4/6)
26/08/14 00:06:46 INFO TaskSetManager: Finished task 5.0 in stage 94.0 (TID 341) in 3219 ms on 172.26.0.13 (executor 1) (5/6)
26/08/14 00:06:46 INFO TaskSetManager: Finished task 3.0 in stage 94.0 (TID 339) in 3239 ms on 172.26.0.13 (executor 1) (6/6)
26/08/14 00:06:46 INFO TaskSchedulerImpl: Removed TaskSet 94.0, whose tasks have all completed, from pool 
26/08/14 00:06:46 INFO DAGScheduler: ResultStage 94 (call at /opt/spark/python/lib/py4j-0.10.9.7-src.zip/py4j/clientserver.py:617) finished in 6.649 s
26/08/14 00:06:46 INFO DAGScheduler: Job 51 is finished. Cancelling potential speculative or zombie tasks for this job
26/08/14 00:06:46 INFO TaskSchedulerImpl: Killing all running tasks in stage 94: Stage finished
26/08/14 00:06:46 INFO DAGScheduler: Job 51 finished: call at /opt/spark/python/lib/py4j-0.10.9.7-src.zip/py4j/clientserver.py:617, took 6.664982 s
26/08/14 00:06:47 INFO DefaultCachedBatchSerializer: Predicate isnotnull(kind#29473) generates partition filter: ((kind.count#29625 - kind.nullCount#29624) > 0)
26/08/14 00:06:47 INFO DefaultCachedBatchSerializer: Predicate (kind#29473 = dlq) generates partition filter: ((kind.lowerBound#29623 <= dlq) AND (dlq <= kind.upperBound#29622))
26/08/14 00:06:47 INFO SparkContext: Starting job: count at <unknown>:0
26/08/14 00:06:47 INFO DAGScheduler: Registering RDD 619 (count at <unknown>:0) as input to shuffle 43
26/08/14 00:06:47 INFO DAGScheduler: Got job 52 (count at <unknown>:0) with 1 output partitions
26/08/14 00:06:47 INFO DAGScheduler: Final stage: ResultStage 96 (count at <unknown>:0)
26/08/14 00:06:47 INFO DAGScheduler: Parents of final stage: List(ShuffleMapStage 95)
26/08/14 00:06:47 INFO DAGScheduler: Missing parents: List(ShuffleMapStage 95)
26/08/14 00:06:47 INFO DAGScheduler: Submitting ShuffleMapStage 95 (MapPartitionsRDD[619] at count at <unknown>:0), which has no missing parents
26/08/14 00:06:47 INFO MemoryStore: Block broadcast_94 stored as values in memory (estimated size 92.2 KiB, free 191.0 MiB)
26/08/14 00:06:47 INFO MemoryStore: Block broadcast_94_piece0 stored as bytes in memory (estimated size 35.3 KiB, free 191.0 MiB)
26/08/14 00:06:47 INFO BlockManagerInfo: Added broadcast_94_piece0 in memory on spark-driver:35647 (size: 35.3 KiB, free: 191.1 MiB)
26/08/14 00:06:47 INFO SparkContext: Created broadcast 94 from broadcast at DAGScheduler.scala:1585
26/08/14 00:06:47 INFO DAGScheduler: Submitting 6 missing tasks from ShuffleMapStage 95 (MapPartitionsRDD[619] at count at <unknown>:0) (first 15 tasks are for partitions Vector(0, 1, 2, 3, 4, 5))
26/08/14 00:06:47 INFO TaskSchedulerImpl: Adding task set 95.0 with 6 tasks resource profile 0
26/08/14 00:06:47 INFO TaskSetManager: Starting task 0.0 in stage 95.0 (TID 342) (172.26.0.13, executor 1, partition 0, PROCESS_LOCAL, 9921 bytes) 
26/08/14 00:06:47 INFO TaskSetManager: Starting task 1.0 in stage 95.0 (TID 343) (172.26.0.13, executor 1, partition 1, PROCESS_LOCAL, 9921 bytes) 
26/08/14 00:06:47 INFO TaskSetManager: Starting task 2.0 in stage 95.0 (TID 344) (172.26.0.13, executor 1, partition 2, PROCESS_LOCAL, 9921 bytes) 
26/08/14 00:06:47 INFO BlockManagerInfo: Added broadcast_94_piece0 in memory on 172.26.0.13:39169 (size: 35.3 KiB, free: 409.7 MiB)
26/08/14 00:06:47 INFO TaskSetManager: Starting task 3.0 in stage 95.0 (TID 345) (172.26.0.13, executor 1, partition 3, PROCESS_LOCAL, 9921 bytes) 
26/08/14 00:06:47 INFO TaskSetManager: Starting task 4.0 in stage 95.0 (TID 346) (172.26.0.13, executor 1, partition 4, PROCESS_LOCAL, 9921 bytes) 
26/08/14 00:06:47 INFO TaskSetManager: Finished task 0.0 in stage 95.0 (TID 342) in 239 ms on 172.26.0.13 (executor 1) (1/6)
26/08/14 00:06:47 INFO TaskSetManager: Starting task 5.0 in stage 95.0 (TID 347) (172.26.0.13, executor 1, partition 5, PROCESS_LOCAL, 9921 bytes) 
26/08/14 00:06:47 INFO TaskSetManager: Finished task 1.0 in stage 95.0 (TID 343) in 246 ms on 172.26.0.13 (executor 1) (2/6)
26/08/14 00:06:47 INFO TaskSetManager: Finished task 2.0 in stage 95.0 (TID 344) in 246 ms on 172.26.0.13 (executor 1) (3/6)
26/08/14 00:06:47 INFO TaskSetManager: Finished task 3.0 in stage 95.0 (TID 345) in 95 ms on 172.26.0.13 (executor 1) (4/6)
26/08/14 00:06:47 INFO TaskSetManager: Finished task 5.0 in stage 95.0 (TID 347) in 94 ms on 172.26.0.13 (executor 1) (5/6)
26/08/14 00:06:47 INFO TaskSetManager: Finished task 4.0 in stage 95.0 (TID 346) in 101 ms on 172.26.0.13 (executor 1) (6/6)
26/08/14 00:06:47 INFO TaskSchedulerImpl: Removed TaskSet 95.0, whose tasks have all completed, from pool 
26/08/14 00:06:47 INFO DAGScheduler: ShuffleMapStage 95 (count at <unknown>:0) finished in 0.428 s
26/08/14 00:06:47 INFO DAGScheduler: looking for newly runnable stages
26/08/14 00:06:47 INFO DAGScheduler: running: Set()
26/08/14 00:06:47 INFO DAGScheduler: waiting: Set(ResultStage 96)
26/08/14 00:06:47 INFO DAGScheduler: failed: Set()
26/08/14 00:06:47 INFO DAGScheduler: Submitting ResultStage 96 (MapPartitionsRDD[622] at count at <unknown>:0), which has no missing parents
26/08/14 00:06:47 INFO MemoryStore: Block broadcast_95 stored as values in memory (estimated size 12.5 KiB, free 191.0 MiB)
26/08/14 00:06:47 INFO MemoryStore: Block broadcast_95_piece0 stored as bytes in memory (estimated size 5.9 KiB, free 190.9 MiB)
26/08/14 00:06:47 INFO BlockManagerInfo: Added broadcast_95_piece0 in memory on spark-driver:35647 (size: 5.9 KiB, free: 191.1 MiB)
26/08/14 00:06:47 INFO SparkContext: Created broadcast 95 from broadcast at DAGScheduler.scala:1585
26/08/14 00:06:47 INFO DAGScheduler: Submitting 1 missing tasks from ResultStage 96 (MapPartitionsRDD[622] at count at <unknown>:0) (first 15 tasks are for partitions Vector(0))
26/08/14 00:06:47 INFO TaskSchedulerImpl: Adding task set 96.0 with 1 tasks resource profile 0
26/08/14 00:06:47 INFO TaskSetManager: Starting task 0.0 in stage 96.0 (TID 348) (172.26.0.13, executor 1, partition 0, NODE_LOCAL, 9003 bytes) 
26/08/14 00:06:47 INFO BlockManagerInfo: Added broadcast_95_piece0 in memory on 172.26.0.13:39169 (size: 5.9 KiB, free: 409.7 MiB)
26/08/14 00:06:47 INFO MapOutputTrackerMasterEndpoint: Asked to send map output locations for shuffle 43 to 172.26.0.13:44738
26/08/14 00:06:48 INFO TaskSetManager: Finished task 0.0 in stage 96.0 (TID 348) in 313 ms on 172.26.0.13 (executor 1) (1/1)
26/08/14 00:06:48 INFO TaskSchedulerImpl: Removed TaskSet 96.0, whose tasks have all completed, from pool 
26/08/14 00:06:48 INFO DAGScheduler: ResultStage 96 (count at <unknown>:0) finished in 0.365 s
26/08/14 00:06:48 INFO DAGScheduler: Job 52 is finished. Cancelling potential speculative or zombie tasks for this job
26/08/14 00:06:48 INFO TaskSchedulerImpl: Killing all running tasks in stage 96: Stage finished
26/08/14 00:06:48 INFO DAGScheduler: Job 52 finished: count at <unknown>:0, took 0.870531 s
26/08/14 00:06:48 INFO MapPartitionsRDD: Removing RDD 609 from persistence list
26/08/14 00:06:48 INFO BlockManager: Removing RDD 609
26/08/14 00:06:48 INFO SparkContext: Starting job: call at /opt/spark/python/lib/py4j-0.10.9.7-src.zip/py4j/clientserver.py:617
26/08/14 00:06:48 INFO DAGScheduler: Registering RDD 627 (call at /opt/spark/python/lib/py4j-0.10.9.7-src.zip/py4j/clientserver.py:617) as input to shuffle 44
26/08/14 00:06:48 INFO DAGScheduler: Got job 53 (call at /opt/spark/python/lib/py4j-0.10.9.7-src.zip/py4j/clientserver.py:617) with 1 output partitions
26/08/14 00:06:48 INFO DAGScheduler: Final stage: ResultStage 98 (call at /opt/spark/python/lib/py4j-0.10.9.7-src.zip/py4j/clientserver.py:617)
26/08/14 00:06:48 INFO DAGScheduler: Parents of final stage: List(ShuffleMapStage 97)
26/08/14 00:06:48 INFO DAGScheduler: Missing parents: List(ShuffleMapStage 97)
26/08/14 00:06:48 INFO DAGScheduler: Submitting ShuffleMapStage 97 (MapPartitionsRDD[627] at call at /opt/spark/python/lib/py4j-0.10.9.7-src.zip/py4j/clientserver.py:617), which has no missing parents
26/08/14 00:06:48 INFO MemoryStore: Block broadcast_96 stored as values in memory (estimated size 66.1 KiB, free 190.9 MiB)
26/08/14 00:06:48 INFO MemoryStore: Block broadcast_96_piece0 stored as bytes in memory (estimated size 24.8 KiB, free 190.9 MiB)
26/08/14 00:06:48 INFO BlockManagerInfo: Added broadcast_96_piece0 in memory on spark-driver:35647 (size: 24.8 KiB, free: 191.1 MiB)
26/08/14 00:06:48 INFO BlockManagerInfo: Removed broadcast_95_piece0 on spark-driver:35647 in memory (size: 5.9 KiB, free: 191.1 MiB)
26/08/14 00:06:48 INFO SparkContext: Created broadcast 96 from broadcast at DAGScheduler.scala:1585
26/08/14 00:06:48 INFO DAGScheduler: Submitting 6 missing tasks from ShuffleMapStage 97 (MapPartitionsRDD[627] at call at /opt/spark/python/lib/py4j-0.10.9.7-src.zip/py4j/clientserver.py:617) (first 15 tasks are for partitions Vector(0, 1, 2, 3, 4, 5))
26/08/14 00:06:48 INFO TaskSchedulerImpl: Adding task set 97.0 with 6 tasks resource profile 0
26/08/14 00:06:48 INFO TaskSetManager: Starting task 0.0 in stage 97.0 (TID 349) (172.26.0.13, executor 1, partition 0, PROCESS_LOCAL, 9921 bytes) 
26/08/14 00:06:49 INFO TaskSetManager: Starting task 1.0 in stage 97.0 (TID 350) (172.26.0.13, executor 1, partition 1, PROCESS_LOCAL, 9921 bytes) 
26/08/14 00:06:49 INFO BlockManagerInfo: Removed broadcast_95_piece0 on 172.26.0.13:39169 in memory (size: 5.9 KiB, free: 409.7 MiB)
26/08/14 00:06:49 INFO TaskSetManager: Starting task 2.0 in stage 97.0 (TID 351) (172.26.0.13, executor 1, partition 2, PROCESS_LOCAL, 9921 bytes) 
26/08/14 00:06:49 INFO BlockManagerInfo: Removed broadcast_94_piece0 on spark-driver:35647 in memory (size: 35.3 KiB, free: 191.2 MiB)
26/08/14 00:06:49 INFO BlockManagerInfo: Removed broadcast_94_piece0 on 172.26.0.13:39169 in memory (size: 35.3 KiB, free: 409.7 MiB)
26/08/14 00:06:49 INFO BlockManagerInfo: Added broadcast_96_piece0 in memory on 172.26.0.13:39169 (size: 24.8 KiB, free: 409.7 MiB)
26/08/14 00:06:49 INFO TaskSetManager: Starting task 3.0 in stage 97.0 (TID 352) (172.26.0.13, executor 1, partition 3, PROCESS_LOCAL, 9921 bytes) 
26/08/14 00:06:49 INFO TaskSetManager: Finished task 0.0 in stage 97.0 (TID 349) in 209 ms on 172.26.0.13 (executor 1) (1/6)
26/08/14 00:06:49 INFO TaskSetManager: Starting task 4.0 in stage 97.0 (TID 353) (172.26.0.13, executor 1, partition 4, PROCESS_LOCAL, 9921 bytes) 
26/08/14 00:06:49 INFO TaskSetManager: Finished task 2.0 in stage 97.0 (TID 351) in 206 ms on 172.26.0.13 (executor 1) (2/6)
26/08/14 00:06:49 INFO TaskSetManager: Starting task 5.0 in stage 97.0 (TID 354) (172.26.0.13, executor 1, partition 5, PROCESS_LOCAL, 9921 bytes) 
26/08/14 00:06:49 INFO TaskSetManager: Finished task 1.0 in stage 97.0 (TID 350) in 220 ms on 172.26.0.13 (executor 1) (3/6)
26/08/14 00:06:49 INFO TaskSetManager: Finished task 3.0 in stage 97.0 (TID 352) in 72 ms on 172.26.0.13 (executor 1) (4/6)
26/08/14 00:06:49 INFO TaskSetManager: Finished task 5.0 in stage 97.0 (TID 354) in 77 ms on 172.26.0.13 (executor 1) (5/6)
26/08/14 00:06:49 INFO TaskSetManager: Finished task 4.0 in stage 97.0 (TID 353) in 96 ms on 172.26.0.13 (executor 1) (6/6)
26/08/14 00:06:49 INFO TaskSchedulerImpl: Removed TaskSet 97.0, whose tasks have all completed, from pool 
26/08/14 00:06:49 INFO DAGScheduler: ShuffleMapStage 97 (call at /opt/spark/python/lib/py4j-0.10.9.7-src.zip/py4j/clientserver.py:617) finished in 0.448 s
26/08/14 00:06:49 INFO DAGScheduler: looking for newly runnable stages
26/08/14 00:06:49 INFO DAGScheduler: running: Set()
26/08/14 00:06:49 INFO DAGScheduler: waiting: Set(ResultStage 98)
26/08/14 00:06:49 INFO DAGScheduler: failed: Set()
26/08/14 00:06:49 INFO DAGScheduler: Submitting ResultStage 98 (MapPartitionsRDD[630] at call at /opt/spark/python/lib/py4j-0.10.9.7-src.zip/py4j/clientserver.py:617), which has no missing parents
26/08/14 00:06:49 INFO MemoryStore: Block broadcast_97 stored as values in memory (estimated size 13.1 KiB, free 191.0 MiB)
26/08/14 00:06:49 INFO MemoryStore: Block broadcast_97_piece0 stored as bytes in memory (estimated size 6.1 KiB, free 191.0 MiB)
26/08/14 00:06:49 INFO BlockManagerInfo: Added broadcast_97_piece0 in memory on spark-driver:35647 (size: 6.1 KiB, free: 191.1 MiB)
26/08/14 00:06:49 INFO SparkContext: Created broadcast 97 from broadcast at DAGScheduler.scala:1585
26/08/14 00:06:49 INFO DAGScheduler: Submitting 1 missing tasks from ResultStage 98 (MapPartitionsRDD[630] at call at /opt/spark/python/lib/py4j-0.10.9.7-src.zip/py4j/clientserver.py:617) (first 15 tasks are for partitions Vector(0))
26/08/14 00:06:49 INFO TaskSchedulerImpl: Adding task set 98.0 with 1 tasks resource profile 0
26/08/14 00:06:49 INFO TaskSetManager: Starting task 0.0 in stage 98.0 (TID 355) (172.26.0.13, executor 1, partition 0, NODE_LOCAL, 9003 bytes) 
26/08/14 00:06:49 INFO BlockManagerInfo: Added broadcast_97_piece0 in memory on 172.26.0.13:39169 (size: 6.1 KiB, free: 409.7 MiB)
26/08/14 00:06:49 INFO MapOutputTrackerMasterEndpoint: Asked to send map output locations for shuffle 44 to 172.26.0.13:44738
26/08/14 00:06:49 INFO TaskSetManager: Finished task 0.0 in stage 98.0 (TID 355) in 125 ms on 172.26.0.13 (executor 1) (1/1)
26/08/14 00:06:49 INFO TaskSchedulerImpl: Removed TaskSet 98.0, whose tasks have all completed, from pool 
26/08/14 00:06:49 INFO DAGScheduler: ResultStage 98 (call at /opt/spark/python/lib/py4j-0.10.9.7-src.zip/py4j/clientserver.py:617) finished in 0.156 s
26/08/14 00:06:49 INFO DAGScheduler: Job 53 is finished. Cancelling potential speculative or zombie tasks for this job
26/08/14 00:06:49 INFO TaskSchedulerImpl: Killing all running tasks in stage 98: Stage finished
26/08/14 00:06:49 INFO DAGScheduler: Job 53 finished: call at /opt/spark/python/lib/py4j-0.10.9.7-src.zip/py4j/clientserver.py:617, took 0.639722 s
26/08/14 00:06:49 INFO MapPartitionsRDD: Removing RDD 571 from persistence list
26/08/14 00:06:49 INFO WatermarkTracker: Updating event-time watermark from 1786665870481 to 1786665879141 ms
26/08/14 00:06:49 INFO BlockManager: Removing RDD 571
26/08/14 00:06:49 INFO CheckpointFileManager: Writing atomically to file:/opt/checkpoints/trips/commits/9 using temp file file:/opt/checkpoints/trips/commits/.9.decd1520-6b7e-4679-a2ca-7801d2dca256.tmp
26/08/14 00:06:49 INFO CheckpointFileManager: Renamed temp file file:/opt/checkpoints/trips/commits/.9.decd1520-6b7e-4679-a2ca-7801d2dca256.tmp to file:/opt/checkpoints/trips/commits/9
26/08/14 00:06:49 INFO MicroBatchExecution: Streaming query made progress: {
  "id" : "5809875d-4e3d-4fb3-8383-949c002374c9",
  "runId" : "d3ba1340-2011-4780-b92f-e7e48f2e3457",
  "name" : "trips-ingest-chaos_kill_executor_1",
  "timestamp" : "2026-08-14T00:06:39.220Z",
  "batchId" : 9,
  "numInputRows" : 6948,
  "inputRowsPerSecond" : 799.815816737654,
  "processedRowsPerSecond" : 669.0418873375061,
  "durationMs" : {
    "addBatch" : 10201,
    "commitOffsets" : 99,
    "getBatch" : 0,
    "latestOffset" : 22,
    "queryPlanning" : 27,
    "triggerExecution" : 10385,
    "walCommit" : 29
  },
  "eventTime" : {
    "avg" : "2026-08-14T00:06:33.359Z",
    "max" : "2026-08-14T00:06:39.141Z",
    "min" : "2026-08-14T00:06:27.620Z",
    "watermark" : "2026-08-14T00:04:30.481Z"
  },
  "stateOperators" : [ ],
  "sources" : [ {
    "description" : "KafkaV2[Subscribe[trips.raw]]",
    "startOffset" : {
      "trips.raw" : {
        "2" : 211603,
        "5" : 210452,
        "4" : 211382,
        "1" : 211357,
        "3" : 211298,
        "0" : 211170
      }
    },
    "endOffset" : {
      "trips.raw" : {
        "2" : 212749,
        "5" : 211591,
        "4" : 212564,
        "1" : 212555,
        "3" : 212417,
        "0" : 212334
      }
    },
    "latestOffset" : {
      "trips.raw" : {
        "2" : 212749,
        "5" : 211591,
        "4" : 212564,
        "1" : 212555,
        "3" : 212417,
        "0" : 212334
      }
    },
    "numInputRows" : 6948,
    "inputRowsPerSecond" : 799.815816737654,
    "processedRowsPerSecond" : 669.0418873375061,
    "metrics" : {
      "avgOffsetsBehindLatest" : "0.0",
      "maxOffsetsBehindLatest" : "0",
      "minOffsetsBehindLatest" : "0"
    }
  } ],
  "sink" : {
    "description" : "ForeachBatchSink",
    "numOutputRows" : -1
  }
}
26/08/14 00:06:49 INFO CheckpointFileManager: Writing atomically to file:/opt/checkpoints/trips/offsets/10 using temp file file:/opt/checkpoints/trips/offsets/.10.e59546c7-8633-4cac-942a-253862d0c497.tmp
26/08/14 00:06:49 INFO CheckpointFileManager: Renamed temp file file:/opt/checkpoints/trips/offsets/.10.e59546c7-8633-4cac-942a-253862d0c497.tmp to file:/opt/checkpoints/trips/offsets/10
26/08/14 00:06:49 INFO MicroBatchExecution: Committed offsets for batch 10. Metadata OffsetSeqMetadata(1786665879141,1786666009657,Map(spark.sql.streaming.stateStore.providerClass -> org.apache.spark.sql.execution.streaming.state.HDFSBackedStateStoreProvider, spark.sql.streaming.join.stateFormatVersion -> 2, spark.sql.streaming.stateStore.compression.codec -> lz4, spark.sql.streaming.stateStore.rocksdb.formatVersion -> 5, spark.sql.streaming.statefulOperator.useStrictDistribution -> true, spark.sql.streaming.flatMapGroupsWithState.stateFormatVersion -> 2, spark.sql.streaming.multipleWatermarkPolicy -> min, spark.sql.streaming.aggregation.stateFormatVersion -> 2, spark.sql.shuffle.partitions -> 6))
26/08/14 00:06:49 INFO KafkaOffsetReaderAdmin: Partitions added: Map()
26/08/14 00:06:49 INFO KafkaOffsetReaderAdmin: Partitions added: Map()
26/08/14 00:06:49 INFO KafkaOffsetReaderAdmin: Partitions added: Map()
26/08/14 00:06:49 INFO KafkaOffsetReaderAdmin: Partitions added: Map()
2026-08-14 00:06:49,906 INFO  [stream] Received command c on object id p0
26/08/14 00:06:49 INFO SparkContext: Starting job: count at <unknown>:0
26/08/14 00:06:49 INFO DAGScheduler: Registering RDD 645 (count at <unknown>:0) as input to shuffle 45
26/08/14 00:06:49 INFO DAGScheduler: Got job 54 (count at <unknown>:0) with 1 output partitions
26/08/14 00:06:49 INFO DAGScheduler: Final stage: ResultStage 100 (count at <unknown>:0)
26/08/14 00:06:49 INFO DAGScheduler: Parents of final stage: List(ShuffleMapStage 99)
26/08/14 00:06:49 INFO DAGScheduler: Missing parents: List(ShuffleMapStage 99)
26/08/14 00:06:49 INFO DAGScheduler: Submitting ShuffleMapStage 99 (MapPartitionsRDD[645] at count at <unknown>:0), which has no missing parents
26/08/14 00:06:50 INFO MemoryStore: Block broadcast_98 stored as values in memory (estimated size 64.5 KiB, free 190.9 MiB)
26/08/14 00:06:50 INFO MemoryStore: Block broadcast_98_piece0 stored as bytes in memory (estimated size 24.1 KiB, free 190.9 MiB)
26/08/14 00:06:50 INFO BlockManagerInfo: Added broadcast_98_piece0 in memory on spark-driver:35647 (size: 24.1 KiB, free: 191.1 MiB)
26/08/14 00:06:50 INFO BlockManagerInfo: Removed broadcast_96_piece0 on spark-driver:35647 in memory (size: 24.8 KiB, free: 191.1 MiB)
26/08/14 00:06:50 INFO SparkContext: Created broadcast 98 from broadcast at DAGScheduler.scala:1585
26/08/14 00:06:50 INFO DAGScheduler: Submitting 6 missing tasks from ShuffleMapStage 99 (MapPartitionsRDD[645] at count at <unknown>:0) (first 15 tasks are for partitions Vector(0, 1, 2, 3, 4, 5))
26/08/14 00:06:50 INFO TaskSchedulerImpl: Adding task set 99.0 with 6 tasks resource profile 0
26/08/14 00:06:50 INFO TaskSetManager: Starting task 0.0 in stage 99.0 (TID 356) (172.26.0.13, executor 1, partition 0, PROCESS_LOCAL, 9921 bytes) 
26/08/14 00:06:50 INFO TaskSetManager: Starting task 1.0 in stage 99.0 (TID 357) (172.26.0.13, executor 1, partition 1, PROCESS_LOCAL, 9921 bytes) 
26/08/14 00:06:50 INFO TaskSetManager: Starting task 2.0 in stage 99.0 (TID 358) (172.26.0.13, executor 1, partition 2, PROCESS_LOCAL, 9921 bytes) 
26/08/14 00:06:50 INFO BlockManagerInfo: Removed broadcast_96_piece0 on 172.26.0.13:39169 in memory (size: 24.8 KiB, free: 413.9 MiB)
26/08/14 00:06:50 INFO BlockManagerInfo: Removed broadcast_97_piece0 on spark-driver:35647 in memory (size: 6.1 KiB, free: 191.2 MiB)
26/08/14 00:06:50 INFO BlockManagerInfo: Removed broadcast_97_piece0 on 172.26.0.13:39169 in memory (size: 6.1 KiB, free: 413.9 MiB)
26/08/14 00:06:50 INFO BlockManagerInfo: Added broadcast_98_piece0 in memory on 172.26.0.13:39169 (size: 24.1 KiB, free: 413.9 MiB)
26/08/14 00:06:50 INFO BlockManagerInfo: Added rdd_640_2 in memory on 172.26.0.13:39169 (size: 843.7 KiB, free: 413.0 MiB)
26/08/14 00:06:50 INFO BlockManagerInfo: Added rdd_640_0 in memory on 172.26.0.13:39169 (size: 873.2 KiB, free: 412.2 MiB)
26/08/14 00:06:50 INFO BlockManagerInfo: Added rdd_640_1 in memory on 172.26.0.13:39169 (size: 849.1 KiB, free: 411.4 MiB)
26/08/14 00:06:50 INFO TaskSetManager: Starting task 3.0 in stage 99.0 (TID 359) (172.26.0.13, executor 1, partition 3, PROCESS_LOCAL, 9921 bytes) 
26/08/14 00:06:50 INFO TaskSetManager: Starting task 4.0 in stage 99.0 (TID 360) (172.26.0.13, executor 1, partition 4, PROCESS_LOCAL, 9921 bytes) 
26/08/14 00:06:50 INFO TaskSetManager: Finished task 1.0 in stage 99.0 (TID 357) in 323 ms on 172.26.0.13 (executor 1) (1/6)
26/08/14 00:06:50 INFO TaskSetManager: Starting task 5.0 in stage 99.0 (TID 361) (172.26.0.13, executor 1, partition 5, PROCESS_LOCAL, 9921 bytes) 
26/08/14 00:06:50 INFO TaskSetManager: Finished task 0.0 in stage 99.0 (TID 356) in 326 ms on 172.26.0.13 (executor 1) (2/6)
26/08/14 00:06:50 INFO TaskSetManager: Finished task 2.0 in stage 99.0 (TID 358) in 325 ms on 172.26.0.13 (executor 1) (3/6)
26/08/14 00:06:50 INFO BlockManagerInfo: Added rdd_640_3 in memory on 172.26.0.13:39169 (size: 809.0 KiB, free: 410.6 MiB)
26/08/14 00:06:50 INFO BlockManagerInfo: Added rdd_640_5 in memory on 172.26.0.13:39169 (size: 883.3 KiB, free: 409.7 MiB)
26/08/14 00:06:50 INFO TaskSetManager: Finished task 3.0 in stage 99.0 (TID 359) in 500 ms on 172.26.0.13 (executor 1) (4/6)
26/08/14 00:06:50 INFO TaskSetManager: Finished task 5.0 in stage 99.0 (TID 361) in 495 ms on 172.26.0.13 (executor 1) (5/6)
26/08/14 00:06:50 INFO BlockManagerInfo: Added rdd_640_4 in memory on 172.26.0.13:39169 (size: 855.5 KiB, free: 408.9 MiB)
26/08/14 00:06:50 INFO TaskSetManager: Finished task 4.0 in stage 99.0 (TID 360) in 516 ms on 172.26.0.13 (executor 1) (6/6)
26/08/14 00:06:50 INFO TaskSchedulerImpl: Removed TaskSet 99.0, whose tasks have all completed, from pool 
26/08/14 00:06:50 INFO DAGScheduler: ShuffleMapStage 99 (count at <unknown>:0) finished in 0.873 s
26/08/14 00:06:50 INFO DAGScheduler: looking for newly runnable stages
26/08/14 00:06:50 INFO DAGScheduler: running: Set()
26/08/14 00:06:50 INFO DAGScheduler: waiting: Set(ResultStage 100)
26/08/14 00:06:50 INFO DAGScheduler: failed: Set()
26/08/14 00:06:50 INFO DAGScheduler: Submitting ResultStage 100 (MapPartitionsRDD[648] at count at <unknown>:0), which has no missing parents
26/08/14 00:06:50 INFO MemoryStore: Block broadcast_99 stored as values in memory (estimated size 12.5 KiB, free 191.0 MiB)
26/08/14 00:06:50 INFO MemoryStore: Block broadcast_99_piece0 stored as bytes in memory (estimated size 5.9 KiB, free 191.0 MiB)
26/08/14 00:06:50 INFO BlockManagerInfo: Added broadcast_99_piece0 in memory on spark-driver:35647 (size: 5.9 KiB, free: 191.1 MiB)
26/08/14 00:06:50 INFO SparkContext: Created broadcast 99 from broadcast at DAGScheduler.scala:1585
26/08/14 00:06:50 INFO DAGScheduler: Submitting 1 missing tasks from ResultStage 100 (MapPartitionsRDD[648] at count at <unknown>:0) (first 15 tasks are for partitions Vector(0))
26/08/14 00:06:50 INFO TaskSchedulerImpl: Adding task set 100.0 with 1 tasks resource profile 0
26/08/14 00:06:50 INFO TaskSetManager: Starting task 0.0 in stage 100.0 (TID 362) (172.26.0.13, executor 1, partition 0, NODE_LOCAL, 9003 bytes) 
26/08/14 00:06:50 INFO BlockManagerInfo: Added broadcast_99_piece0 in memory on 172.26.0.13:39169 (size: 5.9 KiB, free: 408.9 MiB)
26/08/14 00:06:50 INFO MapOutputTrackerMasterEndpoint: Asked to send map output locations for shuffle 45 to 172.26.0.13:44738
26/08/14 00:06:50 INFO TaskSetManager: Finished task 0.0 in stage 100.0 (TID 362) in 68 ms on 172.26.0.13 (executor 1) (1/1)
26/08/14 00:06:50 INFO TaskSchedulerImpl: Removed TaskSet 100.0, whose tasks have all completed, from pool 
26/08/14 00:06:50 INFO DAGScheduler: ResultStage 100 (count at <unknown>:0) finished in 0.083 s
26/08/14 00:06:50 INFO DAGScheduler: Job 54 is finished. Cancelling potential speculative or zombie tasks for this job
26/08/14 00:06:50 INFO TaskSchedulerImpl: Killing all running tasks in stage 100: Stage finished
26/08/14 00:06:50 INFO DAGScheduler: Job 54 finished: count at <unknown>:0, took 0.976476 s
26/08/14 00:06:51 INFO SparkContext: Starting job: count at <unknown>:0
26/08/14 00:06:51 INFO DAGScheduler: Registering RDD 653 (count at <unknown>:0) as input to shuffle 46
26/08/14 00:06:51 INFO DAGScheduler: Got job 55 (count at <unknown>:0) with 1 output partitions
26/08/14 00:06:51 INFO DAGScheduler: Final stage: ResultStage 102 (count at <unknown>:0)
26/08/14 00:06:51 INFO DAGScheduler: Parents of final stage: List(ShuffleMapStage 101)
26/08/14 00:06:51 INFO DAGScheduler: Missing parents: List(ShuffleMapStage 101)
26/08/14 00:06:51 INFO DAGScheduler: Submitting ShuffleMapStage 101 (MapPartitionsRDD[653] at count at <unknown>:0), which has no missing parents
26/08/14 00:06:51 INFO MemoryStore: Block broadcast_100 stored as values in memory (estimated size 64.9 KiB, free 190.9 MiB)
26/08/14 00:06:51 INFO MemoryStore: Block broadcast_100_piece0 stored as bytes in memory (estimated size 24.2 KiB, free 190.9 MiB)
26/08/14 00:06:51 INFO BlockManagerInfo: Added broadcast_100_piece0 in memory on spark-driver:35647 (size: 24.2 KiB, free: 191.1 MiB)
26/08/14 00:06:51 INFO SparkContext: Created broadcast 100 from broadcast at DAGScheduler.scala:1585
26/08/14 00:06:51 INFO DAGScheduler: Submitting 6 missing tasks from ShuffleMapStage 101 (MapPartitionsRDD[653] at count at <unknown>:0) (first 15 tasks are for partitions Vector(0, 1, 2, 3, 4, 5))
26/08/14 00:06:51 INFO TaskSchedulerImpl: Adding task set 101.0 with 6 tasks resource profile 0
26/08/14 00:06:51 INFO TaskSetManager: Starting task 0.0 in stage 101.0 (TID 363) (172.26.0.13, executor 1, partition 0, PROCESS_LOCAL, 9921 bytes) 
26/08/14 00:06:51 INFO TaskSetManager: Starting task 1.0 in stage 101.0 (TID 364) (172.26.0.13, executor 1, partition 1, PROCESS_LOCAL, 9921 bytes) 
26/08/14 00:06:51 INFO TaskSetManager: Starting task 2.0 in stage 101.0 (TID 365) (172.26.0.13, executor 1, partition 2, PROCESS_LOCAL, 9921 bytes) 
26/08/14 00:06:51 INFO BlockManagerInfo: Added broadcast_100_piece0 in memory on 172.26.0.13:39169 (size: 24.2 KiB, free: 408.8 MiB)
26/08/14 00:06:51 INFO TaskSetManager: Starting task 3.0 in stage 101.0 (TID 366) (172.26.0.13, executor 1, partition 3, PROCESS_LOCAL, 9921 bytes) 
26/08/14 00:06:51 INFO TaskSetManager: Starting task 4.0 in stage 101.0 (TID 367) (172.26.0.13, executor 1, partition 4, PROCESS_LOCAL, 9921 bytes) 
26/08/14 00:06:51 INFO TaskSetManager: Finished task 1.0 in stage 101.0 (TID 364) in 51 ms on 172.26.0.13 (executor 1) (1/6)
26/08/14 00:06:51 INFO TaskSetManager: Finished task 0.0 in stage 101.0 (TID 363) in 52 ms on 172.26.0.13 (executor 1) (2/6)
26/08/14 00:06:51 INFO TaskSetManager: Starting task 5.0 in stage 101.0 (TID 368) (172.26.0.13, executor 1, partition 5, PROCESS_LOCAL, 9921 bytes) 
26/08/14 00:06:51 INFO TaskSetManager: Finished task 2.0 in stage 101.0 (TID 365) in 59 ms on 172.26.0.13 (executor 1) (3/6)
26/08/14 00:06:51 INFO TaskSetManager: Finished task 4.0 in stage 101.0 (TID 367) in 17 ms on 172.26.0.13 (executor 1) (4/6)
26/08/14 00:06:51 INFO TaskSetManager: Finished task 3.0 in stage 101.0 (TID 366) in 23 ms on 172.26.0.13 (executor 1) (5/6)
26/08/14 00:06:51 INFO TaskSetManager: Finished task 5.0 in stage 101.0 (TID 368) in 20 ms on 172.26.0.13 (executor 1) (6/6)
26/08/14 00:06:51 INFO DAGScheduler: ShuffleMapStage 101 (count at <unknown>:0) finished in 0.088 s
26/08/14 00:06:51 INFO DAGScheduler: looking for newly runnable stages
26/08/14 00:06:51 INFO DAGScheduler: running: Set()
26/08/14 00:06:51 INFO DAGScheduler: waiting: Set(ResultStage 102)
26/08/14 00:06:51 INFO DAGScheduler: failed: Set()
26/08/14 00:06:51 INFO DAGScheduler: Submitting ResultStage 102 (MapPartitionsRDD[656] at count at <unknown>:0), which has no missing parents
26/08/14 00:06:51 INFO MemoryStore: Block broadcast_101 stored as values in memory (estimated size 12.5 KiB, free 190.9 MiB)
26/08/14 00:06:51 INFO TaskSchedulerImpl: Removed TaskSet 101.0, whose tasks have all completed, from pool 
26/08/14 00:06:51 INFO MemoryStore: Block broadcast_101_piece0 stored as bytes in memory (estimated size 5.9 KiB, free 190.9 MiB)
26/08/14 00:06:51 INFO BlockManagerInfo: Added broadcast_101_piece0 in memory on spark-driver:35647 (size: 5.9 KiB, free: 191.1 MiB)
26/08/14 00:06:51 INFO SparkContext: Created broadcast 101 from broadcast at DAGScheduler.scala:1585
26/08/14 00:06:51 INFO DAGScheduler: Submitting 1 missing tasks from ResultStage 102 (MapPartitionsRDD[656] at count at <unknown>:0) (first 15 tasks are for partitions Vector(0))
26/08/14 00:06:51 INFO TaskSchedulerImpl: Adding task set 102.0 with 1 tasks resource profile 0
26/08/14 00:06:51 INFO TaskSetManager: Starting task 0.0 in stage 102.0 (TID 369) (172.26.0.13, executor 1, partition 0, NODE_LOCAL, 9003 bytes) 
26/08/14 00:06:51 INFO BlockManagerInfo: Added broadcast_101_piece0 in memory on 172.26.0.13:39169 (size: 5.9 KiB, free: 408.8 MiB)
26/08/14 00:06:51 INFO MapOutputTrackerMasterEndpoint: Asked to send map output locations for shuffle 46 to 172.26.0.13:44738
26/08/14 00:06:51 INFO TaskSetManager: Finished task 0.0 in stage 102.0 (TID 369) in 49 ms on 172.26.0.13 (executor 1) (1/1)
26/08/14 00:06:51 INFO DAGScheduler: ResultStage 102 (count at <unknown>:0) finished in 0.076 s
26/08/14 00:06:51 INFO DAGScheduler: Job 55 is finished. Cancelling potential speculative or zombie tasks for this job
26/08/14 00:06:51 INFO TaskSchedulerImpl: Removed TaskSet 102.0, whose tasks have all completed, from pool 
26/08/14 00:06:51 INFO TaskSchedulerImpl: Killing all running tasks in stage 102: Stage finished
26/08/14 00:06:51 INFO DAGScheduler: Job 55 finished: count at <unknown>:0, took 0.174271 s
26/08/14 00:06:51 INFO CodeGenerator: Code generated in 33.366125 ms
26/08/14 00:06:51 INFO DefaultCachedBatchSerializer: Predicate isnotnull(event_time#89-T120000ms) generates partition filter: ((event_time.count#32245 - event_time.nullCount#32244) > 0)
26/08/14 00:06:51 INFO DefaultCachedBatchSerializer: Predicate (event_time#89-T120000ms < 2026-08-14 00:04:39.141) generates partition filter: (event_time.lowerBound#32243 < 2026-08-14 00:04:39.141)
26/08/14 00:06:51 INFO SparkContext: Starting job: count at <unknown>:0
26/08/14 00:06:51 INFO BlockManagerInfo: Removed broadcast_101_piece0 on spark-driver:35647 in memory (size: 5.9 KiB, free: 191.1 MiB)
26/08/14 00:06:51 INFO DAGScheduler: Registering RDD 661 (count at <unknown>:0) as input to shuffle 47
26/08/14 00:06:51 INFO DAGScheduler: Got job 56 (count at <unknown>:0) with 1 output partitions
26/08/14 00:06:51 INFO DAGScheduler: Final stage: ResultStage 104 (count at <unknown>:0)
26/08/14 00:06:51 INFO DAGScheduler: Parents of final stage: List(ShuffleMapStage 103)
26/08/14 00:06:51 INFO DAGScheduler: Missing parents: List(ShuffleMapStage 103)
26/08/14 00:06:51 INFO BlockManagerInfo: Removed broadcast_101_piece0 on 172.26.0.13:39169 in memory (size: 5.9 KiB, free: 408.8 MiB)
26/08/14 00:06:51 INFO DAGScheduler: Submitting ShuffleMapStage 103 (MapPartitionsRDD[661] at count at <unknown>:0), which has no missing parents
26/08/14 00:06:51 INFO BlockManagerInfo: Removed broadcast_98_piece0 on spark-driver:35647 in memory (size: 24.1 KiB, free: 191.1 MiB)
26/08/14 00:06:51 INFO MemoryStore: Block broadcast_102 stored as values in memory (estimated size 67.2 KiB, free 190.9 MiB)
26/08/14 00:06:51 INFO BlockManagerInfo: Removed broadcast_98_piece0 on 172.26.0.13:39169 in memory (size: 24.1 KiB, free: 408.9 MiB)
26/08/14 00:06:51 INFO MemoryStore: Block broadcast_102_piece0 stored as bytes in memory (estimated size 25.6 KiB, free 190.9 MiB)
26/08/14 00:06:51 INFO BlockManagerInfo: Added broadcast_102_piece0 in memory on spark-driver:35647 (size: 25.6 KiB, free: 191.1 MiB)
26/08/14 00:06:51 INFO SparkContext: Created broadcast 102 from broadcast at DAGScheduler.scala:1585
26/08/14 00:06:51 INFO DAGScheduler: Submitting 6 missing tasks from ShuffleMapStage 103 (MapPartitionsRDD[661] at count at <unknown>:0) (first 15 tasks are for partitions Vector(0, 1, 2, 3, 4, 5))
26/08/14 00:06:51 INFO TaskSchedulerImpl: Adding task set 103.0 with 6 tasks resource profile 0
26/08/14 00:06:51 INFO TaskSetManager: Starting task 0.0 in stage 103.0 (TID 370) (172.26.0.13, executor 1, partition 0, PROCESS_LOCAL, 9921 bytes) 
26/08/14 00:06:51 INFO TaskSetManager: Starting task 1.0 in stage 103.0 (TID 371) (172.26.0.13, executor 1, partition 1, PROCESS_LOCAL, 9921 bytes) 
26/08/14 00:06:51 INFO TaskSetManager: Starting task 2.0 in stage 103.0 (TID 372) (172.26.0.13, executor 1, partition 2, PROCESS_LOCAL, 9921 bytes) 
26/08/14 00:06:51 INFO BlockManagerInfo: Removed broadcast_99_piece0 on spark-driver:35647 in memory (size: 5.9 KiB, free: 191.1 MiB)
26/08/14 00:06:51 INFO BlockManagerInfo: Removed broadcast_99_piece0 on 172.26.0.13:39169 in memory (size: 5.9 KiB, free: 408.9 MiB)
26/08/14 00:06:51 INFO BlockManagerInfo: Removed broadcast_100_piece0 on spark-driver:35647 in memory (size: 24.2 KiB, free: 191.2 MiB)
26/08/14 00:06:51 INFO BlockManagerInfo: Removed broadcast_100_piece0 on 172.26.0.13:39169 in memory (size: 24.2 KiB, free: 408.9 MiB)
26/08/14 00:06:51 INFO BlockManagerInfo: Added broadcast_102_piece0 in memory on 172.26.0.13:39169 (size: 25.6 KiB, free: 408.9 MiB)
26/08/14 00:06:51 INFO TaskSetManager: Starting task 3.0 in stage 103.0 (TID 373) (172.26.0.13, executor 1, partition 3, PROCESS_LOCAL, 9921 bytes) 
26/08/14 00:06:51 INFO TaskSetManager: Finished task 0.0 in stage 103.0 (TID 370) in 112 ms on 172.26.0.13 (executor 1) (1/6)
26/08/14 00:06:51 INFO TaskSetManager: Starting task 4.0 in stage 103.0 (TID 374) (172.26.0.13, executor 1, partition 4, PROCESS_LOCAL, 9921 bytes) 
26/08/14 00:06:51 INFO TaskSetManager: Finished task 2.0 in stage 103.0 (TID 372) in 112 ms on 172.26.0.13 (executor 1) (2/6)
26/08/14 00:06:51 INFO TaskSetManager: Starting task 5.0 in stage 103.0 (TID 375) (172.26.0.13, executor 1, partition 5, PROCESS_LOCAL, 9921 bytes) 
26/08/14 00:06:51 INFO TaskSetManager: Finished task 1.0 in stage 103.0 (TID 371) in 113 ms on 172.26.0.13 (executor 1) (3/6)
26/08/14 00:06:51 INFO TaskSetManager: Finished task 4.0 in stage 103.0 (TID 374) in 20 ms on 172.26.0.13 (executor 1) (4/6)
26/08/14 00:06:51 INFO TaskSetManager: Finished task 5.0 in stage 103.0 (TID 375) in 20 ms on 172.26.0.13 (executor 1) (5/6)
26/08/14 00:06:51 INFO TaskSetManager: Finished task 3.0 in stage 103.0 (TID 373) in 24 ms on 172.26.0.13 (executor 1) (6/6)
26/08/14 00:06:51 INFO TaskSchedulerImpl: Removed TaskSet 103.0, whose tasks have all completed, from pool 
26/08/14 00:06:51 INFO DAGScheduler: ShuffleMapStage 103 (count at <unknown>:0) finished in 0.163 s
26/08/14 00:06:51 INFO DAGScheduler: looking for newly runnable stages
26/08/14 00:06:51 INFO DAGScheduler: running: Set()
26/08/14 00:06:51 INFO DAGScheduler: waiting: Set(ResultStage 104)
26/08/14 00:06:51 INFO DAGScheduler: failed: Set()
26/08/14 00:06:51 INFO DAGScheduler: Submitting ResultStage 104 (MapPartitionsRDD[664] at count at <unknown>:0), which has no missing parents
26/08/14 00:06:51 INFO MemoryStore: Block broadcast_103 stored as values in memory (estimated size 12.5 KiB, free 191.0 MiB)
26/08/14 00:06:51 INFO MemoryStore: Block broadcast_103_piece0 stored as bytes in memory (estimated size 5.9 KiB, free 191.0 MiB)
26/08/14 00:06:51 INFO BlockManagerInfo: Added broadcast_103_piece0 in memory on spark-driver:35647 (size: 5.9 KiB, free: 191.1 MiB)
26/08/14 00:06:51 INFO SparkContext: Created broadcast 103 from broadcast at DAGScheduler.scala:1585
26/08/14 00:06:51 INFO DAGScheduler: Submitting 1 missing tasks from ResultStage 104 (MapPartitionsRDD[664] at count at <unknown>:0) (first 15 tasks are for partitions Vector(0))
26/08/14 00:06:51 INFO TaskSchedulerImpl: Adding task set 104.0 with 1 tasks resource profile 0
26/08/14 00:06:51 INFO TaskSetManager: Starting task 0.0 in stage 104.0 (TID 376) (172.26.0.13, executor 1, partition 0, NODE_LOCAL, 9003 bytes) 
26/08/14 00:06:51 INFO BlockManagerInfo: Added broadcast_103_piece0 in memory on 172.26.0.13:39169 (size: 5.9 KiB, free: 408.9 MiB)
26/08/14 00:06:51 INFO MapOutputTrackerMasterEndpoint: Asked to send map output locations for shuffle 47 to 172.26.0.13:44738
26/08/14 00:06:51 INFO TaskSetManager: Finished task 0.0 in stage 104.0 (TID 376) in 33 ms on 172.26.0.13 (executor 1) (1/1)
26/08/14 00:06:51 INFO TaskSchedulerImpl: Removed TaskSet 104.0, whose tasks have all completed, from pool 
26/08/14 00:06:51 INFO DAGScheduler: ResultStage 104 (count at <unknown>:0) finished in 0.044 s
26/08/14 00:06:51 INFO DAGScheduler: Job 56 is finished. Cancelling potential speculative or zombie tasks for this job
26/08/14 00:06:51 INFO TaskSchedulerImpl: Killing all running tasks in stage 104: Stage finished
26/08/14 00:06:51 INFO DAGScheduler: Job 56 finished: count at <unknown>:0, took 0.216951 s
26/08/14 00:06:51 INFO DefaultCachedBatchSerializer: Predicate isnotnull(kind#32802) generates partition filter: ((kind.count#32871 - kind.nullCount#32870) > 0)
26/08/14 00:06:51 INFO DefaultCachedBatchSerializer: Predicate (kind#32802 = stats) generates partition filter: ((kind.lowerBound#32869 <= stats) AND (stats <= kind.upperBound#32868))
26/08/14 00:06:51 INFO SparkContext: Starting job: call at /opt/spark/python/lib/py4j-0.10.9.7-src.zip/py4j/clientserver.py:617
26/08/14 00:06:51 INFO DAGScheduler: Got job 57 (call at /opt/spark/python/lib/py4j-0.10.9.7-src.zip/py4j/clientserver.py:617) with 6 output partitions
26/08/14 00:06:51 INFO DAGScheduler: Final stage: ResultStage 105 (call at /opt/spark/python/lib/py4j-0.10.9.7-src.zip/py4j/clientserver.py:617)
26/08/14 00:06:51 INFO DAGScheduler: Parents of final stage: List()
26/08/14 00:06:51 INFO DAGScheduler: Missing parents: List()
26/08/14 00:06:51 INFO DAGScheduler: Submitting ResultStage 105 (MapPartitionsRDD[683] at call at /opt/spark/python/lib/py4j-0.10.9.7-src.zip/py4j/clientserver.py:617), which has no missing parents
26/08/14 00:06:52 INFO MemoryStore: Block broadcast_104 stored as values in memory (estimated size 89.9 KiB, free 190.9 MiB)
26/08/14 00:06:52 INFO MemoryStore: Block broadcast_104_piece0 stored as bytes in memory (estimated size 34.0 KiB, free 190.9 MiB)
26/08/14 00:06:52 INFO BlockManagerInfo: Added broadcast_104_piece0 in memory on spark-driver:35647 (size: 34.0 KiB, free: 191.1 MiB)
26/08/14 00:06:52 INFO SparkContext: Created broadcast 104 from broadcast at DAGScheduler.scala:1585
26/08/14 00:06:52 INFO DAGScheduler: Submitting 6 missing tasks from ResultStage 105 (MapPartitionsRDD[683] at call at /opt/spark/python/lib/py4j-0.10.9.7-src.zip/py4j/clientserver.py:617) (first 15 tasks are for partitions Vector(0, 1, 2, 3, 4, 5))
26/08/14 00:06:52 INFO TaskSchedulerImpl: Adding task set 105.0 with 6 tasks resource profile 0
26/08/14 00:06:52 INFO TaskSetManager: Starting task 0.0 in stage 105.0 (TID 377) (172.26.0.13, executor 1, partition 0, PROCESS_LOCAL, 9932 bytes) 
26/08/14 00:06:52 INFO TaskSetManager: Starting task 1.0 in stage 105.0 (TID 378) (172.26.0.13, executor 1, partition 1, PROCESS_LOCAL, 9932 bytes) 
26/08/14 00:06:52 INFO TaskSetManager: Starting task 2.0 in stage 105.0 (TID 379) (172.26.0.13, executor 1, partition 2, PROCESS_LOCAL, 9932 bytes) 
26/08/14 00:06:52 INFO BlockManagerInfo: Added broadcast_104_piece0 in memory on 172.26.0.13:39169 (size: 34.0 KiB, free: 408.8 MiB)
26/08/14 00:06:55 INFO BlockManagerInfo: Added rdd_678_2 in memory on 172.26.0.13:39169 (size: 1808.0 B, free: 408.8 MiB)
26/08/14 00:06:56 INFO BlockManagerInfo: Added rdd_678_0 in memory on 172.26.0.13:39169 (size: 1808.0 B, free: 408.8 MiB)
26/08/14 00:06:56 INFO BlockManagerInfo: Added rdd_678_1 in memory on 172.26.0.13:39169 (size: 1808.0 B, free: 408.8 MiB)
26/08/14 00:06:56 INFO TaskSetManager: Starting task 3.0 in stage 105.0 (TID 380) (172.26.0.13, executor 1, partition 3, PROCESS_LOCAL, 9932 bytes) 
26/08/14 00:06:56 INFO TaskSetManager: Starting task 4.0 in stage 105.0 (TID 381) (172.26.0.13, executor 1, partition 4, PROCESS_LOCAL, 9932 bytes) 
26/08/14 00:06:56 INFO TaskSetManager: Starting task 5.0 in stage 105.0 (TID 382) (172.26.0.13, executor 1, partition 5, PROCESS_LOCAL, 9932 bytes) 
26/08/14 00:06:56 INFO TaskSetManager: Finished task 1.0 in stage 105.0 (TID 378) in 4103 ms on 172.26.0.13 (executor 1) (1/6)
26/08/14 00:06:56 INFO TaskSetManager: Finished task 2.0 in stage 105.0 (TID 379) in 4107 ms on 172.26.0.13 (executor 1) (2/6)
26/08/14 00:06:56 INFO TaskSetManager: Finished task 0.0 in stage 105.0 (TID 377) in 4110 ms on 172.26.0.13 (executor 1) (3/6)
26/08/14 00:07:00 INFO BlockManagerInfo: Added rdd_678_4 in memory on 172.26.0.13:39169 (size: 1808.0 B, free: 408.8 MiB)
26/08/14 00:07:00 INFO BlockManagerInfo: Added rdd_678_3 in memory on 172.26.0.13:39169 (size: 1808.0 B, free: 408.8 MiB)
26/08/14 00:07:00 INFO TaskSetManager: Finished task 3.0 in stage 105.0 (TID 380) in 4667 ms on 172.26.0.13 (executor 1) (4/6)
26/08/14 00:07:00 INFO TaskSetManager: Finished task 4.0 in stage 105.0 (TID 381) in 4645 ms on 172.26.0.13 (executor 1) (5/6)
26/08/14 00:07:00 INFO BlockManagerInfo: Added rdd_678_5 in memory on 172.26.0.13:39169 (size: 1808.0 B, free: 408.8 MiB)
26/08/14 00:07:00 INFO TaskSetManager: Finished task 5.0 in stage 105.0 (TID 382) in 4725 ms on 172.26.0.13 (executor 1) (6/6)
26/08/14 00:07:00 INFO TaskSchedulerImpl: Removed TaskSet 105.0, whose tasks have all completed, from pool 
26/08/14 00:07:00 INFO DAGScheduler: ResultStage 105 (call at /opt/spark/python/lib/py4j-0.10.9.7-src.zip/py4j/clientserver.py:617) finished in 8.832 s
26/08/14 00:07:00 INFO DAGScheduler: Job 57 is finished. Cancelling potential speculative or zombie tasks for this job
26/08/14 00:07:00 INFO TaskSchedulerImpl: Killing all running tasks in stage 105: Stage finished
26/08/14 00:07:00 INFO DAGScheduler: Job 57 finished: call at /opt/spark/python/lib/py4j-0.10.9.7-src.zip/py4j/clientserver.py:617, took 8.860366 s
26/08/14 00:07:01 INFO DefaultCachedBatchSerializer: Predicate isnotnull(kind#32802) generates partition filter: ((kind.count#32954 - kind.nullCount#32953) > 0)
26/08/14 00:07:01 INFO DefaultCachedBatchSerializer: Predicate (kind#32802 = dlq) generates partition filter: ((kind.lowerBound#32952 <= dlq) AND (dlq <= kind.upperBound#32951))
26/08/14 00:07:01 INFO BlockManagerInfo: Removed broadcast_104_piece0 on spark-driver:35647 in memory (size: 34.0 KiB, free: 191.1 MiB)
26/08/14 00:07:01 INFO BlockManagerInfo: Removed broadcast_104_piece0 on 172.26.0.13:39169 in memory (size: 34.0 KiB, free: 408.9 MiB)
26/08/14 00:07:01 INFO BlockManagerInfo: Removed broadcast_102_piece0 on spark-driver:35647 in memory (size: 25.6 KiB, free: 191.2 MiB)
26/08/14 00:07:01 INFO BlockManagerInfo: Removed broadcast_102_piece0 on 172.26.0.13:39169 in memory (size: 25.6 KiB, free: 408.9 MiB)
26/08/14 00:07:01 INFO SparkContext: Starting job: count at <unknown>:0
26/08/14 00:07:01 INFO BlockManagerInfo: Removed broadcast_103_piece0 on spark-driver:35647 in memory (size: 5.9 KiB, free: 191.2 MiB)
26/08/14 00:07:01 INFO DAGScheduler: Registering RDD 688 (count at <unknown>:0) as input to shuffle 48
26/08/14 00:07:01 INFO BlockManagerInfo: Removed broadcast_103_piece0 on 172.26.0.13:39169 in memory (size: 5.9 KiB, free: 408.9 MiB)
26/08/14 00:07:01 INFO DAGScheduler: Got job 58 (count at <unknown>:0) with 1 output partitions
26/08/14 00:07:01 INFO DAGScheduler: Final stage: ResultStage 107 (count at <unknown>:0)
26/08/14 00:07:01 INFO DAGScheduler: Parents of final stage: List(ShuffleMapStage 106)
26/08/14 00:07:01 INFO DAGScheduler: Missing parents: List(ShuffleMapStage 106)
26/08/14 00:07:01 INFO DAGScheduler: Submitting ShuffleMapStage 106 (MapPartitionsRDD[688] at count at <unknown>:0), which has no missing parents
26/08/14 00:07:01 INFO StandaloneAppClient$ClientEndpoint: Executor added: app-20260814000514-0013/2 on worker-20260814000659-172.26.0.12-41361 (172.26.0.12:41361) with 3 core(s)
26/08/14 00:07:01 INFO StandaloneSchedulerBackend: Granted executor ID app-20260814000514-0013/2 on hostPort 172.26.0.12:41361 with 3 core(s), 1024.0 MiB RAM
26/08/14 00:07:01 INFO MemoryStore: Block broadcast_105 stored as values in memory (estimated size 92.2 KiB, free 191.0 MiB)
26/08/14 00:07:01 INFO MemoryStore: Block broadcast_105_piece0 stored as bytes in memory (estimated size 35.3 KiB, free 191.0 MiB)
26/08/14 00:07:01 INFO BlockManagerInfo: Added broadcast_105_piece0 in memory on spark-driver:35647 (size: 35.3 KiB, free: 191.1 MiB)
26/08/14 00:07:01 INFO SparkContext: Created broadcast 105 from broadcast at DAGScheduler.scala:1585
26/08/14 00:07:01 INFO DAGScheduler: Submitting 6 missing tasks from ShuffleMapStage 106 (MapPartitionsRDD[688] at count at <unknown>:0) (first 15 tasks are for partitions Vector(0, 1, 2, 3, 4, 5))
26/08/14 00:07:01 INFO TaskSchedulerImpl: Adding task set 106.0 with 6 tasks resource profile 0
26/08/14 00:07:01 INFO TaskSetManager: Starting task 0.0 in stage 106.0 (TID 383) (172.26.0.13, executor 1, partition 0, PROCESS_LOCAL, 9921 bytes) 
26/08/14 00:07:01 INFO TaskSetManager: Starting task 1.0 in stage 106.0 (TID 384) (172.26.0.13, executor 1, partition 1, PROCESS_LOCAL, 9921 bytes) 
26/08/14 00:07:01 INFO TaskSetManager: Starting task 2.0 in stage 106.0 (TID 385) (172.26.0.13, executor 1, partition 2, PROCESS_LOCAL, 9921 bytes) 
26/08/14 00:07:01 INFO BlockManagerInfo: Added broadcast_105_piece0 in memory on 172.26.0.13:39169 (size: 35.3 KiB, free: 408.9 MiB)
26/08/14 00:07:01 INFO TaskSetManager: Starting task 3.0 in stage 106.0 (TID 386) (172.26.0.13, executor 1, partition 3, PROCESS_LOCAL, 9921 bytes) 
26/08/14 00:07:01 INFO TaskSetManager: Finished task 2.0 in stage 106.0 (TID 385) in 79 ms on 172.26.0.13 (executor 1) (1/6)
26/08/14 00:07:01 INFO TaskSetManager: Starting task 4.0 in stage 106.0 (TID 387) (172.26.0.13, executor 1, partition 4, PROCESS_LOCAL, 9921 bytes) 
26/08/14 00:07:01 INFO TaskSetManager: Starting task 5.0 in stage 106.0 (TID 388) (172.26.0.13, executor 1, partition 5, PROCESS_LOCAL, 9921 bytes) 
26/08/14 00:07:01 INFO TaskSetManager: Finished task 1.0 in stage 106.0 (TID 384) in 83 ms on 172.26.0.13 (executor 1) (2/6)
26/08/14 00:07:01 INFO TaskSetManager: Finished task 0.0 in stage 106.0 (TID 383) in 85 ms on 172.26.0.13 (executor 1) (3/6)
26/08/14 00:07:01 INFO TaskSetManager: Finished task 3.0 in stage 106.0 (TID 386) in 40 ms on 172.26.0.13 (executor 1) (4/6)
26/08/14 00:07:01 INFO TaskSetManager: Finished task 4.0 in stage 106.0 (TID 387) in 48 ms on 172.26.0.13 (executor 1) (5/6)
26/08/14 00:07:01 INFO TaskSetManager: Finished task 5.0 in stage 106.0 (TID 388) in 48 ms on 172.26.0.13 (executor 1) (6/6)
26/08/14 00:07:01 INFO TaskSchedulerImpl: Removed TaskSet 106.0, whose tasks have all completed, from pool 
26/08/14 00:07:01 INFO DAGScheduler: ShuffleMapStage 106 (count at <unknown>:0) finished in 0.181 s
26/08/14 00:07:01 INFO DAGScheduler: looking for newly runnable stages
26/08/14 00:07:01 INFO DAGScheduler: running: Set()
26/08/14 00:07:01 INFO DAGScheduler: waiting: Set(ResultStage 107)
26/08/14 00:07:01 INFO DAGScheduler: failed: Set()
26/08/14 00:07:01 INFO DAGScheduler: Submitting ResultStage 107 (MapPartitionsRDD[691] at count at <unknown>:0), which has no missing parents
26/08/14 00:07:01 INFO MemoryStore: Block broadcast_106 stored as values in memory (estimated size 12.5 KiB, free 191.0 MiB)
26/08/14 00:07:01 INFO MemoryStore: Block broadcast_106_piece0 stored as bytes in memory (estimated size 5.9 KiB, free 190.9 MiB)
26/08/14 00:07:01 INFO BlockManagerInfo: Added broadcast_106_piece0 in memory on spark-driver:35647 (size: 5.9 KiB, free: 191.1 MiB)
26/08/14 00:07:01 INFO SparkContext: Created broadcast 106 from broadcast at DAGScheduler.scala:1585
26/08/14 00:07:01 INFO DAGScheduler: Submitting 1 missing tasks from ResultStage 107 (MapPartitionsRDD[691] at count at <unknown>:0) (first 15 tasks are for partitions Vector(0))
26/08/14 00:07:01 INFO TaskSchedulerImpl: Adding task set 107.0 with 1 tasks resource profile 0
26/08/14 00:07:01 INFO TaskSetManager: Starting task 0.0 in stage 107.0 (TID 389) (172.26.0.13, executor 1, partition 0, NODE_LOCAL, 9003 bytes) 
26/08/14 00:07:01 INFO BlockManagerInfo: Added broadcast_106_piece0 in memory on 172.26.0.13:39169 (size: 5.9 KiB, free: 408.8 MiB)
26/08/14 00:07:01 INFO MapOutputTrackerMasterEndpoint: Asked to send map output locations for shuffle 48 to 172.26.0.13:44738
26/08/14 00:07:01 INFO TaskSetManager: Finished task 0.0 in stage 107.0 (TID 389) in 38 ms on 172.26.0.13 (executor 1) (1/1)
26/08/14 00:07:01 INFO TaskSchedulerImpl: Removed TaskSet 107.0, whose tasks have all completed, from pool 
26/08/14 00:07:01 INFO DAGScheduler: ResultStage 107 (count at <unknown>:0) finished in 0.050 s
26/08/14 00:07:01 INFO DAGScheduler: Job 58 is finished. Cancelling potential speculative or zombie tasks for this job
26/08/14 00:07:01 INFO TaskSchedulerImpl: Killing all running tasks in stage 107: Stage finished
26/08/14 00:07:01 INFO DAGScheduler: Job 58 finished: count at <unknown>:0, took 0.238721 s
26/08/14 00:07:01 INFO MapPartitionsRDD: Removing RDD 678 from persistence list
26/08/14 00:07:01 INFO BlockManager: Removing RDD 678
26/08/14 00:07:01 INFO StandaloneAppClient$ClientEndpoint: Executor updated: app-20260814000514-0013/2 is now RUNNING
26/08/14 00:07:01 INFO SparkContext: Starting job: call at /opt/spark/python/lib/py4j-0.10.9.7-src.zip/py4j/clientserver.py:617
26/08/14 00:07:01 INFO DAGScheduler: Registering RDD 696 (call at /opt/spark/python/lib/py4j-0.10.9.7-src.zip/py4j/clientserver.py:617) as input to shuffle 49
26/08/14 00:07:01 INFO DAGScheduler: Got job 59 (call at /opt/spark/python/lib/py4j-0.10.9.7-src.zip/py4j/clientserver.py:617) with 1 output partitions
26/08/14 00:07:01 INFO DAGScheduler: Final stage: ResultStage 109 (call at /opt/spark/python/lib/py4j-0.10.9.7-src.zip/py4j/clientserver.py:617)
26/08/14 00:07:01 INFO DAGScheduler: Parents of final stage: List(ShuffleMapStage 108)
26/08/14 00:07:01 INFO DAGScheduler: Missing parents: List(ShuffleMapStage 108)
26/08/14 00:07:01 INFO DAGScheduler: Submitting ShuffleMapStage 108 (MapPartitionsRDD[696] at call at /opt/spark/python/lib/py4j-0.10.9.7-src.zip/py4j/clientserver.py:617), which has no missing parents
26/08/14 00:07:01 INFO MemoryStore: Block broadcast_107 stored as values in memory (estimated size 66.1 KiB, free 190.9 MiB)
26/08/14 00:07:01 INFO MemoryStore: Block broadcast_107_piece0 stored as bytes in memory (estimated size 24.8 KiB, free 190.9 MiB)
26/08/14 00:07:01 INFO BlockManagerInfo: Added broadcast_107_piece0 in memory on spark-driver:35647 (size: 24.8 KiB, free: 191.1 MiB)
26/08/14 00:07:01 INFO SparkContext: Created broadcast 107 from broadcast at DAGScheduler.scala:1585
26/08/14 00:07:01 INFO DAGScheduler: Submitting 6 missing tasks from ShuffleMapStage 108 (MapPartitionsRDD[696] at call at /opt/spark/python/lib/py4j-0.10.9.7-src.zip/py4j/clientserver.py:617) (first 15 tasks are for partitions Vector(0, 1, 2, 3, 4, 5))
26/08/14 00:07:01 INFO TaskSchedulerImpl: Adding task set 108.0 with 6 tasks resource profile 0
26/08/14 00:07:01 INFO TaskSetManager: Starting task 0.0 in stage 108.0 (TID 390) (172.26.0.13, executor 1, partition 0, PROCESS_LOCAL, 9921 bytes) 
26/08/14 00:07:01 INFO TaskSetManager: Starting task 1.0 in stage 108.0 (TID 391) (172.26.0.13, executor 1, partition 1, PROCESS_LOCAL, 9921 bytes) 
26/08/14 00:07:01 INFO TaskSetManager: Starting task 2.0 in stage 108.0 (TID 392) (172.26.0.13, executor 1, partition 2, PROCESS_LOCAL, 9921 bytes) 
26/08/14 00:07:01 INFO BlockManagerInfo: Added broadcast_107_piece0 in memory on 172.26.0.13:39169 (size: 24.8 KiB, free: 408.8 MiB)
26/08/14 00:07:01 INFO TaskSetManager: Starting task 3.0 in stage 108.0 (TID 393) (172.26.0.13, executor 1, partition 3, PROCESS_LOCAL, 9921 bytes) 
26/08/14 00:07:01 INFO TaskSetManager: Starting task 4.0 in stage 108.0 (TID 394) (172.26.0.13, executor 1, partition 4, PROCESS_LOCAL, 9921 bytes) 
26/08/14 00:07:01 INFO TaskSetManager: Starting task 5.0 in stage 108.0 (TID 395) (172.26.0.13, executor 1, partition 5, PROCESS_LOCAL, 9921 bytes) 
26/08/14 00:07:01 INFO TaskSetManager: Finished task 0.0 in stage 108.0 (TID 390) in 29 ms on 172.26.0.13 (executor 1) (1/6)
26/08/14 00:07:01 INFO TaskSetManager: Finished task 1.0 in stage 108.0 (TID 391) in 28 ms on 172.26.0.13 (executor 1) (2/6)
26/08/14 00:07:01 INFO TaskSetManager: Finished task 2.0 in stage 108.0 (TID 392) in 28 ms on 172.26.0.13 (executor 1) (3/6)
26/08/14 00:07:01 INFO TaskSetManager: Finished task 5.0 in stage 108.0 (TID 395) in 19 ms on 172.26.0.13 (executor 1) (4/6)
26/08/14 00:07:01 INFO TaskSetManager: Finished task 3.0 in stage 108.0 (TID 393) in 20 ms on 172.26.0.13 (executor 1) (5/6)
26/08/14 00:07:01 INFO TaskSetManager: Finished task 4.0 in stage 108.0 (TID 394) in 23 ms on 172.26.0.13 (executor 1) (6/6)
26/08/14 00:07:01 INFO TaskSchedulerImpl: Removed TaskSet 108.0, whose tasks have all completed, from pool 
26/08/14 00:07:01 INFO DAGScheduler: ShuffleMapStage 108 (call at /opt/spark/python/lib/py4j-0.10.9.7-src.zip/py4j/clientserver.py:617) finished in 0.064 s
26/08/14 00:07:01 INFO DAGScheduler: looking for newly runnable stages
26/08/14 00:07:01 INFO DAGScheduler: running: Set()
26/08/14 00:07:01 INFO DAGScheduler: waiting: Set(ResultStage 109)
26/08/14 00:07:01 INFO DAGScheduler: failed: Set()
26/08/14 00:07:01 INFO DAGScheduler: Submitting ResultStage 109 (MapPartitionsRDD[699] at call at /opt/spark/python/lib/py4j-0.10.9.7-src.zip/py4j/clientserver.py:617), which has no missing parents
26/08/14 00:07:01 INFO MemoryStore: Block broadcast_108 stored as values in memory (estimated size 13.1 KiB, free 190.8 MiB)
26/08/14 00:07:01 INFO MemoryStore: Block broadcast_108_piece0 stored as bytes in memory (estimated size 6.1 KiB, free 190.8 MiB)
26/08/14 00:07:01 INFO BlockManagerInfo: Added broadcast_108_piece0 in memory on spark-driver:35647 (size: 6.1 KiB, free: 191.1 MiB)
26/08/14 00:07:01 INFO SparkContext: Created broadcast 108 from broadcast at DAGScheduler.scala:1585
26/08/14 00:07:01 INFO DAGScheduler: Submitting 1 missing tasks from ResultStage 109 (MapPartitionsRDD[699] at call at /opt/spark/python/lib/py4j-0.10.9.7-src.zip/py4j/clientserver.py:617) (first 15 tasks are for partitions Vector(0))
26/08/14 00:07:01 INFO TaskSchedulerImpl: Adding task set 109.0 with 1 tasks resource profile 0
26/08/14 00:07:01 INFO TaskSetManager: Starting task 0.0 in stage 109.0 (TID 396) (172.26.0.13, executor 1, partition 0, NODE_LOCAL, 9003 bytes) 
26/08/14 00:07:01 INFO BlockManagerInfo: Added broadcast_108_piece0 in memory on 172.26.0.13:39169 (size: 6.1 KiB, free: 408.8 MiB)
26/08/14 00:07:01 INFO MapOutputTrackerMasterEndpoint: Asked to send map output locations for shuffle 49 to 172.26.0.13:44738
26/08/14 00:07:01 INFO TaskSetManager: Finished task 0.0 in stage 109.0 (TID 396) in 17 ms on 172.26.0.13 (executor 1) (1/1)
26/08/14 00:07:01 INFO TaskSchedulerImpl: Removed TaskSet 109.0, whose tasks have all completed, from pool 
26/08/14 00:07:01 INFO DAGScheduler: ResultStage 109 (call at /opt/spark/python/lib/py4j-0.10.9.7-src.zip/py4j/clientserver.py:617) finished in 0.024 s
26/08/14 00:07:01 INFO DAGScheduler: Job 59 is finished. Cancelling potential speculative or zombie tasks for this job
26/08/14 00:07:01 INFO TaskSchedulerImpl: Killing all running tasks in stage 109: Stage finished
26/08/14 00:07:01 INFO DAGScheduler: Job 59 finished: call at /opt/spark/python/lib/py4j-0.10.9.7-src.zip/py4j/clientserver.py:617, took 0.097152 s
2026-08-14 00:07:01,589 INFO  [stream] batch=10 in=8320 written=24960 late=0 dlq=0 11.67s (713 rows/s)
26/08/14 00:07:01 INFO MapPartitionsRDD: Removing RDD 640 from persistence list
26/08/14 00:07:01 INFO BlockManager: Removing RDD 640
26/08/14 00:07:01 INFO WatermarkTracker: Updating event-time watermark from 1786665879141 to 1786665889515 ms
26/08/14 00:07:01 INFO CheckpointFileManager: Writing atomically to file:/opt/checkpoints/trips/commits/10 using temp file file:/opt/checkpoints/trips/commits/.10.682a6152-1d3a-44c9-9fb8-60d446760a55.tmp
26/08/14 00:07:01 INFO CheckpointFileManager: Renamed temp file file:/opt/checkpoints/trips/commits/.10.682a6152-1d3a-44c9-9fb8-60d446760a55.tmp to file:/opt/checkpoints/trips/commits/10
26/08/14 00:07:01 INFO MicroBatchExecution: Streaming query made progress: {
  "id" : "5809875d-4e3d-4fb3-8383-949c002374c9",
  "runId" : "d3ba1340-2011-4780-b92f-e7e48f2e3457",
  "name" : "trips-ingest-chaos_kill_executor_1",
  "timestamp" : "2026-08-14T00:06:49.621Z",
  "batchId" : 10,
  "numInputRows" : 8320,
  "inputRowsPerSecond" : 799.9230843188155,
  "processedRowsPerSecond" : 691.8343588890737,
  "durationMs" : {
    "addBatch" : 11785,
    "commitOffsets" : 54,
    "getBatch" : 0,
    "latestOffset" : 36,
    "queryPlanning" : 73,
    "triggerExecution" : 12026,
    "walCommit" : 67
  },
  "eventTime" : {
    "avg" : "2026-08-14T00:06:42.924Z",
    "max" : "2026-08-14T00:06:49.515Z",
    "min" : "2026-08-14T00:06:36.282Z",
    "watermark" : "2026-08-14T00:04:39.141Z"
  },
  "stateOperators" : [ ],
  "sources" : [ {
    "description" : "KafkaV2[Subscribe[trips.raw]]",
    "startOffset" : {
      "trips.raw" : {
        "2" : 212749,
        "5" : 211591,
        "4" : 212564,
        "1" : 212555,
        "3" : 212417,
        "0" : 212334
      }
    },
    "endOffset" : {
      "trips.raw" : {
        "2" : 214170,
        "5" : 212907,
        "4" : 213945,
        "1" : 213947,
        "3" : 213790,
        "0" : 213771
      }
    },
    "latestOffset" : {
      "trips.raw" : {
        "2" : 214170,
        "5" : 212907,
        "4" : 213945,
        "1" : 213947,
        "3" : 213790,
        "0" : 213771
      }
    },
    "numInputRows" : 8320,
    "inputRowsPerSecond" : 799.9230843188155,
    "processedRowsPerSecond" : 691.8343588890737,
    "metrics" : {
      "avgOffsetsBehindLatest" : "0.0",
      "maxOffsetsBehindLatest" : "0",
      "minOffsetsBehindLatest" : "0"
    }
  } ],
  "sink" : {
    "description" : "ForeachBatchSink",
    "numOutputRows" : -1
  }
}
26/08/14 00:07:01 INFO CheckpointFileManager: Writing atomically to file:/opt/checkpoints/trips/offsets/11 using temp file file:/opt/checkpoints/trips/offsets/.11.7b975708-5283-43c7-b172-cbc1ca883355.tmp
26/08/14 00:07:01 INFO BlockManagerInfo: Removed broadcast_108_piece0 on spark-driver:35647 in memory (size: 6.1 KiB, free: 191.1 MiB)
26/08/14 00:07:01 INFO BlockManagerInfo: Removed broadcast_108_piece0 on 172.26.0.13:39169 in memory (size: 6.1 KiB, free: 413.8 MiB)
26/08/14 00:07:01 INFO BlockManagerInfo: Removed broadcast_106_piece0 on spark-driver:35647 in memory (size: 5.9 KiB, free: 191.1 MiB)
26/08/14 00:07:01 INFO BlockManagerInfo: Removed broadcast_106_piece0 on 172.26.0.13:39169 in memory (size: 5.9 KiB, free: 413.8 MiB)
26/08/14 00:07:01 INFO BlockManagerInfo: Removed broadcast_105_piece0 on spark-driver:35647 in memory (size: 35.3 KiB, free: 191.2 MiB)
26/08/14 00:07:01 INFO BlockManagerInfo: Removed broadcast_105_piece0 on 172.26.0.13:39169 in memory (size: 35.3 KiB, free: 413.9 MiB)
26/08/14 00:07:01 INFO BlockManagerInfo: Removed broadcast_107_piece0 on spark-driver:35647 in memory (size: 24.8 KiB, free: 191.2 MiB)
26/08/14 00:07:01 INFO BlockManagerInfo: Removed broadcast_107_piece0 on 172.26.0.13:39169 in memory (size: 24.8 KiB, free: 413.9 MiB)
26/08/14 00:07:01 INFO CheckpointFileManager: Renamed temp file file:/opt/checkpoints/trips/offsets/.11.7b975708-5283-43c7-b172-cbc1ca883355.tmp to file:/opt/checkpoints/trips/offsets/11
26/08/14 00:07:01 INFO MicroBatchExecution: Committed offsets for batch 11. Metadata OffsetSeqMetadata(1786665889515,1786666021686,Map(spark.sql.streaming.stateStore.providerClass -> org.apache.spark.sql.execution.streaming.state.HDFSBackedStateStoreProvider, spark.sql.streaming.join.stateFormatVersion -> 2, spark.sql.streaming.stateStore.compression.codec -> lz4, spark.sql.streaming.stateStore.rocksdb.formatVersion -> 5, spark.sql.streaming.statefulOperator.useStrictDistribution -> true, spark.sql.streaming.flatMapGroupsWithState.stateFormatVersion -> 2, spark.sql.streaming.multipleWatermarkPolicy -> min, spark.sql.streaming.aggregation.stateFormatVersion -> 2, spark.sql.shuffle.partitions -> 6))
26/08/14 00:07:01 INFO KafkaOffsetReaderAdmin: Partitions added: Map()
26/08/14 00:07:01 INFO KafkaOffsetReaderAdmin: Partitions added: Map()
26/08/14 00:07:01 INFO KafkaOffsetReaderAdmin: Partitions added: Map()
26/08/14 00:07:01 INFO KafkaOffsetReaderAdmin: Partitions added: Map()
2026-08-14 00:07:01,858 INFO  [stream] Received command c on object id p0
26/08/14 00:07:01 INFO SparkContext: Starting job: count at <unknown>:0
26/08/14 00:07:01 INFO DAGScheduler: Registering RDD 714 (count at <unknown>:0) as input to shuffle 50
26/08/14 00:07:01 INFO DAGScheduler: Got job 60 (count at <unknown>:0) with 1 output partitions
26/08/14 00:07:01 INFO DAGScheduler: Final stage: ResultStage 111 (count at <unknown>:0)
26/08/14 00:07:01 INFO DAGScheduler: Parents of final stage: List(ShuffleMapStage 110)
26/08/14 00:07:01 INFO DAGScheduler: Missing parents: List(ShuffleMapStage 110)
26/08/14 00:07:01 INFO DAGScheduler: Submitting ShuffleMapStage 110 (MapPartitionsRDD[714] at count at <unknown>:0), which has no missing parents
26/08/14 00:07:01 INFO MemoryStore: Block broadcast_109 stored as values in memory (estimated size 64.5 KiB, free 191.0 MiB)
26/08/14 00:07:01 INFO MemoryStore: Block broadcast_109_piece0 stored as bytes in memory (estimated size 24.1 KiB, free 191.0 MiB)
26/08/14 00:07:01 INFO BlockManagerInfo: Added broadcast_109_piece0 in memory on spark-driver:35647 (size: 24.1 KiB, free: 191.2 MiB)
26/08/14 00:07:01 INFO SparkContext: Created broadcast 109 from broadcast at DAGScheduler.scala:1585
26/08/14 00:07:01 INFO DAGScheduler: Submitting 6 missing tasks from ShuffleMapStage 110 (MapPartitionsRDD[714] at count at <unknown>:0) (first 15 tasks are for partitions Vector(0, 1, 2, 3, 4, 5))
26/08/14 00:07:01 INFO TaskSchedulerImpl: Adding task set 110.0 with 6 tasks resource profile 0
26/08/14 00:07:01 INFO TaskSetManager: Starting task 0.0 in stage 110.0 (TID 397) (172.26.0.13, executor 1, partition 0, PROCESS_LOCAL, 9921 bytes) 
26/08/14 00:07:01 INFO TaskSetManager: Starting task 1.0 in stage 110.0 (TID 398) (172.26.0.13, executor 1, partition 1, PROCESS_LOCAL, 9921 bytes) 
26/08/14 00:07:01 INFO TaskSetManager: Starting task 2.0 in stage 110.0 (TID 399) (172.26.0.13, executor 1, partition 2, PROCESS_LOCAL, 9921 bytes) 
26/08/14 00:07:01 INFO BlockManagerInfo: Added broadcast_109_piece0 in memory on 172.26.0.13:39169 (size: 24.1 KiB, free: 413.9 MiB)
26/08/14 00:07:02 INFO BlockManagerInfo: Added rdd_709_1 in memory on 172.26.0.13:39169 (size: 997.9 KiB, free: 412.9 MiB)
26/08/14 00:07:02 INFO BlockManagerInfo: Added rdd_709_0 in memory on 172.26.0.13:39169 (size: 1017.0 KiB, free: 411.9 MiB)
26/08/14 00:07:02 INFO TaskSetManager: Starting task 3.0 in stage 110.0 (TID 400) (172.26.0.13, executor 1, partition 3, PROCESS_LOCAL, 9921 bytes) 
26/08/14 00:07:02 INFO TaskSetManager: Starting task 4.0 in stage 110.0 (TID 401) (172.26.0.13, executor 1, partition 4, PROCESS_LOCAL, 9921 bytes) 
26/08/14 00:07:02 INFO BlockManagerInfo: Added rdd_709_2 in memory on 172.26.0.13:39169 (size: 963.0 KiB, free: 411.0 MiB)
26/08/14 00:07:02 INFO TaskSetManager: Finished task 0.0 in stage 110.0 (TID 397) in 282 ms on 172.26.0.13 (executor 1) (1/6)
26/08/14 00:07:02 INFO TaskSetManager: Finished task 1.0 in stage 110.0 (TID 398) in 288 ms on 172.26.0.13 (executor 1) (2/6)
26/08/14 00:07:02 INFO TaskSetManager: Starting task 5.0 in stage 110.0 (TID 402) (172.26.0.13, executor 1, partition 5, PROCESS_LOCAL, 9921 bytes) 
26/08/14 00:07:02 INFO TaskSetManager: Finished task 2.0 in stage 110.0 (TID 399) in 311 ms on 172.26.0.13 (executor 1) (3/6)
26/08/14 00:07:03 INFO BlockManagerInfo: Added rdd_709_4 in memory on 172.26.0.13:39169 (size: 944.6 KiB, free: 410.0 MiB)
26/08/14 00:07:03 INFO BlockManagerInfo: Added rdd_709_5 in memory on 172.26.0.13:39169 (size: 997.0 KiB, free: 409.1 MiB)
26/08/14 00:07:03 INFO BlockManagerInfo: Added rdd_709_3 in memory on 172.26.0.13:39169 (size: 994.5 KiB, free: 408.1 MiB)
26/08/14 00:07:03 INFO TaskSetManager: Finished task 5.0 in stage 110.0 (TID 402) in 1527 ms on 172.26.0.13 (executor 1) (4/6)
26/08/14 00:07:03 INFO TaskSetManager: Finished task 3.0 in stage 110.0 (TID 400) in 1570 ms on 172.26.0.13 (executor 1) (5/6)
26/08/14 00:07:03 INFO TaskSetManager: Finished task 4.0 in stage 110.0 (TID 401) in 1568 ms on 172.26.0.13 (executor 1) (6/6)
26/08/14 00:07:03 INFO TaskSchedulerImpl: Removed TaskSet 110.0, whose tasks have all completed, from pool 
26/08/14 00:07:03 INFO DAGScheduler: ShuffleMapStage 110 (count at <unknown>:0) finished in 1.862 s
26/08/14 00:07:03 INFO DAGScheduler: looking for newly runnable stages
26/08/14 00:07:03 INFO DAGScheduler: running: Set()
26/08/14 00:07:03 INFO DAGScheduler: waiting: Set(ResultStage 111)
26/08/14 00:07:03 INFO DAGScheduler: failed: Set()
26/08/14 00:07:03 INFO DAGScheduler: Submitting ResultStage 111 (MapPartitionsRDD[717] at count at <unknown>:0), which has no missing parents
26/08/14 00:07:03 INFO MemoryStore: Block broadcast_110 stored as values in memory (estimated size 12.5 KiB, free 191.0 MiB)
26/08/14 00:07:03 INFO MemoryStore: Block broadcast_110_piece0 stored as bytes in memory (estimated size 5.9 KiB, free 191.0 MiB)
26/08/14 00:07:03 INFO BlockManagerInfo: Added broadcast_110_piece0 in memory on spark-driver:35647 (size: 5.9 KiB, free: 191.1 MiB)
26/08/14 00:07:03 INFO SparkContext: Created broadcast 110 from broadcast at DAGScheduler.scala:1585
26/08/14 00:07:03 INFO DAGScheduler: Submitting 1 missing tasks from ResultStage 111 (MapPartitionsRDD[717] at count at <unknown>:0) (first 15 tasks are for partitions Vector(0))
26/08/14 00:07:03 INFO TaskSchedulerImpl: Adding task set 111.0 with 1 tasks resource profile 0
26/08/14 00:07:03 INFO TaskSetManager: Starting task 0.0 in stage 111.0 (TID 403) (172.26.0.13, executor 1, partition 0, NODE_LOCAL, 9003 bytes) 
26/08/14 00:07:03 INFO BlockManagerInfo: Added broadcast_110_piece0 in memory on 172.26.0.13:39169 (size: 5.9 KiB, free: 408.1 MiB)
26/08/14 00:07:03 INFO MapOutputTrackerMasterEndpoint: Asked to send map output locations for shuffle 50 to 172.26.0.13:44738
26/08/14 00:07:04 INFO TaskSetManager: Finished task 0.0 in stage 111.0 (TID 403) in 135 ms on 172.26.0.13 (executor 1) (1/1)
26/08/14 00:07:04 INFO TaskSchedulerImpl: Removed TaskSet 111.0, whose tasks have all completed, from pool 
26/08/14 00:07:04 INFO DAGScheduler: ResultStage 111 (count at <unknown>:0) finished in 0.221 s
26/08/14 00:07:04 INFO DAGScheduler: Job 60 is finished. Cancelling potential speculative or zombie tasks for this job
26/08/14 00:07:04 INFO TaskSchedulerImpl: Killing all running tasks in stage 111: Stage finished
26/08/14 00:07:04 INFO DAGScheduler: Job 60 finished: count at <unknown>:0, took 2.110647 s
26/08/14 00:07:04 INFO SparkContext: Starting job: count at <unknown>:0
26/08/14 00:07:04 INFO BlockManagerInfo: Removed broadcast_110_piece0 on spark-driver:35647 in memory (size: 5.9 KiB, free: 191.2 MiB)
26/08/14 00:07:04 INFO DAGScheduler: Registering RDD 722 (count at <unknown>:0) as input to shuffle 51
26/08/14 00:07:04 INFO DAGScheduler: Got job 61 (count at <unknown>:0) with 1 output partitions
26/08/14 00:07:04 INFO DAGScheduler: Final stage: ResultStage 113 (count at <unknown>:0)
26/08/14 00:07:04 INFO DAGScheduler: Parents of final stage: List(ShuffleMapStage 112)
26/08/14 00:07:04 INFO DAGScheduler: Missing parents: List(ShuffleMapStage 112)
26/08/14 00:07:04 INFO BlockManagerInfo: Removed broadcast_110_piece0 on 172.26.0.13:39169 in memory (size: 5.9 KiB, free: 408.1 MiB)
26/08/14 00:07:04 INFO DAGScheduler: Submitting ShuffleMapStage 112 (MapPartitionsRDD[722] at count at <unknown>:0), which has no missing parents
26/08/14 00:07:04 INFO BlockManagerInfo: Removed broadcast_109_piece0 on spark-driver:35647 in memory (size: 24.1 KiB, free: 191.2 MiB)
26/08/14 00:07:04 INFO MemoryStore: Block broadcast_111 stored as values in memory (estimated size 64.9 KiB, free 191.0 MiB)
26/08/14 00:07:04 INFO BlockManagerInfo: Removed broadcast_109_piece0 on 172.26.0.13:39169 in memory (size: 24.1 KiB, free: 408.1 MiB)
26/08/14 00:07:04 INFO MemoryStore: Block broadcast_111_piece0 stored as bytes in memory (estimated size 24.2 KiB, free 191.0 MiB)
26/08/14 00:07:04 INFO BlockManagerInfo: Added broadcast_111_piece0 in memory on spark-driver:35647 (size: 24.2 KiB, free: 191.2 MiB)
26/08/14 00:07:04 INFO SparkContext: Created broadcast 111 from broadcast at DAGScheduler.scala:1585
26/08/14 00:07:04 INFO DAGScheduler: Submitting 6 missing tasks from ShuffleMapStage 112 (MapPartitionsRDD[722] at count at <unknown>:0) (first 15 tasks are for partitions Vector(0, 1, 2, 3, 4, 5))
26/08/14 00:07:04 INFO TaskSchedulerImpl: Adding task set 112.0 with 6 tasks resource profile 0
26/08/14 00:07:04 INFO TaskSetManager: Starting task 0.0 in stage 112.0 (TID 404) (172.26.0.13, executor 1, partition 0, PROCESS_LOCAL, 9921 bytes) 
26/08/14 00:07:04 INFO TaskSetManager: Starting task 1.0 in stage 112.0 (TID 405) (172.26.0.13, executor 1, partition 1, PROCESS_LOCAL, 9921 bytes) 
26/08/14 00:07:04 INFO TaskSetManager: Starting task 2.0 in stage 112.0 (TID 406) (172.26.0.13, executor 1, partition 2, PROCESS_LOCAL, 9921 bytes) 
26/08/14 00:07:04 INFO BlockManagerInfo: Added broadcast_111_piece0 in memory on 172.26.0.13:39169 (size: 24.2 KiB, free: 408.1 MiB)
26/08/14 00:07:04 INFO TaskSetManager: Starting task 3.0 in stage 112.0 (TID 407) (172.26.0.13, executor 1, partition 3, PROCESS_LOCAL, 9921 bytes) 
26/08/14 00:07:04 INFO TaskSetManager: Finished task 2.0 in stage 112.0 (TID 406) in 161 ms on 172.26.0.13 (executor 1) (1/6)
26/08/14 00:07:04 INFO TaskSetManager: Finished task 1.0 in stage 112.0 (TID 405) in 187 ms on 172.26.0.13 (executor 1) (2/6)
26/08/14 00:07:04 INFO TaskSetManager: Starting task 4.0 in stage 112.0 (TID 408) (172.26.0.13, executor 1, partition 4, PROCESS_LOCAL, 9921 bytes) 
26/08/14 00:07:04 INFO TaskSetManager: Starting task 5.0 in stage 112.0 (TID 409) (172.26.0.13, executor 1, partition 5, PROCESS_LOCAL, 9921 bytes) 
26/08/14 00:07:04 INFO TaskSetManager: Finished task 0.0 in stage 112.0 (TID 404) in 206 ms on 172.26.0.13 (executor 1) (3/6)
26/08/14 00:07:04 INFO TaskSetManager: Finished task 3.0 in stage 112.0 (TID 407) in 124 ms on 172.26.0.13 (executor 1) (4/6)
26/08/14 00:07:04 INFO TaskSetManager: Finished task 4.0 in stage 112.0 (TID 408) in 108 ms on 172.26.0.13 (executor 1) (5/6)
26/08/14 00:07:04 INFO TaskSetManager: Finished task 5.0 in stage 112.0 (TID 409) in 102 ms on 172.26.0.13 (executor 1) (6/6)
26/08/14 00:07:04 INFO TaskSchedulerImpl: Removed TaskSet 112.0, whose tasks have all completed, from pool 
26/08/14 00:07:04 INFO DAGScheduler: ShuffleMapStage 112 (count at <unknown>:0) finished in 0.356 s
26/08/14 00:07:04 INFO DAGScheduler: looking for newly runnable stages
26/08/14 00:07:04 INFO DAGScheduler: running: Set()
26/08/14 00:07:04 INFO DAGScheduler: waiting: Set(ResultStage 113)
26/08/14 00:07:04 INFO DAGScheduler: failed: Set()
26/08/14 00:07:04 INFO DAGScheduler: Submitting ResultStage 113 (MapPartitionsRDD[725] at count at <unknown>:0), which has no missing parents
26/08/14 00:07:04 INFO MemoryStore: Block broadcast_112 stored as values in memory (estimated size 12.5 KiB, free 191.0 MiB)
26/08/14 00:07:04 INFO MemoryStore: Block broadcast_112_piece0 stored as bytes in memory (estimated size 5.9 KiB, free 191.0 MiB)
26/08/14 00:07:04 INFO BlockManagerInfo: Added broadcast_112_piece0 in memory on spark-driver:35647 (size: 5.9 KiB, free: 191.1 MiB)
26/08/14 00:07:04 INFO SparkContext: Created broadcast 112 from broadcast at DAGScheduler.scala:1585
26/08/14 00:07:04 INFO DAGScheduler: Submitting 1 missing tasks from ResultStage 113 (MapPartitionsRDD[725] at count at <unknown>:0) (first 15 tasks are for partitions Vector(0))
26/08/14 00:07:04 INFO TaskSchedulerImpl: Adding task set 113.0 with 1 tasks resource profile 0
26/08/14 00:07:04 INFO TaskSetManager: Starting task 0.0 in stage 113.0 (TID 410) (172.26.0.13, executor 1, partition 0, NODE_LOCAL, 9003 bytes) 
26/08/14 00:07:05 INFO BlockManagerInfo: Added broadcast_112_piece0 in memory on 172.26.0.13:39169 (size: 5.9 KiB, free: 408.1 MiB)
26/08/14 00:07:05 INFO MapOutputTrackerMasterEndpoint: Asked to send map output locations for shuffle 51 to 172.26.0.13:44738
26/08/14 00:07:05 INFO TaskSetManager: Finished task 0.0 in stage 113.0 (TID 410) in 82 ms on 172.26.0.13 (executor 1) (1/1)
26/08/14 00:07:05 INFO TaskSchedulerImpl: Removed TaskSet 113.0, whose tasks have all completed, from pool 
26/08/14 00:07:05 INFO DAGScheduler: ResultStage 113 (count at <unknown>:0) finished in 0.117 s
26/08/14 00:07:05 INFO DAGScheduler: Job 61 is finished. Cancelling potential speculative or zombie tasks for this job
26/08/14 00:07:05 INFO TaskSchedulerImpl: Killing all running tasks in stage 113: Stage finished
26/08/14 00:07:05 INFO DAGScheduler: Job 61 finished: count at <unknown>:0, took 0.514546 s
26/08/14 00:07:05 INFO CodeGenerator: Code generated in 48.777208 ms
26/08/14 00:07:05 INFO DefaultCachedBatchSerializer: Predicate isnotnull(event_time#89-T120000ms) generates partition filter: ((event_time.count#35574 - event_time.nullCount#35573) > 0)
26/08/14 00:07:05 INFO DefaultCachedBatchSerializer: Predicate (event_time#89-T120000ms < 2026-08-14 00:04:49.515) generates partition filter: (event_time.lowerBound#35572 < 2026-08-14 00:04:49.515)
26/08/14 00:07:05 INFO SparkContext: Starting job: count at <unknown>:0
26/08/14 00:07:05 INFO DAGScheduler: Registering RDD 730 (count at <unknown>:0) as input to shuffle 52
26/08/14 00:07:05 INFO DAGScheduler: Got job 62 (count at <unknown>:0) with 1 output partitions
26/08/14 00:07:05 INFO DAGScheduler: Final stage: ResultStage 115 (count at <unknown>:0)
26/08/14 00:07:05 INFO DAGScheduler: Parents of final stage: List(ShuffleMapStage 114)
26/08/14 00:07:05 INFO DAGScheduler: Missing parents: List(ShuffleMapStage 114)
26/08/14 00:07:05 INFO DAGScheduler: Submitting ShuffleMapStage 114 (MapPartitionsRDD[730] at count at <unknown>:0), which has no missing parents
26/08/14 00:07:05 INFO MemoryStore: Block broadcast_113 stored as values in memory (estimated size 67.2 KiB, free 190.9 MiB)
26/08/14 00:07:05 INFO MemoryStore: Block broadcast_113_piece0 stored as bytes in memory (estimated size 25.6 KiB, free 190.9 MiB)
26/08/14 00:07:05 INFO BlockManagerInfo: Added broadcast_113_piece0 in memory on spark-driver:35647 (size: 25.6 KiB, free: 191.1 MiB)
26/08/14 00:07:05 INFO SparkContext: Created broadcast 113 from broadcast at DAGScheduler.scala:1585
26/08/14 00:07:05 INFO DAGScheduler: Submitting 6 missing tasks from ShuffleMapStage 114 (MapPartitionsRDD[730] at count at <unknown>:0) (first 15 tasks are for partitions Vector(0, 1, 2, 3, 4, 5))
26/08/14 00:07:05 INFO TaskSchedulerImpl: Adding task set 114.0 with 6 tasks resource profile 0
26/08/14 00:07:05 INFO TaskSetManager: Starting task 0.0 in stage 114.0 (TID 411) (172.26.0.13, executor 1, partition 0, PROCESS_LOCAL, 9921 bytes) 
26/08/14 00:07:05 INFO TaskSetManager: Starting task 1.0 in stage 114.0 (TID 412) (172.26.0.13, executor 1, partition 1, PROCESS_LOCAL, 9921 bytes) 
26/08/14 00:07:05 INFO TaskSetManager: Starting task 2.0 in stage 114.0 (TID 413) (172.26.0.13, executor 1, partition 2, PROCESS_LOCAL, 9921 bytes) 
26/08/14 00:07:05 INFO BlockManagerInfo: Added broadcast_113_piece0 in memory on 172.26.0.13:39169 (size: 25.6 KiB, free: 408.1 MiB)
26/08/14 00:07:06 INFO TaskSetManager: Starting task 3.0 in stage 114.0 (TID 414) (172.26.0.13, executor 1, partition 3, PROCESS_LOCAL, 9921 bytes) 
26/08/14 00:07:06 INFO TaskSetManager: Finished task 1.0 in stage 114.0 (TID 412) in 965 ms on 172.26.0.13 (executor 1) (1/6)
26/08/14 00:07:06 INFO TaskSetManager: Starting task 4.0 in stage 114.0 (TID 415) (172.26.0.13, executor 1, partition 4, PROCESS_LOCAL, 9921 bytes) 
26/08/14 00:07:06 INFO TaskSetManager: Finished task 2.0 in stage 114.0 (TID 413) in 1004 ms on 172.26.0.13 (executor 1) (2/6)
26/08/14 00:07:06 INFO TaskSetManager: Starting task 5.0 in stage 114.0 (TID 416) (172.26.0.13, executor 1, partition 5, PROCESS_LOCAL, 9921 bytes) 
26/08/14 00:07:06 INFO TaskSetManager: Finished task 0.0 in stage 114.0 (TID 411) in 1030 ms on 172.26.0.13 (executor 1) (3/6)
26/08/14 00:07:06 INFO TaskSetManager: Finished task 5.0 in stage 114.0 (TID 416) in 132 ms on 172.26.0.13 (executor 1) (4/6)
26/08/14 00:07:06 INFO TaskSetManager: Finished task 4.0 in stage 114.0 (TID 415) in 161 ms on 172.26.0.13 (executor 1) (5/6)
26/08/14 00:07:06 INFO TaskSetManager: Finished task 3.0 in stage 114.0 (TID 414) in 268 ms on 172.26.0.13 (executor 1) (6/6)
26/08/14 00:07:06 INFO TaskSchedulerImpl: Removed TaskSet 114.0, whose tasks have all completed, from pool 
26/08/14 00:07:06 INFO DAGScheduler: ShuffleMapStage 114 (count at <unknown>:0) finished in 1.207 s
26/08/14 00:07:06 INFO DAGScheduler: looking for newly runnable stages
26/08/14 00:07:06 INFO DAGScheduler: running: Set()
26/08/14 00:07:06 INFO DAGScheduler: waiting: Set(ResultStage 115)
26/08/14 00:07:06 INFO DAGScheduler: failed: Set()
26/08/14 00:07:06 INFO DAGScheduler: Submitting ResultStage 115 (MapPartitionsRDD[733] at count at <unknown>:0), which has no missing parents
26/08/14 00:07:06 INFO MemoryStore: Block broadcast_114 stored as values in memory (estimated size 12.5 KiB, free 190.9 MiB)
26/08/14 00:07:06 INFO MemoryStore: Block broadcast_114_piece0 stored as bytes in memory (estimated size 5.9 KiB, free 190.9 MiB)
26/08/14 00:07:06 INFO BlockManagerInfo: Added broadcast_114_piece0 in memory on spark-driver:35647 (size: 5.9 KiB, free: 191.1 MiB)
26/08/14 00:07:06 INFO SparkContext: Created broadcast 114 from broadcast at DAGScheduler.scala:1585
26/08/14 00:07:06 INFO DAGScheduler: Submitting 1 missing tasks from ResultStage 115 (MapPartitionsRDD[733] at count at <unknown>:0) (first 15 tasks are for partitions Vector(0))
26/08/14 00:07:06 INFO TaskSchedulerImpl: Adding task set 115.0 with 1 tasks resource profile 0
26/08/14 00:07:06 INFO TaskSetManager: Starting task 0.0 in stage 115.0 (TID 417) (172.26.0.13, executor 1, partition 0, NODE_LOCAL, 9003 bytes) 
26/08/14 00:07:06 INFO BlockManagerInfo: Added broadcast_114_piece0 in memory on 172.26.0.13:39169 (size: 5.9 KiB, free: 408.1 MiB)
26/08/14 00:07:06 INFO MapOutputTrackerMasterEndpoint: Asked to send map output locations for shuffle 52 to 172.26.0.13:44738
26/08/14 00:07:06 INFO TaskSetManager: Finished task 0.0 in stage 115.0 (TID 417) in 189 ms on 172.26.0.13 (executor 1) (1/1)
26/08/14 00:07:06 INFO TaskSchedulerImpl: Removed TaskSet 115.0, whose tasks have all completed, from pool 
26/08/14 00:07:06 INFO DAGScheduler: ResultStage 115 (count at <unknown>:0) finished in 0.248 s
26/08/14 00:07:06 INFO DAGScheduler: Job 62 is finished. Cancelling potential speculative or zombie tasks for this job
26/08/14 00:07:06 INFO TaskSchedulerImpl: Killing all running tasks in stage 115: Stage finished
26/08/14 00:07:06 INFO DAGScheduler: Job 62 finished: count at <unknown>:0, took 1.503093 s
26/08/14 00:07:07 INFO BlockManagerInfo: Removed broadcast_111_piece0 on 172.26.0.13:39169 in memory (size: 24.2 KiB, free: 408.1 MiB)
26/08/14 00:07:07 INFO BlockManagerInfo: Removed broadcast_111_piece0 on spark-driver:35647 in memory (size: 24.2 KiB, free: 191.1 MiB)
26/08/14 00:07:07 INFO BlockManagerInfo: Removed broadcast_114_piece0 on spark-driver:35647 in memory (size: 5.9 KiB, free: 191.1 MiB)
26/08/14 00:07:07 INFO BlockManagerInfo: Removed broadcast_114_piece0 on 172.26.0.13:39169 in memory (size: 5.9 KiB, free: 408.1 MiB)
26/08/14 00:07:07 INFO BlockManagerInfo: Removed broadcast_112_piece0 on spark-driver:35647 in memory (size: 5.9 KiB, free: 191.2 MiB)
26/08/14 00:07:07 INFO BlockManagerInfo: Removed broadcast_112_piece0 on 172.26.0.13:39169 in memory (size: 5.9 KiB, free: 408.1 MiB)
26/08/14 00:07:07 INFO BlockManagerInfo: Removed broadcast_113_piece0 on spark-driver:35647 in memory (size: 25.6 KiB, free: 191.2 MiB)
26/08/14 00:07:07 INFO BlockManagerInfo: Removed broadcast_113_piece0 on 172.26.0.13:39169 in memory (size: 25.6 KiB, free: 408.1 MiB)
26/08/14 00:07:07 INFO DefaultCachedBatchSerializer: Predicate isnotnull(kind#36131) generates partition filter: ((kind.count#36200 - kind.nullCount#36199) > 0)
26/08/14 00:07:07 INFO DefaultCachedBatchSerializer: Predicate (kind#36131 = stats) generates partition filter: ((kind.lowerBound#36198 <= stats) AND (stats <= kind.upperBound#36197))
26/08/14 00:07:07 INFO SparkContext: Starting job: call at /opt/spark/python/lib/py4j-0.10.9.7-src.zip/py4j/clientserver.py:617
26/08/14 00:07:07 INFO DAGScheduler: Got job 63 (call at /opt/spark/python/lib/py4j-0.10.9.7-src.zip/py4j/clientserver.py:617) with 6 output partitions
26/08/14 00:07:07 INFO DAGScheduler: Final stage: ResultStage 116 (call at /opt/spark/python/lib/py4j-0.10.9.7-src.zip/py4j/clientserver.py:617)
26/08/14 00:07:07 INFO DAGScheduler: Parents of final stage: List()
26/08/14 00:07:07 INFO DAGScheduler: Missing parents: List()
26/08/14 00:07:07 INFO DAGScheduler: Submitting ResultStage 116 (MapPartitionsRDD[752] at call at /opt/spark/python/lib/py4j-0.10.9.7-src.zip/py4j/clientserver.py:617), which has no missing parents
26/08/14 00:07:07 INFO MemoryStore: Block broadcast_115 stored as values in memory (estimated size 89.9 KiB, free 191.0 MiB)
26/08/14 00:07:07 INFO MemoryStore: Block broadcast_115_piece0 stored as bytes in memory (estimated size 34.0 KiB, free 191.0 MiB)
26/08/14 00:07:07 INFO BlockManagerInfo: Added broadcast_115_piece0 in memory on spark-driver:35647 (size: 34.0 KiB, free: 191.1 MiB)
26/08/14 00:07:07 INFO SparkContext: Created broadcast 115 from broadcast at DAGScheduler.scala:1585
26/08/14 00:07:07 INFO DAGScheduler: Submitting 6 missing tasks from ResultStage 116 (MapPartitionsRDD[752] at call at /opt/spark/python/lib/py4j-0.10.9.7-src.zip/py4j/clientserver.py:617) (first 15 tasks are for partitions Vector(0, 1, 2, 3, 4, 5))
26/08/14 00:07:07 INFO TaskSchedulerImpl: Adding task set 116.0 with 6 tasks resource profile 0
26/08/14 00:07:07 INFO TaskSetManager: Starting task 0.0 in stage 116.0 (TID 418) (172.26.0.13, executor 1, partition 0, PROCESS_LOCAL, 9932 bytes) 
26/08/14 00:07:07 INFO TaskSetManager: Starting task 1.0 in stage 116.0 (TID 419) (172.26.0.13, executor 1, partition 1, PROCESS_LOCAL, 9932 bytes) 
26/08/14 00:07:07 INFO TaskSetManager: Starting task 2.0 in stage 116.0 (TID 420) (172.26.0.13, executor 1, partition 2, PROCESS_LOCAL, 9932 bytes) 
26/08/14 00:07:07 INFO BlockManagerInfo: Added broadcast_115_piece0 in memory on 172.26.0.13:39169 (size: 34.0 KiB, free: 408.1 MiB)
26/08/14 00:07:10 INFO StandaloneSchedulerBackend$StandaloneDriverEndpoint: Registered executor NettyRpcEndpointRef(spark-client://Executor) (172.26.0.12:51502) with ID 2,  ResourceProfileId 0
26/08/14 00:07:10 INFO BlockManagerMasterEndpoint: Registering block manager 172.26.0.12:33175 with 413.9 MiB RAM, BlockManagerId(2, 172.26.0.12, 33175, None)
26/08/14 00:07:11 INFO BlockManagerInfo: Added rdd_747_2 in memory on 172.26.0.13:39169 (size: 1808.0 B, free: 408.1 MiB)
26/08/14 00:07:11 INFO TaskSetManager: Starting task 3.0 in stage 116.0 (TID 421) (172.26.0.13, executor 1, partition 3, PROCESS_LOCAL, 9932 bytes) 
26/08/14 00:07:11 INFO TaskSetManager: Finished task 2.0 in stage 116.0 (TID 420) in 4271 ms on 172.26.0.13 (executor 1) (1/6)
26/08/14 00:07:11 INFO BlockManagerInfo: Added rdd_747_0 in memory on 172.26.0.13:39169 (size: 1808.0 B, free: 408.1 MiB)
26/08/14 00:07:12 INFO TaskSetManager: Starting task 4.0 in stage 116.0 (TID 422) (172.26.0.13, executor 1, partition 4, PROCESS_LOCAL, 9932 bytes) 
26/08/14 00:07:12 INFO TaskSetManager: Finished task 0.0 in stage 116.0 (TID 418) in 4493 ms on 172.26.0.13 (executor 1) (2/6)
26/08/14 00:07:12 INFO BlockManagerInfo: Added rdd_747_1 in memory on 172.26.0.13:39169 (size: 1808.0 B, free: 408.1 MiB)
26/08/14 00:07:12 INFO TaskSetManager: Starting task 5.0 in stage 116.0 (TID 423) (172.26.0.13, executor 1, partition 5, PROCESS_LOCAL, 9932 bytes) 
26/08/14 00:07:12 INFO TaskSetManager: Finished task 1.0 in stage 116.0 (TID 419) in 4604 ms on 172.26.0.13 (executor 1) (3/6)
26/08/14 00:07:15 INFO BlockManagerInfo: Added rdd_747_3 in memory on 172.26.0.13:39169 (size: 1808.0 B, free: 408.1 MiB)
26/08/14 00:07:16 INFO BlockManagerInfo: Added rdd_747_4 in memory on 172.26.0.13:39169 (size: 1808.0 B, free: 408.1 MiB)
26/08/14 00:07:16 INFO TaskSetManager: Finished task 3.0 in stage 116.0 (TID 421) in 4291 ms on 172.26.0.13 (executor 1) (4/6)
26/08/14 00:07:16 INFO TaskSetManager: Finished task 4.0 in stage 116.0 (TID 422) in 4071 ms on 172.26.0.13 (executor 1) (5/6)
26/08/14 00:07:16 INFO BlockManagerInfo: Added rdd_747_5 in memory on 172.26.0.13:39169 (size: 1808.0 B, free: 408.1 MiB)
26/08/14 00:07:16 INFO TaskSetManager: Finished task 5.0 in stage 116.0 (TID 423) in 4012 ms on 172.26.0.13 (executor 1) (6/6)
26/08/14 00:07:16 INFO TaskSchedulerImpl: Removed TaskSet 116.0, whose tasks have all completed, from pool 
26/08/14 00:07:16 INFO DAGScheduler: ResultStage 116 (call at /opt/spark/python/lib/py4j-0.10.9.7-src.zip/py4j/clientserver.py:617) finished in 8.664 s
26/08/14 00:07:16 INFO DAGScheduler: Job 63 is finished. Cancelling potential speculative or zombie tasks for this job
26/08/14 00:07:16 INFO TaskSchedulerImpl: Killing all running tasks in stage 116: Stage finished
26/08/14 00:07:16 INFO DAGScheduler: Job 63 finished: call at /opt/spark/python/lib/py4j-0.10.9.7-src.zip/py4j/clientserver.py:617, took 8.692148 s
26/08/14 00:07:16 INFO DefaultCachedBatchSerializer: Predicate isnotnull(kind#36131) generates partition filter: ((kind.count#36283 - kind.nullCount#36282) > 0)
26/08/14 00:07:16 INFO DefaultCachedBatchSerializer: Predicate (kind#36131 = dlq) generates partition filter: ((kind.lowerBound#36281 <= dlq) AND (dlq <= kind.upperBound#36280))
26/08/14 00:07:16 INFO SparkContext: Starting job: count at <unknown>:0
26/08/14 00:07:16 INFO DAGScheduler: Registering RDD 757 (count at <unknown>:0) as input to shuffle 53
26/08/14 00:07:16 INFO DAGScheduler: Got job 64 (count at <unknown>:0) with 1 output partitions
26/08/14 00:07:16 INFO DAGScheduler: Final stage: ResultStage 118 (count at <unknown>:0)
26/08/14 00:07:16 INFO DAGScheduler: Parents of final stage: List(ShuffleMapStage 117)
26/08/14 00:07:16 INFO DAGScheduler: Missing parents: List(ShuffleMapStage 117)
26/08/14 00:07:16 INFO DAGScheduler: Submitting ShuffleMapStage 117 (MapPartitionsRDD[757] at count at <unknown>:0), which has no missing parents
26/08/14 00:07:16 INFO MemoryStore: Block broadcast_116 stored as values in memory (estimated size 92.2 KiB, free 190.9 MiB)
26/08/14 00:07:16 INFO MemoryStore: Block broadcast_116_piece0 stored as bytes in memory (estimated size 35.3 KiB, free 190.8 MiB)
26/08/14 00:07:16 INFO BlockManagerInfo: Added broadcast_116_piece0 in memory on spark-driver:35647 (size: 35.3 KiB, free: 191.1 MiB)
26/08/14 00:07:16 INFO SparkContext: Created broadcast 116 from broadcast at DAGScheduler.scala:1585
26/08/14 00:07:16 INFO DAGScheduler: Submitting 6 missing tasks from ShuffleMapStage 117 (MapPartitionsRDD[757] at count at <unknown>:0) (first 15 tasks are for partitions Vector(0, 1, 2, 3, 4, 5))
26/08/14 00:07:16 INFO TaskSchedulerImpl: Adding task set 117.0 with 6 tasks resource profile 0
26/08/14 00:07:16 INFO TaskSetManager: Starting task 0.0 in stage 117.0 (TID 424) (172.26.0.13, executor 1, partition 0, PROCESS_LOCAL, 9921 bytes) 
26/08/14 00:07:16 INFO TaskSetManager: Starting task 1.0 in stage 117.0 (TID 425) (172.26.0.13, executor 1, partition 1, PROCESS_LOCAL, 9921 bytes) 
26/08/14 00:07:16 INFO TaskSetManager: Starting task 2.0 in stage 117.0 (TID 426) (172.26.0.13, executor 1, partition 2, PROCESS_LOCAL, 9921 bytes) 
26/08/14 00:07:16 INFO BlockManagerInfo: Added broadcast_116_piece0 in memory on 172.26.0.13:39169 (size: 35.3 KiB, free: 408.0 MiB)
26/08/14 00:07:16 INFO TaskSetManager: Starting task 3.0 in stage 117.0 (TID 427) (172.26.0.13, executor 1, partition 3, PROCESS_LOCAL, 9921 bytes) 
26/08/14 00:07:16 INFO TaskSetManager: Starting task 4.0 in stage 117.0 (TID 428) (172.26.0.13, executor 1, partition 4, PROCESS_LOCAL, 9921 bytes) 
26/08/14 00:07:16 INFO TaskSetManager: Finished task 0.0 in stage 117.0 (TID 424) in 74 ms on 172.26.0.13 (executor 1) (1/6)
26/08/14 00:07:16 INFO TaskSetManager: Starting task 5.0 in stage 117.0 (TID 429) (172.26.0.13, executor 1, partition 5, PROCESS_LOCAL, 9921 bytes) 
26/08/14 00:07:16 INFO TaskSetManager: Finished task 2.0 in stage 117.0 (TID 426) in 73 ms on 172.26.0.13 (executor 1) (2/6)
26/08/14 00:07:16 INFO TaskSetManager: Finished task 1.0 in stage 117.0 (TID 425) in 74 ms on 172.26.0.13 (executor 1) (3/6)
26/08/14 00:07:16 INFO TaskSetManager: Finished task 3.0 in stage 117.0 (TID 427) in 17 ms on 172.26.0.13 (executor 1) (4/6)
26/08/14 00:07:16 INFO TaskSetManager: Finished task 4.0 in stage 117.0 (TID 428) in 17 ms on 172.26.0.13 (executor 1) (5/6)
26/08/14 00:07:16 INFO TaskSetManager: Finished task 5.0 in stage 117.0 (TID 429) in 17 ms on 172.26.0.13 (executor 1) (6/6)
26/08/14 00:07:16 INFO TaskSchedulerImpl: Removed TaskSet 117.0, whose tasks have all completed, from pool 
26/08/14 00:07:16 INFO DAGScheduler: ShuffleMapStage 117 (count at <unknown>:0) finished in 0.116 s
26/08/14 00:07:16 INFO DAGScheduler: looking for newly runnable stages
26/08/14 00:07:16 INFO DAGScheduler: running: Set()
26/08/14 00:07:16 INFO DAGScheduler: waiting: Set(ResultStage 118)
26/08/14 00:07:16 INFO DAGScheduler: failed: Set()
26/08/14 00:07:16 INFO DAGScheduler: Submitting ResultStage 118 (MapPartitionsRDD[760] at count at <unknown>:0), which has no missing parents
26/08/14 00:07:16 INFO MemoryStore: Block broadcast_117 stored as values in memory (estimated size 12.5 KiB, free 190.8 MiB)
26/08/14 00:07:16 INFO MemoryStore: Block broadcast_117_piece0 stored as bytes in memory (estimated size 5.9 KiB, free 190.8 MiB)
26/08/14 00:07:16 INFO BlockManagerInfo: Added broadcast_117_piece0 in memory on spark-driver:35647 (size: 5.9 KiB, free: 191.1 MiB)
26/08/14 00:07:16 INFO SparkContext: Created broadcast 117 from broadcast at DAGScheduler.scala:1585
26/08/14 00:07:16 INFO DAGScheduler: Submitting 1 missing tasks from ResultStage 118 (MapPartitionsRDD[760] at count at <unknown>:0) (first 15 tasks are for partitions Vector(0))
26/08/14 00:07:16 INFO TaskSchedulerImpl: Adding task set 118.0 with 1 tasks resource profile 0
26/08/14 00:07:16 INFO TaskSetManager: Starting task 0.0 in stage 118.0 (TID 430) (172.26.0.13, executor 1, partition 0, NODE_LOCAL, 9003 bytes) 
26/08/14 00:07:16 INFO BlockManagerInfo: Removed broadcast_115_piece0 on spark-driver:35647 in memory (size: 34.0 KiB, free: 191.1 MiB)
26/08/14 00:07:16 INFO BlockManagerInfo: Removed broadcast_115_piece0 on 172.26.0.13:39169 in memory (size: 34.0 KiB, free: 408.1 MiB)
26/08/14 00:07:16 INFO BlockManagerInfo: Added broadcast_117_piece0 in memory on 172.26.0.13:39169 (size: 5.9 KiB, free: 408.1 MiB)
26/08/14 00:07:16 INFO MapOutputTrackerMasterEndpoint: Asked to send map output locations for shuffle 53 to 172.26.0.13:44738
26/08/14 00:07:16 INFO TaskSetManager: Finished task 0.0 in stage 118.0 (TID 430) in 88 ms on 172.26.0.13 (executor 1) (1/1)
26/08/14 00:07:16 INFO TaskSchedulerImpl: Removed TaskSet 118.0, whose tasks have all completed, from pool 
26/08/14 00:07:16 INFO DAGScheduler: ResultStage 118 (count at <unknown>:0) finished in 0.095 s
26/08/14 00:07:16 INFO DAGScheduler: Job 64 is finished. Cancelling potential speculative or zombie tasks for this job
26/08/14 00:07:16 INFO TaskSchedulerImpl: Killing all running tasks in stage 118: Stage finished
26/08/14 00:07:16 INFO DAGScheduler: Job 64 finished: count at <unknown>:0, took 0.222134 s
26/08/14 00:07:16 INFO MapPartitionsRDD: Removing RDD 747 from persistence list
26/08/14 00:07:16 INFO BlockManager: Removing RDD 747
26/08/14 00:07:16 INFO BlockManagerInfo: Removed broadcast_116_piece0 on spark-driver:35647 in memory (size: 35.3 KiB, free: 191.2 MiB)
26/08/14 00:07:16 INFO BlockManagerInfo: Removed broadcast_116_piece0 on 172.26.0.13:39169 in memory (size: 35.3 KiB, free: 408.1 MiB)
26/08/14 00:07:16 INFO SparkContext: Starting job: call at /opt/spark/python/lib/py4j-0.10.9.7-src.zip/py4j/clientserver.py:617
26/08/14 00:07:16 INFO DAGScheduler: Registering RDD 765 (call at /opt/spark/python/lib/py4j-0.10.9.7-src.zip/py4j/clientserver.py:617) as input to shuffle 54
26/08/14 00:07:16 INFO DAGScheduler: Got job 65 (call at /opt/spark/python/lib/py4j-0.10.9.7-src.zip/py4j/clientserver.py:617) with 1 output partitions
26/08/14 00:07:16 INFO DAGScheduler: Final stage: ResultStage 120 (call at /opt/spark/python/lib/py4j-0.10.9.7-src.zip/py4j/clientserver.py:617)
26/08/14 00:07:16 INFO DAGScheduler: Parents of final stage: List(ShuffleMapStage 119)
26/08/14 00:07:16 INFO DAGScheduler: Missing parents: List(ShuffleMapStage 119)
26/08/14 00:07:16 INFO DAGScheduler: Submitting ShuffleMapStage 119 (MapPartitionsRDD[765] at call at /opt/spark/python/lib/py4j-0.10.9.7-src.zip/py4j/clientserver.py:617), which has no missing parents
26/08/14 00:07:16 INFO MemoryStore: Block broadcast_118 stored as values in memory (estimated size 66.1 KiB, free 191.0 MiB)
26/08/14 00:07:16 INFO MemoryStore: Block broadcast_118_piece0 stored as bytes in memory (estimated size 24.8 KiB, free 191.0 MiB)
26/08/14 00:07:16 INFO BlockManagerInfo: Added broadcast_118_piece0 in memory on spark-driver:35647 (size: 24.8 KiB, free: 191.1 MiB)
26/08/14 00:07:16 INFO SparkContext: Created broadcast 118 from broadcast at DAGScheduler.scala:1585
26/08/14 00:07:16 INFO DAGScheduler: Submitting 6 missing tasks from ShuffleMapStage 119 (MapPartitionsRDD[765] at call at /opt/spark/python/lib/py4j-0.10.9.7-src.zip/py4j/clientserver.py:617) (first 15 tasks are for partitions Vector(0, 1, 2, 3, 4, 5))
26/08/14 00:07:16 INFO TaskSchedulerImpl: Adding task set 119.0 with 6 tasks resource profile 0
26/08/14 00:07:16 INFO TaskSetManager: Starting task 0.0 in stage 119.0 (TID 431) (172.26.0.13, executor 1, partition 0, PROCESS_LOCAL, 9921 bytes) 
26/08/14 00:07:16 INFO TaskSetManager: Starting task 1.0 in stage 119.0 (TID 432) (172.26.0.13, executor 1, partition 1, PROCESS_LOCAL, 9921 bytes) 
26/08/14 00:07:16 INFO TaskSetManager: Starting task 2.0 in stage 119.0 (TID 433) (172.26.0.13, executor 1, partition 2, PROCESS_LOCAL, 9921 bytes) 
26/08/14 00:07:16 INFO BlockManagerInfo: Added broadcast_118_piece0 in memory on 172.26.0.13:39169 (size: 24.8 KiB, free: 408.1 MiB)
26/08/14 00:07:16 INFO TaskSetManager: Starting task 3.0 in stage 119.0 (TID 434) (172.26.0.13, executor 1, partition 3, PROCESS_LOCAL, 9921 bytes) 
26/08/14 00:07:16 INFO TaskSetManager: Finished task 0.0 in stage 119.0 (TID 431) in 46 ms on 172.26.0.13 (executor 1) (1/6)
26/08/14 00:07:16 INFO TaskSetManager: Starting task 4.0 in stage 119.0 (TID 435) (172.26.0.13, executor 1, partition 4, PROCESS_LOCAL, 9921 bytes) 
26/08/14 00:07:16 INFO TaskSetManager: Finished task 1.0 in stage 119.0 (TID 432) in 46 ms on 172.26.0.13 (executor 1) (2/6)
26/08/14 00:07:16 INFO TaskSetManager: Starting task 5.0 in stage 119.0 (TID 436) (172.26.0.13, executor 1, partition 5, PROCESS_LOCAL, 9921 bytes) 
26/08/14 00:07:16 INFO TaskSetManager: Finished task 2.0 in stage 119.0 (TID 433) in 47 ms on 172.26.0.13 (executor 1) (3/6)
26/08/14 00:07:16 INFO TaskSetManager: Finished task 3.0 in stage 119.0 (TID 434) in 11 ms on 172.26.0.13 (executor 1) (4/6)
26/08/14 00:07:16 INFO TaskSetManager: Finished task 5.0 in stage 119.0 (TID 436) in 11 ms on 172.26.0.13 (executor 1) (5/6)
26/08/14 00:07:16 INFO TaskSetManager: Finished task 4.0 in stage 119.0 (TID 435) in 11 ms on 172.26.0.13 (executor 1) (6/6)
26/08/14 00:07:16 INFO TaskSchedulerImpl: Removed TaskSet 119.0, whose tasks have all completed, from pool 
26/08/14 00:07:16 INFO DAGScheduler: ShuffleMapStage 119 (call at /opt/spark/python/lib/py4j-0.10.9.7-src.zip/py4j/clientserver.py:617) finished in 0.066 s
26/08/14 00:07:16 INFO DAGScheduler: looking for newly runnable stages
26/08/14 00:07:16 INFO DAGScheduler: running: Set()
26/08/14 00:07:16 INFO DAGScheduler: waiting: Set(ResultStage 120)
26/08/14 00:07:16 INFO DAGScheduler: failed: Set()
26/08/14 00:07:16 INFO DAGScheduler: Submitting ResultStage 120 (MapPartitionsRDD[768] at call at /opt/spark/python/lib/py4j-0.10.9.7-src.zip/py4j/clientserver.py:617), which has no missing parents
26/08/14 00:07:16 INFO MemoryStore: Block broadcast_119 stored as values in memory (estimated size 13.1 KiB, free 191.0 MiB)
26/08/14 00:07:16 INFO MemoryStore: Block broadcast_119_piece0 stored as bytes in memory (estimated size 6.1 KiB, free 191.0 MiB)
26/08/14 00:07:16 INFO BlockManagerInfo: Added broadcast_119_piece0 in memory on spark-driver:35647 (size: 6.1 KiB, free: 191.1 MiB)
26/08/14 00:07:16 INFO SparkContext: Created broadcast 119 from broadcast at DAGScheduler.scala:1585
26/08/14 00:07:16 INFO DAGScheduler: Submitting 1 missing tasks from ResultStage 120 (MapPartitionsRDD[768] at call at /opt/spark/python/lib/py4j-0.10.9.7-src.zip/py4j/clientserver.py:617) (first 15 tasks are for partitions Vector(0))
26/08/14 00:07:16 INFO TaskSchedulerImpl: Adding task set 120.0 with 1 tasks resource profile 0
26/08/14 00:07:16 INFO TaskSetManager: Starting task 0.0 in stage 120.0 (TID 437) (172.26.0.13, executor 1, partition 0, NODE_LOCAL, 9003 bytes) 
26/08/14 00:07:16 INFO BlockManagerInfo: Added broadcast_119_piece0 in memory on 172.26.0.13:39169 (size: 6.1 KiB, free: 408.1 MiB)
26/08/14 00:07:16 INFO MapOutputTrackerMasterEndpoint: Asked to send map output locations for shuffle 54 to 172.26.0.13:44738
26/08/14 00:07:16 INFO TaskSetManager: Finished task 0.0 in stage 120.0 (TID 437) in 13 ms on 172.26.0.13 (executor 1) (1/1)
26/08/14 00:07:16 INFO TaskSchedulerImpl: Removed TaskSet 120.0, whose tasks have all completed, from pool 
26/08/14 00:07:16 INFO DAGScheduler: ResultStage 120 (call at /opt/spark/python/lib/py4j-0.10.9.7-src.zip/py4j/clientserver.py:617) finished in 0.017 s
26/08/14 00:07:16 INFO DAGScheduler: Job 65 is finished. Cancelling potential speculative or zombie tasks for this job
26/08/14 00:07:16 INFO TaskSchedulerImpl: Killing all running tasks in stage 120: Stage finished
26/08/14 00:07:16 INFO DAGScheduler: Job 65 finished: call at /opt/spark/python/lib/py4j-0.10.9.7-src.zip/py4j/clientserver.py:617, took 0.090294 s
26/08/14 00:07:16 INFO MapPartitionsRDD: Removing RDD 709 from persistence list
26/08/14 00:07:16 INFO BlockManager: Removing RDD 709
26/08/14 00:07:16 INFO WatermarkTracker: Updating event-time watermark from 1786665889515 to 1786665901552 ms
26/08/14 00:07:16 INFO CheckpointFileManager: Writing atomically to file:/opt/checkpoints/trips/commits/11 using temp file file:/opt/checkpoints/trips/commits/.11.46e979b0-32e2-4cb1-ad39-c230deaf94e1.tmp
26/08/14 00:07:16 INFO CheckpointFileManager: Renamed temp file file:/opt/checkpoints/trips/commits/.11.46e979b0-32e2-4cb1-ad39-c230deaf94e1.tmp to file:/opt/checkpoints/trips/commits/11
26/08/14 00:07:16 INFO MicroBatchExecution: Streaming query made progress: {
  "id" : "5809875d-4e3d-4fb3-8383-949c002374c9",
  "runId" : "d3ba1340-2011-4780-b92f-e7e48f2e3457",
  "name" : "trips-ingest-chaos_kill_executor_1",
  "timestamp" : "2026-08-14T00:07:01.650Z",
  "batchId" : 11,
  "numInputRows" : 9631,
  "inputRowsPerSecond" : 800.6484329536952,
  "processedRowsPerSecond" : 636.2975687103594,
  "durationMs" : {
    "addBatch" : 14937,
    "commitOffsets" : 61,
    "getBatch" : 1,
    "latestOffset" : 34,
    "queryPlanning" : 25,
    "triggerExecution" : 15136,
    "walCommit" : 68
  },
  "eventTime" : {
    "avg" : "2026-08-14T00:06:54.124Z",
    "max" : "2026-08-14T00:07:01.552Z",
    "min" : "2026-08-14T00:06:46.689Z",
    "watermark" : "2026-08-14T00:04:49.515Z"
  },
  "stateOperators" : [ ],
  "sources" : [ {
    "description" : "KafkaV2[Subscribe[trips.raw]]",
    "startOffset" : {
      "trips.raw" : {
        "2" : 214170,
        "5" : 212907,
        "4" : 213945,
        "1" : 213947,
        "3" : 213790,
        "0" : 213771
      }
    },
    "endOffset" : {
      "trips.raw" : {
        "2" : 215827,
        "5" : 214526,
        "4" : 215570,
        "1" : 215485,
        "3" : 215358,
        "0" : 215395
      }
    },
    "latestOffset" : {
      "trips.raw" : {
        "2" : 215827,
        "5" : 214526,
        "4" : 215570,
        "1" : 215485,
        "3" : 215358,
        "0" : 215395
      }
    },
    "numInputRows" : 9631,
    "inputRowsPerSecond" : 800.6484329536952,
    "processedRowsPerSecond" : 636.2975687103594,
    "metrics" : {
      "avgOffsetsBehindLatest" : "0.0",
      "maxOffsetsBehindLatest" : "0",
      "minOffsetsBehindLatest" : "0"
    }
  } ],
  "sink" : {
    "description" : "ForeachBatchSink",
    "numOutputRows" : -1
  }
}
26/08/14 00:07:16 INFO CheckpointFileManager: Writing atomically to file:/opt/checkpoints/trips/offsets/12 using temp file file:/opt/checkpoints/trips/offsets/.12.3e4f8d00-303f-4209-96b8-96c9a7ad5516.tmp
26/08/14 00:07:16 INFO CheckpointFileManager: Renamed temp file file:/opt/checkpoints/trips/offsets/.12.3e4f8d00-303f-4209-96b8-96c9a7ad5516.tmp to file:/opt/checkpoints/trips/offsets/12
26/08/14 00:07:16 INFO MicroBatchExecution: Committed offsets for batch 12. Metadata OffsetSeqMetadata(1786665901552,1786666036819,Map(spark.sql.streaming.stateStore.providerClass -> org.apache.spark.sql.execution.streaming.state.HDFSBackedStateStoreProvider, spark.sql.streaming.join.stateFormatVersion -> 2, spark.sql.streaming.stateStore.compression.codec -> lz4, spark.sql.streaming.stateStore.rocksdb.formatVersion -> 5, spark.sql.streaming.statefulOperator.useStrictDistribution -> true, spark.sql.streaming.flatMapGroupsWithState.stateFormatVersion -> 2, spark.sql.streaming.multipleWatermarkPolicy -> min, spark.sql.streaming.aggregation.stateFormatVersion -> 2, spark.sql.shuffle.partitions -> 6))
26/08/14 00:07:16 INFO KafkaOffsetReaderAdmin: Partitions added: Map()
26/08/14 00:07:16 INFO KafkaOffsetReaderAdmin: Partitions added: Map()
26/08/14 00:07:16 INFO KafkaOffsetReaderAdmin: Partitions added: Map()
26/08/14 00:07:16 INFO KafkaOffsetReaderAdmin: Partitions added: Map()
2026-08-14 00:07:16,887 INFO  [stream] Received command c on object id p0
26/08/14 00:07:16 INFO BlockManagerInfo: Removed broadcast_118_piece0 on spark-driver:35647 in memory (size: 24.8 KiB, free: 191.2 MiB)
26/08/14 00:07:16 INFO BlockManagerInfo: Removed broadcast_118_piece0 on 172.26.0.13:39169 in memory (size: 24.8 KiB, free: 413.9 MiB)
26/08/14 00:07:16 INFO BlockManagerInfo: Removed broadcast_119_piece0 on spark-driver:35647 in memory (size: 6.1 KiB, free: 191.2 MiB)
26/08/14 00:07:16 INFO BlockManagerInfo: Removed broadcast_119_piece0 on 172.26.0.13:39169 in memory (size: 6.1 KiB, free: 413.9 MiB)
26/08/14 00:07:16 INFO SparkContext: Starting job: count at <unknown>:0
26/08/14 00:07:16 INFO DAGScheduler: Registering RDD 783 (count at <unknown>:0) as input to shuffle 55
26/08/14 00:07:16 INFO DAGScheduler: Got job 66 (count at <unknown>:0) with 1 output partitions
26/08/14 00:07:16 INFO DAGScheduler: Final stage: ResultStage 122 (count at <unknown>:0)
26/08/14 00:07:16 INFO DAGScheduler: Parents of final stage: List(ShuffleMapStage 121)
26/08/14 00:07:16 INFO DAGScheduler: Missing parents: List(ShuffleMapStage 121)
26/08/14 00:07:16 INFO BlockManagerInfo: Removed broadcast_117_piece0 on spark-driver:35647 in memory (size: 5.9 KiB, free: 191.2 MiB)
26/08/14 00:07:16 INFO BlockManagerInfo: Removed broadcast_117_piece0 on 172.26.0.13:39169 in memory (size: 5.9 KiB, free: 413.9 MiB)
26/08/14 00:07:16 INFO DAGScheduler: Submitting ShuffleMapStage 121 (MapPartitionsRDD[783] at count at <unknown>:0), which has no missing parents
26/08/14 00:07:16 INFO MemoryStore: Block broadcast_120 stored as values in memory (estimated size 64.6 KiB, free 191.0 MiB)
26/08/14 00:07:16 INFO MemoryStore: Block broadcast_120_piece0 stored as bytes in memory (estimated size 24.0 KiB, free 191.0 MiB)
26/08/14 00:07:16 INFO BlockManagerInfo: Added broadcast_120_piece0 in memory on spark-driver:35647 (size: 24.0 KiB, free: 191.2 MiB)
26/08/14 00:07:16 INFO SparkContext: Created broadcast 120 from broadcast at DAGScheduler.scala:1585
26/08/14 00:07:16 INFO DAGScheduler: Submitting 6 missing tasks from ShuffleMapStage 121 (MapPartitionsRDD[783] at count at <unknown>:0) (first 15 tasks are for partitions Vector(0, 1, 2, 3, 4, 5))
26/08/14 00:07:16 INFO TaskSchedulerImpl: Adding task set 121.0 with 6 tasks resource profile 0
26/08/14 00:07:16 INFO TaskSetManager: Starting task 0.0 in stage 121.0 (TID 438) (172.26.0.12, executor 2, partition 0, PROCESS_LOCAL, 9921 bytes) 
26/08/14 00:07:16 INFO TaskSetManager: Starting task 2.0 in stage 121.0 (TID 439) (172.26.0.13, executor 1, partition 2, PROCESS_LOCAL, 9921 bytes) 
26/08/14 00:07:16 INFO TaskSetManager: Starting task 1.0 in stage 121.0 (TID 440) (172.26.0.12, executor 2, partition 1, PROCESS_LOCAL, 9921 bytes) 
26/08/14 00:07:16 INFO TaskSetManager: Starting task 3.0 in stage 121.0 (TID 441) (172.26.0.13, executor 1, partition 3, PROCESS_LOCAL, 9921 bytes) 
26/08/14 00:07:16 INFO TaskSetManager: Starting task 5.0 in stage 121.0 (TID 442) (172.26.0.12, executor 2, partition 5, PROCESS_LOCAL, 9921 bytes) 
26/08/14 00:07:16 INFO TaskSetManager: Starting task 4.0 in stage 121.0 (TID 443) (172.26.0.13, executor 1, partition 4, PROCESS_LOCAL, 9921 bytes) 
26/08/14 00:07:16 INFO BlockManagerInfo: Added broadcast_120_piece0 in memory on 172.26.0.13:39169 (size: 24.0 KiB, free: 413.9 MiB)
26/08/14 00:07:17 INFO BlockManagerInfo: Added broadcast_120_piece0 in memory on 172.26.0.12:33175 (size: 24.0 KiB, free: 413.9 MiB)
26/08/14 00:07:17 INFO BlockManagerInfo: Added rdd_778_2 in memory on 172.26.0.13:39169 (size: 459.9 KiB, free: 413.4 MiB)
26/08/14 00:07:17 INFO BlockManagerInfo: Added rdd_778_3 in memory on 172.26.0.13:39169 (size: 444.9 KiB, free: 413.0 MiB)
26/08/14 00:07:17 INFO BlockManagerInfo: Added rdd_778_4 in memory on 172.26.0.13:39169 (size: 454.1 KiB, free: 412.5 MiB)
26/08/14 00:07:17 INFO TaskSetManager: Finished task 2.0 in stage 121.0 (TID 439) in 668 ms on 172.26.0.13 (executor 1) (1/6)
26/08/14 00:07:17 INFO TaskSetManager: Finished task 4.0 in stage 121.0 (TID 443) in 667 ms on 172.26.0.13 (executor 1) (2/6)
26/08/14 00:07:17 INFO TaskSetManager: Finished task 3.0 in stage 121.0 (TID 441) in 667 ms on 172.26.0.13 (executor 1) (3/6)
26/08/14 00:07:20 INFO BlockManagerInfo: Added rdd_778_1 in memory on 172.26.0.12:33175 (size: 455.4 KiB, free: 413.5 MiB)
26/08/14 00:07:20 INFO BlockManagerInfo: Added rdd_778_5 in memory on 172.26.0.12:33175 (size: 440.7 KiB, free: 413.0 MiB)
26/08/14 00:07:20 INFO BlockManagerInfo: Added rdd_778_0 in memory on 172.26.0.12:33175 (size: 458.4 KiB, free: 412.6 MiB)
26/08/14 00:07:20 INFO TaskSetManager: Finished task 5.0 in stage 121.0 (TID 442) in 3735 ms on 172.26.0.12 (executor 2) (4/6)
26/08/14 00:07:20 INFO TaskSetManager: Finished task 0.0 in stage 121.0 (TID 438) in 3739 ms on 172.26.0.12 (executor 2) (5/6)
26/08/14 00:07:20 INFO TaskSetManager: Finished task 1.0 in stage 121.0 (TID 440) in 3738 ms on 172.26.0.12 (executor 2) (6/6)
26/08/14 00:07:20 INFO TaskSchedulerImpl: Removed TaskSet 121.0, whose tasks have all completed, from pool 
26/08/14 00:07:20 INFO DAGScheduler: ShuffleMapStage 121 (count at <unknown>:0) finished in 3.753 s
26/08/14 00:07:20 INFO DAGScheduler: looking for newly runnable stages
26/08/14 00:07:20 INFO DAGScheduler: running: Set()
26/08/14 00:07:20 INFO DAGScheduler: waiting: Set(ResultStage 122)
26/08/14 00:07:20 INFO DAGScheduler: failed: Set()
26/08/14 00:07:20 INFO DAGScheduler: Submitting ResultStage 122 (MapPartitionsRDD[786] at count at <unknown>:0), which has no missing parents
26/08/14 00:07:20 INFO MemoryStore: Block broadcast_121 stored as values in memory (estimated size 12.5 KiB, free 191.0 MiB)
26/08/14 00:07:20 INFO MemoryStore: Block broadcast_121_piece0 stored as bytes in memory (estimated size 5.9 KiB, free 191.0 MiB)
26/08/14 00:07:20 INFO BlockManagerInfo: Added broadcast_121_piece0 in memory on spark-driver:35647 (size: 5.9 KiB, free: 191.2 MiB)
26/08/14 00:07:20 INFO SparkContext: Created broadcast 121 from broadcast at DAGScheduler.scala:1585
26/08/14 00:07:20 INFO DAGScheduler: Submitting 1 missing tasks from ResultStage 122 (MapPartitionsRDD[786] at count at <unknown>:0) (first 15 tasks are for partitions Vector(0))
26/08/14 00:07:20 INFO TaskSchedulerImpl: Adding task set 122.0 with 1 tasks resource profile 0
26/08/14 00:07:20 INFO TaskSetManager: Starting task 0.0 in stage 122.0 (TID 444) (172.26.0.12, executor 2, partition 0, NODE_LOCAL, 9003 bytes) 
26/08/14 00:07:20 INFO BlockManagerInfo: Added broadcast_121_piece0 in memory on 172.26.0.12:33175 (size: 5.9 KiB, free: 412.6 MiB)
26/08/14 00:07:20 INFO MapOutputTrackerMasterEndpoint: Asked to send map output locations for shuffle 55 to 172.26.0.12:51502
26/08/14 00:07:20 INFO TaskSetManager: Finished task 0.0 in stage 122.0 (TID 444) in 147 ms on 172.26.0.12 (executor 2) (1/1)
26/08/14 00:07:20 INFO TaskSchedulerImpl: Removed TaskSet 122.0, whose tasks have all completed, from pool 
26/08/14 00:07:20 INFO DAGScheduler: ResultStage 122 (count at <unknown>:0) finished in 0.158 s
26/08/14 00:07:20 INFO DAGScheduler: Job 66 is finished. Cancelling potential speculative or zombie tasks for this job
26/08/14 00:07:20 INFO TaskSchedulerImpl: Killing all running tasks in stage 122: Stage finished
26/08/14 00:07:20 INFO DAGScheduler: Job 66 finished: count at <unknown>:0, took 3.924586 s
26/08/14 00:07:20 INFO SparkContext: Starting job: count at <unknown>:0
26/08/14 00:07:20 INFO DAGScheduler: Registering RDD 791 (count at <unknown>:0) as input to shuffle 56
26/08/14 00:07:20 INFO DAGScheduler: Got job 67 (count at <unknown>:0) with 1 output partitions
26/08/14 00:07:20 INFO DAGScheduler: Final stage: ResultStage 124 (count at <unknown>:0)
26/08/14 00:07:20 INFO DAGScheduler: Parents of final stage: List(ShuffleMapStage 123)
26/08/14 00:07:20 INFO DAGScheduler: Missing parents: List(ShuffleMapStage 123)
26/08/14 00:07:20 INFO DAGScheduler: Submitting ShuffleMapStage 123 (MapPartitionsRDD[791] at count at <unknown>:0), which has no missing parents
26/08/14 00:07:20 INFO MemoryStore: Block broadcast_122 stored as values in memory (estimated size 64.9 KiB, free 190.9 MiB)
26/08/14 00:07:20 INFO MemoryStore: Block broadcast_122_piece0 stored as bytes in memory (estimated size 24.2 KiB, free 190.9 MiB)
26/08/14 00:07:20 INFO BlockManagerInfo: Added broadcast_122_piece0 in memory on spark-driver:35647 (size: 24.2 KiB, free: 191.1 MiB)
26/08/14 00:07:20 INFO SparkContext: Created broadcast 122 from broadcast at DAGScheduler.scala:1585
26/08/14 00:07:20 INFO DAGScheduler: Submitting 6 missing tasks from ShuffleMapStage 123 (MapPartitionsRDD[791] at count at <unknown>:0) (first 15 tasks are for partitions Vector(0, 1, 2, 3, 4, 5))
26/08/14 00:07:20 INFO TaskSchedulerImpl: Adding task set 123.0 with 6 tasks resource profile 0
26/08/14 00:07:20 INFO TaskSetManager: Starting task 0.0 in stage 123.0 (TID 445) (172.26.0.12, executor 2, partition 0, PROCESS_LOCAL, 9921 bytes) 
26/08/14 00:07:20 INFO TaskSetManager: Starting task 2.0 in stage 123.0 (TID 446) (172.26.0.13, executor 1, partition 2, PROCESS_LOCAL, 9921 bytes) 
26/08/14 00:07:20 INFO TaskSetManager: Starting task 1.0 in stage 123.0 (TID 447) (172.26.0.12, executor 2, partition 1, PROCESS_LOCAL, 9921 bytes) 
26/08/14 00:07:20 INFO TaskSetManager: Starting task 3.0 in stage 123.0 (TID 448) (172.26.0.13, executor 1, partition 3, PROCESS_LOCAL, 9921 bytes) 
26/08/14 00:07:20 INFO TaskSetManager: Starting task 5.0 in stage 123.0 (TID 449) (172.26.0.12, executor 2, partition 5, PROCESS_LOCAL, 9921 bytes) 
26/08/14 00:07:20 INFO TaskSetManager: Starting task 4.0 in stage 123.0 (TID 450) (172.26.0.13, executor 1, partition 4, PROCESS_LOCAL, 9921 bytes) 
26/08/14 00:07:20 INFO BlockManagerInfo: Added broadcast_122_piece0 in memory on 172.26.0.12:33175 (size: 24.2 KiB, free: 412.5 MiB)
26/08/14 00:07:21 INFO BlockManagerInfo: Added broadcast_122_piece0 in memory on 172.26.0.13:39169 (size: 24.2 KiB, free: 412.5 MiB)
26/08/14 00:07:21 INFO TaskSetManager: Finished task 3.0 in stage 123.0 (TID 448) in 85 ms on 172.26.0.13 (executor 1) (1/6)
26/08/14 00:07:21 INFO TaskSetManager: Finished task 2.0 in stage 123.0 (TID 446) in 86 ms on 172.26.0.13 (executor 1) (2/6)
26/08/14 00:07:21 INFO TaskSetManager: Finished task 4.0 in stage 123.0 (TID 450) in 86 ms on 172.26.0.13 (executor 1) (3/6)
26/08/14 00:07:21 INFO TaskSetManager: Finished task 0.0 in stage 123.0 (TID 445) in 92 ms on 172.26.0.12 (executor 2) (4/6)
26/08/14 00:07:21 INFO TaskSetManager: Finished task 1.0 in stage 123.0 (TID 447) in 92 ms on 172.26.0.12 (executor 2) (5/6)
26/08/14 00:07:21 INFO TaskSetManager: Finished task 5.0 in stage 123.0 (TID 449) in 93 ms on 172.26.0.12 (executor 2) (6/6)
26/08/14 00:07:21 INFO TaskSchedulerImpl: Removed TaskSet 123.0, whose tasks have all completed, from pool 
26/08/14 00:07:21 INFO DAGScheduler: ShuffleMapStage 123 (count at <unknown>:0) finished in 0.102 s
26/08/14 00:07:21 INFO DAGScheduler: looking for newly runnable stages
26/08/14 00:07:21 INFO DAGScheduler: running: Set()
26/08/14 00:07:21 INFO DAGScheduler: waiting: Set(ResultStage 124)
26/08/14 00:07:21 INFO DAGScheduler: failed: Set()
26/08/14 00:07:21 INFO DAGScheduler: Submitting ResultStage 124 (MapPartitionsRDD[794] at count at <unknown>:0), which has no missing parents
26/08/14 00:07:21 INFO MemoryStore: Block broadcast_123 stored as values in memory (estimated size 12.5 KiB, free 190.9 MiB)
26/08/14 00:07:21 INFO MemoryStore: Block broadcast_123_piece0 stored as bytes in memory (estimated size 5.9 KiB, free 190.9 MiB)
26/08/14 00:07:21 INFO BlockManagerInfo: Added broadcast_123_piece0 in memory on spark-driver:35647 (size: 5.9 KiB, free: 191.1 MiB)
26/08/14 00:07:21 INFO SparkContext: Created broadcast 123 from broadcast at DAGScheduler.scala:1585
26/08/14 00:07:21 INFO DAGScheduler: Submitting 1 missing tasks from ResultStage 124 (MapPartitionsRDD[794] at count at <unknown>:0) (first 15 tasks are for partitions Vector(0))
26/08/14 00:07:21 INFO TaskSchedulerImpl: Adding task set 124.0 with 1 tasks resource profile 0
26/08/14 00:07:21 INFO TaskSetManager: Starting task 0.0 in stage 124.0 (TID 451) (172.26.0.12, executor 2, partition 0, NODE_LOCAL, 9003 bytes) 
26/08/14 00:07:21 INFO BlockManagerInfo: Added broadcast_123_piece0 in memory on 172.26.0.12:33175 (size: 5.9 KiB, free: 412.5 MiB)
26/08/14 00:07:21 INFO MapOutputTrackerMasterEndpoint: Asked to send map output locations for shuffle 56 to 172.26.0.12:51502
26/08/14 00:07:21 INFO TaskSetManager: Finished task 0.0 in stage 124.0 (TID 451) in 29 ms on 172.26.0.12 (executor 2) (1/1)
26/08/14 00:07:21 INFO TaskSchedulerImpl: Removed TaskSet 124.0, whose tasks have all completed, from pool 
26/08/14 00:07:21 INFO DAGScheduler: ResultStage 124 (count at <unknown>:0) finished in 0.035 s
26/08/14 00:07:21 INFO DAGScheduler: Job 67 is finished. Cancelling potential speculative or zombie tasks for this job
26/08/14 00:07:21 INFO TaskSchedulerImpl: Killing all running tasks in stage 124: Stage finished
26/08/14 00:07:21 INFO DAGScheduler: Job 67 finished: count at <unknown>:0, took 0.141017 s
26/08/14 00:07:21 INFO BlockManagerInfo: Removed broadcast_123_piece0 on spark-driver:35647 in memory (size: 5.9 KiB, free: 191.1 MiB)
26/08/14 00:07:21 INFO BlockManagerInfo: Removed broadcast_123_piece0 on 172.26.0.12:33175 in memory (size: 5.9 KiB, free: 412.5 MiB)
26/08/14 00:07:21 INFO BlockManagerInfo: Removed broadcast_121_piece0 on spark-driver:35647 in memory (size: 5.9 KiB, free: 191.1 MiB)
26/08/14 00:07:21 INFO BlockManagerInfo: Removed broadcast_121_piece0 on 172.26.0.12:33175 in memory (size: 5.9 KiB, free: 412.6 MiB)
26/08/14 00:07:21 INFO BlockManagerInfo: Removed broadcast_120_piece0 on spark-driver:35647 in memory (size: 24.0 KiB, free: 191.2 MiB)
26/08/14 00:07:21 INFO BlockManagerInfo: Removed broadcast_120_piece0 on 172.26.0.13:39169 in memory (size: 24.0 KiB, free: 412.5 MiB)
26/08/14 00:07:21 INFO BlockManagerInfo: Removed broadcast_120_piece0 on 172.26.0.12:33175 in memory (size: 24.0 KiB, free: 412.6 MiB)
26/08/14 00:07:21 INFO BlockManagerInfo: Removed broadcast_122_piece0 on spark-driver:35647 in memory (size: 24.2 KiB, free: 191.2 MiB)
26/08/14 00:07:21 INFO BlockManagerInfo: Removed broadcast_122_piece0 on 172.26.0.13:39169 in memory (size: 24.2 KiB, free: 412.6 MiB)
26/08/14 00:07:21 INFO BlockManagerInfo: Removed broadcast_122_piece0 on 172.26.0.12:33175 in memory (size: 24.2 KiB, free: 412.6 MiB)
26/08/14 00:07:21 INFO CodeGenerator: Code generated in 13.873584 ms
26/08/14 00:07:21 INFO DefaultCachedBatchSerializer: Predicate isnotnull(event_time#89-T120000ms) generates partition filter: ((event_time.count#38903 - event_time.nullCount#38902) > 0)
26/08/14 00:07:21 INFO DefaultCachedBatchSerializer: Predicate (event_time#89-T120000ms < 2026-08-14 00:05:01.552) generates partition filter: (event_time.lowerBound#38901 < 2026-08-14 00:05:01.552)
26/08/14 00:07:21 INFO SparkContext: Starting job: count at <unknown>:0
26/08/14 00:07:21 INFO DAGScheduler: Registering RDD 799 (count at <unknown>:0) as input to shuffle 57
26/08/14 00:07:21 INFO DAGScheduler: Got job 68 (count at <unknown>:0) with 1 output partitions
26/08/14 00:07:21 INFO DAGScheduler: Final stage: ResultStage 126 (count at <unknown>:0)
26/08/14 00:07:21 INFO DAGScheduler: Parents of final stage: List(ShuffleMapStage 125)
26/08/14 00:07:21 INFO DAGScheduler: Missing parents: List(ShuffleMapStage 125)
26/08/14 00:07:21 INFO DAGScheduler: Submitting ShuffleMapStage 125 (MapPartitionsRDD[799] at count at <unknown>:0), which has no missing parents
26/08/14 00:07:21 INFO MemoryStore: Block broadcast_124 stored as values in memory (estimated size 67.2 KiB, free 191.0 MiB)
26/08/14 00:07:21 INFO MemoryStore: Block broadcast_124_piece0 stored as bytes in memory (estimated size 25.5 KiB, free 191.0 MiB)
26/08/14 00:07:21 INFO BlockManagerInfo: Added broadcast_124_piece0 in memory on spark-driver:35647 (size: 25.5 KiB, free: 191.2 MiB)
26/08/14 00:07:21 INFO SparkContext: Created broadcast 124 from broadcast at DAGScheduler.scala:1585
26/08/14 00:07:21 INFO DAGScheduler: Submitting 6 missing tasks from ShuffleMapStage 125 (MapPartitionsRDD[799] at count at <unknown>:0) (first 15 tasks are for partitions Vector(0, 1, 2, 3, 4, 5))
26/08/14 00:07:21 INFO TaskSchedulerImpl: Adding task set 125.0 with 6 tasks resource profile 0
26/08/14 00:07:21 INFO TaskSetManager: Starting task 0.0 in stage 125.0 (TID 452) (172.26.0.12, executor 2, partition 0, PROCESS_LOCAL, 9921 bytes) 
26/08/14 00:07:21 INFO TaskSetManager: Starting task 2.0 in stage 125.0 (TID 453) (172.26.0.13, executor 1, partition 2, PROCESS_LOCAL, 9921 bytes) 
26/08/14 00:07:21 INFO TaskSetManager: Starting task 1.0 in stage 125.0 (TID 454) (172.26.0.12, executor 2, partition 1, PROCESS_LOCAL, 9921 bytes) 
26/08/14 00:07:21 INFO TaskSetManager: Starting task 3.0 in stage 125.0 (TID 455) (172.26.0.13, executor 1, partition 3, PROCESS_LOCAL, 9921 bytes) 
26/08/14 00:07:21 INFO TaskSetManager: Starting task 5.0 in stage 125.0 (TID 456) (172.26.0.12, executor 2, partition 5, PROCESS_LOCAL, 9921 bytes) 
26/08/14 00:07:21 INFO TaskSetManager: Starting task 4.0 in stage 125.0 (TID 457) (172.26.0.13, executor 1, partition 4, PROCESS_LOCAL, 9921 bytes) 
26/08/14 00:07:21 INFO BlockManagerInfo: Added broadcast_124_piece0 in memory on 172.26.0.13:39169 (size: 25.5 KiB, free: 412.5 MiB)
26/08/14 00:07:21 INFO BlockManagerInfo: Added broadcast_124_piece0 in memory on 172.26.0.12:33175 (size: 25.5 KiB, free: 412.6 MiB)
26/08/14 00:07:21 INFO TaskSetManager: Finished task 2.0 in stage 125.0 (TID 453) in 77 ms on 172.26.0.13 (executor 1) (1/6)
26/08/14 00:07:21 INFO TaskSetManager: Finished task 3.0 in stage 125.0 (TID 455) in 79 ms on 172.26.0.13 (executor 1) (2/6)
26/08/14 00:07:21 INFO TaskSetManager: Finished task 4.0 in stage 125.0 (TID 457) in 81 ms on 172.26.0.13 (executor 1) (3/6)
26/08/14 00:07:21 INFO TaskSetManager: Finished task 1.0 in stage 125.0 (TID 454) in 172 ms on 172.26.0.12 (executor 2) (4/6)
26/08/14 00:07:21 INFO TaskSetManager: Finished task 0.0 in stage 125.0 (TID 452) in 172 ms on 172.26.0.12 (executor 2) (5/6)
26/08/14 00:07:21 INFO TaskSetManager: Finished task 5.0 in stage 125.0 (TID 456) in 172 ms on 172.26.0.12 (executor 2) (6/6)
26/08/14 00:07:21 INFO TaskSchedulerImpl: Removed TaskSet 125.0, whose tasks have all completed, from pool 
26/08/14 00:07:21 INFO DAGScheduler: ShuffleMapStage 125 (count at <unknown>:0) finished in 0.181 s
26/08/14 00:07:21 INFO DAGScheduler: looking for newly runnable stages
26/08/14 00:07:21 INFO DAGScheduler: running: Set()
26/08/14 00:07:21 INFO DAGScheduler: waiting: Set(ResultStage 126)
26/08/14 00:07:21 INFO DAGScheduler: failed: Set()
26/08/14 00:07:21 INFO DAGScheduler: Submitting ResultStage 126 (MapPartitionsRDD[802] at count at <unknown>:0), which has no missing parents
26/08/14 00:07:21 INFO MemoryStore: Block broadcast_125 stored as values in memory (estimated size 12.5 KiB, free 191.0 MiB)
26/08/14 00:07:21 INFO MemoryStore: Block broadcast_125_piece0 stored as bytes in memory (estimated size 5.9 KiB, free 191.0 MiB)
26/08/14 00:07:21 INFO BlockManagerInfo: Added broadcast_125_piece0 in memory on spark-driver:35647 (size: 5.9 KiB, free: 191.1 MiB)
26/08/14 00:07:21 INFO SparkContext: Created broadcast 125 from broadcast at DAGScheduler.scala:1585
26/08/14 00:07:21 INFO DAGScheduler: Submitting 1 missing tasks from ResultStage 126 (MapPartitionsRDD[802] at count at <unknown>:0) (first 15 tasks are for partitions Vector(0))
26/08/14 00:07:21 INFO TaskSchedulerImpl: Adding task set 126.0 with 1 tasks resource profile 0
26/08/14 00:07:21 INFO TaskSetManager: Starting task 0.0 in stage 126.0 (TID 458) (172.26.0.13, executor 1, partition 0, NODE_LOCAL, 9003 bytes) 
26/08/14 00:07:21 INFO BlockManagerInfo: Added broadcast_125_piece0 in memory on 172.26.0.13:39169 (size: 5.9 KiB, free: 412.5 MiB)
26/08/14 00:07:21 INFO MapOutputTrackerMasterEndpoint: Asked to send map output locations for shuffle 57 to 172.26.0.13:44738
26/08/14 00:07:21 INFO TaskSetManager: Finished task 0.0 in stage 126.0 (TID 458) in 27 ms on 172.26.0.13 (executor 1) (1/1)
26/08/14 00:07:21 INFO TaskSchedulerImpl: Removed TaskSet 126.0, whose tasks have all completed, from pool 
26/08/14 00:07:21 INFO DAGScheduler: ResultStage 126 (count at <unknown>:0) finished in 0.030 s
26/08/14 00:07:21 INFO DAGScheduler: Job 68 is finished. Cancelling potential speculative or zombie tasks for this job
26/08/14 00:07:21 INFO TaskSchedulerImpl: Killing all running tasks in stage 126: Stage finished
26/08/14 00:07:21 INFO DAGScheduler: Job 68 finished: count at <unknown>:0, took 0.216421 s
26/08/14 00:07:21 INFO DefaultCachedBatchSerializer: Predicate isnotnull(kind#39460) generates partition filter: ((kind.count#39529 - kind.nullCount#39528) > 0)
26/08/14 00:07:21 INFO DefaultCachedBatchSerializer: Predicate (kind#39460 = stats) generates partition filter: ((kind.lowerBound#39527 <= stats) AND (stats <= kind.upperBound#39526))
26/08/14 00:07:21 INFO SparkContext: Starting job: call at /opt/spark/python/lib/py4j-0.10.9.7-src.zip/py4j/clientserver.py:617
26/08/14 00:07:21 INFO DAGScheduler: Got job 69 (call at /opt/spark/python/lib/py4j-0.10.9.7-src.zip/py4j/clientserver.py:617) with 6 output partitions
26/08/14 00:07:21 INFO DAGScheduler: Final stage: ResultStage 127 (call at /opt/spark/python/lib/py4j-0.10.9.7-src.zip/py4j/clientserver.py:617)
26/08/14 00:07:21 INFO DAGScheduler: Parents of final stage: List()
26/08/14 00:07:21 INFO DAGScheduler: Missing parents: List()
26/08/14 00:07:21 INFO DAGScheduler: Submitting ResultStage 127 (MapPartitionsRDD[821] at call at /opt/spark/python/lib/py4j-0.10.9.7-src.zip/py4j/clientserver.py:617), which has no missing parents
26/08/14 00:07:21 INFO MemoryStore: Block broadcast_126 stored as values in memory (estimated size 90.0 KiB, free 190.9 MiB)
26/08/14 00:07:21 INFO MemoryStore: Block broadcast_126_piece0 stored as bytes in memory (estimated size 34.0 KiB, free 190.9 MiB)
26/08/14 00:07:21 INFO BlockManagerInfo: Added broadcast_126_piece0 in memory on spark-driver:35647 (size: 34.0 KiB, free: 191.1 MiB)
26/08/14 00:07:21 INFO SparkContext: Created broadcast 126 from broadcast at DAGScheduler.scala:1585
26/08/14 00:07:21 INFO DAGScheduler: Submitting 6 missing tasks from ResultStage 127 (MapPartitionsRDD[821] at call at /opt/spark/python/lib/py4j-0.10.9.7-src.zip/py4j/clientserver.py:617) (first 15 tasks are for partitions Vector(0, 1, 2, 3, 4, 5))
26/08/14 00:07:21 INFO TaskSchedulerImpl: Adding task set 127.0 with 6 tasks resource profile 0
26/08/14 00:07:21 INFO TaskSetManager: Starting task 0.0 in stage 127.0 (TID 459) (172.26.0.12, executor 2, partition 0, PROCESS_LOCAL, 9932 bytes) 
26/08/14 00:07:21 INFO TaskSetManager: Starting task 2.0 in stage 127.0 (TID 460) (172.26.0.13, executor 1, partition 2, PROCESS_LOCAL, 9932 bytes) 
26/08/14 00:07:21 INFO TaskSetManager: Starting task 1.0 in stage 127.0 (TID 461) (172.26.0.12, executor 2, partition 1, PROCESS_LOCAL, 9932 bytes) 
26/08/14 00:07:21 INFO TaskSetManager: Starting task 3.0 in stage 127.0 (TID 462) (172.26.0.13, executor 1, partition 3, PROCESS_LOCAL, 9932 bytes) 
26/08/14 00:07:21 INFO TaskSetManager: Starting task 5.0 in stage 127.0 (TID 463) (172.26.0.12, executor 2, partition 5, PROCESS_LOCAL, 9932 bytes) 
26/08/14 00:07:21 INFO TaskSetManager: Starting task 4.0 in stage 127.0 (TID 464) (172.26.0.13, executor 1, partition 4, PROCESS_LOCAL, 9932 bytes) 
26/08/14 00:07:21 INFO BlockManagerInfo: Removed broadcast_125_piece0 on spark-driver:35647 in memory (size: 5.9 KiB, free: 191.1 MiB)
26/08/14 00:07:21 INFO BlockManagerInfo: Removed broadcast_125_piece0 on 172.26.0.13:39169 in memory (size: 5.9 KiB, free: 412.5 MiB)
26/08/14 00:07:21 INFO BlockManagerInfo: Removed broadcast_124_piece0 on spark-driver:35647 in memory (size: 25.5 KiB, free: 191.1 MiB)
26/08/14 00:07:21 INFO BlockManagerInfo: Removed broadcast_124_piece0 on 172.26.0.13:39169 in memory (size: 25.5 KiB, free: 412.6 MiB)
26/08/14 00:07:21 INFO BlockManagerInfo: Added broadcast_126_piece0 in memory on 172.26.0.13:39169 (size: 34.0 KiB, free: 412.5 MiB)
26/08/14 00:07:21 INFO BlockManagerInfo: Removed broadcast_124_piece0 on 172.26.0.12:33175 in memory (size: 25.5 KiB, free: 412.6 MiB)
26/08/14 00:07:21 INFO BlockManagerInfo: Added broadcast_126_piece0 in memory on 172.26.0.12:33175 (size: 34.0 KiB, free: 412.6 MiB)
26/08/14 00:07:23 INFO BlockManagerInfo: Added rdd_816_3 in memory on 172.26.0.13:39169 (size: 1808.0 B, free: 412.5 MiB)
26/08/14 00:07:24 INFO TaskSetManager: Finished task 3.0 in stage 127.0 (TID 462) in 2834 ms on 172.26.0.13 (executor 1) (1/6)
26/08/14 00:07:24 INFO BlockManagerInfo: Added rdd_816_2 in memory on 172.26.0.13:39169 (size: 1808.0 B, free: 412.5 MiB)
26/08/14 00:07:24 INFO BlockManagerInfo: Added rdd_816_4 in memory on 172.26.0.13:39169 (size: 1808.0 B, free: 412.5 MiB)
26/08/14 00:07:24 INFO TaskSetManager: Finished task 4.0 in stage 127.0 (TID 464) in 3126 ms on 172.26.0.13 (executor 1) (2/6)
26/08/14 00:07:24 INFO TaskSetManager: Finished task 2.0 in stage 127.0 (TID 460) in 3152 ms on 172.26.0.13 (executor 1) (3/6)
26/08/14 00:07:26 INFO BlockManagerInfo: Added rdd_816_0 in memory on 172.26.0.12:33175 (size: 1808.0 B, free: 412.6 MiB)
26/08/14 00:07:26 INFO BlockManagerInfo: Added rdd_816_5 in memory on 172.26.0.12:33175 (size: 1808.0 B, free: 412.6 MiB)
26/08/14 00:07:26 INFO BlockManagerInfo: Added rdd_816_1 in memory on 172.26.0.12:33175 (size: 1808.0 B, free: 412.6 MiB)
26/08/14 00:07:27 INFO TaskSetManager: Finished task 5.0 in stage 127.0 (TID 463) in 5541 ms on 172.26.0.12 (executor 2) (4/6)
26/08/14 00:07:27 INFO TaskSetManager: Finished task 1.0 in stage 127.0 (TID 461) in 5542 ms on 172.26.0.12 (executor 2) (5/6)
26/08/14 00:07:27 INFO TaskSetManager: Finished task 0.0 in stage 127.0 (TID 459) in 5543 ms on 172.26.0.12 (executor 2) (6/6)
26/08/14 00:07:27 INFO TaskSchedulerImpl: Removed TaskSet 127.0, whose tasks have all completed, from pool 
26/08/14 00:07:27 INFO DAGScheduler: ResultStage 127 (call at /opt/spark/python/lib/py4j-0.10.9.7-src.zip/py4j/clientserver.py:617) finished in 5.561 s
26/08/14 00:07:27 INFO DAGScheduler: Job 69 is finished. Cancelling potential speculative or zombie tasks for this job
26/08/14 00:07:27 INFO TaskSchedulerImpl: Killing all running tasks in stage 127: Stage finished
26/08/14 00:07:27 INFO DAGScheduler: Job 69 finished: call at /opt/spark/python/lib/py4j-0.10.9.7-src.zip/py4j/clientserver.py:617, took 5.569397 s
26/08/14 00:07:27 INFO DefaultCachedBatchSerializer: Predicate isnotnull(kind#39460) generates partition filter: ((kind.count#39612 - kind.nullCount#39611) > 0)
26/08/14 00:07:27 INFO DefaultCachedBatchSerializer: Predicate (kind#39460 = dlq) generates partition filter: ((kind.lowerBound#39610 <= dlq) AND (dlq <= kind.upperBound#39609))
26/08/14 00:07:27 INFO SparkContext: Starting job: count at <unknown>:0
26/08/14 00:07:27 INFO DAGScheduler: Registering RDD 826 (count at <unknown>:0) as input to shuffle 58
26/08/14 00:07:27 INFO DAGScheduler: Got job 70 (count at <unknown>:0) with 1 output partitions
26/08/14 00:07:27 INFO DAGScheduler: Final stage: ResultStage 129 (count at <unknown>:0)
26/08/14 00:07:27 INFO DAGScheduler: Parents of final stage: List(ShuffleMapStage 128)
26/08/14 00:07:27 INFO DAGScheduler: Missing parents: List(ShuffleMapStage 128)
26/08/14 00:07:27 INFO DAGScheduler: Submitting ShuffleMapStage 128 (MapPartitionsRDD[826] at count at <unknown>:0), which has no missing parents
26/08/14 00:07:27 INFO MemoryStore: Block broadcast_127 stored as values in memory (estimated size 92.2 KiB, free 190.9 MiB)
26/08/14 00:07:27 INFO MemoryStore: Block broadcast_127_piece0 stored as bytes in memory (estimated size 35.3 KiB, free 190.8 MiB)
26/08/14 00:07:27 INFO BlockManagerInfo: Added broadcast_127_piece0 in memory on spark-driver:35647 (size: 35.3 KiB, free: 191.1 MiB)
26/08/14 00:07:27 INFO SparkContext: Created broadcast 127 from broadcast at DAGScheduler.scala:1585
26/08/14 00:07:27 INFO DAGScheduler: Submitting 6 missing tasks from ShuffleMapStage 128 (MapPartitionsRDD[826] at count at <unknown>:0) (first 15 tasks are for partitions Vector(0, 1, 2, 3, 4, 5))
26/08/14 00:07:27 INFO TaskSchedulerImpl: Adding task set 128.0 with 6 tasks resource profile 0
26/08/14 00:07:27 INFO TaskSetManager: Starting task 2.0 in stage 128.0 (TID 465) (172.26.0.13, executor 1, partition 2, PROCESS_LOCAL, 9921 bytes) 
26/08/14 00:07:27 INFO TaskSetManager: Starting task 0.0 in stage 128.0 (TID 466) (172.26.0.12, executor 2, partition 0, PROCESS_LOCAL, 9921 bytes) 
26/08/14 00:07:27 INFO TaskSetManager: Starting task 3.0 in stage 128.0 (TID 467) (172.26.0.13, executor 1, partition 3, PROCESS_LOCAL, 9921 bytes) 
26/08/14 00:07:27 INFO TaskSetManager: Starting task 1.0 in stage 128.0 (TID 468) (172.26.0.12, executor 2, partition 1, PROCESS_LOCAL, 9921 bytes) 
26/08/14 00:07:27 INFO TaskSetManager: Starting task 4.0 in stage 128.0 (TID 469) (172.26.0.13, executor 1, partition 4, PROCESS_LOCAL, 9921 bytes) 
26/08/14 00:07:27 INFO TaskSetManager: Starting task 5.0 in stage 128.0 (TID 470) (172.26.0.12, executor 2, partition 5, PROCESS_LOCAL, 9921 bytes) 
26/08/14 00:07:27 INFO BlockManagerInfo: Added broadcast_127_piece0 in memory on 172.26.0.12:33175 (size: 35.3 KiB, free: 412.5 MiB)
26/08/14 00:07:27 INFO BlockManagerInfo: Added broadcast_127_piece0 in memory on 172.26.0.13:39169 (size: 35.3 KiB, free: 412.5 MiB)
26/08/14 00:07:27 INFO TaskSetManager: Finished task 0.0 in stage 128.0 (TID 466) in 215 ms on 172.26.0.12 (executor 2) (1/6)
26/08/14 00:07:27 INFO TaskSetManager: Finished task 1.0 in stage 128.0 (TID 468) in 219 ms on 172.26.0.12 (executor 2) (2/6)
26/08/14 00:07:27 INFO TaskSetManager: Finished task 5.0 in stage 128.0 (TID 470) in 219 ms on 172.26.0.12 (executor 2) (3/6)
26/08/14 00:07:27 INFO TaskSetManager: Finished task 3.0 in stage 128.0 (TID 467) in 286 ms on 172.26.0.13 (executor 1) (4/6)
26/08/14 00:07:27 INFO TaskSetManager: Finished task 2.0 in stage 128.0 (TID 465) in 290 ms on 172.26.0.13 (executor 1) (5/6)
26/08/14 00:07:27 INFO TaskSetManager: Finished task 4.0 in stage 128.0 (TID 469) in 288 ms on 172.26.0.13 (executor 1) (6/6)
26/08/14 00:07:27 INFO TaskSchedulerImpl: Removed TaskSet 128.0, whose tasks have all completed, from pool 
26/08/14 00:07:27 INFO DAGScheduler: ShuffleMapStage 128 (count at <unknown>:0) finished in 0.328 s
26/08/14 00:07:27 INFO DAGScheduler: looking for newly runnable stages
26/08/14 00:07:27 INFO DAGScheduler: running: Set()
26/08/14 00:07:27 INFO DAGScheduler: waiting: Set(ResultStage 129)
26/08/14 00:07:27 INFO DAGScheduler: failed: Set()
26/08/14 00:07:27 INFO DAGScheduler: Submitting ResultStage 129 (MapPartitionsRDD[829] at count at <unknown>:0), which has no missing parents
26/08/14 00:07:27 INFO MemoryStore: Block broadcast_128 stored as values in memory (estimated size 12.5 KiB, free 190.8 MiB)
26/08/14 00:07:27 INFO MemoryStore: Block broadcast_128_piece0 stored as bytes in memory (estimated size 5.9 KiB, free 190.8 MiB)
26/08/14 00:07:27 INFO BlockManagerInfo: Added broadcast_128_piece0 in memory on spark-driver:35647 (size: 5.9 KiB, free: 191.1 MiB)
26/08/14 00:07:27 INFO SparkContext: Created broadcast 128 from broadcast at DAGScheduler.scala:1585
26/08/14 00:07:27 INFO DAGScheduler: Submitting 1 missing tasks from ResultStage 129 (MapPartitionsRDD[829] at count at <unknown>:0) (first 15 tasks are for partitions Vector(0))
26/08/14 00:07:27 INFO TaskSchedulerImpl: Adding task set 129.0 with 1 tasks resource profile 0
26/08/14 00:07:27 INFO TaskSetManager: Starting task 0.0 in stage 129.0 (TID 471) (172.26.0.13, executor 1, partition 0, NODE_LOCAL, 9003 bytes) 
26/08/14 00:07:27 INFO BlockManagerInfo: Added broadcast_128_piece0 in memory on 172.26.0.13:39169 (size: 5.9 KiB, free: 412.5 MiB)
26/08/14 00:07:27 INFO MapOutputTrackerMasterEndpoint: Asked to send map output locations for shuffle 58 to 172.26.0.13:44738
26/08/14 00:07:27 INFO TaskSetManager: Finished task 0.0 in stage 129.0 (TID 471) in 79 ms on 172.26.0.13 (executor 1) (1/1)
26/08/14 00:07:27 INFO TaskSchedulerImpl: Removed TaskSet 129.0, whose tasks have all completed, from pool 
26/08/14 00:07:27 INFO DAGScheduler: ResultStage 129 (count at <unknown>:0) finished in 0.096 s
26/08/14 00:07:27 INFO DAGScheduler: Job 70 is finished. Cancelling potential speculative or zombie tasks for this job
26/08/14 00:07:27 INFO TaskSchedulerImpl: Killing all running tasks in stage 129: Stage finished
26/08/14 00:07:27 INFO DAGScheduler: Job 70 finished: count at <unknown>:0, took 0.436732 s
26/08/14 00:07:27 INFO MapPartitionsRDD: Removing RDD 816 from persistence list
26/08/14 00:07:27 INFO BlockManager: Removing RDD 816
26/08/14 00:07:27 INFO SparkContext: Starting job: call at /opt/spark/python/lib/py4j-0.10.9.7-src.zip/py4j/clientserver.py:617
26/08/14 00:07:27 INFO DAGScheduler: Registering RDD 834 (call at /opt/spark/python/lib/py4j-0.10.9.7-src.zip/py4j/clientserver.py:617) as input to shuffle 59
26/08/14 00:07:27 INFO DAGScheduler: Got job 71 (call at /opt/spark/python/lib/py4j-0.10.9.7-src.zip/py4j/clientserver.py:617) with 1 output partitions
26/08/14 00:07:27 INFO DAGScheduler: Final stage: ResultStage 131 (call at /opt/spark/python/lib/py4j-0.10.9.7-src.zip/py4j/clientserver.py:617)
26/08/14 00:07:27 INFO DAGScheduler: Parents of final stage: List(ShuffleMapStage 130)
26/08/14 00:07:27 INFO DAGScheduler: Missing parents: List(ShuffleMapStage 130)
26/08/14 00:07:27 INFO DAGScheduler: Submitting ShuffleMapStage 130 (MapPartitionsRDD[834] at call at /opt/spark/python/lib/py4j-0.10.9.7-src.zip/py4j/clientserver.py:617), which has no missing parents
26/08/14 00:07:27 INFO MemoryStore: Block broadcast_129 stored as values in memory (estimated size 66.2 KiB, free 190.8 MiB)
26/08/14 00:07:27 INFO MemoryStore: Block broadcast_129_piece0 stored as bytes in memory (estimated size 24.7 KiB, free 190.7 MiB)
26/08/14 00:07:27 INFO BlockManagerInfo: Added broadcast_129_piece0 in memory on spark-driver:35647 (size: 24.7 KiB, free: 191.1 MiB)
26/08/14 00:07:27 INFO SparkContext: Created broadcast 129 from broadcast at DAGScheduler.scala:1585
26/08/14 00:07:27 INFO DAGScheduler: Submitting 6 missing tasks from ShuffleMapStage 130 (MapPartitionsRDD[834] at call at /opt/spark/python/lib/py4j-0.10.9.7-src.zip/py4j/clientserver.py:617) (first 15 tasks are for partitions Vector(0, 1, 2, 3, 4, 5))
26/08/14 00:07:27 INFO TaskSchedulerImpl: Adding task set 130.0 with 6 tasks resource profile 0
26/08/14 00:07:27 INFO TaskSetManager: Starting task 0.0 in stage 130.0 (TID 472) (172.26.0.12, executor 2, partition 0, PROCESS_LOCAL, 9921 bytes) 
26/08/14 00:07:27 INFO TaskSetManager: Starting task 2.0 in stage 130.0 (TID 473) (172.26.0.13, executor 1, partition 2, PROCESS_LOCAL, 9921 bytes) 
26/08/14 00:07:27 INFO TaskSetManager: Starting task 1.0 in stage 130.0 (TID 474) (172.26.0.12, executor 2, partition 1, PROCESS_LOCAL, 9921 bytes) 
26/08/14 00:07:27 INFO TaskSetManager: Starting task 3.0 in stage 130.0 (TID 475) (172.26.0.13, executor 1, partition 3, PROCESS_LOCAL, 9921 bytes) 
26/08/14 00:07:27 INFO TaskSetManager: Starting task 5.0 in stage 130.0 (TID 476) (172.26.0.12, executor 2, partition 5, PROCESS_LOCAL, 9921 bytes) 
26/08/14 00:07:27 INFO TaskSetManager: Starting task 4.0 in stage 130.0 (TID 477) (172.26.0.13, executor 1, partition 4, PROCESS_LOCAL, 9921 bytes) 
26/08/14 00:07:27 INFO BlockManagerInfo: Removed broadcast_127_piece0 on spark-driver:35647 in memory (size: 35.3 KiB, free: 191.1 MiB)
26/08/14 00:07:27 INFO BlockManagerInfo: Removed broadcast_127_piece0 on 172.26.0.13:39169 in memory (size: 35.3 KiB, free: 412.5 MiB)
26/08/14 00:07:27 INFO BlockManagerInfo: Removed broadcast_127_piece0 on 172.26.0.12:33175 in memory (size: 35.3 KiB, free: 412.6 MiB)
26/08/14 00:07:27 INFO BlockManagerInfo: Added broadcast_129_piece0 in memory on 172.26.0.13:39169 (size: 24.7 KiB, free: 412.5 MiB)
26/08/14 00:07:27 INFO BlockManagerInfo: Removed broadcast_126_piece0 on spark-driver:35647 in memory (size: 34.0 KiB, free: 191.1 MiB)
26/08/14 00:07:27 INFO BlockManagerInfo: Added broadcast_129_piece0 in memory on 172.26.0.12:33175 (size: 24.7 KiB, free: 412.5 MiB)
26/08/14 00:07:27 INFO BlockManagerInfo: Removed broadcast_126_piece0 on 172.26.0.13:39169 in memory (size: 34.0 KiB, free: 412.5 MiB)
26/08/14 00:07:27 INFO BlockManagerInfo: Removed broadcast_126_piece0 on 172.26.0.12:33175 in memory (size: 34.0 KiB, free: 412.6 MiB)
26/08/14 00:07:27 INFO TaskSetManager: Finished task 2.0 in stage 130.0 (TID 473) in 118 ms on 172.26.0.13 (executor 1) (1/6)
26/08/14 00:07:27 INFO TaskSetManager: Finished task 3.0 in stage 130.0 (TID 475) in 49 ms on 172.26.0.13 (executor 1) (2/6)
26/08/14 00:07:27 INFO TaskSetManager: Finished task 4.0 in stage 130.0 (TID 477) in 49 ms on 172.26.0.13 (executor 1) (3/6)
26/08/14 00:07:27 INFO BlockManagerInfo: Removed broadcast_128_piece0 on spark-driver:35647 in memory (size: 5.9 KiB, free: 191.2 MiB)
26/08/14 00:07:27 INFO BlockManagerInfo: Removed broadcast_128_piece0 on 172.26.0.13:39169 in memory (size: 5.9 KiB, free: 412.5 MiB)
26/08/14 00:07:27 INFO TaskSetManager: Finished task 0.0 in stage 130.0 (TID 472) in 176 ms on 172.26.0.12 (executor 2) (4/6)
26/08/14 00:07:27 INFO TaskSetManager: Finished task 5.0 in stage 130.0 (TID 476) in 105 ms on 172.26.0.12 (executor 2) (5/6)
26/08/14 00:07:27 INFO TaskSetManager: Finished task 1.0 in stage 130.0 (TID 474) in 174 ms on 172.26.0.12 (executor 2) (6/6)
26/08/14 00:07:27 INFO TaskSchedulerImpl: Removed TaskSet 130.0, whose tasks have all completed, from pool 
26/08/14 00:07:27 INFO DAGScheduler: ShuffleMapStage 130 (call at /opt/spark/python/lib/py4j-0.10.9.7-src.zip/py4j/clientserver.py:617) finished in 0.196 s
26/08/14 00:07:27 INFO DAGScheduler: looking for newly runnable stages
26/08/14 00:07:27 INFO DAGScheduler: running: Set()
26/08/14 00:07:27 INFO DAGScheduler: waiting: Set(ResultStage 131)
26/08/14 00:07:27 INFO DAGScheduler: failed: Set()
26/08/14 00:07:27 INFO DAGScheduler: Submitting ResultStage 131 (MapPartitionsRDD[837] at call at /opt/spark/python/lib/py4j-0.10.9.7-src.zip/py4j/clientserver.py:617), which has no missing parents
26/08/14 00:07:27 INFO MemoryStore: Block broadcast_130 stored as values in memory (estimated size 13.1 KiB, free 191.0 MiB)
26/08/14 00:07:27 INFO MemoryStore: Block broadcast_130_piece0 stored as bytes in memory (estimated size 6.1 KiB, free 191.0 MiB)
26/08/14 00:07:27 INFO BlockManagerInfo: Added broadcast_130_piece0 in memory on spark-driver:35647 (size: 6.1 KiB, free: 191.1 MiB)
26/08/14 00:07:27 INFO SparkContext: Created broadcast 130 from broadcast at DAGScheduler.scala:1585
26/08/14 00:07:27 INFO DAGScheduler: Submitting 1 missing tasks from ResultStage 131 (MapPartitionsRDD[837] at call at /opt/spark/python/lib/py4j-0.10.9.7-src.zip/py4j/clientserver.py:617) (first 15 tasks are for partitions Vector(0))
26/08/14 00:07:27 INFO TaskSchedulerImpl: Adding task set 131.0 with 1 tasks resource profile 0
26/08/14 00:07:28 INFO TaskSetManager: Starting task 0.0 in stage 131.0 (TID 478) (172.26.0.12, executor 2, partition 0, NODE_LOCAL, 9003 bytes) 
26/08/14 00:07:28 INFO BlockManagerInfo: Added broadcast_130_piece0 in memory on 172.26.0.12:33175 (size: 6.1 KiB, free: 412.6 MiB)
26/08/14 00:07:28 INFO MapOutputTrackerMasterEndpoint: Asked to send map output locations for shuffle 59 to 172.26.0.12:51502
26/08/14 00:07:28 INFO TaskSetManager: Finished task 0.0 in stage 131.0 (TID 478) in 27 ms on 172.26.0.12 (executor 2) (1/1)
26/08/14 00:07:28 INFO TaskSchedulerImpl: Removed TaskSet 131.0, whose tasks have all completed, from pool 
26/08/14 00:07:28 INFO DAGScheduler: ResultStage 131 (call at /opt/spark/python/lib/py4j-0.10.9.7-src.zip/py4j/clientserver.py:617) finished in 0.034 s
26/08/14 00:07:28 INFO DAGScheduler: Job 71 is finished. Cancelling potential speculative or zombie tasks for this job
26/08/14 00:07:28 INFO TaskSchedulerImpl: Killing all running tasks in stage 131: Stage finished
26/08/14 00:07:28 INFO DAGScheduler: Job 71 finished: call at /opt/spark/python/lib/py4j-0.10.9.7-src.zip/py4j/clientserver.py:617, took 0.238398 s
26/08/14 00:07:28 INFO MapPartitionsRDD: Removing RDD 778 from persistence list
26/08/14 00:07:28 INFO BlockManager: Removing RDD 778
26/08/14 00:07:28 INFO WatermarkTracker: Updating event-time watermark from 1786665901552 to 1786665907036 ms
26/08/14 00:07:28 INFO CheckpointFileManager: Writing atomically to file:/opt/checkpoints/trips/commits/12 using temp file file:/opt/checkpoints/trips/commits/.12.ddf333ed-8322-4a8c-9a28-22e0f0b44700.tmp
26/08/14 00:07:28 INFO CheckpointFileManager: Renamed temp file file:/opt/checkpoints/trips/commits/.12.ddf333ed-8322-4a8c-9a28-22e0f0b44700.tmp to file:/opt/checkpoints/trips/commits/12
26/08/14 00:07:28 INFO MicroBatchExecution: Streaming query made progress: {
  "id" : "5809875d-4e3d-4fb3-8383-949c002374c9",
  "runId" : "d3ba1340-2011-4780-b92f-e7e48f2e3457",
  "name" : "trips-ingest-chaos_kill_executor_1",
  "timestamp" : "2026-08-14T00:07:16.791Z",
  "batchId" : 12,
  "numInputRows" : 4392,
  "inputRowsPerSecond" : 290.0733108777492,
  "processedRowsPerSecond" : 389.3617021276596,
  "durationMs" : {
    "addBatch" : 11168,
    "commitOffsets" : 36,
    "getBatch" : 0,
    "latestOffset" : 28,
    "queryPlanning" : 20,
    "triggerExecution" : 11280,
    "walCommit" : 25
  },
  "eventTime" : {
    "avg" : "2026-08-14T00:07:02.875Z",
    "max" : "2026-08-14T00:07:07.036Z",
    "min" : "2026-08-14T00:06:58.725Z",
    "watermark" : "2026-08-14T00:05:01.552Z"
  },
  "stateOperators" : [ ],
  "sources" : [ {
    "description" : "KafkaV2[Subscribe[trips.raw]]",
    "startOffset" : {
      "trips.raw" : {
        "2" : 215827,
        "5" : 214526,
        "4" : 215570,
        "1" : 215485,
        "3" : 215358,
        "0" : 215395
      }
    },
    "endOffset" : {
      "trips.raw" : {
        "2" : 216569,
        "5" : 215246,
        "4" : 216307,
        "1" : 216220,
        "3" : 216103,
        "0" : 216108
      }
    },
    "latestOffset" : {
      "trips.raw" : {
        "2" : 216569,
        "5" : 215246,
        "4" : 216307,
        "1" : 216220,
        "3" : 216103,
        "0" : 216108
      }
    },
    "numInputRows" : 4392,
    "inputRowsPerSecond" : 290.0733108777492,
    "processedRowsPerSecond" : 389.3617021276596,
    "metrics" : {
      "avgOffsetsBehindLatest" : "0.0",
      "maxOffsetsBehindLatest" : "0",
      "minOffsetsBehindLatest" : "0"
    }
  } ],
  "sink" : {
    "description" : "ForeachBatchSink",
    "numOutputRows" : -1
  }
}
26/08/14 00:07:31 INFO BlockManagerInfo: Removed broadcast_129_piece0 on spark-driver:35647 in memory (size: 24.7 KiB, free: 191.2 MiB)
26/08/14 00:07:31 INFO BlockManagerInfo: Removed broadcast_129_piece0 on 172.26.0.13:39169 in memory (size: 24.7 KiB, free: 413.9 MiB)
26/08/14 00:07:31 INFO BlockManagerInfo: Removed broadcast_129_piece0 on 172.26.0.12:33175 in memory (size: 24.7 KiB, free: 413.9 MiB)
26/08/14 00:07:31 INFO BlockManagerInfo: Removed broadcast_130_piece0 on spark-driver:35647 in memory (size: 6.1 KiB, free: 191.2 MiB)
26/08/14 00:07:31 INFO BlockManagerInfo: Removed broadcast_130_piece0 on 172.26.0.12:33175 in memory (size: 6.1 KiB, free: 413.9 MiB)
2026-08-14 00:07:33,111 INFO  [stream] stop file observed - shutting down
26/08/14 00:07:33 INFO DAGScheduler: Asked to cancel job group d3ba1340-2011-4780-b92f-e7e48f2e3457
26/08/14 00:07:33 INFO AppInfoParser: App info kafka.admin.client for adminclient-1 unregistered
26/08/14 00:07:33 INFO Metrics: Metrics scheduler closed
26/08/14 00:07:33 INFO Metrics: Closing reporter org.apache.kafka.common.metrics.JmxReporter
26/08/14 00:07:33 INFO Metrics: Metrics reporters closed
26/08/14 00:07:33 INFO MicroBatchExecution: Async log purge executor pool for query trips-ingest-chaos_kill_executor_1 [id = 5809875d-4e3d-4fb3-8383-949c002374c9, runId = d3ba1340-2011-4780-b92f-e7e48f2e3457] has been shutdown
26/08/14 00:07:33 INFO DAGScheduler: Asked to cancel job group d3ba1340-2011-4780-b92f-e7e48f2e3457
26/08/14 00:07:33 INFO MicroBatchExecution: Query trips-ingest-chaos_kill_executor_1 [id = 5809875d-4e3d-4fb3-8383-949c002374c9, runId = d3ba1340-2011-4780-b92f-e7e48f2e3457] was stopped
{
  "run_id": "chaos_kill_executor_1",
  "finished_at": "2026-08-14T00:07:33.154046+00:00",
  "batches": 13,
  "non_empty_batches": 12,
  "input_rows": 79999,
  "rows_written_cassandra": 239997,
  "write_amplification": 3.0,
  "tables": [
    "trips_by_id",
    "trips_by_driver_day",
    "trips_by_city_hour"
  ],
  "unparseable": 0,
  "late_events": 0,
  "dlq_total": 0,
  "cassandra_write_successes": 239997,
  "cassandra_write_retries": 0,
  "avg_retries_to_success_all_writes": 0.0,
  "writes_needing_retry": 0,
  "avg_retries_among_retried_writes": 0.0,
  "mean_e2e_latency_ms_sampled": 10500.2,
  "latency_samples": 3938,
  "batch_seconds_p50": 9.5459,
  "batch_seconds_p95": 12.286,
  "batch_seconds_p99": 14.8565,
  "failure_reasons": {},
  "config": {
    "backoff": "backoff=1s -> 2s -> 4s max_attempts=4 jitter=+/-10%",
    "consistency": "QUORUM",
    "allowed_lateness_sec": 120,
    "late_policy": "dlq",
    "max_offsets_per_trigger": 200000,
    "trigger_interval": "",
    "executor_cores": 3,
    "total_cores": 6,
    "partitions": 6,
    "latency_sample_rate": 0.05
  }
}
2026-08-14 00:07:33,159 INFO  [stream] summary -> /opt/app/results/raw/chaos_kill_executor_1_stream.json
26/08/14 00:07:33 INFO SparkContext: SparkContext is stopping with exitCode 0.
26/08/14 00:07:33 INFO SparkUI: Stopped Spark web UI at http://spark-driver:4040
26/08/14 00:07:33 INFO StandaloneSchedulerBackend: Shutting down all executors
26/08/14 00:07:33 INFO StandaloneSchedulerBackend$StandaloneDriverEndpoint: Asking each executor to shut down
26/08/14 00:07:33 INFO MapOutputTrackerMasterEndpoint: MapOutputTrackerMasterEndpoint stopped!
26/08/14 00:07:33 INFO MemoryStore: MemoryStore cleared
26/08/14 00:07:33 INFO BlockManager: BlockManager stopped
26/08/14 00:07:33 INFO BlockManagerMaster: BlockManagerMaster stopped
26/08/14 00:07:33 INFO OutputCommitCoordinator$OutputCommitCoordinatorEndpoint: OutputCommitCoordinator stopped!
26/08/14 00:07:33 INFO SparkContext: Successfully stopped SparkContext
2026-08-14 00:07:33,579 INFO  [stream] Closing down clientserver connection
26/08/14 00:07:34 INFO ShutdownHookManager: Shutdown hook called
26/08/14 00:07:34 INFO ShutdownHookManager: Deleting directory /tmp/spark-85fced90-4262-42e7-afa6-1e475bcfb490/pyspark-195e23d4-2087-457e-ba8d-40e75cb75819
26/08/14 00:07:34 INFO ShutdownHookManager: Deleting directory /tmp/spark-b20566f2-2a72-4534-8bd3-68a94b496f7a
26/08/14 00:07:34 INFO ShutdownHookManager: Deleting directory /tmp/spark-85fced90-4262-42e7-afa6-1e475bcfb490
